cart_item_id,session_id,user_id,product_id,view_id,order_id,selected_size,quantity,item_price,added_at,is_purchased
c-a515403287b3,s-7661d16a1b99,u-4c94b2822791,p-5bf2b05de330,v-a2a71f196d55,,One Size,1,52.16,2026-10-01 00:17:03,False
c-43ea416dae81,s-d6aa3e543d42,u-4053e7566590,p-d45ed8f9f29c,v-0b7151554534,,XS,1,94.2,2026-10-01 00:17:08,False
c-260a33c028a5,s-7661d16a1b99,u-4c94b2822791,p-3862b24fcaf1,v-8a9e5a5163b1,,One Size,1,64.09,2026-10-01 00:18:29,False
c-6d6b970cd3f6,s-317fcc791719,u-12db0bbab77f,p-2be43ae7b0c1,v-60c9edaef831,ord-a6a4160d6b55,S,1,25.2,2026-10-01 00:35:48,True
c-69db3ab3705b,s-c3f66b268b49,u-eac8033e7d43,p-4fd5b6c8aa78,v-4d49570b5daf,ord-1024b57e9bf7,M,1,55.41,2026-10-01 00:39:36,True
c-57983c851c7d,s-db18aa6a7f3b,u-14d0b0fd14b1,p-e56e7fc07695,v-01b113b23c6f,ord-fb9ec5d9e975,XXL,1,40.39,2026-10-01 00:40:35,True
c-a382d18fa996,s-db18aa6a7f3b,u-14d0b0fd14b1,p-4fd5b6c8aa78,v-1bf5d5315107,ord-fb9ec5d9e975,L,1,55.41,2026-10-01 00:41:45,True
c-d1f0ed54bda5,s-994b2449fb6f,u-ba69b298fc95,p-2ab57e658014,v-10d0c86874ae,,XS,1,43.4,2026-10-01 01:04:51,False
c-77657a391f80,s-e36202a62382,u-9657033bfa53,p-7fcf75f149b1,v-b1566dbd9b1e,,L,1,21.74,2026-10-01 01:21:49,False
c-28243fb1485a,s-ede7a00f6a47,u-bcc04f306611,p-d5df60ed194a,v-0e380050754e,ord-cd937335ee75,S,1,54.4,2026-10-01 01:52:23,True
c-99722f5ba2ef,s-9758435b12f5,u-b47863f6c251,p-1ace3b3216ec,v-7400bca860b8,ord-8dd3d4b270aa,7,1,54.65,2026-10-01 02:06:27,True
c-dbe6631e219a,s-59d361cbc6c7,u-2a18838cc986,p-a3a36d3830e9,v-b6d9672bf773,,XS,1,54.32,2026-10-01 02:07:44,False
c-99d9ca89bcda,s-ab2d54a4063b,u-f2d39743fcc5,p-04f34dd4b281,v-b1c04ec957e1,ord-418e3562d736,S,1,22.91,2026-10-01 02:09:54,True
c-d8a6bcc79845,s-28b6072d801c,u-d93ffd4bccca,p-67b259f5b5d7,v-21511279af5f,,XL,1,20.24,2026-10-01 02:37:10,False
c-a0f70829b339,s-a384004103e0,u-147736eb8248,p-0bfe49fc1d30,v-c0b50f25d535,,S,1,72.72,2026-10-01 02:41:28,False
c-c6ef74300441,s-91a2680a3772,u-950ce6142e90,p-c4265027a024,v-3cdf6cdccfa1,ord-bf7085a52b95,S,1,18.86,2026-10-01 02:43:02,True
c-dd5477909daf,s-3a7f32b5f149,u-40f1bc9a6f64,p-bc15778b8d7b,v-ffbd29579a5a,ord-95a3170b2962,XL,1,94.92,2026-10-01 03:23:45,True
c-886f41d834a3,s-acbf7e114d4a,u-3bc89a6012bd,p-1c3e6ba32b23,v-b11c8cc2eb85,ord-9120b27724ac,XL,1,43.91,2026-10-01 03:27:13,True
c-c1bdd9e9dba0,s-1fd11e1be76a,u-dba582233e41,p-18831a764f6b,v-83f23266dd1b,,XL,1,47.66,2026-10-01 03:40:33,False
c-95d51273e0f8,s-1fd11e1be76a,u-dba582233e41,p-8e50d7ba5214,v-235fcec5a744,,M,1,32.4,2026-10-01 03:41:47,False
c-f23263eb72c2,s-377449b42e0a,u-305840b5854a,p-5d3edd1052cb,v-07490dfb5e5f,,M,1,27.41,2026-10-01 03:59:23,False
c-ca8ff1c62175,s-0905aac0b50e,u-cead22442c1f,p-381c4e1cc233,v-25716e6ff292,,One Size,1,57.19,2026-10-01 04:01:04,False
c-5924f549ddf7,s-377449b42e0a,u-305840b5854a,p-cd24b097e4eb,v-5beaeb7fbd72,,XXL,1,55.79,2026-10-01 04:01:09,False
c-eece823d1db5,s-873290d6ee61,u-d6b08502590f,p-7270e31789a2,v-0ed61f65d010,ord-50f4c079cdc5,11,1,92.22,2026-10-01 04:12:54,True
c-37d02e865d16,s-873290d6ee61,u-d6b08502590f,p-6a8af370f84b,v-5e7e4177145d,ord-50f4c079cdc5,6,1,56.35,2026-10-01 04:13:50,True
c-41ac37801259,s-dfe9d0c759a9,u-c16f125676fe,p-230f80de8bbf,v-9afc8b84ea91,ord-ef98d4f7433a,7,1,82.48,2026-10-01 05:08:57,True
c-5e7568231160,s-ec99b532c465,u-972cba6ea8a2,p-efaea1667ec0,v-2c7ec69ff708,ord-f080734ec78b,XL,1,50.14,2026-10-01 05:19:09,True
c-eba543d4a07a,s-09ff7bfc84ab,u-6f142527013b,p-cd9aed80a2f4,v-1f4d93ba58c9,ord-fd12cde710b7,S,1,35.12,2026-10-01 05:19:11,True
c-edc1c6f6412a,s-ad1c71091a14,u-0f47718b3493,p-b7155eb223a9,v-ab24b7358d07,ord-3fe48fcaa8c1,XS,1,109.84,2026-10-01 05:34:10,True
c-af07c4ab0d3e,s-d35af5f58f9f,u-8f7011e037e2,p-e1a5676dc6ed,v-a7e77fcfbb95,ord-1f05dc51d68f,XL,1,101.57,2026-10-01 06:13:49,True
c-3776ad8c24d6,s-d35af5f58f9f,u-8f7011e037e2,p-1c0258525d95,v-9ac92e6117a3,ord-1f05dc51d68f,S,1,58.8,2026-10-01 06:14:37,True
c-16b59012e3aa,s-6dda7f727725,u-729b312a2cc7,p-164d873d107d,v-737f8bf98099,,S,1,61.62,2026-10-01 06:25:18,False
c-5698bda91662,s-9d7a6133cc4b,u-872263295523,p-b2a3645e0b76,v-69fec1833654,,XS,2,34.05,2026-10-01 06:34:29,False
c-ba5f04d468db,s-1e0b01067e98,u-6a789c206814,p-9e7de7195ad5,v-94dd0137bc77,,One Size,1,112.01,2026-10-01 07:01:55,False
c-99445a4ac7f0,s-1e0b01067e98,u-6a789c206814,p-5165812dac9a,v-0c5c302f13fb,,XS,1,61.72,2026-10-01 07:03:08,False
c-2c09808a5c1d,s-be0ba5c256b3,u-f24f2433cd1b,p-e803259e44af,v-a62028235347,,S,1,39.37,2026-10-01 07:15:21,False
c-c3e188bf434a,s-be0ba5c256b3,u-f24f2433cd1b,p-bbae84071c94,v-0fc420b8c9ab,,S,1,66.49,2026-10-01 07:18:40,False
c-742157d5fe10,s-47ad8c7af1bd,u-a6f192b4e82b,p-aa8fd77dd49c,v-7f4e3a8df604,,10,1,61.15,2026-10-01 07:26:33,False
c-a58d5a7d6eea,s-ed034a8af372,u-747f5471997c,p-16a49cf4c880,v-47fd2cabc6b5,,One Size,1,27.34,2026-10-01 07:35:34,False
c-7ed375d8a406,s-8f15d04bf083,u-94bf8c360c1b,p-81736c770af9,v-2cce66ad4c5c,,One Size,1,45.64,2026-10-01 07:55:54,False
c-94bfe268ef2d,s-487e762bb298,u-c83963fc13c5,p-01a702499b62,v-54e6d12dc6f0,,One Size,1,33.13,2026-10-01 07:59:52,False
c-7298d12047e4,s-487e762bb298,u-c83963fc13c5,p-c38221716f7e,v-34546da5affa,,XL,1,33.83,2026-10-01 08:01:36,False
c-58000d4ee140,s-d9e9e2498fb9,u-12375285807b,p-749e01e728ad,v-39c34191050d,ord-061a1a3fc8a7,L,2,37.05,2026-10-01 08:19:12,True
c-bb6b8443b8cf,s-d9e9e2498fb9,u-12375285807b,p-4cf131b5a7f9,v-b1ff1c8ac5ef,ord-061a1a3fc8a7,XXL,1,44.74,2026-10-01 08:20:15,True
c-f586fafe6d26,s-3546e16a6ea1,u-5a1cfd335787,p-d514d1156c6b,v-c79823918a82,ord-5a6d37592723,S,1,72.56,2026-10-01 08:20:28,True
c-0f948cab2422,s-f09a6a4eabad,u-417b9e460604,p-c7fcb5d9d88e,v-dccf0153de39,,7,1,67.46,2026-10-01 08:32:01,False
c-672790f854e7,s-0af8a1c20599,u-9f2e89ca3a8a,p-abb3cfb34b7a,v-9e37ce53eceb,,7,1,62.56,2026-10-01 08:34:45,False
c-27b84fa50f42,s-adb109d74f70,u-de126d580d39,p-c9da5f0d71d8,v-09d23f687cde,,10,1,47.21,2026-10-01 08:35:04,False
c-2aaa40f19c8e,s-5cb56ba2afe5,u-62a43adb53ef,p-d6b6fcc1e8fa,v-81cf560d78f9,,S,1,62.87,2026-10-01 09:15:46,False
c-bb4cf339ce92,s-0f14b5acad3f,u-573eb4388d6c,p-f1cd7b85298c,v-c5257411b813,,S,2,17.8,2026-10-01 09:55:52,False
c-4c9028b11faf,s-7bba3a1638f7,u-41dee02ab2eb,p-b2a3645e0b76,v-68cdd6ab5615,ord-9f2f0620ef82,M,1,34.05,2026-10-01 09:55:55,True
c-92eeac7e0b30,s-84ba819ad26f,u-6a5da8cd7265,p-4a69548d1dea,v-d61808eb623b,ord-47b2609456b6,M,2,55.29,2026-10-01 10:21:34,True
c-fefc11a2d103,s-aae9f6e80299,u-5aba2506db22,p-7d48ea4855b8,v-a14aefeb0467,,XS,1,52.57,2026-10-01 10:25:54,False
c-53fa4ab79c86,s-aae9f6e80299,u-5aba2506db22,p-f7445a8007ba,v-49c9da8f2493,,One Size,1,49.33,2026-10-01 10:26:29,False
c-d467a24ece1b,s-aae9f6e80299,u-5aba2506db22,p-ddd2f5bb213c,v-3cd4dd33327e,,XS,1,50.79,2026-10-01 10:26:57,False
c-32c2514119a1,s-458de498be02,u-9340aacbd9ac,p-2e0f985ed7f5,v-ac679a43ee57,,One Size,1,60.34,2026-10-01 10:29:04,False
c-6966e04ce0f0,s-16c1d5cdd04a,u-6d08dc667852,p-c30a24a4d965,v-ea8f054b0939,,S,1,65.3,2026-10-01 10:48:35,False
c-b201771d8433,s-9aa5b57bf6b1,u-2b45b7ab2c30,p-b16f3ad8ad7d,v-ae63ee54e32b,,One Size,1,10.97,2026-10-01 10:49:10,False
c-0764eb592362,s-faac3b7f0f7c,u-da33dbeb895f,p-81dbefc87ca1,v-bb0e4368d082,,XXL,1,36.01,2026-10-01 11:38:57,False
c-f8e1a00711f3,s-96ca7d8eabac,u-69e27e5b0608,p-3563a0dd7192,v-bb7dd99328ce,,M,1,43.66,2026-10-01 11:48:15,False
c-b66715120a28,s-7710ee14eddc,u-a187c9207c22,p-bc71a87c4f77,v-d3aa06482f19,ord-5c69bdb86271,L,1,42.64,2026-10-01 11:56:28,True
c-66bc5d6d1077,s-7710ee14eddc,u-a187c9207c22,p-64511032d71c,v-986978a8360b,ord-5c69bdb86271,XL,1,53.49,2026-10-01 11:56:37,True
c-567b331aead1,s-ad17ed66b068,u-6431da5b4201,p-0f4c4521029c,v-87e32d4fe17a,ord-a1e6f3fde36c,10,1,56.87,2026-10-01 12:05:07,True
c-10ccea9fbec7,s-ad17ed66b068,u-6431da5b4201,p-e051faaf68f3,v-9a55b3a3229c,ord-a1e6f3fde36c,8,1,129.15,2026-10-01 12:06:59,True
c-c1c81f69cd69,s-42e92585efe3,u-8bd3e6fbd7b0,p-02c6dae3bfd8,v-f10436a4d700,ord-aaa935e6ee29,XXL,1,33.64,2026-10-01 12:18:15,True
c-45f54f7eb51a,s-47efa43680af,u-7d4e5a6b1128,p-449f9a8dac4b,v-96cbb2d9f122,ord-4c1af59a74ab,XL,1,58.11,2026-10-01 12:20:20,True
c-627fc640614b,s-e32762dd089f,u-4fae5fa5b803,p-5dae71bab7b2,v-4fcc7b5be688,ord-2ac135434a1d,S,1,53.5,2026-10-01 13:23:46,True
c-42c76c71f140,s-be6ef6efb2be,u-532caa6e8f01,p-fee372221c89,v-46a909e7e157,,One Size,1,69.22,2026-10-01 14:19:43,False
c-4643e3536bb6,s-be6ef6efb2be,u-532caa6e8f01,p-b2706ad84585,v-f2d187e45acf,,7,2,114.0,2026-10-01 14:20:34,False
c-b7aadfb8435c,s-6348a9783427,u-07ade33d2ec9,p-1fd0fd8f102d,v-e10fa64a4ffd,,XXL,1,46.31,2026-10-01 14:41:49,False
c-0de11cb2890e,s-0bc6e4a9dd6f,u-28c69ed2da02,p-3116bbd538a8,v-b95df9def411,,XS,1,43.86,2026-10-01 14:45:24,False
c-b15b20593f91,s-cd8c43d61eb3,u-5d206665f0ef,p-37e056de791e,v-56a1364e5f12,ord-57e95fd1d651,M,1,90.74,2026-10-01 14:52:52,True
c-4a4fad8d6df5,s-cd8c43d61eb3,u-5d206665f0ef,p-1ace3b3216ec,v-9948d538c452,ord-57e95fd1d651,8,1,54.65,2026-10-01 14:54:57,True
c-9d1406165801,s-b7bf3c6d2b80,u-3e78fc4e8667,p-31720c9ca1de,v-5f874a8ce305,,S,1,69.29,2026-10-01 15:25:03,False
c-e87420b63aab,s-b256ac403fcc,u-37b710e526a4,p-d80e9b673d75,v-59fa5baca174,,XS,2,55.47,2026-10-01 15:46:53,False
c-700839e37654,s-6df95c7b17b9,u-c1c3372c3604,p-f6f485d31c53,v-c217fae46390,,11,1,88.55,2026-10-01 16:01:59,False
c-daf86aa0c878,s-173045eedde0,u-06c3023f859a,p-4f4af09568c4,v-bfbbbad2239c,ord-ececd9d38354,S,1,30.74,2026-10-01 16:08:20,True
c-6199a5ab5eb8,s-8f1ea3eb9f26,u-1e164adfde7d,p-402523ed70c8,v-7cbd7436c8b0,,8,1,57.18,2026-10-01 16:21:34,False
c-3b0fd3f858fd,s-cac6b4e154f5,u-cdbe2eb31a53,p-3b2d29548063,v-0e2232bf8c96,ord-bfe6d7789e93,XXL,1,103.09,2026-10-01 16:36:09,True
c-57f31f0ea81c,s-b882c5a45c3e,u-b096423c6e21,p-c01b41fcaef3,v-350258e4efd2,,One Size,1,60.89,2026-10-01 16:38:12,False
c-4d5cecc1e70e,s-898a66b61c50,u-cd8ccc9fd79a,p-57a8417fcd12,v-1983e6825375,,XS,1,40.17,2026-10-01 16:51:09,False
c-8de9edb5f173,s-a592778afe10,u-bbe467581b44,p-b4d00fcbbd62,v-8e4e23ed111d,,M,1,24.46,2026-10-01 17:12:43,False
c-cfda6960fc1d,s-1b4704e9df6a,u-b0293bdf6215,p-d34313b57988,v-41e1f12d0561,ord-848463230fcf,L,1,33.24,2026-10-01 17:12:47,True
c-878bf246dbcf,s-be7a071b62fa,u-b3cfb003579f,p-b73323f92956,v-dfd4bf7cf4d0,,S,1,58.1,2026-10-01 17:20:12,False
c-5877dbdef19a,s-b02af5108259,u-f2a586df4562,p-6e65bbd6ab87,v-a0d3f6c5f7b6,,S,1,76.43,2026-10-01 17:29:23,False
c-e03f0bda4351,s-b02af5108259,u-f2a586df4562,p-9ea0c6d804ea,v-c1859a459a75,,One Size,1,57.72,2026-10-01 17:30:50,False
c-2403d991aba3,s-c71c66682540,u-1520fd7f8c8d,p-eaf01572b984,v-aed89e5be0d3,ord-38038f469ad4,L,1,41.56,2026-10-01 18:05:19,True
c-199e0f2defd7,s-784aeda6a9d5,u-013c92c29e08,p-ef64fa80d662,v-d4b9b9825cd1,,S,1,82.66,2026-10-01 19:18:26,False
c-a29f5f1a2a50,s-74aa1f33f602,u-30e3995200d0,p-89ea312cd559,v-42a91cdd1d86,,M,1,72.02,2026-10-01 19:34:36,False
c-af1b5997eecd,s-d6e961fe2684,u-f5b7ca13a6fb,p-adb0d6a94a5a,v-0a46f4f370e4,ord-514d1819c644,S,1,50.21,2026-10-01 19:43:06,True
c-9d1085a42cba,s-6b90e97602a9,u-33e88cfedd91,p-ff03368ad525,v-d6c95f2ae6d2,ord-aab763f180e2,S,1,45.13,2026-10-01 19:57:04,True
c-e8c06e245cc3,s-7ececd34976d,u-d297f344f6c3,p-916dad6ca62b,v-f99ec5d16d1f,,9,2,91.61,2026-10-01 20:33:48,False
c-9b6859ae5745,s-c88936959ed6,u-9337bec821b0,p-0e2dde105bc4,v-67e85e5b7069,ord-f66e829f84d7,7,1,83.34,2026-10-01 20:44:25,True
c-bdd501ac42d8,s-3b5755492dfd,u-9c546ad79339,p-f04a689fac6a,v-e564e3505d6a,ord-7e8349f4e817,XS,1,76.53,2026-10-01 20:49:23,True
c-3466085fdcd4,s-4b12c47cabdd,u-bcb5ea412ee2,p-4f4af09568c4,v-a17bd247cc0e,ord-7894d9a3012a,XL,1,30.74,2026-10-01 21:02:38,True
c-989f1edf5db1,s-74bc77f96770,u-7a306e502884,p-08ccad08d3e3,v-a84f6cfc4db6,,6,2,147.86,2026-10-01 21:10:47,False
c-20fa3760a61e,s-ceef4f21f735,u-5d40b720cbe8,p-2ff3c5390025,v-33d8681bb3e2,ord-37e23699f80c,XXL,1,25.98,2026-10-01 21:10:55,True
c-8626d939f3dc,s-44c2b0b9f13d,u-d5fd7cb2e8a1,p-ee91cc692e57,v-0f0d4f78662c,,XL,1,46.92,2026-10-01 21:38:11,False
c-9fb067b64654,s-9bbfd7839ef1,u-195ef733b3cb,p-b1ecbc03f8f5,v-49511c00a9a4,ord-2eec040b3fc4,L,1,32.22,2026-10-01 21:45:36,True
c-d9b7bf552455,s-6264bba5d4af,u-a7fbc87b1a63,p-f2ebf6882bcf,v-74535b9e44c7,ord-2690cbb4bb0a,XXL,1,48.74,2026-10-01 22:04:44,True
c-7cf31dc15e62,s-619dcd27aa5f,u-3bacb15cc922,p-3cac462524b6,v-a8e184fd9ad1,ord-96f1a61a82b9,XL,1,57.56,2026-10-01 22:19:45,True
c-6d972a8f0a81,s-fe1a300e554a,u-ee94e970939f,p-82e5a22421f6,v-b7d213dfb42c,,S,1,53.98,2026-10-01 22:33:31,False
c-f19b75183629,s-1ab1a754fd9a,u-f3657b278300,p-07d21966a89c,v-cf30bd4485b9,,L,1,53.76,2026-10-01 22:37:19,False
c-0c9fbef0a326,s-4032f7d82a14,u-0494f6db7b46,p-0e8ea9210eb0,v-e7d90a519671,,L,1,84.25,2026-10-01 22:41:32,False
c-eb6b28f5208f,s-efa4daca8cc3,u-2fd3ff5e26ad,p-d2a785a57ed6,v-f36f8d24e884,,XL,1,51.37,2026-10-01 22:50:26,False
c-744464416460,s-efa4daca8cc3,u-2fd3ff5e26ad,p-97efa68081c6,v-863f2382c8f0,,XS,1,40.0,2026-10-01 22:51:57,False
c-b55bef833093,s-54ff763e7ffc,u-8c0aa4c1d8ce,p-5665c5c20bfd,v-6becf0955919,ord-28ca6bcd3461,One Size,2,46.71,2026-10-01 22:54:34,True
c-56755db9d49c,s-32130f07c4d6,u-f3c2c17abec3,p-fa047ef74a7a,v-871f873ba68a,,M,1,46.99,2026-10-01 23:31:52,False
c-aa9e81b73fa4,s-789762d7ab69,u-1a94d430c1b9,p-cc6c6ebb4a2a,v-7973f395b652,,S,1,76.57,2026-10-01 23:38:30,False
c-538e0f0d9e9f,s-7c0ebe08bd9e,u-4a5328ede404,p-e836a46f67a5,v-da61f38b8b19,,XL,2,60.27,2026-10-01 23:40:07,False
c-714c3c9dcc11,s-abaf9f7aba2f,u-f01ad65c5a70,p-ee2e68509020,v-8def8e3a3f12,ord-a5eb46dbd9e7,XS,1,44.3,2026-10-02 00:08:50,True
c-aebb430606e2,s-4b8bf42b88d3,u-8f5fe1efa4fe,p-a136dad25c26,v-5ae23bd599d2,ord-793a7a06d166,L,1,26.83,2026-10-02 00:27:20,True
c-8f40dbbdaee2,s-ef4351fc60e7,u-44415924bfc2,p-f49f9a26aa05,v-973ca8c256e1,ord-6e711562f5b3,XS,1,48.75,2026-10-02 00:55:33,True
c-2b53e5cffe52,s-82658e88b73c,u-c67abe08b5a0,p-6afba8c567e4,v-e700baeabe8a,,XS,1,28.21,2026-10-02 01:58:10,False
c-5fa405b471b4,s-82658e88b73c,u-c67abe08b5a0,p-4a69548d1dea,v-ac66ec00ed0a,,S,1,55.29,2026-10-02 01:59:19,False
c-86ce0e4fd46e,s-8ef758d7c0c1,u-e07d9dfc5ddd,p-5acec90d8a28,v-b03f3604e40f,,S,1,84.74,2026-10-02 02:10:32,False
c-4c69194fa0d6,s-a15815c198ef,u-b2d93abb6162,p-ac5a3a657cfa,v-d5c5e99bfb6d,,XS,1,48.83,2026-10-02 02:23:30,False
c-49d8ff0675e2,s-eaa918f2d182,u-dffb35dd6903,p-0db9fb087595,v-9da6699c511d,,M,1,62.9,2026-10-02 03:01:14,False
c-98f901892123,s-826dee58fb5c,u-d0c782843ff1,p-600ab558e2a0,v-d26ad588f81e,,XXL,1,66.53,2026-10-02 03:35:17,False
c-150e4137872a,s-826dee58fb5c,u-d0c782843ff1,p-0359e6b03f8b,v-53f13d9a137e,,M,1,17.08,2026-10-02 03:37:15,False
c-8b230bfb5c74,s-b3fc5f4931f1,u-5b52102d7f86,p-4781eba0fded,v-a1ff57ed4b95,ord-02d33286d71a,6,1,66.32,2026-10-02 03:40:23,True
c-fe841ea9637b,s-b3fc5f4931f1,u-5b52102d7f86,p-4e5f4f3c881e,v-ed1169ab5857,ord-02d33286d71a,XXL,1,80.66,2026-10-02 03:41:56,True
c-aeaf06f36a59,s-3ed22e3a5a58,u-a73775566f46,p-1035b5c976a9,v-cc9454ecba35,,One Size,1,90.52,2026-10-02 03:44:04,False
c-b66b049a2318,s-6b1f1b6ee186,u-940708e46b5d,p-06d0ff181fa8,v-be8847e93a29,,10,1,39.57,2026-10-02 03:45:39,False
c-d0603cc40bb6,s-5d58771e50af,u-4481243d66c2,p-e2ddfc28b42e,v-ecbe6169e664,,XL,1,61.99,2026-10-02 04:02:30,False
c-51583bcd7404,s-ddbd4a444199,u-058524bba644,p-b2a3645e0b76,v-2a3752a0f225,,S,1,34.05,2026-10-02 04:02:36,False
c-c67e179eb7de,s-27d94e7c961e,u-5cde2aafac3e,p-fd6f2a3c2e45,v-186449e26a28,,One Size,1,39.1,2026-10-02 04:16:50,False
c-99e70ac10e3d,s-48316d78d81c,u-4aee117f2754,p-985447fd9822,v-347bfce1b337,,M,1,57.04,2026-10-02 04:20:25,False
c-8277dc049d51,s-48316d78d81c,u-4aee117f2754,p-e36f4f73cad9,v-7398571c608d,,XXL,2,91.84,2026-10-02 04:21:47,False
c-c6c64f255e63,s-48316d78d81c,u-4aee117f2754,p-bf7ec9659550,v-614542abe3fd,,XL,1,92.47,2026-10-02 04:23:26,False
c-ad8db0c72412,s-5781b1fbcb1b,u-a35edb14ff05,p-2ac9dbf9d55b,v-f161bf012f10,,L,1,62.21,2026-10-02 04:31:31,False
c-f700681ceab0,s-47f015b3b399,u-d255a19683d0,p-ead53aa70431,v-0703d7a27ca8,ord-26fc5ccddc00,L,1,47.48,2026-10-02 05:16:18,True
c-08fe7daff102,s-7f31149c88a6,u-6afb60b2dabf,p-9c2481cc2c49,v-1ab8fdf9ca19,,M,1,34.52,2026-10-02 05:17:01,False
c-024adf104b3d,s-e02ba83dbe2c,u-df9ebf9d436c,p-472d80bd9fd5,v-9b41aadde6f6,,XL,1,58.17,2026-10-02 05:17:57,False
c-c313ff2340af,s-38932573408a,u-1414b24d07d6,p-a33736f5ad20,v-9190f33f4977,,XL,1,67.35,2026-10-02 05:50:00,False
c-d7e144cb23d3,s-38932573408a,u-1414b24d07d6,p-9789e192ff3b,v-bb04dc9e727f,,XXL,1,23.52,2026-10-02 05:50:34,False
c-91d20daca38c,s-59178da845dc,u-d9c1fe9e391b,p-7a557ff146df,v-f8153b770553,,XXL,1,44.41,2026-10-02 05:51:41,False
c-f16f28cc5055,s-38932573408a,u-1414b24d07d6,p-1a1074fadb6e,v-8fd005a74492,,XXL,1,17.63,2026-10-02 05:51:56,False
c-c09905fbea76,s-79fd051c0b1f,u-8d107e8f8d51,p-abb3cfb34b7a,v-a908814ed2be,,8,1,62.56,2026-10-02 05:56:55,False
c-3354d396f828,s-19c716e7c47d,u-03fc5c1809f4,p-ca7cbae440c1,v-d4580c876d52,,L,1,56.59,2026-10-02 06:21:37,False
c-3476176dd1fd,s-00f501026619,u-c8f9c6aa1fae,p-96ca3cfd420b,v-e0fe31ca2d99,,XXL,1,76.85,2026-10-02 06:32:20,False
c-59bb66aa7976,s-ae3a35a43a19,u-1fbc8561f379,p-8bf97a030995,v-43f2d6ed636f,,11,1,88.98,2026-10-02 06:51:21,False
c-dff467e94a6a,s-9776731284e7,u-d44161b7fd6d,p-07391dbb01f3,v-6056763921cc,,10,1,72.58,2026-10-02 06:52:19,False
c-2fd5c96f5188,s-9776731284e7,u-d44161b7fd6d,p-c4eac54b0de6,v-59abb20f6903,,M,1,39.17,2026-10-02 06:52:53,False
c-15246ec22f0b,s-d22bde6a1829,u-415027784a24,p-86aed0447318,v-f8d5074622ce,,S,1,67.53,2026-10-02 07:08:39,False
c-0468d5717eb6,s-607959e9e62f,u-9d7b426fc5e3,p-b4d6f4d20ad6,v-d0357021f2d7,,M,1,41.28,2026-10-02 07:21:17,False
c-f9954d073ded,s-0759c9652100,u-2599be427eaa,p-92fc7c434a81,v-b7870546bfa3,,10,1,130.98,2026-10-02 07:21:45,False
c-7c6dc5a59cfe,s-b828a5e5c6fc,u-85965f4558f5,p-c6d693e01734,v-6a097582917d,,L,1,28.83,2026-10-02 07:48:39,False
c-a2ccf6cdd028,s-b828a5e5c6fc,u-85965f4558f5,p-6c57e32ac2ab,v-881a06d9e3ca,,L,1,37.84,2026-10-02 07:49:38,False
c-7a99206874bb,s-55f3f805f2a5,u-21d72ea0ba9c,p-c76e2eb74adb,v-21b2305c643a,,XS,1,97.88,2026-10-02 08:06:00,False
c-663c62cdd45f,s-66fd0778dc75,u-0f60c43159c9,p-cebf8bd3a1da,v-a0305c613666,,One Size,1,75.12,2026-10-02 08:30:33,False
c-f79e334bb36e,s-bdafbc423839,u-b1dae6d6d5ad,p-84a0960d0c21,v-49edb255419d,,M,1,45.35,2026-10-02 08:31:51,False
c-25083e768ef0,s-66fd0778dc75,u-0f60c43159c9,p-ba44a061331b,v-c2a798137089,,XXL,1,103.29,2026-10-02 08:31:54,False
c-941f311f3364,s-a68983bde0f4,u-febb0af43a64,p-498633597065,v-ddfae4ede929,ord-893957d0a623,7,1,90.36,2026-10-02 08:40:11,True
c-0d1586443171,s-b9c08ca38ac8,u-a1cb1eff27d7,p-4d013f609f92,v-0723c60a052c,ord-93942acb8547,L,1,40.61,2026-10-02 08:44:34,True
c-14d9098dd30d,s-3ff13577f6e6,u-4047128c0a88,p-646999165be6,v-9026abcd4620,ord-16317f7529c2,XL,1,53.51,2026-10-02 08:44:34,True
c-1fe056fb70d7,s-b9c08ca38ac8,u-a1cb1eff27d7,p-e1a5676dc6ed,v-35c993d15ed7,ord-93942acb8547,L,1,101.57,2026-10-02 08:45:36,True
c-b15fe0b40459,s-b9c08ca38ac8,u-a1cb1eff27d7,p-dad82f0e4b87,v-82f760b8da66,ord-93942acb8547,XL,1,50.16,2026-10-02 08:45:56,True
c-fd0f012662c1,s-6e98330ba103,u-82cb50fa4682,p-467e1dfa255a,v-b80fb542263b,ord-698250313528,L,1,39.49,2026-10-02 08:57:16,True
c-6c55149382c1,s-6e98330ba103,u-82cb50fa4682,p-cafefdf4c7ff,v-edc8dc52ef68,ord-698250313528,6,1,71.97,2026-10-02 08:57:40,True
c-03764eaf6190,s-ab9a3bd9bbdd,u-ae94af3ace53,p-f07b208ae611,v-6bfe86b4ba2e,ord-f24debf99584,S,1,19.7,2026-10-02 08:58:58,True
c-35b30bc7075e,s-f025a5c7b8a8,u-d6a17553fafe,p-8d66035c760e,v-d350ffad326d,,M,1,21.46,2026-10-02 09:56:21,False
c-ac54688d5f39,s-e8c5602a9b55,u-eeff4f509f40,p-125e63056034,v-1823c627c542,ord-b6784c231a34,XL,1,44.94,2026-10-02 10:17:05,True
c-5f96beb423f1,s-f90a03583cee,u-0e2bd5b1f410,p-4db1ba36cd6a,v-ec562d8c6577,ord-f4b9ca41436a,XXL,1,64.27,2026-10-02 10:18:55,True
c-697b53c40502,s-69f762e55aca,u-d1814da007d6,p-a7bea33cb688,v-caf2e2faeba9,ord-00c5e682a9af,XL,1,45.46,2026-10-02 10:41:24,True
c-8c6f383d705b,s-aed0460b98ab,u-b83000c45671,p-5890f4110b1a,v-d52b46ef7d70,,L,1,75.04,2026-10-02 10:52:51,False
c-feb4f255c72b,s-4324f85093c4,u-79fc2b719736,p-1469b9ea7277,v-fd729d22ef25,,XS,1,77.42,2026-10-02 11:43:49,False
c-198d6df4846b,s-9ec33386b521,u-aaa3c0deb6aa,p-2887da6ccf4f,v-34b7078c1f44,,XL,1,79.43,2026-10-02 12:06:59,False
c-058852be849e,s-42edc07b46e4,u-0161ee6f41b9,p-40701d415e13,v-5be61232e907,,XL,1,63.18,2026-10-02 13:01:58,False
c-1a80ed74e500,s-6fdb6e37b6e1,u-cfefecd68513,p-41aaf8ef9b1b,v-6f4dfb43eb85,ord-63a18951e9c5,L,1,56.37,2026-10-02 13:43:31,True
c-b943901da99e,s-07a142c47d60,u-b00e33a941a2,p-f064d042df39,v-bf98b7ff4ab5,ord-aa21735e0a22,One Size,1,39.69,2026-10-02 14:14:39,True
c-36f960f6c425,s-1548cd45fed7,u-f63df481c698,p-f1112dc1652b,v-db7221927fd6,ord-f87c9b8e843c,One Size,1,39.16,2026-10-02 14:48:35,True
c-becfd2f5ff00,s-1548cd45fed7,u-f63df481c698,p-7a9af4d8dfc5,v-e18ab21369bc,ord-f87c9b8e843c,XL,1,73.93,2026-10-02 14:50:47,True
c-2bd26b5a0e5c,s-128a4410746d,u-2381fa5f6eb9,p-4326e2fa04c2,v-13cc439cd828,,8,1,77.41,2026-10-02 15:52:56,False
c-7770e9851fbe,s-648479618683,u-181b7d54c753,p-4da78da982ea,v-5584b5b1e416,ord-67e2d9da5a74,S,1,67.26,2026-10-02 15:54:36,True
c-8aa049871ab3,s-46f4ca5b7e09,u-4763f3449b5b,p-74db822db021,v-f8fb31cc8362,,L,1,38.12,2026-10-02 16:14:43,False
c-bcceaca22e87,s-150c7a5e53a9,u-8198b177dbaf,p-bbaf4e3814a6,v-9461ad41e632,ord-782ac2597eb3,7,1,67.52,2026-10-02 16:29:34,True
c-85037dd52d52,s-ee05ee04589d,u-8c01457abb6c,p-18ab3b9c2366,v-b2f43689aa3b,ord-7bfcf3610100,S,1,83.84,2026-10-02 17:21:12,True
c-b4ce13976316,s-6a8a0422852e,u-1b9650b8dfac,p-ec8b4c569c0b,v-68f8a9e66c82,,One Size,1,52.97,2026-10-02 17:59:08,False
c-420f1616f830,s-30f61ebf416a,u-e6b607d96a61,p-8ac9a101b6bd,v-24b46a145a4a,ord-4d8bbc444999,M,1,54.07,2026-10-02 18:45:29,True
c-156de30dd73d,s-18c3eafd1073,u-82f41bd56e43,p-2e1138dff55d,v-ef6b174a9207,ord-3805ecf5ae91,XS,1,53.74,2026-10-02 18:51:33,True
c-ec24764a10eb,s-18c3eafd1073,u-82f41bd56e43,p-cc7695324c2a,v-1852c771c53e,ord-3805ecf5ae91,S,1,93.75,2026-10-02 18:52:35,True
c-642499b2ec0c,s-18c3eafd1073,u-82f41bd56e43,p-e67e1a1154a7,v-6c8b975f8d9b,ord-3805ecf5ae91,11,1,84.65,2026-10-02 18:53:36,True
c-62220d78bfd7,s-6c8133b57040,u-90d64b7e124c,p-54e4e0c5173b,v-532423b19237,ord-02f982698a74,XS,1,54.85,2026-10-02 19:12:45,True
c-e7da081fe2ed,s-c7d4524857cf,u-7778d89bd6c2,p-8fd825d4ccc3,v-6c1dc492a1d3,,One Size,1,64.57,2026-10-02 19:12:53,False
c-e7cfa443680b,s-acbc6df0f157,u-05931072060a,p-e4dd61f5794a,v-eefaed100631,ord-e3c373d4647a,S,1,49.96,2026-10-02 19:14:36,True
c-ed1c0c5d8ff5,s-acbc6df0f157,u-05931072060a,p-e2ddfc28b42e,v-df11d2d44885,ord-e3c373d4647a,M,1,61.99,2026-10-02 19:15:28,True
c-2901d5d43d95,s-acbfca29ca8b,u-524dd9332fb5,p-0db9fb087595,v-a117736cb38a,,XS,1,62.9,2026-10-02 19:22:10,False
c-d35ee2519074,s-acbfca29ca8b,u-524dd9332fb5,p-835bf94d8a76,v-a0462c6554a2,,One Size,2,57.95,2026-10-02 19:22:53,False
c-79bd6a54e5cf,s-246739156453,u-867843cf0e90,p-a568227c58d0,v-10af158e8959,ord-c83e98704946,XS,1,57.81,2026-10-02 19:23:14,True
c-2bbfda390b57,s-7f2a12a79875,u-2d02437e5a98,p-77931ac35e65,v-3fa6d4429410,,XXL,1,54.21,2026-10-02 19:41:48,False
c-03b83730f852,s-93b9958eaa0e,u-2750b5574e76,p-dbb227be4872,v-d0dd22577daa,ord-8c1a5c28eb4b,XL,1,44.84,2026-10-02 20:00:16,True
c-040240a9e439,s-6f2957593e28,u-3c7c5a0610c0,p-4a5e11d02bd3,v-fbaab5c9de0e,ord-aa0175d164c8,XL,1,60.5,2026-10-02 20:46:22,True
c-00063978791a,s-ca6d4666c11e,u-d6aec5a56bfb,p-becd7da83732,v-5dee0eeb50ba,,S,1,44.32,2026-10-02 20:50:35,False
c-4848d67feddb,s-8fa024c0fdd8,u-35034b284861,p-5be1ceedab47,v-1bc8434ab116,ord-ca367f78a5aa,M,1,67.34,2026-10-02 20:51:56,True
c-ecb41f1351df,s-20bae43dc189,u-3362bfaa5b14,p-4e60bf84efc8,v-cf9d72222b72,ord-a72dc1c82950,10,1,48.33,2026-10-02 20:55:20,True
c-685941432030,s-1cc5b5eb9177,u-bf4141b9a73b,p-ee2e68509020,v-db69d23e7e1c,,M,1,44.3,2026-10-02 21:36:36,False
c-c91641a161f6,s-1cc5b5eb9177,u-bf4141b9a73b,p-0adbae413a84,v-5ff4a9622cc5,,XL,1,29.33,2026-10-02 21:38:10,False
c-fc7b30f303da,s-927fab6f551d,u-1b2bf6adf62e,p-2ac9dbf9d55b,v-2ab2cd43ef61,ord-c71f04e426c1,S,1,62.21,2026-10-02 22:15:01,True
c-bff1d053f7c9,s-a1785107c85a,u-8c01457abb6c,p-359791c796b9,v-0c94d0f4c3f8,,6,1,46.69,2026-10-02 23:12:57,False
c-24abbeaf0349,s-989d4a0531f0,u-3924e3f69291,p-79b135518568,v-2342c1640283,,S,1,29.78,2026-10-02 23:26:22,False
c-125bf5d22c0c,s-7eab860641d2,u-fa0c9e9cabf1,p-09e47873b171,v-eef9be167712,,8,2,75.82,2026-10-02 23:28:16,False
c-59412c101a89,s-181bd5892f15,u-5a230b7636f9,p-4a5437e1765a,v-84bacd4df103,,One Size,1,30.0,2026-10-02 23:40:47,False
c-62521aabe24f,s-6b69d55515e8,u-b1a95c012ca2,p-567b30ed15bb,v-2b5e81ae64ea,ord-e4f55caf741c,XS,1,51.29,2026-10-02 23:52:59,True
c-6e627235340f,s-0c05c17d2d09,u-042501cb0918,p-fa047ef74a7a,v-241c4d169deb,ord-09d646130441,M,1,46.99,2026-10-02 23:55:25,True
c-d99d75d615a1,s-a60961a4f163,u-016af5858e62,p-90bd6cc44bb6,v-74a4809dfcba,ord-35e4be4dacc7,6,1,73.21,2026-10-03 00:06:21,True
c-0380f59890c0,s-93971497df63,u-6d31c038b35a,p-5dae71bab7b2,v-55a811f7941e,,S,1,53.5,2026-10-03 00:09:34,False
c-ba8119664850,s-d28f4c9ff185,u-b319d95e7090,p-24e9b1fbb200,v-e0b7d49bdf9d,,M,2,35.76,2026-10-03 00:16:43,False
c-cad9c2220dfc,s-d28f4c9ff185,u-b319d95e7090,p-2ad0afd20576,v-4bb6ce78b5b7,,M,1,68.85,2026-10-03 00:17:51,False
c-bcd7ebdf1118,s-d28f4c9ff185,u-b319d95e7090,p-c93cf2ddec0c,v-49d3329f40f4,,XS,1,81.92,2026-10-03 00:21:22,False
c-01394103fa16,s-d28f4c9ff185,u-b319d95e7090,p-e1995610cd90,v-d411f32cde89,,L,1,41.34,2026-10-03 00:24:17,False
c-b4a23280a269,s-2cb8ea6f9377,u-aca334b0e716,p-670ebbe5d4a6,v-a09f3bc4aaaa,,One Size,1,74.12,2026-10-03 00:30:00,False
c-d7ef43a904cb,s-776cebdf0acb,u-d34e6dcf1476,p-1be80bc83ece,v-46367090ad56,,S,1,67.33,2026-10-03 00:51:05,False
c-362553c65801,s-36d0f96a8d8d,u-b2d93abb6162,p-a3001257a4b2,v-5c15fe3f2158,,One Size,1,88.94,2026-10-03 01:10:10,False
c-6997c7d87209,s-36d0f96a8d8d,u-b2d93abb6162,p-57a8417fcd12,v-44038b236f1d,,L,2,40.17,2026-10-03 01:10:28,False
c-50f841a51c69,s-6b124cb35400,u-c59d911dc19e,p-3f391892cfcb,v-c27d6ea2759f,,M,1,102.56,2026-10-03 01:11:10,False
c-df6be37ae31b,s-6b124cb35400,u-c59d911dc19e,p-efaa137def46,v-f6c6bac7d0da,,M,1,45.66,2026-10-03 01:13:25,False
c-ed60c015f561,s-493b2cf431ac,u-d55f136352b5,p-c7fcb5d9d88e,v-4e011c71fa75,,6,1,67.46,2026-10-03 01:18:22,False
c-a8b0e8bafc59,s-493b2cf431ac,u-d55f136352b5,p-b4d00fcbbd62,v-afade2a381d4,,XL,1,24.46,2026-10-03 01:19:10,False
c-c8e96546a827,s-030c31bc9038,u-78d904a8209a,p-9761886c8bae,v-a873639889af,ord-dad4714cf91a,One Size,1,55.01,2026-10-03 01:58:14,True
c-bedb5c9e5d8a,s-030c31bc9038,u-78d904a8209a,p-6f9c939d4ff5,v-e898affd24fe,ord-dad4714cf91a,One Size,2,23.04,2026-10-03 02:01:43,True
c-3d993b2dd4db,s-e24926b97cde,u-4aec7cd75070,p-4f05571e5219,v-d698220044c9,,M,1,41.98,2026-10-03 02:12:24,False
c-0e9c01dfe69a,s-88c1c6b762b9,u-c9cfa95964fe,p-ba44a061331b,v-3182059ed8ef,,L,1,103.29,2026-10-03 02:17:44,False
c-0f2196f0008d,s-d82425f8c243,u-43109917dace,p-4904d614c34b,v-bccd988c60f6,ord-ab3d6d98190d,XS,1,59.37,2026-10-03 02:26:48,True
c-3cb725880d48,s-ccff394361c2,u-e00139604982,p-7ce4aae10bca,v-f5cbe76ece64,,S,1,58.05,2026-10-03 02:32:44,False
c-e3aa7005e11c,s-acffea594cc6,u-9448841b7191,p-78e0b2ccb6f3,v-f72447c212a9,,XS,1,74.89,2026-10-03 02:36:31,False
c-900cd1fb8079,s-456f77fd131b,u-5925b86d9e5a,p-6479e9476ef4,v-c0001676cc93,,One Size,1,79.8,2026-10-03 02:56:59,False
c-67d36fe52f28,s-264dc480d4cc,u-9066ab8e0ef8,p-01a702499b62,v-35854c372b5d,ord-41f02c8ace79,One Size,1,33.13,2026-10-03 02:59:12,True
c-43d5cff4d07f,s-8be90f0223cf,u-9e256feeaa12,p-31e917442efb,v-005da274f0f5,,L,1,63.82,2026-10-03 03:05:03,False
c-a169210cb048,s-8be90f0223cf,u-9e256feeaa12,p-99de8910c53e,v-f2654ff1e5ae,,L,1,70.16,2026-10-03 03:05:50,False
c-a92483de29c2,s-25c4f6b010bc,u-7e00b2523957,p-ec12488d157c,v-dd6605daea05,ord-cf827c6fda27,S,1,75.52,2026-10-03 04:15:30,True
c-94809e5d70df,s-2722fedfcdd8,u-8bd3e6fbd7b0,p-1035b5c976a9,v-d49003489c9b,,One Size,1,90.52,2026-10-03 04:50:41,False
c-5815b53cd59a,s-2722fedfcdd8,u-8bd3e6fbd7b0,p-9557ff65aac4,v-d8ae5749509d,,XS,2,60.6,2026-10-03 04:51:30,False
c-3afa74eb0a6b,s-cf90d2f8e549,u-09a82114be18,p-13faef1e8ad6,v-7c7119b330ba,ord-6abb72d138c4,S,1,50.06,2026-10-03 05:03:39,True
c-90d99ecb999f,s-420fea800efd,u-44c7f306089d,p-88da2cd0834b,v-7a4d8a040e26,ord-aba153f9a705,XL,1,36.62,2026-10-03 05:15:16,True
c-0bbcb477dd47,s-cd23d5386824,u-6ded52861dd0,p-8e56b4eed939,v-c334c12c1120,,L,2,80.74,2026-10-03 05:21:29,False
c-6203eb4858b7,s-ced627fc1c2f,u-9cd83b542d87,p-8bf97a030995,v-7d71e49c740a,,10,1,88.98,2026-10-03 05:21:42,False
c-0a83f0047e34,s-a9214c5661cb,u-63c72717bad9,p-6771dca3a4a9,v-9af41883e86b,,XS,1,92.34,2026-10-03 05:27:59,False
c-5626e3c153fd,s-b17ae1af28ab,u-3f3596e71279,p-056bfe795f83,v-dbe3c82cf5c0,,L,1,33.62,2026-10-03 05:28:13,False
c-96e93e187eff,s-1c30dfd412f6,u-89ab69c36fef,p-2aa83cc3b378,v-c71a16b42ba4,,S,1,66.08,2026-10-03 05:39:38,False
c-56e42cb6291b,s-1ad88160779a,u-3361f71f8280,p-458dcdbf035b,v-686ea1c80129,,L,1,79.89,2026-10-03 05:47:14,False
c-434aa428f619,s-1ad88160779a,u-3361f71f8280,p-4ed4e987ef74,v-0973ebe87632,,S,1,29.29,2026-10-03 05:48:23,False
c-6268bd889950,s-e487f9415860,u-121bf99c1214,p-6479e9476ef4,v-1e11ec7323c8,,One Size,2,79.8,2026-10-03 06:04:44,False
c-338426e3e7f1,s-d9b0554090b6,u-e3b670d4ebb9,p-266a89b94259,v-3b7fdc56d65c,ord-ba9d04b118e5,S,2,69.31,2026-10-03 06:37:34,True
c-eeb84778fc2d,s-61b5388f8333,u-db3ef8905f2d,p-ec8f9ff55280,v-37f5b2bcb0bd,ord-8c45cf9e7748,8,1,89.79,2026-10-03 06:47:50,True
c-8c0e511d3b27,s-1a189160101f,u-7844ed5d26b8,p-c158b642b912,v-1562ebeb2377,ord-90ccd28fe0e6,9,1,65.05,2026-10-03 07:04:57,True
c-46231f7b58b0,s-d4a3424979ae,u-26af95dbe8be,p-d55b8eefb6eb,v-fa251acf0d90,ord-e1dec5e4c373,L,1,45.47,2026-10-03 07:08:35,True
c-cdc649db2346,s-eb7d899d7a88,u-ddb3b901238c,p-b886e57e01a9,v-b347e0732e13,,XS,1,43.73,2026-10-03 07:15:57,False
c-bf79c48779f0,s-285af97c54b9,u-7ad1a1789364,p-29c5ff163998,v-9dc30dc10c7d,,M,1,13.73,2026-10-03 07:30:28,False
c-7f88ac140ef5,s-e1887151f129,u-1669bb698195,p-ff0444aaaa6b,v-f447345bb4b5,,M,1,89.87,2026-10-03 08:01:52,False
c-056f98dbef0e,s-f83d9334220c,u-5f418885c002,p-3c093e1e2d52,v-7e585db437de,ord-6b6cd0e17fbf,XS,1,76.72,2026-10-03 08:16:33,True
c-c6e8935390a5,s-5abe67de8a19,u-2e2ffacd6566,p-afb5ca535eb3,v-bcdd5a136699,ord-5bf3fddf2c23,M,1,61.88,2026-10-03 08:34:43,True
c-0e7008f82ebd,s-daedd7cfd8dd,u-d6597ce3b949,p-f4c5e6444f6f,v-7e20c96805d7,,XS,1,28.49,2026-10-03 08:38:28,False
c-0059adfe459f,s-b144a7f22242,u-cd1f10e701fc,p-209965b16846,v-846400f5ce48,,XXL,2,26.4,2026-10-03 09:05:49,False
c-165afb54de92,s-7e876ddb559b,u-5c40f8f6cb3a,p-4ed4e987ef74,v-7b11edd3a821,ord-75fca7ba12cd,XS,1,29.29,2026-10-03 09:13:24,True
c-287a914051f5,s-d5ef0ae56b15,u-9a091372f9e0,p-d973be4b8648,v-53d84494a58f,,One Size,1,35.26,2026-10-03 09:19:48,False
c-b3a10b865b88,s-95b2863dae1f,u-731daca018b9,p-1e0d298892b0,v-08e82f776a78,ord-9d5866f0cc46,S,1,49.55,2026-10-03 10:01:22,True
c-d3a647a7ee43,s-174fbeedea1b,u-43be7d32771d,p-a1c0e35d7eb4,v-ea019e1e97cc,,XXL,1,62.21,2026-10-03 10:23:28,False
c-4d9a41862cc8,s-bc9d7883ab91,u-525b3f7ae814,p-7ee99fbdf5bc,v-1126f84ef4a4,,M,1,28.55,2026-10-03 10:26:47,False
c-ceeac3c74412,s-af66a09a6ed0,u-2db11eb17684,p-1c3c50318000,v-6281b5c77f16,ord-da990dcbb030,XS,1,63.85,2026-10-03 11:34:12,True
c-e1f78c8484b8,s-74213bf0391c,u-350de9c8897e,p-9e6ab3b839e1,v-fed1bbff3a2c,,One Size,1,96.4,2026-10-03 11:38:18,False
c-33eecf976695,s-6347fc3d1064,u-4a96245d7686,p-d21a5093c235,v-5507a202e931,,XL,1,76.75,2026-10-03 11:39:05,False
c-40148976da88,s-1fd6fda5efc0,u-d23eb4e29ed5,p-245d38ba1e94,v-6dde678da653,ord-9addcbf232be,9,1,54.12,2026-10-03 11:46:12,True
c-20244f712244,s-f0c21a4314ed,u-63b596094fa4,p-5e4476a0a583,v-33b55d06683f,,XL,2,31.62,2026-10-03 12:06:40,False
c-636054bd97db,s-3a08cec2cedb,u-fc275b3b7c18,p-3ba78bf8d9ef,v-a90526c1cbb8,ord-75f20e5ad343,XL,1,30.46,2026-10-03 12:58:04,True
c-373745f5c2fa,s-e727d01f8c75,u-c9d87ef66002,p-983083e00ce2,v-0d238166aeb8,,11,1,68.28,2026-10-03 13:16:19,False
c-b12ef88f0b91,s-478094498c7a,u-17f1d787387b,p-bd6863d05d16,v-38764d55750a,,XS,1,52.18,2026-10-03 13:30:57,False
c-dc81c89ec991,s-ab4140ef6908,u-45d3c967023e,p-34ac1ff752e2,v-206f7259d063,,S,1,96.66,2026-10-03 13:34:04,False
c-14ad8e1435a9,s-b92801a7812c,u-6f9ea0cd77f2,p-ee91cc692e57,v-9c6e723e0c1c,ord-2af4a09a612c,L,1,46.92,2026-10-03 13:41:10,True
c-c0ec5684f9ed,s-3c16fcd64b38,u-201853437826,p-057cb88f98ac,v-42a006cf7183,,M,1,59.07,2026-10-03 13:41:18,False
c-8a2f088954ed,s-82045d25ef46,u-33f228940f64,p-b00b6a7e0d5d,v-67784cae2711,,M,1,105.79,2026-10-03 13:45:27,False
c-a2bc0823618b,s-608ec05ebd5e,u-83a8cc2f4abc,p-e803259e44af,v-9f3a5c884e0d,,M,1,39.37,2026-10-03 13:59:51,False
c-6f089e554e29,s-4d52d77fc4f5,u-bf112e71b43e,p-d96b9dc0cf18,v-451e31654a62,,XL,1,68.79,2026-10-03 14:27:55,False
c-7552521306c7,s-4d52d77fc4f5,u-bf112e71b43e,p-b3fcf9c9574d,v-91f96ee1b5cc,,XL,1,95.7,2026-10-03 14:28:55,False
c-817d686c768d,s-e9f3db11e4dc,u-d32e9b2a45dc,p-b32bd68960e3,v-ca4c70a199c5,,XS,1,58.56,2026-10-03 14:51:54,False
c-d3a9e33d579f,s-9155651f2fa8,u-9e5e166726f2,p-e5896211a5f0,v-8ebc4eeeec9d,,L,1,55.03,2026-10-03 14:51:54,False
c-2ef65e16a8b4,s-e9f3db11e4dc,u-d32e9b2a45dc,p-8fe8d99ae27c,v-564dd8428e9f,,M,1,37.15,2026-10-03 14:52:34,False
c-616a300f774b,s-27b338689ccd,u-06bc70e01833,p-aeaed2098434,v-b85ddd73a7f0,ord-ddc9ee299c5d,9,1,58.8,2026-10-03 15:12:46,True
c-89ff26892f91,s-2e54f8e8a3f2,u-ff22d623e987,p-4798a77c002e,v-dc2384a3b29d,ord-a9d801e0f5bc,One Size,1,69.05,2026-10-03 15:21:03,True
c-921f9b7e6876,s-bc4f5623b9bd,u-e2587b824691,p-00c8c546f357,v-c2417b08473b,ord-2799dee6d162,M,1,109.84,2026-10-03 15:33:38,True
c-4c97178a4252,s-7ad18d2e8a25,u-6c6cf9149849,p-330f0d230f44,v-996a97d5a814,,S,1,26.19,2026-10-03 15:57:27,False
c-22a70ee3b091,s-7ad18d2e8a25,u-6c6cf9149849,p-ca6ed4035275,v-0c205ca0fbe2,,S,1,51.0,2026-10-03 15:58:18,False
c-17ab47744427,s-0aeb401e575e,u-58787caa3f3e,p-54e4e0c5173b,v-1234c6b86709,,L,1,54.85,2026-10-03 16:13:25,False
c-722ebb496f7b,s-50f1096f24d6,u-6bb12cf9107c,p-6f9c939d4ff5,v-4e6b2ffdbfa2,,One Size,1,23.04,2026-10-03 16:22:15,False
c-4f193089a750,s-cdb7e7d87114,u-a41c3bd7006a,p-222755c29f62,v-a2d2d8bbb0ca,,L,1,43.92,2026-10-03 16:39:17,False
c-8817a25b7b4e,s-cdb7e7d87114,u-a41c3bd7006a,p-89f133d79724,v-b5620ce5050e,,S,1,43.34,2026-10-03 16:40:22,False
c-172bfa55ecca,s-a772251188de,u-7ea361199fc7,p-f87f3f31df5a,v-3765e8d1f2dd,,XS,1,45.91,2026-10-03 17:02:23,False
c-f0c90ce78553,s-8a05b8c29148,u-8f4842ca0987,p-dbc3e031de55,v-ee8171fe78fd,,One Size,1,85.58,2026-10-03 17:02:25,False
c-666221bffe85,s-6a080fde10ff,u-872af12f3d97,p-8b8481aac396,v-f9d68f00f2db,,11,1,39.53,2026-10-03 17:34:13,False
c-327c17785b23,s-b720bff51bea,u-80cb1c0bc70d,p-bd1395bd0c4a,v-f78063e8bf8a,,L,1,61.79,2026-10-03 17:42:43,False
c-2ebd5ff6abda,s-1a82241907ed,u-88513283a11e,p-ada32c12b1fe,v-ba2dc55f9d15,ord-1d9382279955,XS,1,30.68,2026-10-03 17:51:48,True
c-5bb01f222266,s-a9bba9cfa0db,u-b0696cd33b01,p-032704074e24,v-5ff15cd6384c,ord-216565da941d,9,1,93.01,2026-10-03 17:51:54,True
c-8e71146677fc,s-8877b14015a6,u-8b06db3ad778,p-4199a4fbd96e,v-89a48632be24,,S,1,37.43,2026-10-03 17:52:25,False
c-2ab9cc6194e3,s-5dd5e754e5a4,u-b1aed994edd4,p-5465204dee28,v-b440bc9659d4,ord-91da50406d6e,M,1,34.51,2026-10-03 18:10:42,True
c-b993b603801c,s-5dd5e754e5a4,u-b1aed994edd4,p-d55b8eefb6eb,v-1dab341f81bd,ord-91da50406d6e,XL,1,45.47,2026-10-03 18:11:40,True
c-837f2f7b6ec6,s-167af518df98,u-ffbcd63abef4,p-284596cdedc9,v-022ba14dcd18,ord-cb255794746a,6,1,83.73,2026-10-03 18:51:13,True
c-87ab8e2d7e08,s-e2aac78497be,u-3f6860403371,p-472d80bd9fd5,v-d2ee9a5772a7,,XL,1,58.17,2026-10-03 19:02:00,False
c-0ba864977452,s-e2aac78497be,u-3f6860403371,p-eaf908448f12,v-65ad5be35a3d,,M,1,42.46,2026-10-03 19:02:56,False
c-9d7f668ec519,s-77ed199bd1e0,u-200b7a0b0136,p-ce44c70f1845,v-3e09bdc2b080,ord-33e201d64668,S,1,66.67,2026-10-03 19:03:45,True
c-6b011fbab3e3,s-77ed199bd1e0,u-200b7a0b0136,p-5df8782b738b,v-28b7c59a69a4,ord-33e201d64668,XL,1,64.56,2026-10-03 19:05:10,True
c-f290232abb6d,s-f0901e3a2e6e,u-f7ced8b9bcb7,p-8959b14efe22,v-4abde962544a,ord-e2e7d61828b7,9,2,61.37,2026-10-03 19:15:25,True
c-d8610b7940ae,s-5947ee880efe,u-4d05dd243fdf,p-95d0f8b7ddef,v-ba416fd005d0,,7,1,131.98,2026-10-03 19:27:42,False
c-790f45c391c0,s-c9c89d3d5080,u-716b4d3b59a7,p-5286e31c302e,v-46743d7eeb90,ord-e021efe4e785,M,1,46.19,2026-10-03 19:28:41,True
c-d0f3ac6de713,s-395e8b2aa899,u-d2cd7464de47,p-133cb97eb8d8,v-d15bcb6afba3,,M,1,53.8,2026-10-03 19:40:40,False
c-dac5508601bf,s-395e8b2aa899,u-d2cd7464de47,p-0355fccdaa84,v-2a728f6001fb,,XL,1,72.21,2026-10-03 19:40:55,False
c-08f229f0b82e,s-f440813c237b,u-233058f6f2ee,p-3ead8c62aca2,v-09e31100939e,,XS,1,48.69,2026-10-03 20:20:18,False
c-a9fbf4a77fc4,s-e3a9bea50ec9,u-382b2e5b6228,p-a6597e09b731,v-f50823d54506,ord-fa8726d71153,M,1,48.31,2026-10-03 20:26:20,True
c-f6795c4181a9,s-156f19c7fb58,u-315cc9c4f9ce,p-cb074730edd8,v-76ed4e394b71,ord-791ef88b7399,L,1,84.14,2026-10-03 20:42:52,True
c-893ef8d7cc18,s-08386cd70534,u-7c83871b4958,p-0c14d5cb6bca,v-3c381b76c18a,ord-142980140877,9,1,52.96,2026-10-03 21:21:32,True
c-3e22f06bceb1,s-ff5b28d4c4ea,u-c42bbabffa73,p-fb5df7482392,v-fd4155356ae6,ord-61ea3f651e3e,M,1,71.84,2026-10-03 21:32:27,True
c-a56ca3799d6a,s-b8685698eca1,u-b2f0a8527bbb,p-e1973ed20a00,v-39a67a7bb216,ord-94819da37753,S,1,34.07,2026-10-03 21:46:02,True
c-e1e5d7630e3e,s-63aed7f2d253,u-3709a2b2683a,p-7673ed0b8a46,v-5edef07b4109,,M,1,75.1,2026-10-03 21:50:02,False
c-877769baa437,s-bfbc08e6ed7b,u-7307359390f0,p-586267b99b1c,v-4b02c666fd06,ord-d34cfa96760f,S,1,37.26,2026-10-03 22:05:49,True
c-8019c81124ca,s-bfbc08e6ed7b,u-7307359390f0,p-108c3d23435e,v-79b776d6d3c1,ord-d34cfa96760f,One Size,1,28.78,2026-10-03 22:06:48,True
c-f054f009aaee,s-bc7df0155ded,u-5a7259085574,p-a80b59546fb9,v-ba0830cec597,,S,1,44.66,2026-10-03 22:22:02,False
c-e098911b27cf,s-51949376adc0,u-e413fda67b51,p-e9bb9e118091,v-00318b713fb5,,XS,1,38.06,2026-10-03 22:32:24,False
c-08e44ce2ae40,s-bbe7119bcedb,u-40741ee7b9f3,p-0be47a814aaf,v-d151d707ee8b,ord-3ce5e030eeb4,L,1,66.53,2026-10-03 22:57:51,True
c-170076915749,s-2a7102a44c2d,u-2aa77df36b49,p-b132ba6f0ebd,v-c3d0fea6b192,,S,2,83.14,2026-10-03 23:08:51,False
c-0ac4bacc16d5,s-460502a79efb,u-1a42309fa15d,p-782f0659a084,v-85600c32c660,,S,1,43.83,2026-10-03 23:56:13,False
c-b22a2b648e6c,s-4b5bc509fac8,u-5240d0e488b4,p-7694533ce399,v-06cc4d9a6308,ord-c9c593114830,XL,1,75.12,2026-10-04 00:46:53,True
c-688443cbeab7,s-6f3effefeeae,u-0a2b40ad7c88,p-83f86f04f0a6,v-0b8baf8d6f34,,M,1,42.37,2026-10-04 00:48:25,False
c-9f58fbe997f1,s-24a7a5e3e8d4,u-099da5e49d7c,p-a54a94c426b6,v-dc3f349e9ba3,,One Size,1,30.06,2026-10-04 00:56:42,False
c-19317aa7d9db,s-c2499cbe1f41,u-f8cbb5a2eb5b,p-9f91b978f184,v-ca1a6d8e74de,,S,1,31.87,2026-10-04 01:07:36,False
c-043829a3a9a6,s-94c318cda05c,u-54fb1e731c8d,p-87949fab40de,v-874e8c18c661,,XXL,1,44.21,2026-10-04 01:16:41,False
c-f7ee3f81832f,s-36d39b1eca0d,u-6d42d6169bac,p-3157e9d01d18,v-f46a51a074e8,,M,1,42.64,2026-10-04 01:34:33,False
c-3df8f4ff679d,s-53eed13a4c18,u-3b145397e495,p-5559e7b5ddc0,v-fe5c0e3e88b6,ord-d4f61bfaaec5,XXL,1,36.54,2026-10-04 01:47:50,True
c-ef837e64e352,s-5010631a10fb,u-32f49ceb914d,p-cbc293ff022a,v-ba782698b4cc,,S,1,47.69,2026-10-04 02:00:57,False
c-df808cbae07f,s-4682a720694b,u-a54256e85eb1,p-0f47d4d8b929,v-7267e64c8977,ord-67f894aff693,One Size,2,121.39,2026-10-04 02:14:52,True
c-f9ff3f77bdad,s-10a4d799946d,u-3d5544e53997,p-15e0a3beb610,v-5a0e1118f839,,XS,1,33.91,2026-10-04 02:18:37,False
c-13a06715400a,s-8bd52ce51d24,u-39054e4bc6fb,p-0ba94bd5f15b,v-82a6fdfe0520,,XL,1,98.95,2026-10-04 03:08:03,False
c-8ef87f854462,s-2053cee11311,u-782a7bc2b793,p-a6597e09b731,v-7a3ef04a06be,,XS,1,48.31,2026-10-04 03:15:36,False
c-d5a1ad3a24b8,s-5e0b71ed7315,u-2596855ff3e0,p-65666c224046,v-abb71410fd51,ord-668f7d433495,S,1,49.47,2026-10-04 03:33:28,True
c-c785de7dd808,s-c99ece896f01,u-953fb9777d55,p-21e629210114,v-ee1a80ec2505,,9,1,46.29,2026-10-04 04:01:40,False
c-29f4436ad65b,s-0187ee2ada8b,u-a12c78447db1,p-192469735051,v-2ef1ee4b137b,ord-24af85ffc5f7,XL,1,54.25,2026-10-04 04:11:51,True
c-c72083cafe38,s-dd184eb365fa,u-f13ae11cd838,p-2782896fc4d4,v-e96e1701b85a,ord-baa4b4ef1bab,XXL,1,71.95,2026-10-04 04:25:30,True
c-c77aa99330d6,s-ffce85f47059,u-c94eac2f2376,p-192469735051,v-c49a72676ea9,,XL,2,54.25,2026-10-04 04:39:59,False
c-73e2b73ec53d,s-8e49aee6447b,u-eba8495c89ec,p-b21af733327a,v-160b7a2c28d9,,11,1,40.77,2026-10-04 05:09:55,False
c-f3da91c53897,s-d2b9081ebff0,u-76f746b4149e,p-a28088e47da3,v-cf7ac5b5402b,,6,1,91.47,2026-10-04 05:23:43,False
c-bb28238b6d3b,s-22af55755baa,u-eb39dd2425af,p-11da1292c305,v-de67c57538bf,ord-0182b84e7c81,One Size,1,52.3,2026-10-04 05:26:31,True
c-27010b310b77,s-b9e5f132137a,u-5cda58849300,p-586267b99b1c,v-0afc529b69a0,,XXL,1,37.26,2026-10-04 05:44:54,False
c-f51587e79d79,s-115462e4e230,u-dd64db3f06e4,p-c920f258e7da,v-27c4ee5ba94b,,M,1,48.5,2026-10-04 05:46:20,False
c-3c0312bfc67d,s-115462e4e230,u-dd64db3f06e4,p-b62a6a3681d3,v-56fb980f42a6,,XL,1,51.8,2026-10-04 05:47:56,False
c-5ee52be2107c,s-a828c83c6c4a,u-4197a907616c,p-1ace3b3216ec,v-e1990318ea86,,7,1,54.65,2026-10-04 06:21:53,False
c-16763718a56a,s-a828c83c6c4a,u-4197a907616c,p-e07b165df650,v-e8b8c8517000,,L,1,41.22,2026-10-04 06:22:29,False
c-92897b408bc8,s-76494411cdd7,u-587431826857,p-2be43ae7b0c1,v-6eb35ed38efa,ord-6fc407997153,XXL,1,25.2,2026-10-04 06:22:54,True
c-f9fd00843a8c,s-04be4cabcca1,u-5c32f2418c85,p-2f390b866a03,v-185207710e9b,ord-d1290d6282d5,XXL,1,40.38,2026-10-04 06:30:07,True
c-c3c02e99952f,s-79a3f80ab60d,u-160d22ce457d,p-735437eaa8f4,v-f43ecdb586fd,ord-89f94bc259f4,S,1,49.55,2026-10-04 06:49:02,True
c-0d07e2d3c5da,s-79a3f80ab60d,u-160d22ce457d,p-a599ac460f97,v-a07bc45047a0,ord-89f94bc259f4,L,1,54.66,2026-10-04 06:50:02,True
c-f050688737cd,s-34ddd3a4df05,u-090bae9fba24,p-0f529b5d300d,v-9aebac09f5b1,ord-78c3ceeb4376,XL,1,41.21,2026-10-04 07:04:31,True
c-5467f68ec96d,s-64896c9b58f7,u-750019546133,p-1a676faf3352,v-1c8abb77ded4,ord-1fce2dff43e2,L,1,29.96,2026-10-04 07:12:47,True
c-b9a074f265b9,s-f1802c816105,u-bd398add9b62,p-40b685e950bf,v-c4c179cd0b51,,One Size,1,40.34,2026-10-04 07:40:45,False
c-618eb33c7c7f,s-dc7c24bf98b0,u-8b26858367fc,p-cdf70afd2b94,v-aaac97ea1816,ord-5ef200e93eff,L,1,38.84,2026-10-04 07:54:47,True
c-648b76aa6f20,s-5adca39f422a,u-09589b550b10,p-1fdff0a8af45,v-b652140874db,,XS,1,83.82,2026-10-04 08:01:13,False
c-0a327f31ea45,s-0131e3bbfe37,u-ab8776740ab3,p-04ebaa337977,v-bc3a278ea40a,ord-06a1bc96455e,L,1,46.17,2026-10-04 08:20:57,True
c-3783d85880a7,s-10510297ff7e,u-32f49ceb914d,p-ad215aa2fc1f,v-9a7302f3f1b5,,XXL,1,31.42,2026-10-04 08:29:30,False
c-38c32c9b0718,s-281b14b5b2ba,u-38ab74415051,p-389061621690,v-dfca8b2547e5,,M,1,48.86,2026-10-04 08:54:12,False
c-43c846a7ccbd,s-0e9bfac67f20,u-c220f23846fc,p-452b38072947,v-d97c358b30ea,ord-493119858618,One Size,1,43.29,2026-10-04 08:58:01,True
c-01816aa4b4b7,s-44318858141d,u-43b5bebe465b,p-420e089ce7e7,v-839cb95bad99,ord-3a300a746c96,One Size,1,43.96,2026-10-04 09:49:22,True
c-de9bdbe127cf,s-fb91d9ca0365,u-fb3082d303c0,p-a47dc927d05f,v-54b5bf90c761,,One Size,1,57.58,2026-10-04 09:52:25,False
c-49c16b84ad95,s-75dd996cc0cc,u-3198f11f79a5,p-8cb78c65b913,v-f09ff7480bd6,,S,1,57.18,2026-10-04 09:59:40,False
c-be4b8dd2fbac,s-297d9c82ef75,u-be2b1c716586,p-84f9ef44c2f8,v-17e9aca5f51f,ord-e1c09cc45644,XS,1,74.04,2026-10-04 10:35:27,True
c-09edf47c9629,s-38cec28b8ccc,u-b219719018c4,p-f5ca33bba307,v-8c6b7f9bb9b4,ord-b2d0b3526214,XXL,1,73.46,2026-10-04 11:45:55,True
c-a45021ed5338,s-53d29a7f7edb,u-9abf57090820,p-2d325fa8b68a,v-99f3bcf04d5e,,8,1,72.89,2026-10-04 11:55:20,False
c-b19c5e1728fc,s-687b3aacc40a,u-ef0cc75c8819,p-48da289a0d6d,v-baed530de40e,,M,1,48.62,2026-10-04 11:58:02,False
c-52ef76b98da7,s-64c435320b99,u-1a8b6dbc6788,p-8751b338486b,v-ed50e40ed4c4,ord-cafd17331334,XL,1,96.4,2026-10-04 12:00:18,True
c-23694376e652,s-64c435320b99,u-1a8b6dbc6788,p-d29ce7dd0bd7,v-251c2b0fce5b,ord-cafd17331334,XXL,1,53.63,2026-10-04 12:01:33,True
c-c1b65bff3a6e,s-ba3875901557,u-1a81d0453866,p-34ac1ff752e2,v-491660625d6a,,XS,1,96.66,2026-10-04 12:06:28,False
c-5d6ce74934b6,s-16f89924efa6,u-1a5e9503ecbb,p-4904d614c34b,v-3eca3f08a9e1,,L,1,59.37,2026-10-04 12:17:28,False
c-24aa2f93fcb5,s-bc2c30c4fb73,u-0c0a7eeb181f,p-14e5049e38d3,v-3d8fd451d53a,,XL,1,20.14,2026-10-04 12:33:28,False
c-63f0f8deb6db,s-cecf4838a11c,u-02ccfaeb8012,p-7498c55d9a1d,v-daa293d79f87,ord-8172ab5ea2a7,M,1,47.15,2026-10-04 12:43:31,True
c-a46adb3e46a3,s-8010c5983b3a,u-500d3502841d,p-078fa0e8fc4f,v-a1fd50ac3810,ord-fbddcd1fb27f,11,1,65.92,2026-10-04 13:04:36,True
c-0d5e6abd0f43,s-5e145ee05e56,u-fb3082d303c0,p-e1973ed20a00,v-bad0240de1cb,,L,1,34.07,2026-10-04 13:16:07,False
c-93903420bd45,s-7d33e45f30a5,u-4152aeca1481,p-958be5554b51,v-3cb39c9a074e,ord-69b0fafb9538,XL,1,55.41,2026-10-04 13:18:00,True
c-c6b69df7fcaa,s-cf03d32fae96,u-2e59920afd07,p-cff14c01c356,v-6111dafcbfe9,ord-9205b18b4a87,One Size,1,59.11,2026-10-04 13:31:40,True
c-b82e7016cbb2,s-091e884089a3,u-4296a258655d,p-d3cdead1b72e,v-a446e96a573f,ord-b66791048af7,One Size,1,52.62,2026-10-04 13:49:03,True
c-6cedc5889b67,s-daee63bf74e5,u-5246e3b3e4e3,p-a7dd8a52cbbf,v-2bee2adc9c03,ord-bd9f478aebae,M,1,52.8,2026-10-04 13:51:26,True
c-7482bdaadda0,s-3f7757498e06,u-1a68c110c737,p-784683fcbf2c,v-25de44fc71e7,,M,1,22.73,2026-10-04 14:01:43,False
c-8c56aa3d78ca,s-e9a735c06033,u-66775e18fdc0,p-64511032d71c,v-1d24a449976d,ord-0c33949c2291,S,1,53.49,2026-10-04 14:29:05,True
c-6d713e8a9eb3,s-a0e61e369f26,u-0d89286f2138,p-b2a3645e0b76,v-63326bc98d7b,,L,1,34.05,2026-10-04 14:44:06,False
c-99580cddb414,s-1a2b82a9f341,u-b5002c3277c0,p-18831a764f6b,v-b946b0094426,,XL,1,47.66,2026-10-04 14:49:30,False
c-af010bc7a7dd,s-40595b9beb00,u-b08db7903060,p-33e9d9c5387c,v-f91467b51c3c,,L,1,50.7,2026-10-04 15:13:23,False
c-9344ea3a60f6,s-fc80121bcd65,u-4b5f512f4358,p-670ebbe5d4a6,v-d527616f4d70,,One Size,1,74.12,2026-10-04 15:18:24,False
c-858d8afc429c,s-3d3475273d10,u-f940462c2321,p-bf7ec9659550,v-e4a81a65ee60,,XL,1,92.47,2026-10-04 15:25:08,False
c-4dfdc3aed8b2,s-d30d08486a9b,u-afc374ea997d,p-bf9915c4ef4b,v-496fbbe6affe,,L,1,44.63,2026-10-04 15:27:27,False
c-0d3a12c296df,s-4eb2dfb73f96,u-e450da0867dd,p-29dd2fccdad4,v-70b8ff2c4eb7,,M,1,23.41,2026-10-04 15:30:17,False
c-976e9b604e28,s-4eb2dfb73f96,u-e450da0867dd,p-fb40cb39b90b,v-5fbc09e84fc6,,XXL,2,49.31,2026-10-04 15:31:48,False
c-ff470eb56375,s-57a171f1d5cd,u-39b68dc3d1ab,p-598a451f2bc8,v-633a4a24d3e8,,S,2,51.09,2026-10-04 15:34:30,False
c-818609967769,s-93ac137db2ef,u-774bb830e354,p-a7dd8a52cbbf,v-020e787ef118,,L,1,52.8,2026-10-04 15:37:35,False
c-7bc434c9388b,s-6bf65317b501,u-c22773fe28aa,p-2782896fc4d4,v-1809757bc311,ord-062c51f76024,S,2,71.95,2026-10-04 15:52:24,True
c-16fd3ed12cc0,s-635a65b6139f,u-691aa1f3da2d,p-2228fdcdce03,v-4b463d569dd8,,One Size,1,105.24,2026-10-04 15:57:49,False
c-3c19de9659f1,s-7ffe3e702ebd,u-dd79bf2aa43c,p-e4dd61f5794a,v-8a8a74d9c4a9,,L,1,49.96,2026-10-04 16:02:32,False
c-6ea187adcf69,s-5cc64d2f3b44,u-ed8048f403f4,p-c76e2eb74adb,v-995426794046,,XL,1,97.88,2026-10-04 16:57:53,False
c-bad4159ad985,s-340f92f70dae,u-8650fbb8e4a1,p-c32c9234f5d2,v-8d45a3b95edf,ord-bac9b8cf2929,9,1,108.22,2026-10-04 17:08:58,True
c-9fda51460b9f,s-340f92f70dae,u-8650fbb8e4a1,p-97882f0f3cc1,v-db5d7804c295,ord-bac9b8cf2929,L,1,56.84,2026-10-04 17:09:33,True
c-3133d330d59a,s-f090f0e065b2,u-ab198a7f6f17,p-de9f4b9134b3,v-ad45de789cfb,ord-6866251610d0,9,1,93.85,2026-10-04 17:47:49,True
c-08d89dc54291,s-2c2e0feb0dff,u-798854bf6609,p-dabfff819f69,v-1188593178cc,,XXL,1,34.7,2026-10-04 18:35:14,False
c-d25163fc5637,s-5c3de2872751,u-69e27e5b0608,p-2295660ccb5d,v-87d930de59ae,ord-3eeb7b34c71a,M,1,94.61,2026-10-04 19:12:09,True
c-ed1eedbe5378,s-a8937eda8f89,u-f456d6330e11,p-1fa923dd8f7f,v-c3b6932b981f,ord-0b01e7199904,XL,1,72.5,2026-10-04 19:16:07,True
c-1435b803e2ce,s-8650cc2cb8d5,u-5b9ce8a29de4,p-0f47d4d8b929,v-bf079172dc63,ord-bc790ecf9fa1,One Size,1,121.39,2026-10-04 19:41:54,True
c-e8f3128ed944,s-327cefbd5220,u-f103092f6f9c,p-4326e2fa04c2,v-59ad0c779bb5,,7,1,77.41,2026-10-04 19:42:24,False
c-ddc8ad83e2ba,s-855c69cb12bd,u-918ae0ce6a14,p-768a49579fb7,v-2562440d8726,,One Size,1,58.75,2026-10-04 20:27:46,False
c-19dd2476fad6,s-1128bc940ce3,u-47ed9772499f,p-884e758908f8,v-fa529a3ad772,,L,1,40.33,2026-10-04 20:49:29,False
c-5f2646b17112,s-f9d514822964,u-5594f7afdd4b,p-50aa38f4e3cf,v-0f122ecc9e3d,,L,1,17.3,2026-10-04 21:33:51,False
c-7cbc50abc4e9,s-45d3abce0e94,u-79d1094ed490,p-0db9fb087595,v-9110b32f26bb,ord-8ea28a782096,XL,1,62.9,2026-10-04 21:38:49,True
c-0d3fdfd7a9ac,s-155371e92639,u-ebe78d437810,p-26c2ae1821d6,v-72f9520de9aa,,9,1,75.28,2026-10-04 22:00:41,False
c-05acf52809d4,s-155371e92639,u-ebe78d437810,p-ba7d952cc597,v-5c048461a4e7,,L,1,46.94,2026-10-04 22:01:27,False
c-da59e608a970,s-c9f74005de7e,u-66f2b0499f23,p-c031fdab3a99,v-33b4a39d7e50,ord-55d157cd3809,XL,1,59.76,2026-10-04 22:03:02,True
c-ac13f441b7fd,s-8a8a5fec2593,u-b0fe780755f5,p-a5a2486fd335,v-01602ba0da3b,,One Size,1,32.39,2026-10-04 22:29:22,False
c-a2bde7279523,s-c43219021c7d,u-e6d64670af83,p-0f90c26f0fe9,v-a125a922ecfa,,S,1,104.62,2026-10-04 22:40:28,False
c-2de778b69162,s-14ed39c74a68,u-2b4e4beb1095,p-a54a94c426b6,v-3a8916caf8c1,,One Size,1,30.06,2026-10-04 22:57:28,False
c-bcf5fd40965a,s-e98c3cbe76fb,u-46b39bf29fd1,p-8d1825ed4855,v-48963c929582,ord-1fd83588e183,XL,1,38.17,2026-10-04 23:32:10,True
c-3b41248466c7,s-07689c1ccdaa,u-8211eb18c66f,p-ea0d17067ac5,v-6c10bde85bb7,,8,1,55.27,2026-10-04 23:59:58,False
c-1acaecb990ca,s-dde2cc4a2a5c,u-ae5774d16f96,p-03a2c2979d49,v-01bbeedc6c0e,,M,2,33.05,2026-10-05 00:17:13,False
c-410d38f4616d,s-dde2cc4a2a5c,u-ae5774d16f96,p-5843cdab26b1,v-a5f0b1add6c9,,L,1,60.33,2026-10-05 00:18:41,False
c-e91d554be6c8,s-b22c069bed08,u-2f7346c312c1,p-bd2f2d0f3c75,v-970e641d63f8,,M,1,43.55,2026-10-05 00:30:12,False
c-e0d19cca0d73,s-889db6cd538c,u-c5f0974fc402,p-56f801e9db27,v-ba9167ff336b,ord-e9a6d03fe237,S,1,73.25,2026-10-05 00:32:54,True
c-522288e3c7e8,s-ff5765898e0a,u-d2d0d65d705f,p-a25d879a5db6,v-665c76641368,ord-cf60ba56f5b2,L,1,88.66,2026-10-05 00:45:30,True
c-0ce71051bfb1,s-724d846c5b93,u-4e7ac2e6b0ad,p-4e60bf84efc8,v-dee1fa253c7a,,6,1,48.33,2026-10-05 01:25:47,False
c-52849d92240b,s-86fddb84b890,u-5a753556e3bc,p-a8513594658b,v-1fefcf720d53,,L,1,53.49,2026-10-05 01:34:18,False
c-97776a07a804,s-acdb533dc845,u-3a19813b89c8,p-5a946fe521ca,v-c9c114b1f025,ord-43ebcc429b57,S,1,76.69,2026-10-05 02:12:58,True
c-7870932bafb9,s-c0f76436dbeb,u-45d3c967023e,p-aa8fd77dd49c,v-a86bf1f5bab6,ord-03a921fd521f,8,1,61.15,2026-10-05 02:41:33,True
c-63e58a2a083b,s-c0f76436dbeb,u-45d3c967023e,p-daf5cd24f22b,v-9ca02556b4a7,ord-03a921fd521f,11,1,61.7,2026-10-05 02:41:53,True
c-2cc77ba93342,s-9f114ca17fa3,u-f53c7686f164,p-695593c4720b,v-c5fd11ee1c45,,XL,1,53.92,2026-10-05 03:13:37,False
c-c9a88d8cdd9c,s-5ea0d1e574e7,u-aaa3c0deb6aa,p-aee736d3ee12,v-12c3b2a4f273,,M,1,46.11,2026-10-05 03:23:11,False
c-5b0b2cc6a874,s-5ea0d1e574e7,u-aaa3c0deb6aa,p-27785fcb8ce9,v-308a8dbb37b9,,XXL,1,53.72,2026-10-05 03:24:26,False
c-acc0a01595fd,s-8867c66370de,u-81885ec32da5,p-6467fc201b51,v-0517dc50d31b,ord-02b83cec271b,XXL,2,63.88,2026-10-05 03:26:31,True
c-fabcab846f8f,s-8867c66370de,u-81885ec32da5,p-b171f82a3aa9,v-17c40da7aa54,ord-02b83cec271b,L,1,73.31,2026-10-05 03:28:51,True
c-7026b83bc4ae,s-130968ae8438,u-2422a58d7b24,p-d9bf49cd8358,v-8b6c5ffb6bb7,ord-cb57a9ac2f68,XL,1,69.31,2026-10-05 04:27:03,True
c-b65925179ad3,s-9c09565c1dd1,u-aa0fce6efef6,p-8ad88363ea13,v-3f636adc5df9,,M,1,40.84,2026-10-05 04:42:57,False
c-9a6062eb67e0,s-5030954248f1,u-0acc6607c9cf,p-3e3d78193945,v-ec6ee73a02b1,ord-972100a406b7,One Size,1,92.53,2026-10-05 04:45:41,True
c-2c0cd5366b12,s-46d83d06b103,u-82178ea3e7c3,p-5c8bb15b8d80,v-70eec985768a,,6,1,93.86,2026-10-05 04:46:53,False
c-dd650ac9e913,s-a60c35c4829b,u-3a1acbe54db0,p-093f884982a5,v-d12814dbdfaa,ord-94f73c1da155,M,1,40.39,2026-10-05 05:17:52,True
c-0f64c6dda5b6,s-a3c858a557de,u-bc500d9d8bad,p-a54a94c426b6,v-d8a03b1366b2,,One Size,1,30.06,2026-10-05 05:32:14,False
c-a5fbe02a3b99,s-48d0b796efa8,u-a1508720d028,p-ba44a061331b,v-7d109d0c8432,,XXL,1,103.29,2026-10-05 05:32:29,False
c-d5fd9bf75033,s-0ee13cc579af,u-2ab468a31ad4,p-218375e3f6d9,v-8013a6910bdd,,11,1,67.88,2026-10-05 05:34:39,False
c-fd6e8226288f,s-78d7d771867b,u-3b0e4d5abd18,p-bb3692601707,v-f02e0774bdbd,,6,1,67.65,2026-10-05 05:56:56,False
c-08351387bffa,s-121ad882be45,u-db8660177e07,p-d401d37afeef,v-16c09f51714e,ord-49aecebdd6fc,S,1,53.97,2026-10-05 06:09:17,True
c-9b487927dc81,s-121ad882be45,u-db8660177e07,p-33e3be652eb2,v-c848675536bc,ord-49aecebdd6fc,XL,1,30.38,2026-10-05 06:09:53,True
c-d030bfe8f901,s-2726624a74db,u-21343296154c,p-ec8b4c569c0b,v-2f28120bdf02,ord-6336513e1fbe,One Size,1,52.97,2026-10-05 06:19:46,True
c-325f4a344b09,s-2726624a74db,u-21343296154c,p-2c780bfed55c,v-5ca06194ad87,ord-6336513e1fbe,M,1,58.37,2026-10-05 06:20:53,True
c-530f2c705e5e,s-f609e1375403,u-570d60745277,p-ec12488d157c,v-6f16ba859e74,ord-d56f83cf21bf,XS,1,75.52,2026-10-05 06:37:42,True
c-f46eb60435ee,s-d25c765d5bbe,u-00c3c2999f6b,p-02d7151df481,v-3d4644dbaa44,,XL,1,77.08,2026-10-05 06:55:56,False
c-462861ccf588,s-46f7b413a661,u-3f509cc33219,p-318c127bf50e,v-7ae7470a7a35,ord-fe2eba41b44b,S,1,39.38,2026-10-05 07:09:44,True
c-811b589faa5c,s-633056b53d1f,u-3769d61000b1,p-e63f88a31c90,v-f00eade8761e,,L,1,15.09,2026-10-05 07:13:06,False
c-65a4e2fea15b,s-316d7dcb6513,u-8ca0d56bd077,p-2aa83cc3b378,v-f0d28e13986b,ord-5cbd372325f4,S,1,66.08,2026-10-05 07:16:20,True
c-7cd6d29e5cd9,s-42f3ce836468,u-e85f8373eead,p-9cfb390e3093,v-6db5486ccb88,ord-8890e2b49311,L,1,85.28,2026-10-05 07:29:24,True
c-9c04eb2446f3,s-d74013078cc4,u-f3d67d056448,p-2dbe80b10a07,v-7d8af538f641,ord-bb02aa8758ab,XL,1,32.47,2026-10-05 07:55:29,True
c-76ecd275e69f,s-c16835dc8aeb,u-9223e12957f0,p-600053fa19c7,v-6f814eeb6964,ord-be5e1b2237f5,XL,1,12.73,2026-10-05 08:10:19,True
c-273dee077e5f,s-dfadf3bdcc72,u-ef89538ce197,p-02d7151df481,v-5cf339d8d41f,,L,1,77.08,2026-10-05 08:21:33,False
c-f8a812ef3d7c,s-7f31bf9dfda7,u-479fa5ff7d6e,p-0e5254b99ded,v-278d771cac7b,ord-ce735170630d,XS,1,39.33,2026-10-05 08:25:40,True
c-02464843699b,s-7f31bf9dfda7,u-479fa5ff7d6e,p-c2a751d47ec2,v-d60f9e7992e0,ord-ce735170630d,M,1,32.36,2026-10-05 08:26:46,True
c-48fbcd70fe16,s-c7cc9c649721,u-b8acf2bc74f9,p-b220ce285aca,v-5d8ed37bba80,ord-80ccb6750b89,M,1,28.93,2026-10-05 08:31:40,True
c-ca000960a663,s-bb47e248f02e,u-c7e688233218,p-a2635dca46b2,v-9c23a92d8760,,S,1,36.66,2026-10-05 09:06:34,False
c-d42ac2202897,s-15ef705e116b,u-e0dacc9b3712,p-3157e9d01d18,v-720f29ac4db0,ord-24b9f4b8b64e,M,1,42.64,2026-10-05 09:23:06,True
c-8d0396297bde,s-15ef705e116b,u-e0dacc9b3712,p-2ffbba960a7a,v-188d1dfbac57,ord-24b9f4b8b64e,M,1,65.24,2026-10-05 09:24:35,True
c-5e053d4d5612,s-890848e68b3b,u-663ce5e3d9ea,p-d8080af38c48,v-f68ea1a608f0,,XXL,1,27.12,2026-10-05 09:28:44,False
c-d0dc3a0c1178,s-530a7cc9d993,u-69e735ddaf93,p-cff14c01c356,v-6459a4bdedb4,ord-401a2d4ee3f0,One Size,1,59.11,2026-10-05 09:41:53,True
c-c167c7c06c51,s-4bdc354e8532,u-df2a44c66a33,p-78591900b440,v-861dfb740a64,,M,1,75.8,2026-10-05 09:44:53,False
c-1ddbe5f10f6b,s-7f96ef828d5a,u-3ac84a307828,p-3b6040dc6f86,v-e87d90a553df,,L,1,64.14,2026-10-05 09:48:20,False
c-1004bf55edbd,s-eac17e082132,u-b9ca0bae6e16,p-4919c4092ff5,v-48e1c5347520,ord-66fb7677342b,L,1,73.91,2026-10-05 09:59:52,True
c-54ae45927903,s-97c282c3e338,u-d12127d4eb6e,p-fac654905491,v-62d9c28a331d,,10,1,67.98,2026-10-05 10:11:06,False
c-5015fa22d8e7,s-49e7e15fe1e4,u-6d7008809e7e,p-d6fc17a95278,v-d330d5c7265d,,M,1,66.87,2026-10-05 10:24:45,False
c-f7055f6f50d0,s-eb53011f29f4,u-39054e4bc6fb,p-adf9d571e891,v-631fe2419050,ord-b20e0cc0612d,L,1,68.99,2026-10-05 10:46:36,True
c-6b17d278d6c9,s-eb53011f29f4,u-39054e4bc6fb,p-cde2369972d2,v-d3d3d3b4cb86,ord-b20e0cc0612d,L,1,49.1,2026-10-05 10:47:38,True
c-22c5a2dbbc18,s-e30b570eaed1,u-71df72f5f5db,p-76e09edcc4a9,v-bbb13d715ada,ord-e61ff5e740a4,7,1,97.85,2026-10-05 10:49:50,True
c-c556460f9650,s-34ece7babd4a,u-0923830e844d,p-323b05a0bbdc,v-c75c6f9c3ab6,,XL,1,40.86,2026-10-05 10:52:34,False
c-ff37e19cb3cd,s-e8ca14ae7990,u-5c0868974982,p-5e573a183823,v-f24957957909,ord-a5d576554796,L,1,54.77,2026-10-05 11:02:20,True
c-66305dfe48cd,s-981781ceeb93,u-8c8245991ab3,p-d7c7b870d147,v-00217773e340,,XXL,1,46.44,2026-10-05 11:02:38,False
c-76b1b28acd63,s-981781ceeb93,u-8c8245991ab3,p-1e4f7041d239,v-37abbd0892a2,,XXL,1,38.81,2026-10-05 11:04:12,False
c-9ca435745371,s-07f1c2003301,u-039f1d539733,p-a28088e47da3,v-5071caff8c5d,,10,2,91.47,2026-10-05 11:34:59,False
c-d697b4a8ab35,s-9f710995e605,u-ee74f4b53ad5,p-e5c548638f7d,v-3b1c18f69896,ord-d20b37b498db,6,1,29.16,2026-10-05 11:39:24,True
c-1b3d55cedf78,s-da7a0fffcc4e,u-02e230d1d19f,p-c03a681d1e88,v-9d7ab00e15c3,,L,1,77.98,2026-10-05 12:03:47,False
c-900db0cdc410,s-fd36cda98334,u-f12ff5907955,p-839e407ec203,v-bac661a0c243,ord-7480b81fb16b,S,1,80.16,2026-10-05 12:07:39,True
c-a0934414f3d2,s-74694eb036cf,u-f8b33afb178c,p-ef4fd58a911d,v-2392aa8557d9,,9,1,76.2,2026-10-05 12:19:24,False
c-c25839709da1,s-2b8b70fb96b9,u-be22bfcea788,p-3e4e501a0c6e,v-5df814c2a2ec,,S,1,38.6,2026-10-05 12:54:26,False
c-26281f19206f,s-c559fb289520,u-388138a1f654,p-e7de8f101542,v-0b2b9da33110,,One Size,1,19.39,2026-10-05 13:06:00,False
c-da6486e75adb,s-0ca9771f4900,u-386ab8e5ebc6,p-4cf131b5a7f9,v-c4b3082af7a8,,XXL,1,44.74,2026-10-05 13:07:08,False
c-71c6307d38de,s-5cf0bd00d76e,u-fd253d0794b7,p-7402450e78f9,v-8998943b4136,ord-1fb3e6bd4cc6,One Size,1,92.69,2026-10-05 13:31:55,True
c-3acb8370e42e,s-5922736d6a60,u-3ae6dd3512ed,p-90c6661528cc,v-1677600307f3,,S,1,43.76,2026-10-05 13:44:23,False
c-f1f7f0c947a1,s-a0956081acaf,u-d16243559175,p-6095d37b40b4,v-f609c22b619d,,S,1,44.58,2026-10-05 13:53:00,False
c-357b468dc50d,s-2266e68ac77b,u-d4fcdfde9a86,p-ae11fc87247e,v-ad8d943c30fb,,M,1,55.29,2026-10-05 14:00:54,False
c-51a5c34a443a,s-f546a31a916d,u-6c0008edee4d,p-c4eac54b0de6,v-e999e25e7b98,,M,1,39.17,2026-10-05 14:08:24,False
c-98efb5069423,s-cc7445970ac0,u-55edd6e5d755,p-ee2e68509020,v-3fb847e4e5c7,,S,1,44.3,2026-10-05 14:08:27,False
c-e6e9bf502102,s-cc7445970ac0,u-55edd6e5d755,p-3ae4d1603559,v-acb0d3ef6eaa,,6,1,72.83,2026-10-05 14:10:51,False
c-e2d048789aac,s-c755cc7920cd,u-02f8a32cce28,p-6a1a14b64e20,v-6c96ba97c0a3,,One Size,2,52.71,2026-10-05 14:20:11,False
c-5c99130e22d5,s-e699d4bba6b1,u-0792fef77a65,p-55c9c1ff0442,v-20cc5015ae76,ord-602c30851f1f,L,1,101.41,2026-10-05 14:23:23,True
c-3f651185206b,s-550e7989ac54,u-a4e567e4c4c2,p-1a3e875e727e,v-45acec85bfb2,,XXL,1,75.75,2026-10-05 14:41:26,False
c-0d5eaa9efb1c,s-d666af065d66,u-0c3a6dfed2c2,p-f090c95f3446,v-c592f74c6d48,ord-b8db8851616d,L,1,23.57,2026-10-05 15:06:20,True
c-5f642f091b08,s-ea15cf27ce18,u-1ffcd57cfdf3,p-fc5760b292f6,v-27d6c0d7afd9,ord-b1b6d54235f8,M,2,38.24,2026-10-05 16:14:24,True
c-8c392ee6f794,s-5b0ade529d11,u-918b2f5f64e2,p-80d9b21abdbb,v-4eed5842ee0a,,9,1,84.34,2026-10-05 16:17:02,False
c-7df5f2b89f74,s-5b0ade529d11,u-918b2f5f64e2,p-ee0543f95663,v-911a0196392e,,M,1,61.12,2026-10-05 16:19:09,False
c-0573489e8583,s-6a084bcbf02c,u-cebfc88614ae,p-4a69548d1dea,v-af3ecfb8afa4,,XL,1,55.29,2026-10-05 16:33:53,False
c-dfbd8c2f4d87,s-baf49742bc86,u-dd3a146e7b56,p-95d0f8b7ddef,v-dad57c5b0d37,ord-5b6233512974,7,1,131.98,2026-10-05 16:44:37,True
c-b978131c8b90,s-c8aa8e91996b,u-a258c81439ec,p-48733b229d52,v-7bfe2c8e8ba0,ord-70213d4635e8,XXL,2,25.46,2026-10-05 16:58:26,True
c-50d307a7ab29,s-ec59b7ba18bd,u-40dd2cc03ca6,p-b3ce7b54cdfb,v-6dbc63f68cad,,XL,1,43.12,2026-10-05 17:16:19,False
c-511b05c06cf8,s-45faf422af0d,u-681e73be0643,p-0e75db11ed53,v-b33e08778937,,L,1,64.35,2026-10-05 17:38:42,False
c-4d40aefd0e8b,s-4a33ecf87471,u-57c5ea5bba0c,p-e1e74cef3ff9,v-194ea9ac46c4,,S,1,27.07,2026-10-05 17:41:49,False
c-50534ce1c4e4,s-6d4ceeee8784,u-8131dfa1b138,p-3561bc1d500d,v-34f84247d5fb,ord-360b7c8786ed,XXL,1,32.02,2026-10-05 17:45:21,True
c-ae7d9a0b412b,s-6d4ceeee8784,u-8131dfa1b138,p-e7de8f101542,v-c5bcdb20eb68,ord-360b7c8786ed,One Size,1,19.39,2026-10-05 17:46:21,True
c-dd199822fb07,s-32402bd145d4,u-d6aec5a56bfb,p-04f34dd4b281,v-b4ece078d3ac,ord-5a4b59fee71d,M,1,22.91,2026-10-05 17:47:30,True
c-ed600a0f5753,s-64bb7108c43b,u-c7ec87bf2967,p-a47dc927d05f,v-9278f9817641,ord-b9caedbb9dfd,One Size,1,57.58,2026-10-05 17:51:05,True
c-c0bd8d21b227,s-ae611f23260d,u-365efd8468ac,p-960cf7793081,v-e36b7ca4ffab,,XL,1,25.09,2026-10-05 18:02:04,False
c-573a3632d5dd,s-e6537203486c,u-9fa703e2a1aa,p-56f25c14d41c,v-dd29d66b0bdf,,M,1,66.84,2026-10-05 18:07:19,False
c-716039105f3b,s-1a12d000f438,u-e8899298ce86,p-017d814d6db2,v-4926cb1a5bca,ord-3573f0eacc1b,M,1,53.35,2026-10-05 18:09:24,True
c-1511d34e8404,s-c79d3fc1935c,u-0c450f227175,p-ba45da140e16,v-d389fac13658,ord-97db29c8f2f7,M,1,27.33,2026-10-05 18:35:12,True
c-53ba04a744ee,s-f8fb565c1f84,u-4865e9b025f7,p-b49332e60a7f,v-74cda7ae6335,,S,1,92.71,2026-10-05 18:36:02,False
c-31bcc784b712,s-009626a1ce80,u-dab60bf3ca2a,p-fe0b26353908,v-3a6837d543dc,,L,1,22.25,2026-10-05 18:46:44,False
c-9d9f950c09f4,s-972e97ff6840,u-05fa5847e235,p-230f80de8bbf,v-61cae118dbdb,ord-13737b02a2c3,7,1,82.48,2026-10-05 18:58:14,True
c-bb4f5c71d0f0,s-9d1672d0aae7,u-9ae4cd6c3688,p-904e12a7997d,v-8101d507ff3e,,9,1,55.34,2026-10-05 19:04:21,False
c-1368b78de7af,s-3b4c3c779204,u-f9a596350621,p-0979a5b2807e,v-137298e9538d,,XS,1,45.04,2026-10-05 19:05:49,False
c-7a96d5149f97,s-3879e8d5fa3b,u-12f8273f24d4,p-8d66035c760e,v-ea3680af2331,ord-adf32c623fd8,S,1,21.46,2026-10-05 19:12:01,True
c-b2117c399d9d,s-3879e8d5fa3b,u-12f8273f24d4,p-d44a4e10ca43,v-8be0b268392d,ord-adf32c623fd8,M,1,35.45,2026-10-05 19:13:49,True
c-376086be5100,s-2f9c19be244b,u-8d285e053b91,p-ea91bab49c9a,v-260a7e3feed5,,XXL,1,39.27,2026-10-05 19:48:03,False
c-05eb030f9259,s-05c2d8ff11be,u-a32696fe5683,p-ad00078432e4,v-94324cb04333,,L,1,48.88,2026-10-05 19:54:13,False
c-b4513e6a4e66,s-62cd96aabb1f,u-913346c91155,p-becd7da83732,v-e66947b79156,ord-75d1fb7f123c,XL,1,44.32,2026-10-05 20:03:45,True
c-c8e1f933c24b,s-62cd96aabb1f,u-913346c91155,p-701e946fc9ae,v-fd45b83a441b,ord-75d1fb7f123c,11,1,86.95,2026-10-05 20:04:22,True
c-a1becb95cdd1,s-3a331b06e6a0,u-9150a7ac672f,p-452b38072947,v-31803d4573cb,ord-b68088f76b53,One Size,1,43.29,2026-10-05 20:15:29,True
c-de4e763d47c4,s-6c3426574497,u-cf67df4f18bd,p-b79924498082,v-13c27462631d,,One Size,1,39.8,2026-10-05 20:25:54,False
c-272ed270eaaa,s-deba7064ab7c,u-19ee5f55ab94,p-89d8ba853aaf,v-323dd8ed419e,,L,1,29.07,2026-10-05 20:36:16,False
c-3f28f6a428cb,s-b73a58e000e8,u-489e1b217bc9,p-2b44e2a06890,v-b7dd3c80242f,ord-83f42a4e9640,XXL,1,25.38,2026-10-05 20:43:52,True
c-4b07e7d7c71e,s-6cfab7ef0b06,u-7b084ef1b51f,p-fb1ccfd5df5d,v-a359c042360c,,11,1,90.35,2026-10-05 20:55:08,False
c-aebf490a3afa,s-e426860c5af1,u-4536599fabe7,p-86717d5e9051,v-f32a56c67522,ord-2612a4bcb64c,XL,2,56.68,2026-10-05 21:03:48,True
c-42589c2ed7f9,s-c5606f965661,u-ff11e52276fc,p-a043de17e3f2,v-df0b017cedd1,,S,1,49.91,2026-10-05 21:21:46,False
c-58db3f25894c,s-09ab08153215,u-8c48beefc8ca,p-7ff5b3291965,v-77771d4c1215,,XL,1,59.66,2026-10-05 21:25:59,False
c-face1aa9a2e1,s-489bed7c8366,u-f62c2e095a7e,p-0390992dfbcc,v-c0cb43e81319,ord-b9df18bd34e1,XL,2,37.45,2026-10-05 21:47:00,True
c-918a76c3b27b,s-a0942a57e489,u-61b7247cdfcb,p-808c451d43cb,v-2043e581b0f3,,XL,2,50.98,2026-10-05 21:52:42,False
c-f264991c992c,s-fa12a8384c98,u-d12127d4eb6e,p-ea0d17067ac5,v-65429868bcf8,,6,1,55.27,2026-10-05 21:54:22,False
c-32e7f61a9bb9,s-a102fb4b2709,u-3c61116aed5a,p-467e1dfa255a,v-b9493ca860f5,,S,1,39.49,2026-10-05 21:59:16,False
c-b15a5c5e51a3,s-964ccafde883,u-c1e04e755015,p-d8080af38c48,v-37b6836fad9c,,M,2,27.12,2026-10-05 22:14:41,False
c-eb9587b6d921,s-96ae1091de56,u-ad766c49aac8,p-f07b208ae611,v-6c8626e1499b,ord-d7da187ebb00,S,1,19.7,2026-10-05 22:32:13,True
c-8ef49034bac2,s-a49869b64fa1,u-74ec825eb946,p-cc7695324c2a,v-2f184731053d,ord-3b64d73d07ba,S,1,93.75,2026-10-05 23:56:12,True
c-8659581e5dff,s-1c1a0529b42d,u-69caccc885d7,p-140c262ed1be,v-1ae031919228,,XL,1,30.32,2026-10-05 23:57:52,False
c-8037401140d1,s-a93d699f5101,u-4e86ad87c568,p-125e782a141b,v-891d67006da2,,XL,1,46.6,2026-10-06 00:25:29,False
c-0d5b44f83f00,s-1ea0f1b329e1,u-f90c142e0da3,p-5010769d396f,v-f171f6aef7c1,,L,1,37.87,2026-10-06 00:42:21,False
c-a616227c002a,s-9fd29b3e0f8d,u-526b62911502,p-c533933afd4c,v-45b45be52d3d,ord-2ed7b1e3c834,9,1,59.47,2026-10-06 00:45:13,True
c-9be2dfc77105,s-cc5ee18c0a2c,u-f0e9cf5abd65,p-87903d304174,v-a4841097e8c2,ord-105b80478601,XL,1,51.15,2026-10-06 01:16:16,True
c-0294a7df5899,s-504a2877cfaa,u-e1f95340526f,p-d8f4231643ac,v-7982bfb8f5e9,,XXL,1,56.14,2026-10-06 01:22:58,False
c-b6bf44b22996,s-b81a908592f5,u-1f35d85d526d,p-4cc2225888e1,v-588bb07ebd19,,XL,1,25.82,2026-10-06 01:37:08,False
c-ade7d34c89db,s-79b008b2065c,u-718fec13ded3,p-42ade3abd0a4,v-02aeb832f684,,7,1,69.08,2026-10-06 01:42:34,False
c-d7867624d6bf,s-535e59511fc9,u-aae18de7069c,p-ad4fd831757a,v-a93c6ca1d2e4,ord-32be13641dc5,10,1,82.81,2026-10-06 02:13:25,True
c-511499145b64,s-ba5d9367ff7f,u-9b209806d113,p-beeb8a0eb2b2,v-bb2157882201,ord-200d2559cf61,S,1,33.67,2026-10-06 02:51:27,True
c-999018e851ec,s-2e597e8eedc5,u-d78711415adb,p-0b242bd11b31,v-1bd7c4890be7,,L,2,52.7,2026-10-06 02:54:52,False
c-43fb43448b4a,s-3b4a7f22d7c0,u-6c67f00c09db,p-aba442a3dbab,v-4e5084e1a2ea,,XL,1,18.98,2026-10-06 02:59:07,False
c-de2ee82378c6,s-cb557b95b2ca,u-3bb4b45f6f23,p-70ea8249c551,v-aea8de2a6382,ord-0f87eefb12d5,One Size,2,74.91,2026-10-06 03:03:40,True
c-49591d0cb63b,s-1ab8ab37d228,u-eb4cda9f3049,p-741faed57d14,v-f4508a9e841d,ord-8dc4b7db435e,M,1,27.45,2026-10-06 03:13:59,True
c-c4255199aa6a,s-a176b1804ca0,u-f5360466920b,p-4d392a315427,v-0812564b2074,,M,1,25.35,2026-10-06 03:23:33,False
c-3108efbc4191,s-9e6c60ad6b11,u-04a62c7d4c83,p-4229f736eea6,v-0bdccb67ae91,,XS,1,43.16,2026-10-06 03:29:20,False
c-f3d4bcb6bd70,s-ffd26eef023d,u-f86322bef675,p-8d2ab9d7c471,v-5d825f21a3b7,,M,1,71.08,2026-10-06 03:35:47,False
c-bfc1ef9ecc60,s-823f9669801f,u-cb310a2e9ac7,p-84f9ef44c2f8,v-c32d576679f5,,S,1,74.04,2026-10-06 03:38:25,False
c-4215db5de265,s-16d1162ed2b3,u-b44bf6a85d36,p-7b52c1ecbb45,v-8d515dda787e,ord-d21f88d5e7d6,M,1,30.77,2026-10-06 04:04:38,True
c-674495dbeb84,s-749c8e72776e,u-ff0f3e6c1903,p-81b0e6a4662a,v-0829e8d41410,ord-053154dc0bf2,M,1,86.13,2026-10-06 04:29:05,True
c-2a1bff2e8f7e,s-ebf4a84bcd45,u-cca4bd7e67bd,p-a37b0e22e7f3,v-4ff5a0d7ae37,ord-b58a7039517a,XXL,1,28.51,2026-10-06 04:51:16,True
c-cdbd8232f600,s-ebf4a84bcd45,u-cca4bd7e67bd,p-bbae84071c94,v-33c340edc4d8,ord-b58a7039517a,XS,1,66.49,2026-10-06 04:51:51,True
c-170cc82c266f,s-ebf4a84bcd45,u-cca4bd7e67bd,p-5df4ecf0cd12,v-a5367d68cd2e,ord-b58a7039517a,S,1,38.21,2026-10-06 04:53:30,True
c-89cafaa8d5cb,s-25a63a4ba521,u-641672610cad,p-6a8af370f84b,v-11aaa8fb0e01,ord-7634203ae2eb,7,1,56.35,2026-10-06 04:54:20,True
c-ca06bea0ec63,s-9ad26a0d5b74,u-232950b4a235,p-f946e1d81e39,v-26ce83d75cc1,,S,1,77.79,2026-10-06 05:13:44,False
c-8c1538ebdfef,s-1750d773047f,u-3b4719e84e7f,p-5acec90d8a28,v-bde221d09d5c,ord-b82a3f1a6fca,XS,2,84.74,2026-10-06 05:13:59,True
c-d8d36eb1f2f3,s-5aa2033aa5c3,u-7878f7d989de,p-c4eac54b0de6,v-6725b6319ab6,ord-76f0b7623880,S,1,39.17,2026-10-06 05:21:04,True
c-e33d33ff7f1f,s-4e46f534b19e,u-60bc882adc8a,p-9d8279fd3132,v-7d82fb2fca52,ord-330fde3a2e13,One Size,1,90.62,2026-10-06 05:32:56,True
c-3c183a21adc9,s-4e46f534b19e,u-60bc882adc8a,p-9b86ccff2371,v-6afc4d762aaa,ord-330fde3a2e13,XS,1,83.48,2026-10-06 05:35:12,True
c-8a6089124fec,s-362a35c780e6,u-7aaa4a1d6223,p-4229f736eea6,v-ee984967ea76,ord-693e57d6256e,L,1,43.16,2026-10-06 05:44:30,True
c-cc113212f8a8,s-6edf220e838d,u-2ab142d6d8d0,p-ba4c2d70898b,v-7ddf321635f7,,XL,1,58.36,2026-10-06 06:33:41,False
c-0f17634f0e20,s-dda3d958018d,u-b701eeab8f03,p-e9068ecfb826,v-3490e30f355d,,S,1,19.26,2026-10-06 07:19:20,False
c-8b0e71ecffaf,s-4e3828901525,u-55c8c257d42a,p-22bc2007008f,v-591e301f3ca2,,XL,2,53.36,2026-10-06 07:32:53,False
c-5641a403e6f4,s-d5b41c404804,u-ed510fda7356,p-a2635dca46b2,v-b51c7b00c4a1,ord-00fcb3413b00,L,1,36.66,2026-10-06 07:45:34,True
c-4f4ff435833d,s-d5b41c404804,u-ed510fda7356,p-f6b1ad82eda2,v-17ac2962af63,ord-00fcb3413b00,XXL,1,45.76,2026-10-06 07:46:22,True
c-e1bb6caa05c5,s-8871d118e66a,u-9e21a9e59a3e,p-a8a1bc87483c,v-d7ef9c3f931e,ord-d7af8dafcad1,XXL,1,68.46,2026-10-06 07:52:07,True
c-70f1145462a7,s-ba8a7e052156,u-e2e14d8964ca,p-04c9e9b37786,v-ff130f53e013,,XL,1,57.33,2026-10-06 07:52:41,False
c-31eeb3af37cc,s-8871d118e66a,u-9e21a9e59a3e,p-94495595044f,v-9a103871456f,ord-d7af8dafcad1,XS,1,36.83,2026-10-06 07:53:59,True
c-91a80ca6bb88,s-1f7377c53da7,u-a4c19960271c,p-b00b6a7e0d5d,v-d1e146bed679,,XL,1,105.79,2026-10-06 08:18:02,False
c-e33e0f768e39,s-39c725496059,u-f13dc253d0a8,p-cfb6beaf186e,v-b9badc314564,ord-ccfd6fd6b105,6,1,84.12,2026-10-06 08:22:50,True
c-92bfc70fd5a1,s-091a0299ece2,u-3a52d09d1c6c,p-dbb227be4872,v-3878b8107c65,,S,1,44.84,2026-10-06 08:41:29,False
c-e25a3bb02a1f,s-f62e2c522a32,u-4456a50635c3,p-8ad88363ea13,v-ddc6b6ab4fb7,,XXL,1,40.84,2026-10-06 09:01:09,False
c-f6ecee4ddd53,s-3f2cba669bd0,u-e41aadfa464d,p-0c4d4f3d3fcf,v-47a981e5ca24,ord-8c3a02b09922,M,1,66.92,2026-10-06 09:18:04,True
c-7946d17b5101,s-b1de886f1252,u-feaad3c9a8a2,p-3cefa39bc7cc,v-dbf3cbdd1627,ord-dc718863f6d2,S,1,66.51,2026-10-06 09:28:29,True
c-3b94a40e3f55,s-e32be26c5438,u-91393ef8c066,p-fd6f0e93fa03,v-ec1bbaac9da8,,XS,1,17.27,2026-10-06 09:28:38,False
c-456e0d001e1e,s-36c2b75b0a56,u-8fa0b0ae388e,p-fac654905491,v-3e26ad9e70e3,,7,2,67.98,2026-10-06 09:34:21,False
c-db8b6b0743cb,s-86fdd1bd3046,u-82d3d8e92729,p-a7a5ab90083a,v-23a3b87179c6,ord-bbc09ec6173d,One Size,1,25.08,2026-10-06 09:36:12,True
c-fd4c4e50fc9c,s-36c2b75b0a56,u-8fa0b0ae388e,p-586267b99b1c,v-bca85e041664,,S,1,37.26,2026-10-06 09:36:33,False
c-1626b66ab47e,s-97f92e7a0c73,u-9b913945360a,p-18831a764f6b,v-dbbd15482866,,XL,1,47.66,2026-10-06 09:42:14,False
c-a0154d5d3706,s-f08acba3d87f,u-62e80b7bc287,p-9b85fd2b893a,v-14acfbd7a6fa,,M,1,101.01,2026-10-06 09:48:04,False
c-f65cbe21b987,s-e00c997cf77a,u-a9876e2c54ff,p-059cbbf643c9,v-0b4302c29a4e,,L,1,68.08,2026-10-06 09:55:31,False
c-f982e8f78d15,s-480057f0230a,u-5d34b233a710,p-e42dd6fdc97d,v-4878d066424f,,8,1,58.83,2026-10-06 10:18:55,False
c-0c746aa56f06,s-123b4ef1f173,u-127d0b1666ad,p-523c21d56f33,v-cde3676b0c3b,,XL,1,49.79,2026-10-06 10:31:08,False
c-fd746045b485,s-ff26d0b9d202,u-0502b80489b3,p-9129593cc0ad,v-82b2878421a1,,M,1,30.0,2026-10-06 10:31:09,False
c-b767ef0d77d3,s-202b39a30c97,u-5c5d58ab8ee3,p-e0249788f7be,v-96f585e3167d,ord-21484fa1d74b,XL,1,36.21,2026-10-06 10:37:48,True
c-7dd0abfbb6f7,s-7db627f1b5f6,u-099b8b3b0685,p-556daaf09e6c,v-0ca6483384a7,ord-8182f4dfb93c,M,1,97.73,2026-10-06 11:22:38,True
c-9510e11cba12,s-b8e0c16c9e71,u-04bff3e785bf,p-6479e9476ef4,v-9d5ecab523a7,,One Size,1,79.8,2026-10-06 11:30:30,False
c-3698c2b6cdab,s-08754d7fcd88,u-5fc63efd833b,p-76cd1ecc23b3,v-2f0ab13c7686,,L,1,85.34,2026-10-06 11:50:53,False
c-600ea351d4e0,s-aa9de670e8a2,u-2e40d5450e26,p-a9bf267d0008,v-203f41462175,,One Size,1,112.47,2026-10-06 11:54:35,False
c-7b03d9e086ae,s-9ad336178650,u-54e868a50550,p-d09d54a996c1,v-d1caf650c684,ord-ac2c5b70c75e,M,1,55.21,2026-10-06 11:55:04,True
c-2803593c1f71,s-aa9de670e8a2,u-2e40d5450e26,p-dabfff819f69,v-924e4064fb99,,M,1,34.7,2026-10-06 11:56:02,False
c-b02104949e66,s-74bc446d221b,u-2381fa5f6eb9,p-066c7ca47b4a,v-dc5beb45fc08,,XL,1,80.94,2026-10-06 12:00:09,False
c-67eafdaad535,s-1cafc472dd9a,u-b1cf5163ea2b,p-ef4fd58a911d,v-875d61b7c06f,ord-c451fea1f37f,10,1,76.2,2026-10-06 12:06:20,True
c-0beac5cdd6e5,s-1cafc472dd9a,u-b1cf5163ea2b,p-7edf1cca010b,v-1c2eb49db0de,ord-c451fea1f37f,S,1,53.28,2026-10-06 12:09:13,True
c-b0f2e3971ff4,s-caaec0a04016,u-603963baf6a4,p-eda583bc30eb,v-fefb7a30e1f7,,L,1,81.98,2026-10-06 12:09:41,False
c-3232cf4ed11a,s-97c18e0f0321,u-e97b44258a9e,p-a25f16dde589,v-67bbc1595ee5,,XL,1,78.46,2026-10-06 12:23:35,False
c-8f751dac4fa1,s-7c13a720687a,u-e9d384fa4ff8,p-f5dc3be5b6a6,v-57e9e1900163,,XL,1,34.23,2026-10-06 12:48:19,False
c-43dc51b2d7ad,s-a6d118ade067,u-91a0988fbb55,p-2f751aaef68d,v-0d215e8f6dfa,ord-09420a1d8d28,S,1,83.98,2026-10-06 13:01:36,True
c-ae0f014ca116,s-5b9a9cd5462f,u-016fbc4f104e,p-b2fc3ba6a5e1,v-ef80a8c7f24d,,One Size,1,22.18,2026-10-06 13:17:29,False
c-c8445184c067,s-ed78e1d0b077,u-14cc094167f5,p-8b25b835eb00,v-87662a718622,,One Size,1,61.04,2026-10-06 13:54:59,False
c-8beec423e034,s-360e04b82152,u-03412379b5db,p-2b8e931b1f38,v-b8e05b3ab5fa,ord-81e3ae3c6ac5,One Size,1,65.74,2026-10-06 14:02:12,True
c-00aed7c2e1ae,s-8c02c6af3a1f,u-b9b40d8ba5be,p-402523ed70c8,v-15536d2d6102,ord-aef4e54113a6,11,1,57.18,2026-10-06 14:26:37,True
c-cb5397601da4,s-e53cd3e87da6,u-fdc635ebdc71,p-8d2ab9d7c471,v-4e51b5f1a837,ord-6325d3848c85,L,2,71.08,2026-10-06 14:29:47,True
c-52021ffea6cc,s-e53cd3e87da6,u-fdc635ebdc71,p-4013d5e888a4,v-72e6ca2003d6,ord-6325d3848c85,XL,1,47.54,2026-10-06 14:31:16,True
c-05d005ff92b2,s-2640a1d01f54,u-4d362fdea9d9,p-81385bda2299,v-bdf5c9bd3909,,XS,1,69.8,2026-10-06 15:18:18,False
c-83612f5a51cd,s-2906897f3d18,u-35febe4991b4,p-373910a7c95a,v-02f79a437254,,11,1,60.12,2026-10-06 16:20:15,False
c-3be12ad2064a,s-6fd4b344980a,u-a4d9592f84a2,p-d55b8eefb6eb,v-e6a07c21dced,,M,2,45.47,2026-10-06 16:24:55,False
c-43891e0a28de,s-fd0917e803d0,u-a0c86f28be1c,p-42ade3abd0a4,v-ded52394b9d0,,7,1,69.08,2026-10-06 16:30:20,False
c-d2712f7f2232,s-3a63347e382e,u-228c5f1ae337,p-3f74d079b7d4,v-ae0172017c12,,XL,2,30.33,2026-10-06 16:39:42,False
c-54b700d43e07,s-bf56b83b4288,u-742618ec0a4f,p-fea2fa77cfc0,v-be3ddc25b9ef,,XL,1,54.19,2026-10-06 17:37:30,False
c-e1a83c9f9868,s-a95b4f5390ba,u-090fd84d4b25,p-8ac9a101b6bd,v-7fbdedd412b5,,XL,1,54.07,2026-10-06 17:49:40,False
c-b3e2de29c617,s-c7ac5a9565de,u-91f28b5fca82,p-72c7f10f2193,v-2a4ba0019110,ord-91e3fed50adc,XL,1,29.1,2026-10-06 17:59:22,True
c-a7873c2e9e07,s-5fee7fd69cc8,u-0d75aa263ec8,p-1b3beec680d1,v-b3fad7a6371a,,M,2,54.74,2026-10-06 18:02:34,False
c-3d4e492f78c9,s-a96fdd141de7,u-355fbd71f75d,p-d0b1e7d49c91,v-ff9eb1febe30,,7,1,71.8,2026-10-06 18:15:23,False
c-1b082b095174,s-8f1fbc5e3d09,u-cbdf9554d582,p-841987c6ed6f,v-ad8861d674a0,ord-9374f1df236b,L,1,64.34,2026-10-06 18:18:39,True
c-55661ee3420f,s-297d9091e0cf,u-e25eea85cdd6,p-cdf70afd2b94,v-3e230c3e4233,,XL,1,38.84,2026-10-06 18:39:16,False
c-da7aa5bd1721,s-fca4485d6a52,u-df8af6bd403a,p-d8a811d4db82,v-ba0af327f9bf,,One Size,1,42.27,2026-10-06 18:48:59,False
c-058b88dedffe,s-a0fba084b6a6,u-6f106efe6246,p-f4c36e5dbfac,v-10d53643015d,,M,1,63.42,2026-10-06 18:50:49,False
c-7695efc53565,s-a0fba084b6a6,u-6f106efe6246,p-2c719e358bc2,v-aa82b790bfcb,,One Size,1,36.72,2026-10-06 18:52:49,False
c-4f51714a40bd,s-ce4fc388ad17,u-11ee232bea93,p-04f34dd4b281,v-cfc5fe83608a,,S,1,22.91,2026-10-06 19:00:46,False
c-23f10a18a8a7,s-8e23d52b2451,u-caa6ec905d8c,p-b45ca2c8e47f,v-4d5f059735d0,ord-40134b02eece,XXL,1,42.09,2026-10-06 19:01:54,True
c-c19f643ae4e0,s-43d081ac88c7,u-6ad428c30dd2,p-5d690f7a8ca4,v-6fd8dc395e74,,M,1,58.94,2026-10-06 19:16:10,False
c-dea46b798a9c,s-64b21e56033a,u-be358fd54315,p-27785fcb8ce9,v-32c2b16e06e7,,S,1,53.72,2026-10-06 19:25:10,False
c-11afefb1a71e,s-d5bb87effd4a,u-e61e15dbb3ef,p-b132ba6f0ebd,v-f9e9b071182f,ord-7f61f95e0a10,L,1,83.14,2026-10-06 19:31:58,True
c-465a79e8aa95,s-1f298e2910ed,u-3fbeb0607628,p-ee3037e27c29,v-c73316d20da6,,S,1,45.42,2026-10-06 19:53:03,False
c-a381c15ba5ef,s-ab59f88259f0,u-730205316a68,p-eecc407d3d46,v-fd8290d688cb,ord-0d43a6406c41,XS,1,104.03,2026-10-06 19:57:37,True
c-b15aac94d969,s-cd96592060e5,u-cef744158137,p-d3243bad23f9,v-94abebb64b22,,M,1,70.15,2026-10-06 20:01:54,False
c-ddbe0753a6cb,s-2d7cb9dd8b00,u-4725d14a5d0a,p-1e28fb9cbf4b,v-2ff81368aad0,,L,1,91.55,2026-10-06 20:07:40,False
c-f75f7834d5e5,s-83504f2516fb,u-e97fbb55d8fe,p-ddb69fecdb75,v-1024586a32dc,,S,1,89.04,2026-10-06 20:08:38,False
c-8721ea8c029c,s-3112304e8920,u-9ccbb450db8d,p-1f10c9a09301,v-4bf3492cb42e,,M,1,76.05,2026-10-06 20:36:19,False
c-7c6239eb1d56,s-0b1744cc849b,u-c08eda195610,p-ed4ac3c90d78,v-257507854621,,XXL,1,42.1,2026-10-06 20:50:44,False
c-1bc4d899bd38,s-5203a666d2b6,u-ff3bf46823d5,p-0a73233a12ba,v-9940aaea376f,ord-2ef75c7c66b5,M,1,51.25,2026-10-06 20:52:18,True
c-feca462952a5,s-0c280195a260,u-a22a4c9ce69f,p-3c093e1e2d52,v-97c8bec5908c,ord-80176329419f,S,1,76.72,2026-10-06 20:56:59,True
c-141e3911b226,s-82c01a68162f,u-fb73484f897e,p-032a4ca5d53c,v-f99b347928e5,,M,2,68.69,2026-10-06 20:59:03,False
c-e94151947b86,s-51e0d18ddffc,u-8b4991af556a,p-8d0df50f6118,v-8c19c884b779,,L,1,82.84,2026-10-06 21:02:55,False
c-665e5b80f826,s-c3273c3c457b,u-473fb3ec4662,p-febce788e79c,v-4df60933ecbf,,M,1,34.12,2026-10-06 21:24:27,False
c-9c0058e4536c,s-baf515b7b5dc,u-509b1302ce7e,p-402523ed70c8,v-2260ba779700,ord-6a03512cc1ff,9,1,57.18,2026-10-06 21:24:33,True
c-e0efada8fa23,s-51c21afd547f,u-3f3cded05a96,p-a1ab09beb7f9,v-a94057718279,,6,1,43.05,2026-10-06 21:33:28,False
c-da7d5ee86d4c,s-e40874600c59,u-a8e10cc521c7,p-6c57e32ac2ab,v-218f9d3c53d2,,XL,2,37.84,2026-10-06 21:41:24,False
c-f84437e8d38b,s-a5d63f326389,u-ac828f2f9ea7,p-a56f87aed26b,v-1df26d241ac0,,S,1,59.09,2026-10-06 21:46:37,False
c-9061a2ac78f9,s-f64ba50bb9cb,u-e6bf18e14114,p-ddd916ebcbbc,v-d336ef99b3e9,,9,1,79.61,2026-10-06 21:56:50,False
c-8cbaf14174e5,s-44891fbaa34d,u-cdfffc57e984,p-c2a751d47ec2,v-5809839383b1,,XL,1,32.36,2026-10-06 22:01:32,False
c-ecda5e0cb7b7,s-2be4d55181dd,u-34652522dd42,p-1d5b71f5e779,v-202958eccc6e,,One Size,1,48.77,2026-10-06 22:30:15,False
c-195b6323fb2e,s-2331224e81c1,u-78db8cc88ee4,p-f92d27f00d3f,v-d3a72e64707f,,L,1,54.27,2026-10-06 22:47:05,False
c-bb12d6734e78,s-2331224e81c1,u-78db8cc88ee4,p-6eb2bfa906eb,v-5bfd7b5c5c04,,M,2,40.63,2026-10-06 22:47:32,False
c-73531dce7f97,s-2331224e81c1,u-78db8cc88ee4,p-c68d4e68cafc,v-67ebe43345cd,,S,1,63.16,2026-10-06 22:48:21,False
c-3a13a2a4b0ca,s-2331224e81c1,u-78db8cc88ee4,p-7bd59884598b,v-a44d305e755b,,XS,1,108.81,2026-10-06 22:49:19,False
c-d0fc1663b08a,s-81558c79043b,u-df910f4db729,p-4af3a6de8390,v-28d08ce50603,ord-e295b6df5c60,XL,1,89.46,2026-10-06 23:16:29,True
c-cd8bd142e6a6,s-f05a7b423db0,u-1be8db96bbe5,p-3ff508b516dc,v-8fddcd3acf3a,,L,2,33.57,2026-10-06 23:34:58,False
c-53f80b2dbebf,s-1216f7f8dd78,u-dc78b762addf,p-00dcebb17c87,v-42718384e212,ord-3c5829ae1d10,XS,1,60.89,2026-10-06 23:36:57,True
c-8d144b6d25bd,s-b699251ae96c,u-2ed877b4db49,p-835bf94d8a76,v-f08ef5d26677,ord-6d61c4389786,One Size,1,57.95,2026-10-06 23:53:17,True
c-ec50ebeca0b4,s-5b32c185f947,u-d5c55d346218,p-779514bead33,v-a7151fe16363,ord-f9a75ddc44ab,XL,1,26.51,2026-10-07 00:01:23,True
c-e2504592e4d3,s-2e9d719e90ab,u-4d93c5282063,p-e5be92dcd42e,v-48c0b20eab71,,S,1,72.66,2026-10-07 00:07:17,False
c-b7621d32e569,s-98e07345a4fc,u-703ee14d38a7,p-062a5aa754a2,v-865a9221bcd1,,XL,2,60.81,2026-10-07 00:09:25,False
c-a96f1e4b9cae,s-b0cb81304933,u-2105ea0eef58,p-ddd916ebcbbc,v-808694c00547,,11,1,79.61,2026-10-07 00:24:45,False
c-70558a3aa095,s-b0cb81304933,u-2105ea0eef58,p-af1020af155a,v-ad6a9bd64da1,,7,1,31.46,2026-10-07 00:24:53,False
c-55e7f4b21086,s-da52aef3ac8f,u-d9d88543752a,p-498633597065,v-6110198403e3,ord-df572a1e270f,6,1,90.36,2026-10-07 00:26:16,True
c-7b35d2d66d07,s-88c270554b20,u-89b714a938f7,p-835bf94d8a76,v-e1524713fa8e,,One Size,1,57.95,2026-10-07 00:54:37,False
c-1f0603be8720,s-71a93613db69,u-c570d658f6bb,p-39b141f5a83f,v-64699e9a127a,ord-fa1a27f97d86,XXL,1,54.04,2026-10-07 01:02:03,True
c-c584912526e7,s-cb2093ec75b3,u-3ebd0f417c52,p-4d60c52a0c64,v-9455d7c12f61,,One Size,1,25.71,2026-10-07 01:07:51,False
c-adbd99c07902,s-82b02d06b232,u-24377d007c64,p-9b0815db6310,v-80bbd9addd3a,,M,1,36.06,2026-10-07 01:26:02,False
c-52a472856da1,s-66f49437abdf,u-d5074b1368d4,p-c4265027a024,v-0d5dd1d03c0c,,M,1,18.86,2026-10-07 01:37:10,False
c-f133eec4587d,s-dca88864353a,u-379897e17182,p-64eb1e340d62,v-4e4f9ae1c29a,ord-d4aca0890793,XXL,1,77.62,2026-10-07 01:40:58,True
c-383c0287ebce,s-d133034cd824,u-e777fedaf590,p-9541a10dcdd8,v-f54b941dc859,,L,1,48.28,2026-10-07 01:53:27,False
c-6547eaf68314,s-2684554e726c,u-5182d7c71c77,p-b886e57e01a9,v-3078892427ae,,XL,1,43.73,2026-10-07 02:02:18,False
c-84ffeb6789ed,s-c04338aeabce,u-81436be96b1c,p-b89ac196d549,v-f34ed792a2af,,XL,2,53.67,2026-10-07 02:02:45,False
c-4a7163b0a74e,s-41f12e95b26d,u-fc454b83f16b,p-ddd916ebcbbc,v-ee00b15f5c8b,,8,1,79.61,2026-10-07 02:40:31,False
c-17d05b3225ce,s-f452bb90dc0c,u-4383e6a20ccc,p-ee0543f95663,v-87d2217615a5,,XL,1,61.12,2026-10-07 02:52:03,False
c-1ac9577ee81a,s-db9ac59fe24e,u-b780d636872a,p-1b0b653dd8a4,v-0a7429597ded,,M,1,49.85,2026-10-07 02:57:08,False
c-dff8ff62f22e,s-5af241d5f2af,u-78aade6abd78,p-ef4fd58a911d,v-8b31660a5f25,,8,1,76.2,2026-10-07 03:04:05,False
c-f4144c8439d0,s-8f94457a1692,u-710f974139ed,p-b4d6f4d20ad6,v-ce0987ed592e,ord-f603eade2c37,XL,1,41.28,2026-10-07 03:11:04,True
c-8ddeb0570037,s-ed278982368f,u-7c248258fd05,p-8ef61c1d37b9,v-6992f2aa5b3c,,11,2,84.36,2026-10-07 03:13:51,False
c-6b765f0d342e,s-ed278982368f,u-7c248258fd05,p-b2a3645e0b76,v-2b790f53f61f,,L,1,34.05,2026-10-07 03:14:40,False
c-376cfef4d047,s-6c5279935452,u-7e4cb9bbaf37,p-629e8e59b8c1,v-89aa343547ea,ord-e470161a314f,XXL,1,23.24,2026-10-07 03:17:13,True
c-fd6d40a4b83d,s-7428efd69bca,u-8df0dbf698f1,p-8e60e7be8c04,v-85a2aeb0e869,,M,1,61.79,2026-10-07 03:43:14,False
c-27dcf4266f99,s-992193644cd9,u-91040baa2df1,p-e307b73a3f10,v-84632a9391b8,,10,1,71.71,2026-10-07 04:11:22,False
c-c1350d16c103,s-622e0ad84c3b,u-c2e600962cc0,p-b1ecbc03f8f5,v-0cb500381623,,XXL,1,32.22,2026-10-07 04:17:15,False
c-33c9cd8bef61,s-0c0300f72e9c,u-2a2a6fec0049,p-4f4af09568c4,v-37a7f10bade5,,XS,1,30.74,2026-10-07 04:18:57,False
c-66ed4df65f4e,s-4d3ae94e99f9,u-08ae82e044b6,p-6771dca3a4a9,v-b6707bebdea3,,S,1,92.34,2026-10-07 04:23:41,False
c-09c6b4babbdf,s-f16c173b05fa,u-205b3ac3ddf2,p-164d873d107d,v-9b2a83553487,ord-b9e7afedf872,M,1,61.62,2026-10-07 04:28:10,True
c-07381ebc0bc7,s-28030901303d,u-ff8dd90a2f21,p-07d21966a89c,v-8b8831580aad,,XL,1,53.76,2026-10-07 05:14:53,False
c-ffa535fa53c4,s-2847120b037b,u-4267e9f83dad,p-cbc293ff022a,v-62e9cf6dee9f,,XS,1,47.69,2026-10-07 05:28:47,False
c-42b1cf2da16f,s-f7d24599f86c,u-59e79717e973,p-ddd916ebcbbc,v-5faecab16e54,ord-13e58e06fc3f,6,1,79.61,2026-10-07 06:12:01,True
c-ddd40d78ea1d,s-f7d24599f86c,u-59e79717e973,p-6a1a14b64e20,v-2b124877c6e0,ord-13e58e06fc3f,One Size,1,52.71,2026-10-07 06:12:03,True
c-c14e6b1e493c,s-2f87d46a641b,u-99dfd5362154,p-323b05a0bbdc,v-9945b75e5606,,S,1,40.86,2026-10-07 06:18:11,False
c-36d1f2f538b1,s-defb4bb85c19,u-77ac3191cf6b,p-18647a5bdd8d,v-675fc08edb72,,9,1,66.81,2026-10-07 06:20:09,False
c-519f0f8a967c,s-e0c350c731aa,u-52f04250b79d,p-b2fc3ba6a5e1,v-c5e7e92a6b4b,,One Size,1,22.18,2026-10-07 06:36:19,False
c-d1df7b7286b5,s-b8c27be78bde,u-0b18a30d4b45,p-58a1e2cebc25,v-ea2dc4e5eaf8,,XL,1,43.87,2026-10-07 06:37:03,False
c-436e079458f7,s-b8c27be78bde,u-0b18a30d4b45,p-adbf5cb455f2,v-1bc68321209b,,8,1,61.72,2026-10-07 06:37:42,False
c-3a9034d5a334,s-2e1202a8c921,u-08d0eaced10f,p-daf5cd24f22b,v-d8a4cc8a1aab,ord-45c3a9237e74,7,1,61.7,2026-10-07 07:03:23,True
c-4f7e46da1c7a,s-0112c5ab4ae3,u-1dc0e1144062,p-b4451462eda7,v-81f6b4f20978,ord-85ecfab9ae2c,S,1,62.17,2026-10-07 07:21:10,True
c-dd643027c2e5,s-f60b98af8203,u-387b64af04e1,p-2db6ca4f8bdd,v-e4be40b6c2b8,,11,1,106.9,2026-10-07 07:25:46,False
c-73398ad9cd90,s-9739ef5c9bb2,u-19832a01c2f5,p-b7155eb223a9,v-a42c1ab7ab40,ord-ea12dfcc5b6e,XS,1,109.84,2026-10-07 07:48:45,True
c-a04d421d9b88,s-2755fdac3250,u-9e4adebef0b2,p-ac03768ee89c,v-114dc68b40da,ord-3cc884143261,9,1,110.31,2026-10-07 08:13:02,True
c-06ce33298729,s-5571849e29e7,u-74be33016446,p-40701d415e13,v-28fb36f46b06,,L,2,63.18,2026-10-07 09:12:13,False
c-e025ee162721,s-5571849e29e7,u-74be33016446,p-e0249788f7be,v-7bb06ca164ca,,S,1,36.21,2026-10-07 09:12:55,False
c-abe603ed7e4c,s-010b12aeb06e,u-db3ef8905f2d,p-5c7daba21237,v-969693020b3b,ord-dd1cc542788b,L,1,47.54,2026-10-07 09:31:32,True
c-cb3b05c47614,s-401c9ef28c93,u-7878dca3b773,p-ddb05584a10e,v-c63356a7a5c0,,XL,1,37.85,2026-10-07 09:34:41,False
c-20365aee5f5a,s-d2bc9211752c,u-d08226a611e2,p-9eb4e749889d,v-80663f486923,,L,1,71.25,2026-10-07 09:44:56,False
c-1a5097197ed7,s-5dda0a7f77ad,u-21c7f40ab49f,p-d37713fb762d,v-0bb29a0833b8,,L,1,47.75,2026-10-07 09:46:22,False
c-711777690014,s-efe849f0ca08,u-97bb13dc5d76,p-81b0e6a4662a,v-553df908b23c,,M,1,86.13,2026-10-07 10:10:27,False
c-d9bd6efc8427,s-e792148b3211,u-249c3b1d6a17,p-4876cf8dc405,v-dbe8f4d9223d,ord-d7ff792780b6,One Size,1,61.7,2026-10-07 10:28:54,True
c-e4e5abd60402,s-294820ee4bd0,u-4cf46d89de18,p-56de52c800bf,v-19ee5d98ebac,,L,1,45.67,2026-10-07 11:17:45,False
c-ec3db976551a,s-4610f1871c82,u-a508adadf0b5,p-7fb39ceb4120,v-36d6b410e99d,,10,1,61.81,2026-10-07 11:19:03,False
c-146e5aeaf796,s-3937fe7c0dd1,u-15c5b25ccb36,p-d22958931124,v-34fe1cdc827c,ord-e12521bebe14,XS,1,63.3,2026-10-07 11:32:56,True
c-d591c2912b9c,s-8159515b34fd,u-e6a4572d7c3f,p-238a15518fda,v-16cef3e4148a,ord-7d84e81c3bc6,10,1,141.85,2026-10-07 11:34:18,True
c-6063f261e2a6,s-d5b5c93dbf25,u-6bdb9d858f56,p-784683fcbf2c,v-5378b1bf0bc8,,XL,1,22.73,2026-10-07 11:40:39,False
c-d3349bafd432,s-d816bde751a8,u-eb48118fe077,p-c7fcb5d9d88e,v-f4ce03b53288,,6,2,67.46,2026-10-07 11:42:35,False
c-7aad92e58f70,s-d816bde751a8,u-eb48118fe077,p-a9bf267d0008,v-2cbe5ef119c8,,One Size,1,112.47,2026-10-07 11:42:58,False
c-0ea9a37c8f1d,s-d816bde751a8,u-eb48118fe077,p-e3a5dd7ffd71,v-89cc5904ce4f,,10,1,113.09,2026-10-07 11:45:25,False
c-214ecc15a483,s-519a93c146ad,u-02e64c0ca548,p-84a46c0557b7,v-7e57e3ec7872,,M,1,58.54,2026-10-07 12:13:31,False
c-4f1f0238228a,s-1ed575edc63d,u-b38bbf2e06a6,p-960cf7793081,v-6080425111ba,ord-22431ddd5148,XL,1,25.09,2026-10-07 12:37:43,True
c-d1f3ac86cfac,s-15caa2dcf184,u-126917103167,p-7a557ff146df,v-57d97bc7d166,,L,1,44.41,2026-10-07 12:53:30,False
c-9f5fec55f41c,s-caa1a13d8476,u-232edd7f7a05,p-7a9af4d8dfc5,v-10d4311cf41c,ord-e8a42c3d6154,S,1,73.93,2026-10-07 12:56:20,True
c-2bbd153b0a98,s-952821dca5bf,u-ebf139cb18d6,p-197441774e00,v-4381792a452f,ord-3a0ff0746f83,M,1,47.03,2026-10-07 13:13:02,True
c-dbc9cfa77264,s-dbb25146e28d,u-85a80aefcf43,p-8bb883c1d526,v-bca8b69b5edd,ord-b4f0a904d727,6,1,88.95,2026-10-07 13:36:59,True
c-9d9170433b56,s-1718dc551374,u-11a3f3401ea1,p-d34313b57988,v-1a81e9898753,ord-c3718783ce26,S,1,33.24,2026-10-07 14:33:18,True
c-912cb8a55a34,s-db24c1a7b77e,u-bb371e05b130,p-374cc355e453,v-6c983e985ce0,,XS,1,33.18,2026-10-07 14:35:45,False
c-c0b0fcee8f46,s-4d7b50bdc25c,u-4a00d873f68e,p-699c26292602,v-43997d6b8724,,One Size,1,66.67,2026-10-07 14:39:50,False
c-fa5ea477bbc4,s-33e0e941b86d,u-947e8b083d99,p-89fb8c6b1214,v-bc7d472230dc,,XXL,1,39.79,2026-10-07 14:46:01,False
c-9b77ab0a55d4,s-1c97daa09f4f,u-9ac55eafc6f7,p-3e4e501a0c6e,v-5abea24f81d8,,L,1,38.6,2026-10-07 15:29:11,False
c-036b2f2972bc,s-fdc56e27785d,u-1fd7b641c117,p-646999165be6,v-36fe351d8a73,ord-6f7456162de7,S,1,53.51,2026-10-07 15:37:28,True
c-71f110d5d654,s-3d1834f4557a,u-f44867467f5c,p-1e3a15d332cc,v-71be63da2ce1,,XS,1,34.78,2026-10-07 15:39:44,False
c-fb7f761349e7,s-70255dd84a9e,u-d0dc49bca2df,p-b79924498082,v-7fc1c6e409e9,,One Size,1,39.8,2026-10-07 15:47:47,False
c-52d71775d67b,s-9f1921883a15,u-cbe840f218a8,p-538b6290af9a,v-d786a3deb7ef,,One Size,1,83.59,2026-10-07 16:00:35,False
c-61e45b4ed0c6,s-8e2dbc40b175,u-19106d47a685,p-d2f80fab104e,v-32dc39d0da40,ord-fb993ad4017c,XXL,1,64.85,2026-10-07 16:03:05,True
c-788b44081ac2,s-f15b8c8b1a10,u-fe858ae5bebd,p-5df8782b738b,v-42ad1640057e,ord-afb3b1d80d63,L,1,64.56,2026-10-07 16:06:48,True
c-adede053c7ce,s-182f8c28267e,u-a1c413cb2566,p-2ad0afd20576,v-d9b2873be47b,,S,1,68.85,2026-10-07 16:11:42,False
c-e6b5053d2c8f,s-da40ad017c3d,u-e01e134c61a7,p-76ad45f309b9,v-f55ee65c1523,,XL,1,63.61,2026-10-07 16:22:20,False
c-38de91ffa086,s-f660269a8a73,u-732476f30423,p-ae11fc87247e,v-ff49e0d65caf,ord-060aa9c73c11,M,1,55.29,2026-10-07 16:28:24,True
c-a51750d7fc90,s-d0bcfa429c57,u-490f7e0dc0ad,p-9cf391e4f8d9,v-1e8aeaa151b2,ord-2e94716946fd,XS,1,72.33,2026-10-07 16:29:26,True
c-a3842d64b3dd,s-68e2199fec1c,u-3fa1975209f7,p-d0ebbd8f2c23,v-227e74ae4f3e,,L,1,35.35,2026-10-07 16:39:49,False
c-6a38209bec67,s-76db45076f5c,u-b48257b556a8,p-3c093e1e2d52,v-24d0da1739b8,,S,1,76.72,2026-10-07 17:15:48,False
c-70d96516b3ed,s-9a01dc43ae0f,u-5b7175c68edb,p-e803259e44af,v-20a026da79c9,,L,1,39.37,2026-10-07 17:41:27,False
c-d8145e96fed7,s-781f812019c9,u-c8ac48a4848c,p-9761886c8bae,v-c0a6d5b85267,,One Size,2,55.01,2026-10-07 17:42:56,False
c-e7901658c469,s-781f812019c9,u-c8ac48a4848c,p-3862b24fcaf1,v-4d33d19a91c0,,One Size,1,64.09,2026-10-07 17:44:13,False
c-c3d3fffc2da7,s-8d3bce043f41,u-4fae5fa5b803,p-2161c03e76bd,v-810513862702,,XXL,1,51.08,2026-10-07 17:57:11,False
c-64a6fb4d4b75,s-9d9bd240b39b,u-78dc5ecc5530,p-57a8417fcd12,v-edb918e2551d,ord-e082df8326ef,XS,2,40.17,2026-10-07 18:03:31,True
c-35aa8b611e61,s-9d9bd240b39b,u-78dc5ecc5530,p-a1e9998937e2,v-6fa196cfb340,ord-e082df8326ef,XXL,1,41.44,2026-10-07 18:05:47,True
c-e82201d2512d,s-d214abea23c7,u-e97b44258a9e,p-4faacc36fbae,v-1fc4e6db2ea1,ord-046e78d834e8,One Size,2,38.16,2026-10-07 18:11:25,True
c-1ef54ef9a799,s-4e420a3db9ad,u-b2a38cd7d141,p-061f2358ec0e,v-532856836141,,M,1,97.59,2026-10-07 19:20:38,False
c-b2ea6bf21c07,s-aa40fc7775e1,u-1d831ae82f22,p-8fe8d99ae27c,v-886f0cbeb624,,L,1,37.15,2026-10-07 19:25:35,False
c-090291e0d744,s-9fcb8efe88aa,u-040d6fe9aa57,p-89eeb4197e75,v-791b44b9f744,,L,1,70.99,2026-10-07 19:42:46,False
c-7ba625247886,s-9fcb8efe88aa,u-040d6fe9aa57,p-38016f7fa667,v-7b52e21c691e,,S,1,42.7,2026-10-07 19:44:00,False
c-0685aea938ae,s-62767dc9e1a1,u-e2a30a1a8a61,p-97efa68081c6,v-b1a0ba180e70,ord-3d689218ea4c,XS,1,40.0,2026-10-07 21:00:22,True
c-9e0000c86186,s-425b591fd913,u-abffe0e44558,p-39b141f5a83f,v-95386e636b6e,,XXL,1,54.04,2026-10-07 21:53:33,False
c-f80be1d4f278,s-ffea31ea0496,u-193178be4d60,p-18c684c0d8aa,v-a1d25a2ecc2f,,M,1,83.92,2026-10-07 21:54:48,False
c-1beed200db84,s-ffea31ea0496,u-193178be4d60,p-1cc9a3380939,v-3eecbc6285ba,,XL,1,38.5,2026-10-07 21:56:52,False
c-d701a5bb9362,s-cd9084876d70,u-dc001313ba4d,p-ca6ed4035275,v-6f5392fa4661,ord-618bbddacb23,XXL,1,51.0,2026-10-07 22:09:18,True
c-4774b0245b2d,s-cd9084876d70,u-dc001313ba4d,p-d96b9dc0cf18,v-a85582a1cde3,ord-618bbddacb23,XS,1,68.79,2026-10-07 22:10:10,True
c-9043c507da19,s-fcad204d528d,u-a4cc4e71c120,p-3980b2142419,v-4c738291b8c2,ord-3bdf48f4289c,7,1,79.82,2026-10-07 22:21:54,True
c-1d7bc86259d4,s-f9d2cdd9c772,u-ef24d073809a,p-17fdcc2c4900,v-363c9b6b808d,ord-19dae6ebb2ca,XL,1,54.39,2026-10-07 22:39:11,True
c-1b9bcd59ca1e,s-73ecf1b02580,u-c541787833bf,p-449f9a8dac4b,v-84bc578b877d,ord-b12debcfd9ae,XS,1,58.11,2026-10-07 23:07:59,True
c-478551d38970,s-73ecf1b02580,u-c541787833bf,p-f8660e638877,v-e51eada0dabb,ord-b12debcfd9ae,XL,1,60.58,2026-10-07 23:09:48,True
c-b498dc75fabd,s-0bee3e4fd299,u-53a9c6867b2f,p-04f34dd4b281,v-078f0e5dfcd6,ord-e722666163b2,XS,1,22.91,2026-10-07 23:12:38,True
c-df2f2288317b,s-5cbc6ef9c8bd,u-03d14389f51c,p-2303cf2178e4,v-2b38ceb14600,,S,1,42.12,2026-10-07 23:19:24,False
c-68b5cbdfea2e,s-327738f08028,u-b6a3b3904d94,p-0f0d5021ca07,v-3fb65cbf417d,ord-59b944aa5b70,XL,1,70.5,2026-10-07 23:20:30,True
c-3e26e48f09d2,s-2881a1e8eb70,u-b304483d1cc8,p-066c7ca47b4a,v-975bfbae9add,,L,1,80.94,2026-10-08 00:09:38,False
c-e371a0ddc30a,s-34d75ef178d8,u-e4768ee1c044,p-8f13023a489e,v-9b46609f2a60,,M,1,71.13,2026-10-08 00:30:21,False
c-d4da62c02888,s-1cd925a3cb98,u-4743249a8cf1,p-f21e009c1eab,v-ec915d785c31,,XL,1,38.47,2026-10-08 00:40:48,False
c-9004481860c5,s-019a56749b1e,u-f82f9dcba962,p-c84f91ab2f53,v-8593dc997541,ord-834323ae62f7,XS,1,53.72,2026-10-08 00:45:04,True
c-fd95ab00650b,s-019a56749b1e,u-f82f9dcba962,p-a7b0f421e7be,v-aefc70918080,ord-834323ae62f7,L,1,68.68,2026-10-08 00:45:24,True
c-1e7dca7ed4f5,s-e7ea5b30741b,u-d6955edcce89,p-77931ac35e65,v-1032dd7c9c2c,,M,1,54.21,2026-10-08 01:23:06,False
c-fe505c364de6,s-cba591b68424,u-7d19a36e2f64,p-f264c78411ad,v-27fd335d65a9,ord-0790b24147b7,XS,1,108.74,2026-10-08 01:26:59,True
c-3119743f309e,s-8f12c3f852f1,u-b5853d3d9986,p-430d42731bdb,v-a1767ea9a2e3,,XL,2,38.19,2026-10-08 01:56:29,False
c-13123f893e61,s-8f12c3f852f1,u-b5853d3d9986,p-926567b45963,v-865ae8c3a2f3,,One Size,1,66.89,2026-10-08 01:58:01,False
c-c9f7b0d34679,s-8dcafd2b4385,u-f9216bde1922,p-89dda7e1ee10,v-4808e93eb16a,,XXL,1,56.34,2026-10-08 02:31:27,False
c-b101765b952e,s-b4b4dfcd79a7,u-1094f4989b45,p-39fd7f2a7709,v-94bfcf796565,ord-61eefec16c14,S,1,31.22,2026-10-08 02:44:02,True
c-dbe4304fe77b,s-160c526ff9d9,u-5b3ddc9864ad,p-13e48a6c2658,v-e14512d7ac1c,,S,1,49.59,2026-10-08 02:48:14,False
c-7026b69b1972,s-3b1e8253b207,u-ae6810640551,p-b5ae9c9e0cfd,v-55eb38366715,,One Size,1,74.73,2026-10-08 03:09:01,False
c-19697a3720a3,s-e9619f568c35,u-388138a1f654,p-a3a36d3830e9,v-478ceba2a780,ord-4f0c9e75a3ff,XL,1,54.32,2026-10-08 03:17:16,True
c-9b87beeb21b9,s-c7a32a176d4e,u-7abe6a4d165e,p-0e8ea9210eb0,v-a9fbcc7cfbce,,M,1,84.25,2026-10-08 03:46:14,False
c-e64e77709482,s-265bc1cffa3e,u-58a344edf763,p-d05a5f84d01e,v-658835a046b4,,XS,1,39.54,2026-10-08 03:49:02,False
c-46836f130526,s-6c9f880b8dd2,u-cbb7f96ad1fc,p-d126ff14ab1c,v-b2b62245b340,ord-e59c3d5c1115,XXL,1,37.09,2026-10-08 04:03:14,True
c-80fc2043377d,s-928f799f3701,u-a007d7103bed,p-5df8782b738b,v-cd54c505b347,ord-03d8b98d94a0,XL,2,64.56,2026-10-08 04:29:41,True
c-28c48ff29ef3,s-c03dd253c50b,u-da872bfd452c,p-e63f88a31c90,v-9c5a2da7c204,,L,1,15.09,2026-10-08 04:33:47,False
c-9ea921cda7d0,s-7c3df51cfce5,u-b6c5618d7395,p-c79b3b066b3b,v-bb591ff94858,,XXL,1,73.73,2026-10-08 04:39:42,False
c-a235c0e0353f,s-908325521094,u-da8a18e48189,p-2b59fa33730d,v-c2dc7ec202d9,,XS,1,31.23,2026-10-08 04:39:48,False
c-1488ad2e7d7b,s-908325521094,u-da8a18e48189,p-a64ec584e2ab,v-ead0d73840e3,,M,1,66.34,2026-10-08 04:39:54,False
c-a343807bdb01,s-0b225b80af0b,u-89c08cfafef5,p-e9525bec9ccc,v-49dce8ed3268,ord-893e0b358468,XL,1,42.51,2026-10-08 04:46:55,True
c-ee46823a7da1,s-aec6a44d4fe3,u-35034b284861,p-d7c7b870d147,v-37988777e118,,XXL,1,46.44,2026-10-08 04:47:14,False
c-f7e125cfdc88,s-362afbac161a,u-90523f27de74,p-fa9435a40128,v-23ead724b063,ord-9fa93d041c05,L,1,51.6,2026-10-08 05:05:36,True
c-af9f314167bb,s-d702f1ebbb65,u-3bb160fda46f,p-74aadb4fff89,v-b3a1fc712c8d,ord-cafbb9189880,One Size,1,113.17,2026-10-08 05:17:26,True
c-7f5e47377d4f,s-d702f1ebbb65,u-3bb160fda46f,p-ba44a061331b,v-9f290376268e,ord-cafbb9189880,XL,1,103.29,2026-10-08 05:17:30,True
c-a11cbedf465a,s-d702f1ebbb65,u-3bb160fda46f,p-8e84ffde784e,v-338937099e37,ord-cafbb9189880,M,1,123.61,2026-10-08 05:20:06,True
c-8fa38b47a512,s-4f07dd726eb3,u-1a8b6dbc6788,p-4a39ff3d22c9,v-4526268c32af,,S,1,68.4,2026-10-08 05:23:57,False
c-2f5fb799f4aa,s-4f07dd726eb3,u-1a8b6dbc6788,p-e56e7fc07695,v-36208eb8c777,,L,1,40.39,2026-10-08 05:25:25,False
c-6130085dfb5d,s-d8d865edb441,u-15ac1451c9a1,p-ebf391cfbec7,v-584a1e580f09,,S,1,70.08,2026-10-08 05:26:28,False
c-6a36f162a56e,s-538a26dde951,u-1b94f99e1ac5,p-9ea0c6d804ea,v-670f7135a74d,,One Size,1,57.72,2026-10-08 05:39:55,False
c-0b90e04279d2,s-fdf7d63e2fdc,u-3461790a7ef1,p-9129593cc0ad,v-d4e8554f443a,,M,1,30.0,2026-10-08 06:06:08,False
c-eeff26ebef6e,s-e463fe5489c0,u-204178294940,p-c900d70e4047,v-47613c84077b,,XS,1,80.29,2026-10-08 07:39:24,False
c-e1554986daa3,s-e463fe5489c0,u-204178294940,p-1a99ac9daee7,v-4fb734dcfba4,,M,1,88.87,2026-10-08 07:41:19,False
c-6ac2149905e9,s-e463fe5489c0,u-204178294940,p-09774973238e,v-df8b20eee7f2,,XL,1,85.98,2026-10-08 07:42:11,False
c-f44a1b4a0faa,s-4f9fec596398,u-fae79558e7ea,p-695593c4720b,v-b396b27471bc,,XL,1,53.92,2026-10-08 07:53:20,False
c-e2d38f43ed50,s-a5496f469590,u-bd79391ffa81,p-1038de11dec9,v-ce1125102255,ord-597521de4238,XS,1,54.38,2026-10-08 08:04:03,True
c-6b0adba03120,s-24ff23af830b,u-1225242b8719,p-d2fcc92c6722,v-83caa1464082,,M,1,59.8,2026-10-08 08:18:15,False
c-ba7e2de93714,s-6d43482d351c,u-71cd6a784ab4,p-8072c699265e,v-57d0b700f703,,L,1,39.17,2026-10-08 08:18:42,False
c-954d3f28d228,s-d3e7a314d488,u-3a21ca368917,p-44bdd1dfe5ec,v-d5fb941586c4,ord-99e959d5514c,XXL,1,46.95,2026-10-08 08:32:30,True
c-9ba4637003a8,s-e4ed9da24c5a,u-ed510fda7356,p-1ace3b3216ec,v-a7c981e920b0,ord-dc31ebe1f400,8,1,54.65,2026-10-08 08:57:51,True
c-6d41bcb7bc00,s-2cb8c005b4b1,u-657710e306ca,p-5e4476a0a583,v-d21f18cdbd82,ord-0b9862e7900b,S,1,31.62,2026-10-08 09:10:46,True
c-5cc59d96d5b4,s-b8a38c301b59,u-6e9967dcd225,p-5300796d576b,v-79d91b9adbe0,,S,2,76.64,2026-10-08 09:44:21,False
c-e441d7b68212,s-14b8cca3aebf,u-f19ab4f376c3,p-e051faaf68f3,v-cec9adf26f26,,11,1,129.15,2026-10-08 11:27:47,False
c-0e887b3c9bf0,s-80153fd7b935,u-5d711938f9b3,p-d312425a2284,v-f16b4783bd33,ord-ba443e11f81f,7,1,144.3,2026-10-08 12:00:52,True
c-7eabc79e73df,s-80153fd7b935,u-5d711938f9b3,p-056bfe795f83,v-b1608fe2bc61,ord-ba443e11f81f,M,1,33.62,2026-10-08 12:01:13,True
c-411ad63188d8,s-d58e6b71ddab,u-83f57f4710e2,p-7f4a3a4942b1,v-c090b92ab429,,M,1,79.36,2026-10-08 12:07:16,False
c-73b217885c2d,s-907d6fcdc95d,u-8e879bbc6183,p-0979a5b2807e,v-d0f44e0c1922,ord-8dd7b1b83b20,XL,1,45.04,2026-10-08 12:13:14,True
c-98afe6d35729,s-4093f343f6d3,u-f79b093e626b,p-8959b14efe22,v-f4d3eac1eb62,ord-5429f5d76d80,10,2,61.37,2026-10-08 12:29:46,True
c-98a97f5ef5a3,s-4093f343f6d3,u-f79b093e626b,p-4876cf8dc405,v-d187765669e9,ord-5429f5d76d80,One Size,1,61.7,2026-10-08 12:29:51,True
c-54ab2531e93c,s-a4c54cf10ba9,u-34a42368c372,p-9736f1b8b5ff,v-28d09eb39fe3,ord-55f32c439edf,S,1,27.27,2026-10-08 12:30:30,True
c-46c7a95ab999,s-96ec15e5d250,u-fed93966018d,p-ec5e50e39ef1,v-c55ad857813c,,XL,1,126.84,2026-10-08 12:46:31,False
c-7324425a3b9c,s-9065b1b4c0f7,u-77ac3191cf6b,p-963d03d20f07,v-c3c7dbcd6bc9,ord-7b50962f6c67,L,1,24.95,2026-10-08 13:29:14,True
c-a130d3d2e979,s-e17f3abe0e43,u-b0a6ae9f16c6,p-e8d929d2dd03,v-8ecbbfbb2735,,XL,1,40.24,2026-10-08 13:46:34,False
c-ec224bc9f65a,s-34585f1382b4,u-a722447f990f,p-0df148d5c5bf,v-27539a6b002d,ord-ecc2891d3a02,L,1,57.71,2026-10-08 14:11:42,True
c-3f6f754c238c,s-674e35f1778c,u-dd03e3314e50,p-eede996438b6,v-1632cd105db7,,One Size,1,39.38,2026-10-08 14:11:54,False
c-aabb2275f29b,s-34585f1382b4,u-a722447f990f,p-0d7a22b5dfa3,v-02a248574687,ord-ecc2891d3a02,L,1,63.79,2026-10-08 14:12:47,True
c-73a8a44f006e,s-893fe727d205,u-909340c57e52,p-d365397ced14,v-fbce81cbcd19,ord-1079b7dbe9ad,S,1,44.09,2026-10-08 14:25:20,True
c-b2cc69460b97,s-503859e5fd9c,u-7778d89bd6c2,p-dfe6f0a7d5c8,v-6bcb6cd595ef,,One Size,2,58.25,2026-10-08 14:27:23,False
c-a9e0ea8db1a5,s-e3f5d6babe29,u-46888bb209b0,p-8e56b4eed939,v-41af5728dc6f,ord-7cfd467dd598,XS,1,80.74,2026-10-08 14:46:21,True
c-a9e9b0240e18,s-cea9f231cd3d,u-c49a35331499,p-241b1fa0c5cb,v-1a47e61dbb3b,,XS,1,91.18,2026-10-08 15:11:42,False
c-7adffddbf787,s-8bd6e4337c4a,u-6e28d40ee591,p-066c7ca47b4a,v-9943538a32d8,ord-5bc09d3c4d7c,L,1,80.94,2026-10-08 15:14:59,True
c-51444257a4fd,s-e42fdf02c986,u-3f3949dd04d4,p-2b8e931b1f38,v-9b17603c238f,,One Size,2,65.74,2026-10-08 16:22:36,False
c-de9109087bb1,s-e6052e40bc6c,u-9e47f58e69a0,p-2623c0ae8527,v-1931103d0ce4,ord-74f219f35865,M,1,56.72,2026-10-08 17:09:44,True
c-72abdee07fee,s-2dbdba896435,u-38cd11b40d35,p-82e5a22421f6,v-4545a0e541f2,,XXL,1,53.98,2026-10-08 17:13:44,False
c-9d193330754b,s-4c0af3366506,u-4033f2d3f8cd,p-0b126e25de6e,v-f08a852d7541,ord-c4ca67148140,L,2,51.53,2026-10-08 17:21:03,True
c-482b5fff9518,s-42fecc3ffe56,u-c751f578a40e,p-47fc72087c16,v-4dc62fa40db9,ord-703d12392444,One Size,1,59.4,2026-10-08 17:51:46,True
c-87b8e02cec69,s-ac9042389c99,u-7bbde316e9bd,p-39ec2a41fc32,v-6f9fd358061b,ord-d7b5acfbb895,M,1,56.27,2026-10-08 17:54:48,True
c-7614ee5d775b,s-29f4f8d6a1eb,u-84a106ea9701,p-64de9c7bc568,v-dd928e91f3f4,ord-7fb943997c46,L,1,55.1,2026-10-08 17:57:00,True
c-8a02afab67bd,s-b8eed2240213,u-2797bd5cec69,p-890121ca97e8,v-f5cb389df74a,ord-1115aaef2372,XL,1,122.69,2026-10-08 17:57:23,True
c-663c7b2b691c,s-22d0212c693d,u-5cc8ca26afcf,p-91054fb9cc27,v-c22f8f0c0b4a,ord-72af2afbf867,XL,1,61.69,2026-10-08 18:03:45,True
c-c85545bc68c8,s-7bd38467f923,u-b5d671c54aa5,p-50e4a57bf0ad,v-c62fb6add589,,S,2,41.41,2026-10-08 18:34:20,False
c-0bae98c7c592,s-a30570133b62,u-5e869f92977c,p-aa8fd77dd49c,v-5395d0781c2e,,6,1,61.15,2026-10-08 18:44:25,False
c-a9d3068d2e6b,s-a30570133b62,u-5e869f92977c,p-8e60e7be8c04,v-9db056c1395f,,M,1,61.79,2026-10-08 18:45:33,False
c-df0039f9bc38,s-6f8db9786065,u-7c05bdf7a286,p-91054fb9cc27,v-0a467d5a8785,ord-ce59e8d7e47a,M,1,61.69,2026-10-08 18:52:07,True
c-68b0783ae1e7,s-db0b97eb4acf,u-09e1396e2e9c,p-8df247c14f9a,v-1f264d4fa546,,S,1,48.26,2026-10-08 18:59:57,False
c-30edba347c92,s-452a93495a31,u-136228a07691,p-46e2a518589e,v-1fcf0ba4aa39,ord-b4e028eff3a4,S,1,50.51,2026-10-08 19:04:57,True
c-0643de78bcec,s-1689259fd5f1,u-1943cbe266d2,p-6daf00431a54,v-fdae182cbaa2,,L,1,61.1,2026-10-08 19:26:00,False
c-117913c08d83,s-895ed12a276b,u-72870c3ad2fa,p-330f0d230f44,v-a7811b091d99,ord-104132c3071b,XL,1,26.19,2026-10-08 19:26:07,True
c-c64526d8878f,s-895ed12a276b,u-72870c3ad2fa,p-1109fffe8a06,v-f93fc79eb446,ord-104132c3071b,M,1,45.68,2026-10-08 19:27:43,True
c-26079b3fac20,s-533388acaf22,u-573e1726104f,p-41b36a08ff9b,v-f510f5f49323,ord-b4e17a7a327f,One Size,1,82.16,2026-10-08 20:03:50,True
c-6d707205fd2b,s-1adbba363f4d,u-d686904c8c4f,p-f62724aab2a5,v-66e5551291f4,,XL,1,88.59,2026-10-08 20:10:41,False
c-04dac3c31e62,s-1b62ff386070,u-53ee536db86c,p-7292cd755bbc,v-fbb1e6397f7b,ord-82506ae2e8b4,11,1,38.89,2026-10-08 20:38:01,True
c-2fc61edd73ab,s-34262d150042,u-343ef6272448,p-1f10c9a09301,v-cc03864868e5,ord-60a5a725571c,S,1,76.05,2026-10-08 20:39:18,True
c-77b08dd0021f,s-f69d1ec9ef29,u-a733b7a0a107,p-d312425a2284,v-fbe936e66780,ord-4dc33579551b,11,1,144.3,2026-10-08 20:54:43,True
c-fed94d0158cf,s-f69d1ec9ef29,u-a733b7a0a107,p-760bb7e89043,v-82e181ee3b2a,ord-4dc33579551b,L,1,42.05,2026-10-08 20:55:12,True
c-09c0532d7a54,s-38fda2ee3a9e,u-7b476faaaf62,p-44373cf67c83,v-dc38d92b5705,ord-787cc303dd5d,One Size,1,75.47,2026-10-08 21:08:38,True
c-8d6b71117a06,s-b9469d4db3de,u-2aaf12ce6b90,p-f5dc3be5b6a6,v-9bee5205f573,ord-bf79dbe22bbf,XS,1,34.23,2026-10-08 21:13:55,True
c-827acc617664,s-abb0ca668b16,u-ead7f67c5d3b,p-bdc44625f05c,v-bb77a2e5784a,,One Size,1,56.92,2026-10-08 21:24:28,False
c-220b0e1b9e87,s-3a96787c17b4,u-843a67410429,p-48733b229d52,v-f3bad9e5bfaf,,XXL,1,25.46,2026-10-08 21:32:50,False
c-7b1351c459a7,s-ca5d23fdd4fd,u-614118e3bfdc,p-13b7675fbb59,v-91b8696eb135,ord-be533bdcb98b,XL,1,67.64,2026-10-08 21:39:45,True
c-dae29444d848,s-e9cc8ecc1db0,u-f9b78acd9b5b,p-4af3a6de8390,v-dc33bc727bfc,,S,1,89.46,2026-10-08 22:54:56,False
c-3e1c9845b8ea,s-d58eaf9e0048,u-481390d57dc7,p-abb3cfb34b7a,v-da1626bdf072,,8,1,62.56,2026-10-08 23:07:01,False
c-19ffc3259f50,s-d58eaf9e0048,u-481390d57dc7,p-fd5e47a00908,v-fd7a8b1a87e4,,11,1,36.59,2026-10-08 23:08:08,False
c-675815700014,s-91e7cc336319,u-a6b7b03217e5,p-208824be0f96,v-c834fe6d6bf6,,XL,1,32.95,2026-10-08 23:14:44,False
c-3238b7c56e23,s-de44f7c82f6b,u-d2cd7464de47,p-7413840e8b15,v-e5f0e77a6afb,,XS,1,35.38,2026-10-08 23:22:13,False
c-195f8fc24d7e,s-89678e679d10,u-51883d5c3504,p-434a1c832a8a,v-bbc1f8339c50,ord-62e866e2e2b9,6,1,53.05,2026-10-08 23:53:16,True
c-9a7b803fa80b,s-3a3f3f6be38f,u-3aa6ba958c30,p-633c9a580d2b,v-30781b9e3a14,,L,1,45.88,2026-10-09 00:14:43,False
c-b418318c702a,s-60e5d00ed2ba,u-9c8318809197,p-bd9edc9532a7,v-8d276cc5800a,,XXL,1,20.11,2026-10-09 00:33:19,False
c-ac2b1fb400a0,s-081afc7e765d,u-0154ae244e78,p-bcef39c6c763,v-2094a107001b,ord-33feaa6a9983,One Size,1,117.23,2026-10-09 00:35:19,True
c-1b8ac2514e90,s-1a0df7f0971c,u-cdfa4b4740dd,p-1a1074fadb6e,v-74392e4cd0da,ord-95e4445561d8,M,1,17.63,2026-10-09 00:41:31,True
c-b37f3bd5de33,s-e58cc2c4c962,u-134995d42d46,p-d469a3b87ced,v-ce25d95d92b2,ord-d54d69468336,M,1,51.28,2026-10-09 00:44:41,True
c-7f33bd3f8005,s-828793c4b116,u-717ac6f518e5,p-cff14c01c356,v-0ee7e1211917,,One Size,1,59.11,2026-10-09 01:16:59,False
c-9a0b5f390ef3,s-7005e2bd318a,u-22824f751ab9,p-586267b99b1c,v-0c45f001aa57,,M,1,37.26,2026-10-09 01:20:58,False
c-c9ef5ac15c36,s-752e1b6e6f78,u-992755aa2aa8,p-83f86f04f0a6,v-83afc93d601b,,XL,1,42.37,2026-10-09 02:17:35,False
c-693c9a132165,s-a6cf9ecc512c,u-c40582c3ba86,p-164d873d107d,v-327fb10f8fa7,,S,2,61.62,2026-10-09 02:29:24,False
c-1ac7e3abadd1,s-15d672a94dcd,u-11a078b6f383,p-45ee231a5c77,v-94d29b3255d0,,M,2,39.35,2026-10-09 02:30:44,False
c-be5cb164c11f,s-c1995d73a5f1,u-1bfc195c4cf4,p-fd5e47a00908,v-a012af3bcc17,ord-49f8283b5985,11,1,36.59,2026-10-09 02:31:56,True
c-af639e9384ba,s-5cfa5f4d9e25,u-f4f51945330a,p-02a748155c54,v-41e72e7ea80a,ord-c405eafdf44e,S,1,61.52,2026-10-09 03:38:32,True
c-fe8a95208ee3,s-32f5adfa99a9,u-8b41f7268495,p-d561f70813da,v-365a234476af,,S,1,79.77,2026-10-09 04:11:54,False
c-68133dea287f,s-b27d44bb43f8,u-f5e9281f0ca4,p-81b0e6a4662a,v-5455a529d03d,ord-e2bf4d109f10,XL,1,86.13,2026-10-09 04:16:07,True
c-2e046f297382,s-13abf09c1b44,u-f620decf277c,p-bf9915c4ef4b,v-cbc30f16c9d6,,S,1,44.63,2026-10-09 04:22:17,False
c-8f92cd13b625,s-5fa98cfaad50,u-474676285795,p-62b0f40a6ebe,v-95e2b3b5424a,,M,1,41.99,2026-10-09 04:31:21,False
c-f914158e552d,s-f2caa74c44d7,u-487ad5c69d22,p-4689d86fa23b,v-738a33764a5d,,S,1,75.54,2026-10-09 04:37:46,False
c-deab5f3dff2a,s-0f8c20d24222,u-15db2888a74a,p-aa7905749a7d,v-3b1478c4569c,ord-be42a8256c5a,9,1,37.88,2026-10-09 04:49:47,True
c-f8f163efccf0,s-0f8c20d24222,u-15db2888a74a,p-d80e9b673d75,v-6e4970dbd44d,ord-be42a8256c5a,XL,1,55.47,2026-10-09 04:52:30,True
c-689bf7ce70f9,s-b5e90a9710c4,u-8cc43d1c6877,p-b973221e5e3d,v-53cd1f451364,ord-b6d493bc587d,S,1,52.81,2026-10-09 05:02:54,True
c-7eb2eb75e477,s-5f8d24e8eb99,u-476594ee6c49,p-70315f2c0057,v-33ac027dc9b0,ord-7f35c177a177,L,1,42.67,2026-10-09 05:04:22,True
c-91827328bf34,s-fd23b3a02173,u-aa5e390c14fb,p-fcd4f1043d97,v-1d833d2741f9,,One Size,1,119.8,2026-10-09 05:22:57,False
c-cb274d096856,s-58de9f76801a,u-069319351c31,p-953edb8bf0d2,v-7cfb5235ae07,,XL,1,60.37,2026-10-09 05:24:31,False
c-1fa1c153a54c,s-500137b427a6,u-c34e772d136f,p-c51f3af8d87c,v-ebb48ad2760f,ord-f39164257355,L,1,62.42,2026-10-09 05:27:47,True
c-bc063a3de3e4,s-bc1607ac08ef,u-290024f4bd49,p-150df58e3452,v-28945dcbdc96,,M,1,24.92,2026-10-09 05:36:33,False
c-2f91f0208243,s-33547e59468a,u-df42315da9be,p-55f96bec8bc5,v-3cc2b16c36d3,ord-96781bd2f956,XL,1,50.6,2026-10-09 05:45:56,True
c-b39afda01dab,s-10a84ee3b1aa,u-5e71bfe4929f,p-0f8e0ab00784,v-7be9aa205ba3,ord-4cc7d50efa40,L,1,32.36,2026-10-09 05:48:51,True
c-6ae0087ba595,s-10a84ee3b1aa,u-5e71bfe4929f,p-0940c8a5ab1f,v-9352284b4dbe,ord-4cc7d50efa40,XL,1,45.44,2026-10-09 05:49:03,True
c-31d8bd5934b4,s-c08b391e4ebc,u-3646d9da1dfc,p-6b7f7e796058,v-61f4771842a7,,L,1,42.83,2026-10-09 06:03:39,False
c-488463bd3a05,s-0891f3a6768f,u-994411b270a6,p-f271f029aa0e,v-019583891fd1,,S,1,124.3,2026-10-09 06:25:33,False
c-f103ce2ee036,s-c1dd66b5ea00,u-76a65f903e5a,p-87f693ff9abb,v-b7f8da986cd8,ord-607d9d1d6128,M,1,44.51,2026-10-09 06:50:57,True
c-0c5bd0f71dab,s-757dcf73d2ff,u-8db7fb185405,p-dc8bccb1bc01,v-7bb0149605a0,ord-76ff117f089c,XL,1,18.02,2026-10-09 06:58:08,True
c-b310ec063bb4,s-4de117a5ee49,u-bd289e7e68f5,p-547346e04cec,v-6d17d8462e31,,S,1,67.91,2026-10-09 07:02:10,False
c-8d4caeacd9ce,s-ed4b27aeba63,u-84c163dbb510,p-c21e09af334a,v-0e675caf4168,,L,1,34.52,2026-10-09 07:15:43,False
c-3824af43a04f,s-12e7c930b40c,u-469a56e1a424,p-b3c4aecb0e78,v-ca9699bdd76e,ord-7679e98b944a,One Size,1,75.68,2026-10-09 07:46:18,True
c-5f2dd740c315,s-d4d0b6ad45a9,u-1ac5192b9fc3,p-c21e09af334a,v-8f000693d53b,,L,1,34.52,2026-10-09 08:23:31,False
c-920dd07411b9,s-d4d0b6ad45a9,u-1ac5192b9fc3,p-bc43eb597003,v-4fae2ba4cfeb,,7,2,54.58,2026-10-09 08:24:15,False
c-a52f27054acc,s-d4d0b6ad45a9,u-1ac5192b9fc3,p-e307b73a3f10,v-a34103e15c6a,,9,1,71.71,2026-10-09 08:27:05,False
c-b263c71daaa1,s-d4d0b6ad45a9,u-1ac5192b9fc3,p-b0645cf1962a,v-37a64d81a1f9,,M,1,78.37,2026-10-09 08:27:17,False
c-82608788c8a0,s-840caf4f9c26,u-d234f9e6f2f8,p-0f8e0ab00784,v-0638d15ef3e3,,XL,1,32.36,2026-10-09 08:41:36,False
c-492b99ad0544,s-8b1f4726e5f3,u-79ea38eb3f7f,p-d49c442eb9eb,v-c08535792990,,XS,1,47.65,2026-10-09 08:49:58,False
c-936f5ecc3cab,s-0c6c56db7400,u-da453f8aec17,p-2ceaa39d7440,v-07c0f7a20812,ord-fc61472ad9bd,L,1,20.57,2026-10-09 08:57:07,True
c-d53d3b2edf5a,s-9348b694362f,u-4e47edb7aafb,p-fe0b26353908,v-a9e1d8c1ebee,,XXL,1,22.25,2026-10-09 09:04:00,False
c-339e1d6ece4d,s-8a27fd41e2f5,u-51d0009acbf2,p-7402450e78f9,v-64998958180d,,One Size,1,92.69,2026-10-09 09:08:43,False
c-30e348670576,s-8a27fd41e2f5,u-51d0009acbf2,p-f4008b82dc1c,v-9158d7844acd,,10,1,91.71,2026-10-09 09:11:33,False
c-74b07e23cd72,s-e1b4e6818a94,u-ce76d0cd3563,p-b7c380a53de1,v-3394698b2d91,ord-cf0b5139f633,M,1,72.0,2026-10-09 09:25:54,True
c-fd4452348852,s-5a2b95ec73f0,u-567a3b1df110,p-c158b642b912,v-db7826e680cd,ord-a8f5e1e56f51,7,1,65.05,2026-10-09 09:27:33,True
c-9065d92d555d,s-488dcf8486cd,u-bfd86f897850,p-843045ab3a97,v-367a689462c5,,S,1,74.76,2026-10-09 09:55:09,False
c-53560b65b74a,s-f9f8d58e937c,u-c04a70b268f4,p-b16f3ad8ad7d,v-ecd57fd88b29,ord-9346511e0302,One Size,1,10.97,2026-10-09 09:57:14,True
c-327c2674864f,s-0a2ab323ae0f,u-e2755b090349,p-ab7bc1230d06,v-d6bb86b52c4d,ord-e7a9b8b4b04d,8,1,72.9,2026-10-09 10:03:20,True
c-967b19bcfc1c,s-e270faf4bdb2,u-1a1021883d2e,p-3e6c2fce3bf6,v-a00ae89fcf47,,XS,1,34.56,2026-10-09 10:23:34,False
c-53d7d2b1277d,s-fd1b3e12c899,u-ab44f6323c80,p-8fd825d4ccc3,v-92a249cb1a37,ord-0ab4ce3abdc7,One Size,1,64.57,2026-10-09 10:25:52,True
c-746187c6c1eb,s-4777be08ecc4,u-a4e567e4c4c2,p-6daf00431a54,v-6be18d56d1ca,ord-4858c9fc540e,L,1,61.1,2026-10-09 10:56:22,True
c-5622130efa1e,s-ff433c5d0a49,u-305a2bf0a0a5,p-de9f4b9134b3,v-e58c2611dcea,ord-2e593d8d2e8d,10,1,93.85,2026-10-09 11:16:48,True
c-3885f8d94b56,s-91cf4d9f249c,u-62b34961a2a5,p-f10bb3a57be0,v-db5ffe8f31e2,ord-2f52dc16ee51,L,1,33.02,2026-10-09 11:20:42,True
c-85bf266622f9,s-faa669ccbd89,u-d9cf62acc782,p-a6597e09b731,v-10fc07f32908,,XL,1,48.31,2026-10-09 11:22:37,False
c-185fed09b06f,s-3a84e7aa1402,u-409bc1f4ab9e,p-f48777346cc1,v-776182bbad89,ord-e40ddd1dee5a,7,1,52.61,2026-10-09 11:35:56,True
c-ef70a89e71b6,s-3a84e7aa1402,u-409bc1f4ab9e,p-222755c29f62,v-abd0aec38923,ord-e40ddd1dee5a,S,1,43.92,2026-10-09 11:37:22,True
c-42cb0b3efda0,s-0df55835296e,u-4e86ad87c568,p-5df4ecf0cd12,v-5fc79a536d83,,S,1,38.21,2026-10-09 11:39:20,False
c-8e777007a6b3,s-0df55835296e,u-4e86ad87c568,p-f49125a00aae,v-cb674accb5a1,,XL,1,67.89,2026-10-09 11:40:42,False
c-e4cb33644693,s-3dfe639250ca,u-e0b817f2009e,p-4fbf6f9cdadb,v-4c778571af79,ord-10379db972ab,One Size,2,37.2,2026-10-09 11:45:28,True
c-ca18852b6c47,s-fb7938b4431a,u-8b5b32f5deb0,p-0a73233a12ba,v-e88c2194d035,ord-707cf7e5e35d,XL,1,51.25,2026-10-09 11:58:47,True
c-f247350ad287,s-23a12683689a,u-646170706f9d,p-9cfec85a6966,v-a1a69be60636,ord-7df62af89b33,7,1,75.58,2026-10-09 12:20:07,True
c-c4799e2fb6c3,s-b3bc32e0cb72,u-c186f29fe935,p-ee3037e27c29,v-ec56f7c0dd4d,,XXL,1,45.42,2026-10-09 12:56:37,False
c-10cb71f800b3,s-7e33961920ba,u-915254a99e0b,p-7ae320e92375,v-0c5d13a5687c,,XL,1,53.18,2026-10-09 13:01:11,False
c-ddc3cc13c3f7,s-a17f0bf137c6,u-181b7d54c753,p-d19aae08c4dd,v-fb37c5356d6c,ord-fb5054190165,11,1,82.71,2026-10-09 13:05:24,True
c-294d448a8302,s-8ef88d3e2e1b,u-4d362fdea9d9,p-76e09edcc4a9,v-f886da1e474b,,7,1,97.85,2026-10-09 13:19:46,False
c-facac9122baa,s-540528a6c31a,u-12e3858824e8,p-7ff5b3291965,v-332862cff672,,XXL,1,59.66,2026-10-09 13:37:57,False
c-183a25afc263,s-fb1b7ec371be,u-d20cfc96fe5a,p-7a9af4d8dfc5,v-3e8342d5a5c7,ord-61695478b77d,L,1,73.93,2026-10-09 13:40:57,True
c-823aeb978d10,s-8a84f3617a7a,u-e91380f46498,p-4f53fc6ba744,v-bf5ab8f9f11c,,11,1,55.1,2026-10-09 14:04:27,False
c-f935e7b866c7,s-4e4c9e830e6d,u-f52aa81cb8a0,p-d6fc17a95278,v-97ac17bac8a3,,S,1,66.87,2026-10-09 14:08:40,False
c-61e29735eb55,s-4e4c9e830e6d,u-f52aa81cb8a0,p-033cd649d948,v-a2ebc54b8b76,,M,1,28.14,2026-10-09 14:09:56,False
c-1abd5d549270,s-4e4c9e830e6d,u-f52aa81cb8a0,p-7ac1a2a6d449,v-9ca1ae82eb38,,M,1,42.04,2026-10-09 14:10:50,False
c-c8503742731d,s-0af1d9defb78,u-b2b6c183059a,p-8a2d5897afe3,v-6d6a5247ea30,,XL,1,71.52,2026-10-09 14:15:03,False
c-3c05c7bfb8e8,s-62776c1a55ee,u-f00d5bb24e8b,p-d2918834cb6d,v-a1280e49e280,ord-7359493a3f7c,L,1,54.91,2026-10-09 14:29:22,True
c-74b7a791ec29,s-06595cc610fa,u-8451cf94ad7f,p-b489dfc0896b,v-be0dd9526416,,L,1,65.34,2026-10-09 14:38:38,False
c-074acefd7394,s-786601c1106c,u-4165e86be2ce,p-4db1ba36cd6a,v-cbb2fe98cf27,,M,1,64.27,2026-10-09 14:57:40,False
c-2460ae6f8b2e,s-ced990dfdb5e,u-a9876e2c54ff,p-fd3302e7d41c,v-c286e785d411,ord-8fafbd406c2e,XXL,1,58.22,2026-10-09 15:06:28,True
c-df33bc958f31,s-b939bced5730,u-f3a6f0900d19,p-32d0c21896ae,v-462e1f57ad97,,S,1,60.1,2026-10-09 15:18:14,False
c-44d0dce9c7e0,s-c04d72b3c78b,u-039024996113,p-0dd7e833ed25,v-2c9bf19c9d0f,ord-8e8dab9779d1,One Size,1,106.53,2026-10-09 15:59:58,True
c-381af79fb2f5,s-2f74b2afc285,u-ddc1d84b1745,p-efaea1667ec0,v-6c84750634e6,,XL,1,50.14,2026-10-09 16:10:16,False
c-73e926312c6a,s-8d4b75c30ce5,u-d42e3b18ec83,p-b66e5f0d4761,v-5676a20683f3,ord-79f09838edb3,XS,1,21.37,2026-10-09 16:10:33,True
c-b82428c2660a,s-2f74b2afc285,u-ddc1d84b1745,p-c534a809d8f6,v-dc4c42e1514d,,XL,1,37.96,2026-10-09 16:11:02,False
c-bceb92bb34c5,s-9827fd1d1d4c,u-fc787b50dc9b,p-8bb883c1d526,v-f9158e21dfde,,7,1,88.95,2026-10-09 16:11:18,False
c-51f5ffa4889c,s-9827fd1d1d4c,u-fc787b50dc9b,p-6c219b280162,v-23955e5902a3,,XS,1,44.66,2026-10-09 16:13:02,False
c-275551a0d932,s-2f74b2afc285,u-ddc1d84b1745,p-876b3754e5f1,v-bbec583b714c,,M,2,45.49,2026-10-09 16:13:02,False
c-a1184e2a3307,s-2c8296277718,u-b1a60a99b0d5,p-451d35ee28e3,v-7354c6044da3,ord-c9177e258391,XL,1,61.88,2026-10-09 16:36:44,True
c-ab76285c4c59,s-66a483b9fccb,u-d0fc365ce825,p-30c803a19466,v-62e4de19bd35,ord-6943e06e31a3,7,1,53.7,2026-10-09 17:09:40,True
c-4448d23cec67,s-b414edd04245,u-1a8f6f3eb903,p-b79924498082,v-810c810bf08f,,One Size,1,39.8,2026-10-09 17:19:21,False
c-b8ceded48310,s-ef9b46cf42a3,u-f1224955ea65,p-d29ce7dd0bd7,v-e1a7f4277459,,XXL,1,53.63,2026-10-09 17:26:29,False
c-32c4e57c0f46,s-5304064d929a,u-f432b7621c85,p-902a0d707f16,v-8f1782ef0040,ord-f913e7f01ee1,L,2,59.5,2026-10-09 17:30:11,True
c-8c755096ac84,s-5304064d929a,u-f432b7621c85,p-41aaf8ef9b1b,v-3defd177c7e3,ord-f913e7f01ee1,XL,1,56.37,2026-10-09 17:30:57,True
c-cadc67c21065,s-4ebbaf6765bd,u-b0dbd8488bcc,p-5f5352523a89,v-2920d8da8afd,,One Size,1,42.24,2026-10-09 17:52:37,False
c-2389d0e213b9,s-66aae5cea838,u-df2cdb0d2b36,p-adaf9a2a1c56,v-90e658b3a32b,,L,1,60.9,2026-10-09 18:09:38,False
c-ba48240baa0e,s-66aae5cea838,u-df2cdb0d2b36,p-f6f485d31c53,v-2c5d111e81d2,,9,1,88.55,2026-10-09 18:11:55,False
c-cf360701be6f,s-4278fbc0a73f,u-b775246d27a1,p-f956f87dd638,v-48e560c07f55,,XL,1,69.46,2026-10-09 18:13:30,False
c-e3ec47819a2a,s-1743d7640f51,u-73bc0ceae2d2,p-f5ca33bba307,v-4e41fe0f29fa,ord-fd5c3e47af42,XXL,1,73.46,2026-10-09 18:16:02,True
c-ef5203b92956,s-6dd4f34debb6,u-f274b8e1bb66,p-fd3302e7d41c,v-2b6007ab7838,ord-17571aa7acac,S,1,58.22,2026-10-09 19:00:29,True
c-56c9fb4c5697,s-ef8b9a717ef9,u-4a1b0effec71,p-2295660ccb5d,v-03bd26a33f63,,XS,1,94.61,2026-10-09 19:17:14,False
c-af61f268ca2e,s-7284d5a1f24c,u-428b5e843ce7,p-8ad88363ea13,v-6274d935d1c6,ord-ee5b2c185703,S,1,40.84,2026-10-09 20:09:29,True
c-2bcf476a9433,s-2d9ec69692db,u-8f6ce5cbc3e6,p-4c4b1bbc16b7,v-c0a806596afd,,S,1,30.99,2026-10-09 20:15:23,False
c-1706e6306755,s-68ab664a2e9f,u-c5f0974fc402,p-63dad958f079,v-2e5beae24bdb,ord-aee5fd543288,7,1,85.98,2026-10-09 20:23:16,True
c-c588d5348587,s-1aad3362ef21,u-a28dfbfc5c08,p-09774973238e,v-f9b1b4680437,ord-3efa5f183ef9,S,1,85.98,2026-10-09 20:32:06,True
c-d6e6af1c117f,s-1aad3362ef21,u-a28dfbfc5c08,p-0bfe49fc1d30,v-67603b629d6f,ord-3efa5f183ef9,M,1,72.72,2026-10-09 20:33:42,True
c-a6ac876c4a2b,s-227a47b2d3c7,u-a643ca6dee33,p-e1ded5d2fe74,v-2923a15db9ef,,S,1,65.17,2026-10-09 20:46:55,False
c-d18f045d59ea,s-227a47b2d3c7,u-a643ca6dee33,p-a54a94c426b6,v-90c87cb900d3,,One Size,1,30.06,2026-10-09 20:47:31,False
c-e06b9648d87d,s-34defa3cfe9d,u-606e727ec40f,p-e5c548638f7d,v-90953c91d03a,,7,1,29.16,2026-10-09 21:09:46,False
c-6c28c554d0a5,s-cd850e6a52dd,u-be358fd54315,p-08a5f2b72dbf,v-9b843e40b892,ord-26f39d3967da,XS,1,67.38,2026-10-09 21:10:44,True
c-689b6cbb1b77,s-cd850e6a52dd,u-be358fd54315,p-fef3c928dae9,v-0359a5efa0f1,ord-26f39d3967da,XL,1,66.97,2026-10-09 21:11:26,True
c-cfceff72731e,s-9060e0fe9d52,u-7a8ec7152100,p-86296d534b49,v-04ec87f6e544,ord-f2f76176530d,M,1,15.51,2026-10-09 21:13:14,True
c-8f0b4ca3bc10,s-d11a3a692871,u-8784707b209a,p-b132ba6f0ebd,v-871299a41f30,ord-4294e42d63fb,S,1,83.14,2026-10-09 21:45:37,True
c-f5e464fd6d2b,s-a1c7ef41a8bb,u-ce99842d4b77,p-90f7cac54e1a,v-2f45bfa75f94,,8,1,73.9,2026-10-09 22:07:29,False
c-32a03a213ed4,s-13196f41e07a,u-db2e800c6eef,p-b5ae9c9e0cfd,v-0200a89c6e06,,One Size,1,74.73,2026-10-09 22:14:21,False
c-897571e23f11,s-13196f41e07a,u-db2e800c6eef,p-655a61df5719,v-40302febdd4d,,One Size,1,118.74,2026-10-09 22:15:09,False
c-df0278408cc3,s-413bebb3521a,u-ea8d7823990a,p-3f74e7595220,v-c24b64d4aee2,,S,1,50.83,2026-10-09 22:39:10,False
c-7bb1711cdd81,s-febd498eb710,u-c8f2765be2ce,p-45ee231a5c77,v-b79744df72c0,,L,1,39.35,2026-10-09 22:41:52,False
c-8b0cccb63b3c,s-273441d4aec7,u-72353baa3339,p-3f74d079b7d4,v-dfa5cce2fb98,,L,1,30.33,2026-10-09 23:23:42,False
c-9b353149da71,s-aeb2baaac599,u-020a89ec9915,p-7100d85bc108,v-5f8997fc1394,ord-fc9899e95961,S,1,32.96,2026-10-09 23:34:51,True
c-cc496f31ef94,s-49fe372f6769,u-f94b80497132,p-5ed70262384e,v-50e723c087c4,ord-c0d615bcd8f6,S,1,57.14,2026-10-09 23:50:07,True
c-87888c0bc8e0,s-edf6a30f94ff,u-b563f74f350f,p-4709eff42cc5,v-a03b06e5bf1d,ord-f238110952fc,S,1,60.52,2026-10-09 23:58:51,True
c-fa10f1f7530b,s-6f51dcb5343c,u-284700fe7623,p-840dc3fd120f,v-39a18cff5efd,,L,1,56.29,2026-10-10 00:02:17,False
c-ef76a97d2f41,s-6f51dcb5343c,u-284700fe7623,p-d2fcc92c6722,v-aeab19bb412e,,XL,1,59.8,2026-10-10 00:02:46,False
c-40fad3fcd815,s-8c413956bf03,u-6c985fbff465,p-a80c401c9c7d,v-26f7314fc846,,XL,1,55.96,2026-10-10 00:32:58,False
c-48a2be2a1a83,s-a7f911db4347,u-9f1d7ae804f9,p-e7cc73592ec8,v-68af0efcf265,,L,1,74.41,2026-10-10 00:44:48,False
c-af7e465e745c,s-e560440a7b26,u-5dd4f37f1675,p-14722e1c9d2f,v-06bb525a5c82,,M,1,95.57,2026-10-10 01:31:53,False
c-4afaff3f2ffd,s-5b3a635d3cc9,u-ea8a13c91b1f,p-abffc77ec41d,v-b4a703380a00,,XL,1,70.02,2026-10-10 01:36:25,False
c-4146910a1b1d,s-17b18c6cba60,u-da388466139a,p-0b74e71e8957,v-e3a4af4661cf,,7,1,82.26,2026-10-10 01:45:23,False
c-a9585a5e46e6,s-17b18c6cba60,u-da388466139a,p-974062241d7b,v-2b70166b2f9d,,XL,1,28.13,2026-10-10 01:46:14,False
c-8da1eafff6ed,s-660899b34beb,u-fc58c1c893d9,p-19516ce35ff7,v-431882fa24f3,ord-8767b0d27d4b,S,1,48.33,2026-10-10 02:07:23,True
c-527b6c289e16,s-0278e518f591,u-eb0ceafde20b,p-297d37c047d6,v-42a11b8ee5ac,ord-d638e9cb7e3d,One Size,1,55.26,2026-10-10 02:17:51,True
c-6eabfa93ddc7,s-f8f3eaf60528,u-bba476d933c5,p-2782896fc4d4,v-ee76fdc3a702,,XL,1,71.95,2026-10-10 02:30:56,False
c-d230d0ef1f87,s-7d5da51425a9,u-b404ce56cea5,p-99de8910c53e,v-429a7f4f4a77,,M,1,70.16,2026-10-10 02:34:40,False
c-4c31702dcd4f,s-3da1f8ae670b,u-066fe088f12e,p-72c7f10f2193,v-0c62c7ba353b,,XL,1,29.1,2026-10-10 02:45:16,False
c-05fd0f172b76,s-000d8121c3a7,u-1d80490470a5,p-31d1b7ec41b6,v-24b878df71f6,ord-e3e57d8436c8,One Size,1,71.03,2026-10-10 03:02:57,True
c-55742725f0c4,s-431cac139914,u-84797ad94058,p-ea0d17067ac5,v-b9b41a1f571f,ord-1067d92d23e6,6,1,55.27,2026-10-10 03:07:26,True
c-8babe597971e,s-bd8d7b6ad287,u-ec96cbbd1d5a,p-5d9db5aa29c1,v-d71e10e04c21,,11,1,83.67,2026-10-10 03:07:32,False
c-7f72a6639619,s-2f6cab50e3d0,u-040d6fe9aa57,p-ead53aa70431,v-e0aab68fb354,ord-2263ac32e819,S,1,47.48,2026-10-10 03:16:40,True
c-65e892a26cd2,s-f37415d4c624,u-3d9e31ceb0d9,p-961fa73c3061,v-296ac408314f,,S,1,95.11,2026-10-10 03:38:58,False
c-d278af9eaa26,s-549cfe7acd98,u-906ab217a562,p-4583e81668f0,v-421f9fd4f15a,,XXL,1,74.9,2026-10-10 03:43:20,False
c-03024fd50a62,s-9364666fbe01,u-153b426ceddd,p-adf9d571e891,v-344fb04e8ed3,,XL,1,68.99,2026-10-10 03:46:15,False
c-30c87d0f06d3,s-08db06bd23fd,u-9b509fb7ce83,p-2623c0ae8527,v-633c97858b17,,S,1,56.72,2026-10-10 04:34:43,False
c-9f4e6a8ab81b,s-44f7559e8ff9,u-60b4ef977d8e,p-b9000bf44c07,v-3f31b5b48754,ord-f68f7878c5f9,M,1,73.23,2026-10-10 05:24:26,True
c-e90d6da3a87b,s-d7830b340e74,u-b707d75d4d3e,p-e37e6586069e,v-7a9e06518cd9,ord-765813a83f41,L,2,63.17,2026-10-10 05:36:44,True
c-31c0b782155e,s-f62c8f6affbb,u-0e1d501a3272,p-e4dd61f5794a,v-987873d287c1,ord-18ea81a3ba88,S,1,49.96,2026-10-10 05:55:22,True
c-250ea68f8ea1,s-773b30e8e0a7,u-84a9777f6417,p-839e407ec203,v-098a7705ca05,,XS,1,80.16,2026-10-10 05:57:05,False
c-78e49fd45d94,s-6a062274dd78,u-f395201320cf,p-80d9b21abdbb,v-74261b9c22b2,,9,1,84.34,2026-10-10 05:58:05,False
c-9933bf7fc470,s-2311fa6ea121,u-d9d171e8b700,p-8751b338486b,v-234120049e55,,S,1,96.4,2026-10-10 06:29:38,False
c-3bdd8f6c2920,s-9ff2d7a749db,u-a792701e4344,p-c68d4e68cafc,v-efb5cdbaa467,ord-dd5c6cf9190e,S,1,63.16,2026-10-10 06:50:41,True
c-ad0ed9d9312e,s-f0395bdd0794,u-c64e4b9794e1,p-3284a3522064,v-0161d18ab3d7,,XL,2,68.21,2026-10-10 07:14:40,False
c-1d8afc806dc9,s-414ed4c79590,u-e383437e23c2,p-41b36a08ff9b,v-1ee283e7817b,,One Size,1,82.16,2026-10-10 07:15:48,False
c-a40e8bd31f2b,s-858da85c8207,u-ca41ab1511af,p-d512afec01b8,v-e15a88e545f8,ord-222f00cf7f6e,XL,1,65.6,2026-10-10 07:16:39,True
c-368cbba6c52f,s-abdaf926baf7,u-5e9ebfcb4c2d,p-21e629210114,v-83d0af4ff5c9,ord-2f78685fe6cf,11,1,46.29,2026-10-10 07:42:23,True
c-7c3d19fc7083,s-ced82d12abe4,u-38d6b20df3eb,p-7498c55d9a1d,v-f8703f2b9312,,M,1,47.15,2026-10-10 07:58:48,False
c-20fbe45541cd,s-150adc402d40,u-fb14a0e77f6f,p-cf720ea3ad1f,v-f02140b2cf99,,M,1,95.27,2026-10-10 08:20:15,False
c-65b5883297d4,s-69e2f79d20d3,u-d29a434665f2,p-5431631a088f,v-a1847fb13240,,S,2,45.77,2026-10-10 08:40:19,False
c-0fffcbf8d902,s-741d5e9e7aa2,u-bcb8fbdca7eb,p-4e60bf84efc8,v-adfc66124d2d,ord-3b6fd2d35495,6,1,48.33,2026-10-10 09:04:24,True
c-a7137afa0aed,s-1bbe881b1665,u-8a621e30bba8,p-26c2ae1821d6,v-b920f644dcee,ord-f250a3e08760,11,1,75.28,2026-10-10 09:14:44,True
c-6d7054a36303,s-bfec2a22f53a,u-ab50bb89895a,p-e7de8f101542,v-a6922e5072aa,,One Size,1,19.39,2026-10-10 10:06:10,False
c-4cdf4543de26,s-82bbcbd466d5,u-670f5faee5f2,p-4d60c52a0c64,v-da997163c021,ord-9a91984e2278,One Size,1,25.71,2026-10-10 10:15:57,True
c-87353154aa8b,s-6ae7b7bf09e8,u-b657d5efe9a0,p-feb10e6ec6dc,v-8762a9973798,ord-68457c02893c,XS,1,64.32,2026-10-10 10:19:21,True
c-fcca2ec18d31,s-b4d1b8108f0a,u-57a68f56c490,p-3f74d079b7d4,v-b85e23627d4b,ord-db660de3d4ea,M,1,30.33,2026-10-10 10:31:21,True
c-ddb59dba95e9,s-216b40d6854f,u-a25aefa36b4f,p-30b66a97b2ae,v-3742315bf899,,L,1,70.52,2026-10-10 10:58:57,False
c-076c0ef8c77c,s-147d116adb4f,u-d4c204aaaf1c,p-597facd1754b,v-c3214732c7fd,,S,1,38.22,2026-10-10 11:19:57,False
c-1bcbb7f6f969,s-ba990573bc17,u-5cde2aafac3e,p-b0bfc4aaca13,v-efc6b4b17abe,ord-ca254766a26f,M,1,66.87,2026-10-10 11:31:56,True
c-49e0c5c23b11,s-0322e1599d00,u-731daca018b9,p-03a2c2979d49,v-f6fbcc73f485,,L,1,33.05,2026-10-10 11:35:11,False
c-845c8fd2f06f,s-03e69375edf6,u-b8c003e71f4b,p-a7a5ab90083a,v-7297e6ddf8de,,One Size,1,25.08,2026-10-10 11:56:41,False
c-3820fe0733c8,s-6db3a944f83f,u-677a93926617,p-6771dca3a4a9,v-d89fb06c71aa,,M,1,92.34,2026-10-10 12:41:03,False
c-5792096596ce,s-e83d6a88a8ce,u-b701eeab8f03,p-b89ac196d549,v-19864d81b11c,ord-bc82c824082c,XXL,1,53.67,2026-10-10 12:52:00,True
c-0e651e4ac4ae,s-a5ce1738d3b8,u-e4cf302e1b8a,p-e7e52e0f2d55,v-be1618cf1a3f,ord-0169d70d0660,8,1,65.09,2026-10-10 12:52:32,True
c-de301a349450,s-dc79fcd2192b,u-1101eab4c97b,p-95a1f7624783,v-1d765accd530,,XL,1,46.9,2026-10-10 12:52:35,False
c-0bbc25172021,s-06e371dec438,u-4c3644bf1f6f,p-7ff5b3291965,v-b653104dd77b,ord-42a3a63115d3,XXL,1,59.66,2026-10-10 12:53:19,True
c-08db85d9d9ec,s-fc6214b174b8,u-1dad2945fc77,p-a6ed54e18bf0,v-639aa7a5b1ae,ord-732d502cb791,XS,1,96.76,2026-10-10 12:57:04,True
c-1d5d5d19ba24,s-fc6214b174b8,u-1dad2945fc77,p-8ee9b720f717,v-f1d8ffe7c5d3,ord-732d502cb791,6,1,65.67,2026-10-10 12:59:32,True
c-59da76778b55,s-282b0915aba2,u-b676dafe6d14,p-8493fde57fa9,v-628277182bef,ord-8754211d35b1,M,1,31.88,2026-10-10 13:19:48,True
c-ad6d511e88d1,s-9d304d247660,u-70b96bea99f1,p-6cbc89af68af,v-f65a1e980e1b,,XS,1,91.74,2026-10-10 13:27:00,False
c-3ed739618285,s-8e49eac86054,u-235c03ca5023,p-84e06d920009,v-ecc5264b5994,ord-9259a5a4a934,8,1,104.89,2026-10-10 13:41:53,True
c-3fff6754c46d,s-03471e77b4a5,u-c1b4e6e231ad,p-2d325fa8b68a,v-38d9dfcdd441,,6,1,72.89,2026-10-10 13:45:48,False
c-ea11dc771591,s-937a2053171f,u-5b1be5f34962,p-d49c442eb9eb,v-da5d1327fd9f,,XS,1,47.65,2026-10-10 13:53:35,False
c-ad7c1fbadd68,s-fa51d1d2dd42,u-62e182d043ed,p-29dd2fccdad4,v-f65d7b424c92,ord-9c92afcbd09a,L,1,23.41,2026-10-10 14:34:50,True
c-555d7d0f8faf,s-0aee17bfb09d,u-65ef4faf685e,p-5843cdab26b1,v-04620cd0fa92,,XXL,1,60.33,2026-10-10 15:20:00,False
c-dec18fdfaabc,s-bf0c1a2fd5c1,u-137689270583,p-3e6c2fce3bf6,v-31a815ab2737,,L,1,34.56,2026-10-10 15:33:24,False
c-57baf1519bab,s-bf0c1a2fd5c1,u-137689270583,p-5dae71bab7b2,v-8f1d027307bb,,M,1,53.5,2026-10-10 15:35:39,False
c-238a5d478912,s-290a6aff0076,u-4228fa9a98d1,p-d7da5feef72d,v-b69160065371,,One Size,1,85.28,2026-10-10 15:38:15,False
c-8ce481e26505,s-cc2492aba23f,u-c9f44c95be5a,p-89d8ba853aaf,v-ed3f4c792bfe,ord-92547bb0bc0d,M,1,29.07,2026-10-10 15:40:26,True
c-74bc9ebd6cb0,s-16d2a5c871d5,u-dfee5e7ece3d,p-0e75db11ed53,v-103cce2d8664,ord-91d4ee6a3eac,S,2,64.35,2026-10-10 15:53:28,True
c-7deb3b78d083,s-cb5e66fad5f7,u-4c952e423c23,p-11da1292c305,v-227c0cdb2fe9,ord-ad1d7d317eb1,One Size,1,52.3,2026-10-10 15:59:59,True
c-ce41a991a172,s-a47cf9236f70,u-7838d5fa5543,p-0da76474eec5,v-1fa3bffc77dd,,XS,1,38.98,2026-10-10 16:14:08,False
c-0ece2c0c3c61,s-697557ad2954,u-2f4daba17a11,p-88ba81a33174,v-e618a259c0aa,,7,1,63.37,2026-10-10 16:34:08,False
c-790447271d36,s-4955fa755c51,u-b31f3fe65d81,p-4d60c52a0c64,v-b13a26553f88,,One Size,1,25.71,2026-10-10 16:41:12,False
c-bd6502a269be,s-1d146d3be44d,u-eb805485c9b3,p-dfdbf0724a4a,v-4c0285f9e1c8,,L,1,44.78,2026-10-10 16:43:05,False
c-00d6f39fb48d,s-f07e35ecf8e8,u-57154d437386,p-cd9aed80a2f4,v-fdff154d951b,ord-e5e2ac034a89,XL,1,35.12,2026-10-10 17:19:54,True
c-8e5597a6fbed,s-7374923ad231,u-971befa2fcb5,p-f6078bb565ea,v-52634498e4c4,ord-eea95429b714,One Size,1,19.82,2026-10-10 17:39:45,True
c-348ddf2da102,s-3399df3c49d7,u-6052c22fd3f9,p-133cb97eb8d8,v-dee120564349,,M,1,53.8,2026-10-10 17:46:25,False
c-120ad6599ebb,s-2c77ae4b8f7e,u-9dedb8f3a033,p-6a8af370f84b,v-14ccc44e96cd,ord-031354be40bd,11,2,56.35,2026-10-10 18:16:13,True
c-a94181e2d150,s-537cdb866f8e,u-33fa7498fabe,p-2c43249ff69c,v-1bdec4e45956,ord-4fa3c3038df5,M,1,40.61,2026-10-10 18:22:58,True
c-0a998cf0c9b1,s-f0087f603337,u-80048bbed36b,p-1c3e6ba32b23,v-fdbc36d57dc3,,XL,1,43.91,2026-10-10 18:33:30,False
c-a7c436738dd2,s-f8bd3072d872,u-837b64d43f2f,p-de31c088137a,v-c01f7e8dc730,ord-89e036d92196,XL,1,71.97,2026-10-10 18:44:18,True
c-7f48616acb7f,s-f8bd3072d872,u-837b64d43f2f,p-04f34dd4b281,v-81be430a4092,ord-89e036d92196,S,1,22.91,2026-10-10 18:44:58,True
c-fc7e2e6b9c46,s-06716fcc4f08,u-bfe85045d1fa,p-d401d37afeef,v-37ac63f255a9,,L,1,53.97,2026-10-10 19:00:21,False
c-22f192eb84b2,s-41e78dbfe537,u-b8d7fbdc99cc,p-1cd07d717c48,v-0d23f4a79822,,One Size,1,104.99,2026-10-10 19:04:10,False
c-0c4534c33de2,s-f3e4905fe2e5,u-5a99bb8559be,p-16680e4b5fc4,v-03a7b02e0401,,8,1,62.98,2026-10-10 19:18:54,False
c-685cda67dc68,s-289c42d9aa70,u-bf81c2c79415,p-b79924498082,v-aafd2f70960e,,One Size,1,39.8,2026-10-10 19:24:14,False
c-9e8fa93041fa,s-289c42d9aa70,u-bf81c2c79415,p-cbeb4644a5d2,v-dc9574a7c2a6,,XL,1,32.87,2026-10-10 19:26:00,False
c-00c00da1ddb5,s-c44e9c70ec6e,u-1daaae19693b,p-a1e9998937e2,v-7f651f615696,,L,1,41.44,2026-10-10 19:36:43,False
c-c22847179241,s-c78fc43cfe59,u-5b12645d7dea,p-bf48dbcd8369,v-14532e690ad9,ord-fe65d520f1fc,XS,1,55.05,2026-10-10 19:37:02,True
c-139c9142e03c,s-c78fc43cfe59,u-5b12645d7dea,p-359791c796b9,v-d8e2ece5f038,ord-fe65d520f1fc,8,1,46.69,2026-10-10 19:39:20,True
c-8d6e9f5907a0,s-2367fd9df9d3,u-fc6d682a297d,p-d6e0ba2b3cf1,v-5c1a4e9f94fd,ord-182fa70db2bd,S,1,38.35,2026-10-10 19:41:03,True
c-d49a0280be2c,s-66b7582394ae,u-5eecb86075da,p-f10bb3a57be0,v-90068f15aa15,,S,1,33.02,2026-10-10 19:50:21,False
c-12e75d1493a7,s-e167992a92f5,u-9b6944abaee2,p-8ead55978165,v-e74e1a0d536b,,S,1,72.83,2026-10-10 20:02:10,False
c-8a8946ecdf33,s-050bf61b01c5,u-aef8e2d2b338,p-3e61dd56fa9f,v-7b838ab1e76a,,One Size,1,52.93,2026-10-10 20:12:37,False
c-33eb72c58594,s-ac13938f3257,u-6a0e9fb08b9a,p-56d24bba0a73,v-372ad1967550,,S,1,112.91,2026-10-10 21:05:42,False
c-e58e471af9f8,s-f94b5c6f698d,u-0cac3a107d3e,p-760bb7e89043,v-a374d2bc50f0,,S,1,42.05,2026-10-10 21:11:57,False
c-902429eece73,s-52d72bfd2792,u-174ed2e8ee9c,p-0390992dfbcc,v-88344e298901,,XL,1,37.45,2026-10-10 21:16:30,False
c-44178340bf37,s-52d72bfd2792,u-174ed2e8ee9c,p-1adf07a88a4d,v-6d75691abb06,,XL,1,66.89,2026-10-10 21:18:01,False
c-0affc8b2a568,s-52d72bfd2792,u-174ed2e8ee9c,p-90c6661528cc,v-019d95f0d2ed,,XS,1,43.76,2026-10-10 21:20:04,False
c-5d4d8cdbb1af,s-44dbccc289ab,u-3de9985a608c,p-96308537609a,v-35f726671913,,XL,1,37.38,2026-10-10 21:28:27,False
c-453206dd58af,s-337e2fb4dc2f,u-58675f815b0e,p-5c8bb15b8d80,v-a75fb6bc9d98,,6,1,93.86,2026-10-10 21:30:40,False
c-81b84a927f4c,s-49de99cc2f3a,u-3f7871466284,p-77539439f866,v-53a71f0445ca,,XXL,1,29.15,2026-10-10 21:35:17,False
c-f7df3d8b540e,s-07ce59c9550a,u-d543330a107a,p-e307b73a3f10,v-b5c353b1dcda,ord-1cdea5aeb3f6,10,1,71.71,2026-10-10 21:53:17,True
c-6220d5e479a2,s-1dad565d5b69,u-401bf32ef0ad,p-bf9915c4ef4b,v-48da489c4782,ord-0293e00a4474,XL,1,44.63,2026-10-10 22:10:50,True
c-9227782b902f,s-0e83fe73f909,u-f20226e1a0b8,p-d7a95dcae9d7,v-fedf580fbd95,ord-73e0fa6a71ff,XXL,1,25.46,2026-10-10 22:17:20,True
c-6a66e366feb9,s-fc65d93ce3c7,u-d587cfd243c9,p-e8bb932b349e,v-305bf72255ee,ord-25812a19a0ab,XL,1,33.67,2026-10-10 22:24:53,True
c-0ddacf281a6b,s-d02713bd8a3b,u-8b17d4f49211,p-0f55382f198a,v-734e4f830994,,L,1,47.06,2026-10-10 22:32:45,False
c-76dd64506877,s-498cf2a9ab8d,u-375cbafcdf6e,p-aa8fd77dd49c,v-41b35229f33b,,9,1,61.15,2026-10-10 22:33:43,False
c-5d594b7fadb6,s-eb95cd500ba3,u-dfba995b42fd,p-64de9c7bc568,v-87eac09be61d,,L,1,55.1,2026-10-10 22:42:21,False
c-f308d8bb76e8,s-eb95cd500ba3,u-dfba995b42fd,p-b2a3645e0b76,v-7fee4bc98064,,L,2,34.05,2026-10-10 22:43:16,False
c-10bd84ced259,s-8f44ae7fcede,u-40a1afaf2dea,p-d7568994dc7a,v-6ad8174d2050,,L,1,46.87,2026-10-10 22:43:57,False
c-596607e4b6bf,s-d9a013ec0bcd,u-d7fd4d90bf8b,p-1fa923dd8f7f,v-d615bbd717a7,ord-57e140d0c026,S,1,72.5,2026-10-10 22:46:40,True
c-8f3b119b5498,s-54a59fe66389,u-537e218194a4,p-735437eaa8f4,v-20b66d21c1ad,ord-36385c191d1c,M,1,49.55,2026-10-10 22:49:57,True
c-8dd1e62d58ea,s-0e6400fb52d6,u-aaa59265177f,p-5bd75779ffa7,v-a3cb82854f8b,,L,1,55.25,2026-10-10 23:07:56,False
c-f25148efae27,s-9881c1f46a0a,u-4f87093af297,p-fa9435a40128,v-134b31a3fb87,,L,1,51.6,2026-10-10 23:11:25,False
c-b991d2d2da58,s-d684b01f4d16,u-a3636e3ab2db,p-34ac1ff752e2,v-78ba9de84346,,XS,1,96.66,2026-10-10 23:13:51,False
c-18b970eabf33,s-cdca3a22e82e,u-e0a4e1dd56d3,p-f8de2716ffdd,v-1681c3c97152,,M,1,30.34,2026-10-10 23:25:06,False
c-cfd8560e3a64,s-5cca0a232aae,u-bbee1a8d06ea,p-a30b57442693,v-b2d5dfac669d,,S,1,98.87,2026-10-10 23:28:03,False
c-dc4febdce5eb,s-e7e82f138122,u-54aa087eb101,p-5a5a370942c3,v-dc59d31a6ead,,L,1,33.84,2026-10-10 23:32:28,False
c-c0e3a0c71543,s-c97c7c654f6b,u-1809ca975043,p-e836a46f67a5,v-11be3d69ad7f,,L,1,60.27,2026-10-10 23:39:32,False
c-916eaf2a25d4,s-961e32a434f6,u-ea5fa512e7dc,p-37a25fddc192,v-aecfc55b43d8,,10,1,86.47,2026-10-11 00:16:46,False
c-ed15af045496,s-961e32a434f6,u-ea5fa512e7dc,p-58d1940f8ad1,v-1a45738f9ee4,,XXL,1,47.29,2026-10-11 00:17:35,False
c-85d142c78b58,s-961e32a434f6,u-ea5fa512e7dc,p-ea0d17067ac5,v-699df6dae9f3,,6,1,55.27,2026-10-11 00:17:49,False
c-98b9d74477ee,s-d97ade74da48,u-204178294940,p-ee2e68509020,v-ce83be9e5467,,XS,1,44.3,2026-10-11 00:18:23,False
c-5439696463ad,s-5591de17f5d7,u-248a24944e95,p-2b8e931b1f38,v-5e95b513ed99,,One Size,1,65.74,2026-10-11 00:29:24,False
c-90962afa4df1,s-da517a3aedf4,u-338caf1c82d5,p-8e50d7ba5214,v-62892f874a3f,ord-866b51297dc0,S,1,32.4,2026-10-11 00:32:58,True
c-64be6d685187,s-ad13d76c686b,u-ac017c360818,p-f6883b6407a9,v-d073638e367c,,M,1,50.01,2026-10-11 00:48:56,False
c-f2fbb64fd941,s-e1ff2e011152,u-64942c77ed74,p-dfdbf0724a4a,v-9fba4ca52255,,XXL,1,44.78,2026-10-11 01:03:26,False
c-466bbb0606d1,s-1b599e5abbd6,u-ea86ccbd6cc3,p-08ccad08d3e3,v-0fe2aa4876dd,,8,1,147.86,2026-10-11 01:04:12,False
c-9095cc0f215a,s-5b3213f1f1f6,u-8d14dd8d0abb,p-f969d4418049,v-fc854fe5148a,,XL,1,51.95,2026-10-11 01:08:57,False
c-013c7cda3168,s-f04fde10acb0,u-7b8105ee53eb,p-eede996438b6,v-3099b744562a,,One Size,1,39.38,2026-10-11 01:10:38,False
c-10acead14692,s-36bf34f6967a,u-333fd3e243e8,p-88da2cd0834b,v-ca069fc33001,ord-49851099a27d,S,1,36.62,2026-10-11 01:15:18,True
c-40667649f3a3,s-1f430f6af08a,u-440606649ca7,p-c74034bdf85e,v-dba69eecffa0,ord-1c7c6796fcc5,XL,1,36.58,2026-10-11 01:24:35,True
c-b78045ad6539,s-5c6eef3a129a,u-4de17bd14497,p-ba1bbbe72547,v-247c4f8e9b20,,XL,1,60.24,2026-10-11 01:38:59,False
c-bcecffc8d1e7,s-c1d68fabd9c8,u-64d06e9c5cdc,p-8ead55978165,v-c0f5adf1ee71,,L,1,72.83,2026-10-11 01:39:42,False
c-47bf7e07aaa7,s-869f5021f3f5,u-08dc24c0e264,p-dd29b201ad93,v-4a9ae81a4652,,XL,1,34.57,2026-10-11 01:41:41,False
c-c1ccaa0577c5,s-ae5f407ba71d,u-16f9f6be9569,p-82e5a22421f6,v-980feebef94c,,M,1,53.98,2026-10-11 02:03:53,False
c-2bbc77caded0,s-e1b44dd0d230,u-008ea843353b,p-e65964908012,v-20005473435a,ord-0cd3d7584278,L,1,43.03,2026-10-11 02:05:52,True
c-2c91e9566a26,s-1402924e3516,u-c0f1efc4fa6a,p-2d9112c177e2,v-2b8b0b6cce1a,ord-95dafa8d2e91,XL,1,84.18,2026-10-11 02:07:58,True
c-7a66ee881d0e,s-1402924e3516,u-c0f1efc4fa6a,p-ed4ac3c90d78,v-e0a346ee24a9,ord-95dafa8d2e91,L,1,42.1,2026-10-11 02:08:42,True
c-97268e21bd9b,s-84c783610dc7,u-bbb087273d29,p-c0315573902d,v-3881f4515c81,,XS,1,72.79,2026-10-11 02:09:55,False
c-2321858cfa5f,s-6624f4451306,u-5708ecb98cef,p-dad82f0e4b87,v-49eb0f838fde,ord-9ad2302a465b,XL,1,50.16,2026-10-11 02:18:53,True
c-a1c4034230f5,s-8542e433a514,u-f9824ff16e6d,p-e0dc60d0dd7f,v-b75c5508e07e,,6,1,70.25,2026-10-11 02:32:41,False
c-8731224ee7ad,s-2f4c8581cee6,u-dc3ad021e6f8,p-08ccad08d3e3,v-26581cbdc90a,ord-d33ea29debf6,10,1,147.86,2026-10-11 02:49:19,True
c-02442c77c9a3,s-eaaf9d8b08c1,u-4feeab50e051,p-284596cdedc9,v-a6a61ee323a0,ord-89b446164674,10,2,83.73,2026-10-11 02:54:39,True
c-86115108163f,s-eaaf9d8b08c1,u-4feeab50e051,p-b83c6142a2ce,v-e06e187dfd9d,ord-89b446164674,M,1,103.42,2026-10-11 02:54:49,True
c-d623b0b46e93,s-071d055f9422,u-252435d25f53,p-02c6dae3bfd8,v-f216fc6f6381,,XXL,1,33.64,2026-10-11 03:04:11,False
c-3d20e1ccb707,s-494f09e448ae,u-81eb26f871a6,p-877e5322e204,v-a9d38626ff4a,,XL,1,42.94,2026-10-11 03:12:56,False
c-0dc046ab7c05,s-5a8a1280c1fd,u-9802043843cd,p-7acfcbbb64c6,v-a43333d3f9cb,,M,1,69.95,2026-10-11 03:38:53,False
c-ba3a28161117,s-99eec682cc7d,u-fb2cfe24a0c8,p-5e077142c6d6,v-226f18b2abdb,,XXL,1,25.71,2026-10-11 03:43:18,False
c-84702c1badb0,s-ea3182572d0a,u-5e9982c5f9fa,p-e68be0178846,v-8fbb864829e7,ord-ca106599a9a3,XXL,1,24.06,2026-10-11 03:51:09,True
c-aac74e1f9a99,s-ef8292b69104,u-1949122472dc,p-6be092c61912,v-08844537b1a1,,11,1,75.87,2026-10-11 03:56:14,False
c-534e47dc9f0a,s-ef8292b69104,u-1949122472dc,p-5c83a811708b,v-257fed0013f0,,8,1,103.61,2026-10-11 03:59:07,False
c-4100c800cb3e,s-6a859d651af3,u-7a8ec7152100,p-b44217173b98,v-608a4e09696b,,S,1,36.5,2026-10-11 04:12:52,False
c-0512f3d9b402,s-f784364c950b,u-5e4b6f0a2c4f,p-7d48ea4855b8,v-08a15a148b25,,XL,1,52.57,2026-10-11 04:25:48,False
c-40f18bb10feb,s-2355547c8154,u-339225689f8a,p-a69300b85fa7,v-4df3ec9f76f7,ord-4e2c65ffbbe7,M,1,53.33,2026-10-11 05:01:18,True
c-1c6ddfbacb0a,s-e2060d15606f,u-fa6fa6e0922f,p-26c2ae1821d6,v-36962465378a,ord-318aa669d804,9,1,75.28,2026-10-11 05:21:30,True
c-9f1c073fa6de,s-7e3c99882ed4,u-791d47cdd0c1,p-58a1e2cebc25,v-cf67c17a533d,ord-7d9aa5ea740c,XS,1,43.87,2026-10-11 05:31:52,True
c-8162c49607d1,s-1fc9c0406e4a,u-fbcfe588e70b,p-43b6090e4f63,v-e086098ba4c0,,7,2,87.06,2026-10-11 05:41:26,False
c-6bff5c4fbffc,s-1fc9c0406e4a,u-fbcfe588e70b,p-670b70b22ff8,v-61c99c63cd0b,,M,1,41.98,2026-10-11 05:42:20,False
c-7a3254edffc9,s-1fc9c0406e4a,u-fbcfe588e70b,p-4e5f4f3c881e,v-15ee408e02b6,,XXL,1,80.66,2026-10-11 05:43:55,False
c-48696af35e5b,s-1fc9c0406e4a,u-fbcfe588e70b,p-89d8ba853aaf,v-6cbeff6962be,,M,1,29.07,2026-10-11 05:44:37,False
c-50186886b309,s-64d765eaac32,u-56e9e0381a40,p-d6b6fcc1e8fa,v-c55aca79b985,,XXL,1,62.87,2026-10-11 06:00:52,False
c-9fd0d3a038dc,s-6dc0141e5f54,u-efdc87662ae8,p-6ae741a4dceb,v-e58656cddcec,,XL,1,85.32,2026-10-11 06:06:52,False
c-6f311d52cc42,s-47dbce11909d,u-433e8dc41266,p-f4008b82dc1c,v-ff8481051b75,,9,1,91.71,2026-10-11 06:09:58,False
c-a80c40e0316d,s-fc7081fc055a,u-064ce731fba0,p-fb40cb39b90b,v-229803950bac,ord-93363920b127,M,1,49.31,2026-10-11 06:16:43,True
c-a165a514dcf8,s-dec477875274,u-00bb799305db,p-2f751aaef68d,v-a2ac09cb86e8,,L,1,83.98,2026-10-11 06:47:08,False
c-a52fb08d4ebc,s-922b6c3bef09,u-da354b3adc2f,p-d0ebbd8f2c23,v-11b79d19669c,ord-3d3ceb80f9d7,M,1,35.35,2026-10-11 06:48:58,True
c-46c2b7f0619e,s-c04b17a511ab,u-dfea6d34e0fd,p-430d42731bdb,v-23019398dae4,ord-807b5d97444a,XXL,1,38.19,2026-10-11 07:11:32,True
c-b3041f8167fa,s-c04b17a511ab,u-dfea6d34e0fd,p-513360c59966,v-221b73399dcc,ord-807b5d97444a,S,1,55.52,2026-10-11 07:12:25,True
c-1b97e4ebf70e,s-af1269c47181,u-ffa28cfd661f,p-f6b1ad82eda2,v-ec1377358752,ord-7cf07ae93a73,S,2,45.76,2026-10-11 07:22:15,True
c-e8b2a07902bf,s-4e60af62d0ab,u-845fe67326c4,p-e65964908012,v-5ddb22b5cad1,,M,1,43.03,2026-10-11 07:40:28,False
c-365e05c1851b,s-3f0701c97653,u-77384f4d168c,p-8e50d7ba5214,v-81d4e042198b,,XL,1,32.4,2026-10-11 07:53:10,False
c-2175e9d78f63,s-4a9a9024aed5,u-c5e2e128a201,p-3862b24fcaf1,v-4c51e18a3135,ord-955e2cd814dd,One Size,1,64.09,2026-10-11 07:55:56,True
c-0eefd105aaf7,s-e1426476ce2d,u-691c18384cb8,p-c162d7d85728,v-25faf0cb6e00,ord-71f8b8f74ae5,L,1,33.86,2026-10-11 08:09:32,True
c-a69862d7aab3,s-d6a78963565c,u-5e05b0e6dec9,p-f4c36e5dbfac,v-d3b6d18302e1,,XL,1,63.42,2026-10-11 08:10:27,False
c-9240a7890a49,s-61ea6241cbfd,u-e17fecc05d4d,p-266a89b94259,v-f3226061a0e3,ord-7bb5f0e70b78,S,1,69.31,2026-10-11 08:11:03,True
c-02d267cecc78,s-d6a78963565c,u-5e05b0e6dec9,p-20280bcdb1bb,v-77830d4cfc06,,6,1,70.58,2026-10-11 08:13:06,False
c-0f4fef71ca18,s-6a87913443b4,u-f133be099395,p-ec6683f0dabf,v-4dad5247bb27,ord-72ac204931e2,M,1,50.19,2026-10-11 08:22:55,True
c-9a9fd390220d,s-6a87913443b4,u-f133be099395,p-36101b249a99,v-8e1067e264cd,ord-72ac204931e2,M,1,37.68,2026-10-11 08:23:37,True
c-bc33ae0dc8b1,s-31ac5eb4cadc,u-f0c4ee77d3d7,p-b51be3a1c974,v-0468e91eaf95,,L,1,36.89,2026-10-11 08:25:02,False
c-816e053108ff,s-f024ca9312ec,u-200ac44e4dd1,p-b66e5f0d4761,v-d2ea6445094d,,L,1,21.37,2026-10-11 08:25:44,False
c-5717c2ed2db6,s-1dc3a5807475,u-db2f0003caf0,p-b3c4aecb0e78,v-115ab027b9a3,,One Size,1,75.68,2026-10-11 08:42:12,False
c-91983479412c,s-0d1bf57df83e,u-c44fae8a89a3,p-a09781a1c7da,v-6ef1a188e96d,,S,2,48.82,2026-10-11 08:47:20,False
c-7331cef9da83,s-b781872a0585,u-13bff40c19b0,p-72c7f10f2193,v-5beb3a969f48,ord-c01d8ee4e5e1,L,2,29.1,2026-10-11 09:08:10,True
c-bdbddaf99016,s-d8614de9ba9f,u-28aa26b115eb,p-d2a3ee5d6281,v-a545324d4278,,8,1,103.81,2026-10-11 09:28:30,False
c-9156dfa35019,s-3b376a80e5ee,u-85aa493d6b16,p-18831a764f6b,v-44031f42eba6,,XL,1,47.66,2026-10-11 09:42:10,False
c-10b6351ee16f,s-19ba5eb02192,u-a6f711e9debd,p-4085b41d32ca,v-11af8cd5c9bc,,S,1,41.73,2026-10-11 09:53:54,False
c-6123319f81aa,s-8f20a8ecd51e,u-ab172406f061,p-fa047ef74a7a,v-64723ec922c2,,XL,1,46.99,2026-10-11 10:13:22,False
c-5b6c4a4aea00,s-7fb6bfd49eaf,u-46ed4a40f8f3,p-99de8910c53e,v-50b633ec22c9,,S,1,70.16,2026-10-11 10:27:44,False
c-6040d583f072,s-c3c4d22e8962,u-f0e32724ca5f,p-d776ea014330,v-18c61467f2f4,,6,1,107.62,2026-10-11 10:57:55,False
c-185d57c22ef6,s-fef07abadf7c,u-0815c49610dc,p-40b685e950bf,v-fc0a5ebd8021,ord-9bdff018787a,One Size,2,40.34,2026-10-11 11:00:29,True
c-c1bf05a971d0,s-50ca7e06cb46,u-7074793f8f44,p-5e354c0d5432,v-5557ca0238df,,One Size,1,55.53,2026-10-11 11:01:25,False
c-2c83ec7558b7,s-5236c87b2196,u-a56dc50eff7a,p-7a9259059eb9,v-6e1230dcc770,,XL,1,71.01,2026-10-11 11:01:51,False
c-ed35fa7afc3c,s-1b60f61a4fed,u-5e3f39a9ecb3,p-9eb4e749889d,v-dba7ded13679,ord-19939fc719e4,L,1,71.25,2026-10-11 11:19:06,True
c-8477eeb01fce,s-2dc34b692ce1,u-1f78b6c5bf92,p-4f05571e5219,v-8e6af912d383,,S,1,41.98,2026-10-11 11:24:47,False
c-efed8063b1c9,s-afe10f556df0,u-dcb55f6f9aff,p-9b98efa9ede7,v-b71eda8391f3,ord-6c938e30977b,M,2,80.3,2026-10-11 11:41:25,True
c-091f40c4eca6,s-880e5b6491ae,u-fc5a37721a39,p-f27868387997,v-d9bae74a1422,ord-81f5569bc79c,11,1,148.8,2026-10-11 11:55:11,True
c-0e12366efc0f,s-7df293e86cb3,u-a22ec607e220,p-e68b406c6948,v-1eacc7973358,,One Size,1,83.45,2026-10-11 12:02:03,False
c-0908a403be37,s-5954c53de316,u-92cab18881fc,p-21d4d7d48c86,v-15e39586128a,,XXL,1,47.12,2026-10-11 12:02:38,False
c-7ef885ea158f,s-c4dee8f0c631,u-efc8d259b9d7,p-07d21966a89c,v-f1a64aef52e2,,XL,1,53.76,2026-10-11 12:07:20,False
c-25be3a667d49,s-8f1b976de9c4,u-adb3ccf13db2,p-02927b25cb41,v-aae920ae0e25,,XL,1,56.55,2026-10-11 12:24:10,False
c-2e5d3fd6f2ab,s-8022d0ccad16,u-d6adfa4ae723,p-adb0d6a94a5a,v-f74ce7911a84,ord-d07d7aa40fb4,L,1,50.21,2026-10-11 12:37:29,True
c-e847438653b3,s-f98d6e1cacf1,u-31022b2d0ca8,p-2c43249ff69c,v-bf108bfd0d02,ord-7bc7a1b28ad9,XXL,1,40.61,2026-10-11 12:49:28,True
c-04d95659fd20,s-b544ba83cfa1,u-5d8f961bf353,p-a85ae0c9982b,v-f485fe7d6c5b,ord-97bacc9a4db3,S,1,77.83,2026-10-11 13:41:36,True
c-1761ce8f9908,s-55d64a789ee9,u-a13065c90d2f,p-beeb8a0eb2b2,v-8d689589b777,ord-f3adbe44688c,XXL,1,33.67,2026-10-11 13:43:24,True
c-bc90a0fd6ce9,s-8ff6fadcdaa0,u-aaa3c0deb6aa,p-b8a7b39d0aa6,v-a8874cbc389c,,9,2,57.7,2026-10-11 14:07:22,False
c-bc0edad24de4,s-7d1ab3dc033d,u-b7812f5e9915,p-b607025f8386,v-5e19b3859e68,,XL,1,79.28,2026-10-11 14:15:35,False
c-91c243a9c0fd,s-3549e7dd44b8,u-417db37f0803,p-5e573a183823,v-20b6b42bcca6,ord-11f3b7dc68c1,L,2,54.77,2026-10-11 14:23:05,True
c-f41a80228562,s-2471f25e0064,u-60b4ef977d8e,p-fd5e47a00908,v-d1e106312284,ord-11d5efa40fc6,11,1,36.59,2026-10-11 14:26:12,True
c-3218df398231,s-2471f25e0064,u-60b4ef977d8e,p-1be80bc83ece,v-1f7f1062a52a,ord-11d5efa40fc6,L,1,67.33,2026-10-11 14:27:34,True
c-4332c5be3918,s-15cdd26b6fa7,u-1edd02c5fa8e,p-452b38072947,v-e3808d417fa4,,One Size,1,43.29,2026-10-11 14:31:36,False
c-f25c794218f8,s-275835da76df,u-5fcba96db89b,p-6ae741a4dceb,v-4c05a7e1bde0,ord-a79737965718,L,2,85.32,2026-10-11 14:43:38,True
c-8ac27c05a2fd,s-f335b9b89090,u-d3d30af0df40,p-538c0ac0c657,v-d02db970fb95,ord-526f3f44baac,7,1,61.01,2026-10-11 15:04:22,True
c-da251408b75d,s-7f8661c053c1,u-3b9dbea27109,p-d660e4723d1d,v-13a3c7982af1,,One Size,1,24.7,2026-10-11 15:05:05,False
c-090fcb883706,s-c7ce7d5da833,u-5ad8eb36bf4e,p-4fbd9539bd6b,v-d009b2ebfd23,ord-941d884ca9b5,XS,1,60.95,2026-10-11 15:13:58,True
c-84aec29605fe,s-5829ceda1868,u-7f549aeed4ec,p-21e629210114,v-ec0a611aeabd,ord-deffdcf832f3,7,1,46.29,2026-10-11 15:44:07,True
c-f9a9da15989e,s-1505c381c3e2,u-a85513e86786,p-7100d85bc108,v-4903925bc5bc,,S,1,32.96,2026-10-11 15:44:33,False
c-bba3559907f8,s-6d743b1233a7,u-5708ecb98cef,p-fed28b28cb9d,v-50c20250d5cf,ord-162d8426af2d,XL,1,123.73,2026-10-11 15:46:19,True
c-822f21be8177,s-d23e2bdbcdd2,u-9d1e9092fa1f,p-f1cd7b85298c,v-83fd265eb933,,M,1,17.8,2026-10-11 15:54:57,False
c-d9ee89f2c55e,s-91ede21fc5ba,u-7def89983459,p-3cefa39bc7cc,v-83832de81162,ord-4d682317fd75,M,1,66.51,2026-10-11 16:26:48,True
c-0b41c3060379,s-fdaf0fb40b53,u-c45b0104e777,p-72f4ba7dd057,v-d35b7ea116ef,ord-eae871a84650,M,1,73.23,2026-10-11 16:39:47,True
c-8da1d8d26742,s-4298184eada1,u-06a8b0a12fe0,p-3e3d78193945,v-70db52b2969d,ord-3595445f97a7,One Size,1,92.53,2026-10-11 16:56:18,True
c-f84cd033324f,s-d2683c703278,u-b15cee34d352,p-88ba81a33174,v-3f80bc2c7731,ord-50dfe4356971,11,1,63.37,2026-10-11 17:19:37,True
c-78ef98a34376,s-5da2cfcf82f2,u-198ff60ebdb5,p-4f51d75079bc,v-1bb9f302dbae,ord-f6008d170bd1,L,1,73.37,2026-10-11 17:21:04,True
c-13adff0a0bae,s-d2683c703278,u-b15cee34d352,p-ee318ec74db4,v-2f9c1341d073,ord-50dfe4356971,XS,1,38.01,2026-10-11 17:21:20,True
c-cf60d463aef2,s-5da2cfcf82f2,u-198ff60ebdb5,p-cf720ea3ad1f,v-9d1af0056906,ord-f6008d170bd1,M,1,95.27,2026-10-11 17:21:47,True
c-9abd5f893231,s-31d0c930411e,u-634e596d9331,p-3c884a804d27,v-71317f544dee,,One Size,1,70.98,2026-10-11 17:23:02,False
c-23286b5b7622,s-f0eb412d6405,u-8eeb34ed8716,p-7a557ff146df,v-8af82de5b5e2,ord-49ac165c4f2f,M,1,44.41,2026-10-11 17:56:51,True
c-d6d178a7e34a,s-766d579cf85e,u-cc40355967a5,p-4e5f4f3c881e,v-11ee38518c7e,ord-da0f13886dc9,L,1,80.66,2026-10-11 18:04:47,True
c-e647591fe1e4,s-766d579cf85e,u-cc40355967a5,p-6095d37b40b4,v-1781427b0690,ord-da0f13886dc9,S,1,44.58,2026-10-11 18:05:13,True
c-6cc3f7c25aca,s-c00f068a55ce,u-d0019a74adc3,p-36101b249a99,v-9b17359e462a,,L,1,37.68,2026-10-11 18:11:15,False
c-889d6454b8dc,s-fa9bf4cba77f,u-2826cf4df9fd,p-890121ca97e8,v-3d7eb13c4952,,XL,1,122.69,2026-10-11 18:11:43,False
c-d3088a71f213,s-82c5541f906f,u-ea93605d98aa,p-1fd0fd8f102d,v-3fa1d9adfb58,ord-cc1b0344cd75,XL,1,46.31,2026-10-11 18:17:59,True
c-32b8a867e2ab,s-dbd350bec7c8,u-ef8a91939adc,p-11dc4a6d3fca,v-39c89e08bd6e,ord-64708ba68449,L,1,62.87,2026-10-11 18:25:02,True
c-8f824b7464a3,s-9d1628eaae26,u-4664f9933519,p-b584ef4da333,v-6850deaeef56,ord-f7eb2898dfae,L,1,74.45,2026-10-11 18:31:39,True
c-467eb4bcaf94,s-88c9bf990da9,u-69e27e5b0608,p-3ead8c62aca2,v-5e373de1a221,,XS,1,48.69,2026-10-11 18:38:47,False
c-bbbfa51a2d0f,s-d3fbc95cb6fe,u-0d436631e6ab,p-245d38ba1e94,v-272f22245ec3,,7,1,54.12,2026-10-11 18:46:55,False
c-8a9bf04d93c9,s-56dc1086fc38,u-0d876c9e38a8,p-434a1c832a8a,v-601b355e15cc,,8,1,53.05,2026-10-11 18:56:58,False
c-57a6e4410973,s-a1ebacb8de65,u-fc9a75826eb7,p-58a1e2cebc25,v-d782ce04451c,,XL,2,43.87,2026-10-11 19:02:26,False
c-29d45e72f07e,s-a1ebacb8de65,u-fc9a75826eb7,p-95d0f8b7ddef,v-ea61dda910bf,,9,1,131.98,2026-10-11 19:03:03,False
c-6e676b5b9ad4,s-cb9ece6c8664,u-1e26afad43c2,p-ba1bbbe72547,v-e3d86e532eac,ord-828fcea5539d,S,1,60.24,2026-10-11 19:29:01,True
c-3b6804d72075,s-8e27ed9f24b7,u-e08d71c64b66,p-d84bd4e8729f,v-5d475de2e8d4,ord-d09a18881dc3,One Size,1,65.25,2026-10-11 19:31:25,True
c-b2d815f67ec4,s-0369641d2721,u-13cf871d6902,p-a64ec584e2ab,v-45599ca233e1,,XXL,1,66.34,2026-10-11 19:39:45,False
c-8f987a52870d,s-0369641d2721,u-13cf871d6902,p-bc2625482332,v-048f5a04361d,,6,1,81.56,2026-10-11 19:41:37,False
c-c694fa92cb51,s-10cb7e7068a3,u-aa05fc28c912,p-877e5322e204,v-6ab1fa87b44f,,L,1,42.94,2026-10-11 19:42:05,False
c-91d556c3047d,s-31cc00a99152,u-f66e6b6c84d7,p-4f51d75079bc,v-92e84ead1018,ord-978b0ea6117a,L,1,73.37,2026-10-11 20:11:48,True
c-c1d1b6e9199e,s-8fefaa7ff068,u-f3e047e17518,p-8493fde57fa9,v-87ede5c06f22,ord-ad3bd4521323,S,2,31.88,2026-10-11 20:12:21,True
c-2b964ffc299b,s-8fefaa7ff068,u-f3e047e17518,p-0f6b99d8b4ae,v-ba20992f6aba,ord-ad3bd4521323,XL,1,76.49,2026-10-11 20:16:55,True
c-8eacda19d925,s-2d786719f78a,u-06d17bcf68c6,p-01a702499b62,v-b0fdcc724a8a,,One Size,1,33.13,2026-10-11 20:31:22,False
c-871336150f49,s-5ef07109ba47,u-533c6ce230cd,p-192469735051,v-8d4bbd6e7b8c,ord-94b81957be59,M,1,54.25,2026-10-11 20:36:48,True
c-ae1da3b85f9f,s-0156723c8bd5,u-04c36e2a05f1,p-a1ab09beb7f9,v-180ae3a15b70,,7,1,43.05,2026-10-11 20:56:30,False
c-0a9c427e7f8b,s-0156723c8bd5,u-04c36e2a05f1,p-fea2fa77cfc0,v-adad62e56d28,,M,1,54.19,2026-10-11 20:57:22,False
c-2ed3c973af97,s-8dc0fb74015d,u-0684b396b4a0,p-37bfb063098f,v-2721b665aa00,ord-54c85fd612da,XS,1,49.84,2026-10-11 22:02:18,True
c-ed36acb96b73,s-a83800bf8689,u-c337036f3b63,p-7240f286a853,v-f506fd8b3790,,S,1,33.8,2026-10-11 22:08:17,False
c-1f269dff6e2a,s-b04f83c7c8fe,u-99d64c647f7a,p-2e053a9ef55c,v-b3f4a3216a69,ord-fd1c869aa079,One Size,1,38.95,2026-10-11 22:19:55,True
c-c40984d3c36b,s-7fdcaf8fae6f,u-078ca22b556e,p-e7e52e0f2d55,v-90188582a6dc,,11,1,65.09,2026-10-11 22:35:42,False
c-07a3b34243d1,s-8b1d13dab9b2,u-52482097e9a8,p-6a367bfb9811,v-7187367d457e,,XL,2,59.32,2026-10-11 23:31:53,False
c-7a1f71587f9d,s-e3017b6f2ea0,u-989236d56c34,p-1cb5cde3ad3d,v-2a7d5957eae3,,M,2,51.88,2026-10-11 23:58:59,False
c-c2f017438193,s-44a1bd16d03a,u-9fa80342af22,p-3e4e501a0c6e,v-9ff93c6f5a40,,XXL,1,38.6,2026-10-12 00:02:25,False
c-bb90d57ca8d4,s-422a9183e35a,u-3ff810d126ed,p-e7e52e0f2d55,v-b5e1886fe09a,ord-cb793cc4f154,6,1,65.09,2026-10-12 00:02:58,True
c-167a904a5267,s-b020878aa503,u-8de278a37bd2,p-70315f2c0057,v-48ae6fbf69dc,,M,1,42.67,2026-10-12 00:40:59,False
c-fbd1e26a165a,s-90c02840ef5f,u-8b77db9a65dd,p-54173e2d59cb,v-46d729092dd6,ord-878aa9cfd6a3,M,1,60.23,2026-10-12 00:55:03,True
c-da5005b8d474,s-fe937d4920e6,u-b4a76681ca6b,p-0dbf9451d1d1,v-1aee8c8e5710,,One Size,1,83.05,2026-10-12 01:30:10,False
c-25d30c1c533b,s-efcf8c42517f,u-3c5ef91a84cb,p-80d9b21abdbb,v-b1818142989c,ord-10b152166f40,7,1,84.34,2026-10-12 01:57:33,True
c-eac21f2c89c4,s-87f6208c8aa0,u-01d82cf9d32b,p-5d3edd1052cb,v-bc8b73a5b9a3,,XXL,1,27.41,2026-10-12 02:54:41,False
c-7557fa0d6220,s-54d1af0ca13e,u-d263dd608f2e,p-f87f3f31df5a,v-51cbee4e6a14,,XS,2,45.91,2026-10-12 02:55:16,False
c-737e1ea6fa13,s-ae5be32332c6,u-448c57adf872,p-4e88217454e3,v-8f2886809482,ord-92300dc03c50,S,1,61.12,2026-10-12 03:49:51,True
c-318c0362b669,s-a36d185ed076,u-7d8d0713f817,p-9fc18e888ed7,v-c49e29ac2f2d,ord-41e337cdf9fa,XS,1,73.43,2026-10-12 04:18:39,True
c-d43d8828f64e,s-017aa7a10b2f,u-4bef2dd17b13,p-2280a8342ce9,v-bf1aacd9b72b,ord-7a421be7c7a4,M,1,62.67,2026-10-12 04:43:24,True
c-5ab8f017b137,s-15ef6511e581,u-954ff5414b2a,p-56f801e9db27,v-5e71dbe0f5aa,ord-27f274bf8e89,M,1,73.25,2026-10-12 05:00:34,True
c-282b68ad2f6c,s-f80bfdb15739,u-c7b2d09f31c0,p-d8cc90536f57,v-df4287ca6906,,One Size,1,39.04,2026-10-12 05:04:49,False
c-0ca32763d717,s-838d58b5f0ca,u-5fc8ad45a7ae,p-9e6ab3b839e1,v-fa8708db3551,,One Size,1,96.4,2026-10-12 05:08:16,False
c-d276722b2e9c,s-c68ea01665e8,u-d93ffd4bccca,p-a28088e47da3,v-010927a86962,ord-e6ab487f2b1c,6,2,91.47,2026-10-12 05:18:25,True
c-a397765b154e,s-d08798d41db6,u-d23d973f9022,p-0359e6b03f8b,v-ee76d672e83f,ord-a19663ad7de7,L,1,17.08,2026-10-12 06:21:02,True
c-5851c01a7b36,s-366282b2d425,u-8b623b193fba,p-556daaf09e6c,v-8dbda7e02e45,,M,1,97.73,2026-10-12 08:01:56,False
c-585d2114b74d,s-5d5df7f82072,u-4a92ea4ae9ec,p-19516ce35ff7,v-044794140c5d,,XL,1,48.33,2026-10-12 08:56:46,False
c-91d61e3abdc3,s-8da1f3a1d0d1,u-a41c3bd7006a,p-835bf94d8a76,v-cd3da5d9090c,,One Size,1,57.95,2026-10-12 09:07:49,False
c-e890e2835bdb,s-c152c8cfe1bd,u-76fcbb9d25dc,p-e141be6b6bb6,v-43ece2381717,,10,1,44.3,2026-10-12 09:36:23,False
c-6874d979aa89,s-0bfaa8ca4585,u-19106d47a685,p-10717a3c63f8,v-1414c750cc3b,,8,1,130.05,2026-10-12 10:10:42,False
c-b85c5057d1c6,s-db06559e49da,u-c2596f3ef424,p-4e2e515c2ad6,v-cf677c7031a0,,XL,1,41.78,2026-10-12 10:11:08,False
c-49dfda7a96dd,s-b87d1e7c5551,u-a4c6614e3bec,p-31bc8d9d431e,v-602be8261c7a,ord-f96c290a85c5,L,1,24.93,2026-10-12 10:18:44,True
c-613dc36bb304,s-15cf6dee2e28,u-8c572ad5987b,p-1be80bc83ece,v-67639b0d918a,,S,2,67.33,2026-10-12 10:20:42,False
c-db3dcef16249,s-10c0055ab1c1,u-7814233ebb6f,p-a25f16dde589,v-62450b08ba37,,S,2,78.46,2026-10-12 10:36:47,False
c-6868d6bfd64e,s-8992dad03c26,u-9bec5f267eb7,p-f4e713a110d6,v-a4d287d5f999,,8,1,104.08,2026-10-12 10:40:22,False
c-18487cba10dc,s-c248c58b88c6,u-9727ea076cc7,p-c162d7d85728,v-d2af65c0c114,,M,1,33.86,2026-10-12 10:49:34,False
c-145fb9e78258,s-82ced33401bf,u-f8063dc74b40,p-c031fdab3a99,v-c9ba37fc60f2,,L,1,59.76,2026-10-12 10:50:51,False
c-0beb73ba5a6e,s-894dfe57e31a,u-d5a8d154bd48,p-fef3c928dae9,v-b1fc6d0dd5b0,,L,1,66.97,2026-10-12 11:10:17,False
c-6512c0f8c600,s-d06dbbfd349c,u-da50f7948710,p-d21a5093c235,v-ed314ebc262b,,S,1,76.75,2026-10-12 11:26:31,False
c-06093e18c71d,s-373d3fc1ce65,u-63e0bee93da2,p-53abd79c8023,v-3fd0ba7a8820,,M,1,48.23,2026-10-12 12:21:09,False
c-b92f06a2d645,s-4e44204964a6,u-2bc2dffe6a83,p-56de52c800bf,v-f5d9d42243bf,ord-b7e94977a375,L,1,45.67,2026-10-12 12:29:03,True
c-c17d782fce7d,s-2781c704fa6d,u-fb6245c0c14b,p-c87dd249a9e4,v-27129cda4424,,XS,1,45.76,2026-10-12 12:32:55,False
c-4ae2d318f642,s-595b10a00c11,u-bf5c171a50dd,p-e1a5676dc6ed,v-10c576d1f1ba,ord-78160efe34dd,S,1,101.57,2026-10-12 12:33:49,True
c-872759e266ea,s-cac314fb44a0,u-61a4ce229010,p-70f485889dd0,v-17852c7e519b,ord-cf4eb0769c4f,8,1,49.51,2026-10-12 12:34:33,True
c-63aae957e581,s-595b10a00c11,u-bf5c171a50dd,p-5639a744c9b9,v-2c01e90b5649,ord-78160efe34dd,S,1,58.93,2026-10-12 12:35:06,True
c-c6650e0c3bd6,s-c61e948cf05b,u-3407d68b1fd5,p-88ea4660c534,v-b4c9556e0c8d,ord-fd20c0472206,L,1,51.89,2026-10-12 12:46:52,True
c-92e8ed3d02a7,s-e426153a101a,u-ba1ffe8ebf29,p-42805c44e2ab,v-8da88b8232ce,,8,1,62.38,2026-10-12 12:52:53,False
c-608f797b4eea,s-555a685d03de,u-c18f9fee4929,p-18647a5bdd8d,v-d9d58a72a435,,11,1,66.81,2026-10-12 12:53:15,False
c-354d022a100b,s-9fc3786a1ee2,u-e902c9242e7d,p-5a5a370942c3,v-a78421dd67b6,,L,1,33.84,2026-10-12 12:55:29,False
c-59f491aa561e,s-e426153a101a,u-ba1ffe8ebf29,p-245d38ba1e94,v-897cf1fa8f41,,11,1,54.12,2026-10-12 12:55:30,False
c-3fd40354cfcb,s-58902876f960,u-54fb1e731c8d,p-14e5049e38d3,v-024152dfc356,ord-cd7d0289d5f1,S,1,20.14,2026-10-12 12:57:22,True
c-e16705760db7,s-a5499902408d,u-a504c8c7440d,p-35abef1ccb9f,v-7673a879522f,,6,1,47.89,2026-10-12 13:13:16,False
c-b768e8380266,s-f8eae8deded9,u-0fab8bea9203,p-6197f22aca17,v-7eaf4bb61e54,,M,1,52.06,2026-10-12 13:34:19,False
c-46eca8594611,s-f8eae8deded9,u-0fab8bea9203,p-6afba8c567e4,v-fb6b62665940,,XL,1,28.21,2026-10-12 13:35:31,False
c-175ff8a71f39,s-6cc5f61f16f7,u-14df998e0390,p-8493fde57fa9,v-16c3d9c67848,ord-d391e66afba9,L,1,31.88,2026-10-12 14:03:45,True
c-d91a1b1bf1b2,s-31341a535268,u-8cf8366c46bc,p-44bdd1dfe5ec,v-6de824183ef9,ord-9b66dec85d13,M,2,46.95,2026-10-12 14:11:20,True
c-313006fe4e6c,s-6b793826ef86,u-461b75b44b1d,p-1aabf9b76068,v-46a9645e49ce,ord-1fa158681b36,XS,1,78.8,2026-10-12 14:19:41,True
c-2b0b9e22a34b,s-d97ebbe71a01,u-162d6671db2a,p-f6e7a298a440,v-d586aa64ed33,,8,1,134.59,2026-10-12 14:28:51,False
c-cda97b74ea5a,s-83fb34cc65af,u-b84482d564fb,p-472b66e95c70,v-01f9e07270e8,ord-a695c063e68c,XL,1,61.32,2026-10-12 14:51:57,True
c-76672ccc3a0e,s-7750bb6ac472,u-404e4292b167,p-00467fe6aa89,v-4f6d9f9fbe19,,11,1,104.31,2026-10-12 15:12:25,False
c-3dbba6aef00e,s-7750bb6ac472,u-404e4292b167,p-bc9a17fc84aa,v-f03d16566f29,,XXL,1,43.45,2026-10-12 15:13:13,False
c-8ba152613beb,s-6025fad0e762,u-84637a632bbd,p-6bcb48db7dcc,v-93ddd7bec8f3,,M,1,54.19,2026-10-12 15:19:31,False
c-aacfcc5b88af,s-0a0851156ab8,u-556ef8366669,p-206c70749a02,v-bf9e4a3e508f,ord-7d47c96bb342,XL,1,55.24,2026-10-12 15:26:48,True
c-801ef84a4bc8,s-56be4f4b5f85,u-dc2482a6e8ef,p-c7fcb5d9d88e,v-7ac3f82988f9,ord-6113f088665f,9,1,67.46,2026-10-12 15:36:59,True
c-1bd2f02043d3,s-4799b9359130,u-36f17ca2ba0f,p-c93cf2ddec0c,v-9bfd01ff8586,,XS,1,81.92,2026-10-12 16:01:34,False
c-9a551e25237d,s-8d7071893fe1,u-d4ff3facf850,p-2c719e358bc2,v-41b008d39da0,,One Size,1,36.72,2026-10-12 16:11:26,False
c-6b111b533bc6,s-5b5225e1e883,u-9ee828f9f8da,p-fb7c95fbe64b,v-2496575bed7a,,S,1,50.48,2026-10-12 16:31:43,False
c-02fa05f7305f,s-83f9f6601dea,u-c0d1dcf564f3,p-e4ebc2da0d8a,v-518d19e49257,,S,1,23.05,2026-10-12 16:41:08,False
c-a41d281af869,s-83f9f6601dea,u-c0d1dcf564f3,p-89eeb4197e75,v-b0a5c8bdaf70,,XL,1,70.99,2026-10-12 16:42:07,False
c-ddac66471edb,s-73f8d99a204b,u-0ea6631409fb,p-8f45393df75d,v-a65c45fe14b0,ord-2e7e47c193bd,S,1,76.37,2026-10-12 16:44:49,True
c-fb7d916eb71a,s-73f8d99a204b,u-0ea6631409fb,p-bf9915c4ef4b,v-0e3644880c01,ord-2e7e47c193bd,XL,1,44.63,2026-10-12 16:46:27,True
c-cd1cef13fa77,s-2ba9e4b80317,u-50fb66b1440a,p-2af279c6b985,v-3c588cfdbbcb,,XXL,1,32.28,2026-10-12 16:47:48,False
c-e0be48afaa76,s-07bb165c2f23,u-b2263a01aaf3,p-b26db3a5724f,v-3b65568d2c04,,XL,1,55.07,2026-10-12 17:06:17,False
c-8c3f0a2bcbbb,s-20f2bd3b6cce,u-b777f6102b2a,p-6fc7b487cc2a,v-0b99b711d4cd,,M,1,59.63,2026-10-12 17:16:24,False
c-488cff2d19f0,s-1f2b85b471e9,u-65a0674485b3,p-d21a5093c235,v-edc91e2f49f7,,S,1,76.75,2026-10-12 17:41:13,False
c-c24f4c01b310,s-1f2b85b471e9,u-65a0674485b3,p-7694533ce399,v-c895669c26c6,,S,1,75.12,2026-10-12 17:41:20,False
c-6a42b547920e,s-1150b9444cae,u-2e92104fd1c7,p-9761886c8bae,v-2ec37b6847b6,,One Size,1,55.01,2026-10-12 17:46:40,False
c-051bc07cc5aa,s-d42cfa7d94b8,u-b17c97fa5c36,p-8493fde57fa9,v-739593ab66f8,,L,1,31.88,2026-10-12 17:56:40,False
c-99cfe5356f03,s-1226b6b2265c,u-9564cec84f65,p-15e0a3beb610,v-b5174ce9a782,,XL,1,33.91,2026-10-12 18:38:21,False
c-9f089f0cb090,s-cb5181c515a2,u-88ffb3019ec8,p-89eeb4197e75,v-7462570c1098,ord-7af7bc539063,XL,1,70.99,2026-10-12 18:42:24,True
c-4b8451a7fb6f,s-48ce3d83f838,u-4feeab50e051,p-e9d3b077e4aa,v-9f8d64922c8b,ord-079d08ba4c9c,XL,1,96.65,2026-10-12 19:06:45,True
c-12d1f9901b15,s-932b5e1b3d37,u-36100b15f074,p-1dfd396785bb,v-69dd63b8520a,ord-ebf93d1073b9,10,1,73.37,2026-10-12 19:06:52,True
c-b735b2d83338,s-48ce3d83f838,u-4feeab50e051,p-42b6df636be3,v-b51914dd37ff,ord-079d08ba4c9c,L,1,79.26,2026-10-12 19:07:23,True
c-54114f8f64ba,s-1e65095ca56b,u-ab50a50f8012,p-218375e3f6d9,v-e508fa50eac7,,9,1,67.88,2026-10-12 19:32:08,False
c-a50038fa988d,s-404b714fb90e,u-cad45ced02c3,p-033cd649d948,v-8a78da37b747,,XL,2,28.14,2026-10-12 19:48:04,False
c-c2ef87afe0ea,s-ef698570b8b6,u-939d5393ae7e,p-1db2e3f66d18,v-6dc75d5b0d84,,XXL,1,52.04,2026-10-12 20:44:17,False
c-9e324544472e,s-53cb4e795c81,u-f142002236f0,p-38016f7fa667,v-930ed28de848,,XL,1,42.7,2026-10-12 20:53:09,False
c-7936c5cfa2ea,s-dd786dce3f19,u-c4f45b8290db,p-b44217173b98,v-7afd13481da6,,L,1,36.5,2026-10-12 20:55:03,False
c-b8f012370a80,s-dd786dce3f19,u-c4f45b8290db,p-f8660e638877,v-8be77add01bc,,XS,1,60.58,2026-10-12 20:58:36,False
c-08d19849c23a,s-c60d300054bd,u-c124d0fa817c,p-e0e09bfb3a13,v-62a4925af558,ord-5b530e331240,M,1,36.23,2026-10-12 21:05:00,True
c-f20dad9f7f31,s-fabed16349e2,u-916e7dcff243,p-469768ad34da,v-1ebeecbf7699,ord-93eee521cef3,One Size,1,72.02,2026-10-12 21:17:59,True
c-7ce78519adaa,s-87632323ef26,u-7784727bd271,p-c2a751d47ec2,v-bde3a6903d95,ord-24694663d9d0,M,1,32.36,2026-10-12 21:26:29,True
c-b6cec9a0e7d2,s-32204448c68e,u-5764d7fd7979,p-09e47873b171,v-b2f6a1b14f77,ord-32211c2d3676,7,1,75.82,2026-10-12 21:38:30,True
c-7da944edffd1,s-bdfcaa073386,u-ed8f963e28f4,p-fe66ab501149,v-52c0ee377ce6,,XS,1,59.39,2026-10-12 21:47:48,False
c-28e6dea88eaa,s-a99e77954365,u-e59db2890a4a,p-3484e06c8c9f,v-0f424c075daa,ord-eef347a7f422,8,1,56.92,2026-10-12 21:49:53,True
c-7e59e7d8f830,s-5c631a8636c5,u-97160b3f1be1,p-da69d7b03c15,v-a9d74acda407,,10,1,80.61,2026-10-12 22:08:26,False
c-17e3b07539de,s-a9dffb6d6898,u-36eb9f5ff361,p-f956f87dd638,v-64a9dbb99183,ord-be1d41b378d5,L,1,69.46,2026-10-12 22:17:44,True
c-dc98de080338,s-36d5a0ec9904,u-91322ed50062,p-abb3cfb34b7a,v-18f2ca886554,,6,2,62.56,2026-10-12 22:23:08,False
c-21d8dc01b3d6,s-f5414c8b9b42,u-433e8dc41266,p-1bf042849c9f,v-3304bcaf5313,ord-99a5faac93db,XL,1,72.07,2026-10-12 22:34:18,True
c-91e14a309b99,s-6663a984af76,u-6d09cd2b315d,p-4e88217454e3,v-898d41258dbd,,XL,2,61.12,2026-10-12 22:40:48,False
c-a076016dda34,s-6d9f459919e3,u-62f9cf3c849e,p-7c905332bd05,v-53f96dc9cfcd,,8,1,63.51,2026-10-12 22:41:24,False
c-40344c3f3cab,s-f0aa92a62f2c,u-c762c823374f,p-32c5c09de0c4,v-db7e1da2ed30,,XL,1,21.73,2026-10-12 22:59:00,False
c-50964666879f,s-fa4332b6b07c,u-8a3ecc5ada76,p-195b9cb9d02b,v-151e92c879ba,,L,1,20.5,2026-10-12 23:05:42,False
c-2a0429e4c26d,s-1dca79b7ac8a,u-2d2b51e32029,p-58514e77edf8,v-18e5ef24004c,,M,1,119.59,2026-10-12 23:07:43,False
c-85ac86666d30,s-dcf72b8e759b,u-cbd74c0b78a1,p-04c9e9b37786,v-184b16613255,ord-e619b57d2d5d,S,1,57.33,2026-10-12 23:24:17,True
c-057f1d3059b6,s-312c1e901658,u-e71939058aee,p-388ce6cff396,v-f121c5a92586,ord-f81025dd14da,M,1,54.86,2026-10-12 23:24:47,True
c-16de2853782c,s-dcf72b8e759b,u-cbd74c0b78a1,p-d86d3cc2d6ec,v-1b427b22cbf6,ord-e619b57d2d5d,M,1,55.52,2026-10-12 23:25:04,True
c-c3d706975213,s-34eb4527861e,u-8561106f116a,p-21d4d7d48c86,v-6018c9e3e34e,,XL,1,47.12,2026-10-12 23:26:15,False
c-1c75b3cf84d3,s-fc811c70b7a2,u-afc693a33fc0,p-5e077142c6d6,v-0c09c4fb1495,,XL,1,25.71,2026-10-13 00:04:27,False
c-181ccf3a3803,s-7d84a1ce0a9e,u-ff22d623e987,p-6a1a14b64e20,v-361b9f3d8041,ord-0923a0ff50c9,One Size,1,52.71,2026-10-13 00:07:35,True
c-533638b78732,s-7d84a1ce0a9e,u-ff22d623e987,p-699c26292602,v-c97ec24beca3,ord-0923a0ff50c9,One Size,1,66.67,2026-10-13 00:09:23,True
c-da8e46109a6f,s-7d84a1ce0a9e,u-ff22d623e987,p-2b8e931b1f38,v-436aadfe59cb,ord-0923a0ff50c9,One Size,1,65.74,2026-10-13 00:09:25,True
c-98f2da0a9be0,s-4a36b7add943,u-597638c21443,p-8ad88363ea13,v-b0ba68de0d78,ord-a4ee613d8b65,S,1,40.84,2026-10-13 00:09:34,True
c-63ca70dbc0b1,s-4a36b7add943,u-597638c21443,p-474a73bfaeb6,v-cb4c0a09947e,ord-a4ee613d8b65,XL,1,31.02,2026-10-13 00:11:30,True
c-b901b71761ea,s-525d1974632d,u-fc142731ce80,p-8d1825ed4855,v-82621b5bb3e0,,M,1,38.17,2026-10-13 00:54:23,False
c-8478a453cdc8,s-78b1b915b404,u-fe10defd6b2c,p-39e777735708,v-d646771b7a60,ord-04d20dd12af4,L,1,104.83,2026-10-13 01:03:05,True
c-638e323700c7,s-1cdf1220b29c,u-aae4a72b278d,p-13e48a6c2658,v-924f064c9f60,,S,1,49.59,2026-10-13 01:12:41,False
c-9769323b8a4a,s-45fdd27b07c1,u-3d892b87c89b,p-5ad2007efeea,v-3345a0bc09ec,,XL,1,24.22,2026-10-13 01:43:31,False
c-98c8a11fc445,s-a667be909013,u-0353b05ae00a,p-e1995610cd90,v-7fca8e9e55f3,ord-7618c0948202,L,1,41.34,2026-10-13 01:55:03,True
c-f43ee44c9b5f,s-a667be909013,u-0353b05ae00a,p-b9a3998cf0ca,v-02bfcf96ce6b,ord-7618c0948202,M,1,30.07,2026-10-13 01:55:52,True
c-2ddf60ab3eec,s-de593faaeaf5,u-71786dc18dab,p-451d35ee28e3,v-673f4e4a3967,,S,1,61.88,2026-10-13 02:20:07,False
c-d9f7847c41b7,s-d73baf3d89c8,u-158de43b1e4f,p-c1092302dd78,v-4c21117d9d3e,,One Size,1,86.05,2026-10-13 02:38:24,False
c-a96208393564,s-ee1abb92d5b8,u-c29fed7a4585,p-916dad6ca62b,v-f5668a7f3247,,11,1,91.61,2026-10-13 03:04:18,False
c-53b42f0c089b,s-b12ece555a90,u-7784727bd271,p-4c4b1bbc16b7,v-6f516d88bb7b,,XL,1,30.99,2026-10-13 03:09:36,False
c-847afe38d9c1,s-a77ae1281525,u-8695d95a6385,p-66d3930ba28f,v-a50bf85335a7,ord-50f0c2df9aca,L,1,36.36,2026-10-13 03:09:45,True
c-64b27c71ee41,s-2d7dff52c6a2,u-ba9df90ae711,p-4f05571e5219,v-4a0b6793de4e,ord-905c54801ea7,M,1,41.98,2026-10-13 03:27:06,True
c-d1a2fe434eb7,s-067a939e62dc,u-195fb8ce7d09,p-218375e3f6d9,v-01c292f5a7ec,ord-01bae342beb1,8,1,67.88,2026-10-13 03:40:01,True
c-25ea93fb3592,s-eb5d1a528e0f,u-3b058826347f,p-c20f0d50bc6d,v-60cd96d08fe1,,XL,1,23.36,2026-10-13 03:45:38,False
c-1de94578e35c,s-519eb2646036,u-cc5b804fc0fc,p-f5ca33bba307,v-49f0131a7fdc,ord-f68150db766b,M,1,73.46,2026-10-13 03:55:16,True
c-2f8a5987f8f8,s-3b46d2baf200,u-ccbf334f6190,p-08933952b14c,v-39e45f6f439d,ord-e9aa44d0fc80,S,2,60.51,2026-10-13 03:57:39,True
c-beeacc6c4182,s-a2a65a45b7e7,u-a7ab22b9ec5e,p-7df82a11550b,v-435367a3edd6,ord-77fdfbdeb451,XL,2,47.37,2026-10-13 04:03:02,True
c-67bd4a166153,s-88a838d55b0d,u-c78f69f2ca99,p-90c6661528cc,v-b732136379b6,ord-5f267ad12cc2,XL,1,43.76,2026-10-13 04:13:43,True
c-985b5896f293,s-90edfd9fd390,u-141c4fa2490a,p-40a61cf551bb,v-aecd513cd797,,L,2,126.13,2026-10-13 04:15:19,False
c-86ce46d434b4,s-a1c16b2adcc6,u-82d6801eb977,p-a8946063d3c5,v-aae20a030518,,XL,1,40.03,2026-10-13 04:29:21,False
c-72baf57ddb3a,s-a1c16b2adcc6,u-82d6801eb977,p-c30a24a4d965,v-bdfd49d0daf8,,M,1,65.3,2026-10-13 04:29:34,False
c-3b08313a929c,s-a1c16b2adcc6,u-82d6801eb977,p-fd6f0e93fa03,v-5cb4f9dd00b5,,M,1,17.27,2026-10-13 04:30:29,False
c-785cc3b3df11,s-d038cd281311,u-fc9c97019b72,p-5f11e232aa88,v-9bb0dccffe66,ord-85bad6c60608,XS,1,58.13,2026-10-13 04:54:49,True
c-7ce4dc8b8bbc,s-180a52b4ba9f,u-456462610ba7,p-f1112dc1652b,v-88e4673c3b34,,One Size,1,39.16,2026-10-13 05:01:11,False
c-9f9e8a1767ec,s-180a52b4ba9f,u-456462610ba7,p-2280a8342ce9,v-0b6c31a9089c,,S,2,62.67,2026-10-13 05:02:09,False
c-8c2307ca7e8f,s-6d94062d14ce,u-9c594ff89d39,p-8c3247d330bc,v-6056fdf425ed,ord-1c331674608c,XS,2,54.98,2026-10-13 05:08:17,True
c-ee053023e043,s-0bb0b7140728,u-77b8875377d1,p-41b36a08ff9b,v-4dad0d6df8d2,,One Size,1,82.16,2026-10-13 05:12:00,False
c-d7bd2cc84cb3,s-0730a69d7a52,u-bf85fc11d4a4,p-8e60e7be8c04,v-540d25de1001,ord-182e2afdfa13,XS,1,61.79,2026-10-13 05:41:05,True
c-e28a92109f2b,s-cd9d1527a712,u-76b33eb95f8a,p-c268f3dd934a,v-f3dce5e9cafb,,7,1,48.22,2026-10-13 05:44:14,False
c-028eeb453157,s-96d9e32bb2d9,u-c2f03ae88681,p-b5d68534f459,v-7166c24cdeab,,M,1,34.24,2026-10-13 06:45:40,False
c-8d53a099041d,s-4497f4ac10e4,u-a10d454a8d67,p-4ea1ddfb4e56,v-c47abfd5fb36,ord-ee734e27822e,One Size,1,79.52,2026-10-13 06:47:03,True
c-56e631558720,s-bd83e9209758,u-abffde053c16,p-2d023543a920,v-ff41d8c9f95e,ord-65d124dbfd65,S,1,58.33,2026-10-13 07:00:54,True
c-ffdf529d89c2,s-894eb53e7bef,u-de07018ecefe,p-460085e512b8,v-36b9ba821019,ord-ffe81f94e919,S,1,22.68,2026-10-13 07:36:33,True
c-1dc90cb55db2,s-268a5e8b0e5e,u-abed74ff25c5,p-15787066cf25,v-0327a2e9328e,,L,1,30.04,2026-10-13 07:41:38,False
c-7994d69583d8,s-9a60bab13952,u-12f10af43ff6,p-734ab7205f74,v-315b26163f42,ord-7dcf4eb38dd4,8,1,111.35,2026-10-13 07:54:28,True
c-03ab06a56475,s-b0359063a800,u-804c8ab2ac0e,p-07d21966a89c,v-8b5ed7a2af2d,,M,1,53.76,2026-10-13 08:15:31,False
c-6c4223369419,s-bb3420785ab7,u-678987f03a03,p-a1c0e35d7eb4,v-86e7d7b5f013,,S,1,62.21,2026-10-13 09:08:35,False
c-efeea960407e,s-193e9267b5cc,u-5686b373627e,p-58ea83f7cb9e,v-90db12589768,,M,1,54.19,2026-10-13 09:15:43,False
c-b9af4adf22ee,s-c4482501d0c3,u-5f93071ccdb5,p-108c3d23435e,v-88a77a689912,ord-f3b1e4ea2034,One Size,1,28.78,2026-10-13 09:25:07,True
c-4f7127ae80c9,s-d589ed8e0d07,u-0de37a04abd5,p-1faea5d273c5,v-8b294a786734,ord-6ba761951d68,One Size,1,103.23,2026-10-13 09:26:45,True
c-396c16070c2f,s-103a66accad5,u-875264dc0875,p-a37b0e22e7f3,v-3c832f3b99fe,ord-f4c652d3ff8b,XXL,1,28.51,2026-10-13 09:55:24,True
c-0c7c2b9ca5d9,s-051c8c28e71e,u-0c9058b27f9c,p-92bdd1ca2994,v-95ea7047527c,ord-29aef2821532,M,1,34.38,2026-10-13 10:04:20,True
c-ff06b1e003e0,s-051c8c28e71e,u-0c9058b27f9c,p-5a5a370942c3,v-c1df5161e9e1,ord-29aef2821532,XL,1,33.84,2026-10-13 10:06:14,True
c-7f0fcacc7fcc,s-051c8c28e71e,u-0c9058b27f9c,p-30b66a97b2ae,v-8acbaa70badd,ord-29aef2821532,XL,1,70.52,2026-10-13 10:06:36,True
c-2c54169455ff,s-fa15ccc1030e,u-4b2b3f8d0375,p-6769e6b598fd,v-9327d27fe620,ord-1c0b9cc518f3,M,1,33.77,2026-10-13 10:07:50,True
c-9042a63c760b,s-64d06eae681a,u-8833529fea53,p-eee69b917058,v-3aa118322f05,ord-ecf6ba4ece5d,M,1,51.39,2026-10-13 10:08:10,True
c-0f4759ce308b,s-051c8c28e71e,u-0c9058b27f9c,p-374cc355e453,v-4046195d3ba8,ord-29aef2821532,XS,1,33.18,2026-10-13 10:08:24,True
c-e7100445b232,s-434f7844a140,u-42402638ea90,p-48da289a0d6d,v-7a51b74bea24,,XL,1,48.62,2026-10-13 10:09:34,False
c-e59926d60246,s-9c5768036625,u-a6157faf924b,p-37254b519c5d,v-01f95c8208a8,,M,2,43.45,2026-10-13 10:32:32,False
c-7f20ee3c1395,s-9c5768036625,u-a6157faf924b,p-c162d7d85728,v-e15179e1bf3f,,XL,1,33.86,2026-10-13 10:33:39,False
c-fa34797ce592,s-5d597dc1f37e,u-71d4f61eaf27,p-55f96bec8bc5,v-f09a7bcdca0a,ord-9b5fabc1d525,XL,1,50.6,2026-10-13 10:52:00,True
c-5f6dda75b05a,s-44f0e99fd116,u-adce38234004,p-1ace3b3216ec,v-9f733db8d7a8,,11,1,54.65,2026-10-13 11:04:38,False
c-991f8d82d6e4,s-df3e0f371745,u-fa0c9e9cabf1,p-7100d85bc108,v-8ed90d764f7b,ord-83571c594fb6,XXL,1,32.96,2026-10-13 11:06:01,True
c-1f01e02bc247,s-9f25f3b60e03,u-1dfd0890c5fc,p-bf24e103a672,v-811abb979ff3,ord-574556d819e7,XL,1,43.08,2026-10-13 11:58:47,True
c-118d022c918f,s-d738aaa82f56,u-490f7e0dc0ad,p-4c4b1bbc16b7,v-303fbe46f90b,,S,1,30.99,2026-10-13 12:04:41,False
c-b32861622f91,s-0245cb042539,u-3636f1c1da26,p-3ead8c62aca2,v-e06e42d257e0,,M,1,48.69,2026-10-13 12:17:16,False
c-cc5e317caf82,s-9846ecbfbf36,u-a59401f43f9a,p-b607025f8386,v-c7ea81705962,ord-48e517b8db5c,XS,1,79.28,2026-10-13 12:40:46,True
c-c5dc94d2fbaa,s-297b45e60e1b,u-f3d33ef974cc,p-953edb8bf0d2,v-0d9eb0f96ad2,,XS,1,60.37,2026-10-13 13:05:29,False
c-d66a84d19aff,s-f704ca08c70e,u-370ce9c63d52,p-230f80de8bbf,v-caf2430cc337,,6,1,82.48,2026-10-13 14:02:17,False
c-51dc37f3a58e,s-57c2c42b2faa,u-5845c3975c79,p-88948849304a,v-def2d66ac799,ord-a0ade59f3d7e,One Size,1,121.73,2026-10-13 14:13:11,True
c-a77a9f5e0d22,s-819e2b7dc10e,u-ed5975670b6c,p-57a8417fcd12,v-6d82f0dd22f4,,XS,1,40.17,2026-10-13 14:16:01,False
c-899f5125a401,s-bfdde647c9a2,u-fb73484f897e,p-3d7011eb159b,v-ec3f24aef697,,One Size,1,103.77,2026-10-13 14:29:56,False
c-0e5e729e7918,s-000e2c056238,u-8aa3e096bc41,p-7a9af4d8dfc5,v-c6072c6ebeb2,ord-5b40b9b8c564,S,1,73.93,2026-10-13 14:33:00,True
c-63f54dcd057a,s-000e2c056238,u-8aa3e096bc41,p-e9bb9e118091,v-34209af47998,ord-5b40b9b8c564,S,1,38.06,2026-10-13 14:33:07,True
c-ad639f617bfb,s-2cb84e764fb9,u-4f1ccabf9d7e,p-a2b6b2d4e975,v-3a6c44b9deeb,,6,1,118.97,2026-10-13 14:43:02,False
c-7b5cdbf331a6,s-e2d609f0ff11,u-2ca2bf37e8c6,p-1c3e6ba32b23,v-2d39ccb66076,,XXL,1,43.91,2026-10-13 14:57:01,False
c-61310cac887a,s-3b5f6bef8f68,u-f3a6f0900d19,p-779514bead33,v-b65b96f315d9,,XXL,1,26.51,2026-10-13 15:21:48,False
c-2d7f2cf94c7c,s-0b204a260e05,u-2ed5610b697b,p-3ec0b4087ec8,v-2e8997b8bed6,ord-783a8d286da1,XL,1,75.65,2026-10-13 15:48:23,True
c-fa9c5c3f7c19,s-7f1540cc471a,u-6bcfd2727814,p-00a8d17239df,v-955413e5fb8b,,One Size,1,75.14,2026-10-13 15:48:50,False
c-eb2cb371ccd9,s-e2a680a4f5f1,u-cd1b435ad416,p-b00b6a7e0d5d,v-23aeb147165c,,XL,1,105.79,2026-10-13 15:50:29,False
c-5e79abb3d67d,s-51de1f7c5c50,u-950dfd9df882,p-a7dd8a52cbbf,v-5494401b80cf,,L,1,52.8,2026-10-13 15:58:17,False
c-8c82e32cb134,s-74b9905c5474,u-4033f2d3f8cd,p-8aa22c14c4a4,v-432809578197,ord-ae28ce987989,10,2,113.1,2026-10-13 16:00:10,True
c-1e786b0fc982,s-a068831e1575,u-b6901c441c02,p-0a2da441c72f,v-13007b5ad612,,S,1,39.25,2026-10-13 16:01:28,False
c-3cf528a5dbbf,s-cad21a0240b0,u-2c1d7af66ec7,p-898d59d1d78d,v-74b518aabb0b,,7,1,60.31,2026-10-13 16:32:47,False
c-2927bcc09052,s-4eb1d86172fe,u-7f4cbf1194f6,p-ebc3cae84c7e,v-ce5b12a082d4,,L,1,61.69,2026-10-13 16:47:14,False
c-b8f8831e74c2,s-8c03662f7363,u-f86c7153cf68,p-d2fcc92c6722,v-0a112880654e,,S,1,59.8,2026-10-13 16:48:49,False
c-7b6997efc395,s-521c1c5c06f7,u-5845c3975c79,p-06f0ecdca59e,v-2a95eadaab1c,,S,1,45.83,2026-10-13 17:16:49,False
c-879705a8a83e,s-08145de5a643,u-a76f2706817e,p-bb173610930f,v-7958cff5a296,ord-87ca1031a284,L,1,61.8,2026-10-13 17:24:00,True
c-d1d8fbf09422,s-fa5300e57969,u-f1c60043bfb1,p-ebf391cfbec7,v-efa55fc6f886,,XXL,2,70.08,2026-10-13 17:27:45,False
c-5b2fb3a1500d,s-b85e098c3ab3,u-bf0c19af3ee5,p-a7dd8a52cbbf,v-07f1caa2ff35,,M,2,52.8,2026-10-13 17:29:05,False
c-fb75f9280759,s-980a1d8cb546,u-13c14f5301c9,p-9e175fd68572,v-31fe7cceb218,,XXL,1,36.05,2026-10-13 17:33:08,False
c-a3d034510ba5,s-477f4d107449,u-f0889518ad98,p-b4451462eda7,v-76b5cdf2b690,ord-4747e06e172c,XL,1,62.17,2026-10-13 18:23:12,True
c-d6fcd32b9e7e,s-c54561d48a4e,u-1a9b6da580b9,p-b42d64d55d62,v-3a20cdcda14e,ord-6e56eff1057d,11,1,50.86,2026-10-13 18:27:07,True
c-8b840d7b9172,s-47516b2b8867,u-1a4c3cc51689,p-a6ed54e18bf0,v-e14b7cb998d0,,M,1,96.76,2026-10-13 18:52:22,False
c-e284a1b1ae11,s-300dddb2d683,u-5a9617b5ea39,p-a28088e47da3,v-aa8331d4fde7,ord-a0afd733a723,8,1,91.47,2026-10-13 19:03:35,True
c-9eb6427afa42,s-4e540b22831e,u-e37964c86e27,p-1b7e38b1e63d,v-d2ee630b098d,,L,1,71.91,2026-10-13 20:05:09,False
c-f78eb2ea14a9,s-1416c1f2dc30,u-2d3620889b13,p-e960be36c0f4,v-e883be90f28e,,L,1,50.02,2026-10-13 20:13:14,False
c-6d273cb68ec1,s-80f0686756e1,u-6cac3999136c,p-b45ca2c8e47f,v-ed18a9f4cd08,ord-2d1fb6b01874,XL,1,42.09,2026-10-13 20:44:52,True
c-f432c8d336ce,s-6766e176ef37,u-2480743cadc0,p-f6883b6407a9,v-447915e7833d,ord-ae63f3b22627,L,1,50.01,2026-10-13 20:56:19,True
c-5d8a23cae79b,s-79ea773ea5c0,u-664a17a491c1,p-b2a3645e0b76,v-c76d7428097c,,L,1,34.05,2026-10-13 21:20:53,False
c-41a6da215fd8,s-79ea773ea5c0,u-664a17a491c1,p-7413840e8b15,v-30bbe3a28084,,L,1,35.38,2026-10-13 21:21:58,False
c-a98fe4797313,s-5e02ebe19908,u-0bc02e12c394,p-c6a9e33c15a3,v-e3ac84d15771,,L,1,75.14,2026-10-13 21:23:46,False
c-9731099e89e9,s-6d5bac6fc8fe,u-86f37254ba66,p-39ec2a41fc32,v-2c19917a12d7,ord-325918c16238,S,1,56.27,2026-10-13 21:39:31,True
c-cc293c41bb99,s-b1df3b3ad53d,u-62e74a0472ae,p-ada2001c46fe,v-eac2358e8dbf,ord-04b2963e9495,XXL,1,52.11,2026-10-13 21:48:11,True
c-c62b2a0d3c3e,s-2ae563a83f3e,u-97ef650ecbd3,p-5f5352523a89,v-07d2e946057d,ord-1a754deda586,One Size,1,42.24,2026-10-13 21:48:21,True
c-159bce1d7b97,s-a09ee6d05e5d,u-e254ed0c3b4b,p-4798a77c002e,v-81747cd0246e,,One Size,1,69.05,2026-10-13 21:51:01,False
c-94fa1708b03b,s-7013027b3149,u-0ea0869013b2,p-898d59d1d78d,v-bbc16829e898,ord-ffcec8488643,9,1,60.31,2026-10-13 21:56:42,True
c-277d06999993,s-94bb6e9ed222,u-cdecb678424a,p-02d7151df481,v-41b94ad08910,,XS,1,77.08,2026-10-13 22:08:52,False
c-6034fcfa77b2,s-94bb6e9ed222,u-cdecb678424a,p-6ff6ff37d233,v-7bc50b80b288,,8,1,64.69,2026-10-13 22:10:07,False
c-154b7f81eeb2,s-bb06be2e4ec7,u-f352aa350fbc,p-d09d54a996c1,v-deeee9680f2b,,L,1,55.21,2026-10-13 22:14:14,False
c-5053261f91fd,s-77f80ff2e9f2,u-7a3dc546939a,p-0b74e71e8957,v-6d597cd59cb9,,6,1,82.26,2026-10-13 22:18:02,False
c-3b16437b58a6,s-bd16d948cf83,u-4843fa09ccf9,p-e9068ecfb826,v-fecde877b6d0,,XXL,1,19.26,2026-10-13 22:58:17,False
c-6dc9ecab3c60,s-cf22c5536fda,u-dbb2abb1ba52,p-cd9aed80a2f4,v-5e46bcef90a3,ord-1848ee5a962c,M,1,35.12,2026-10-13 23:06:23,True
c-8bb82c6d43af,s-cf22c5536fda,u-dbb2abb1ba52,p-c533933afd4c,v-178399fc1842,ord-1848ee5a962c,6,1,59.47,2026-10-13 23:11:00,True
c-96029257f414,s-9402fd40a636,u-72f9963fe723,p-a80c401c9c7d,v-bc537858be5e,ord-93e763c851b3,S,1,55.96,2026-10-13 23:34:01,True
c-bd37a9790887,s-8eed04c38ec9,u-179243cf662c,p-9cf391e4f8d9,v-a8197eebeea7,ord-d828d86a3024,L,1,72.33,2026-10-13 23:38:19,True
c-775949ef6bd5,s-8eed04c38ec9,u-179243cf662c,p-64511032d71c,v-7fa5bda423d3,ord-d828d86a3024,L,1,53.49,2026-10-13 23:42:19,True
c-a77d10a11850,s-e15545e40b01,u-335426ae2a3e,p-d52b360e8d66,v-9942a5dcdf91,,8,1,92.68,2026-10-13 23:47:11,False
c-b2b597449035,s-e15545e40b01,u-335426ae2a3e,p-c03a681d1e88,v-5e1b24fcf737,,S,1,77.98,2026-10-13 23:52:13,False
c-a74c90dc4d27,s-77f8352d62a9,u-0178dc2bc048,p-d34313b57988,v-b0cdcac93e9d,ord-aa7b2fc49050,M,1,33.24,2026-10-14 00:15:53,True
c-81fa9e5c71a7,s-913dc2a3f36c,u-39d99370787f,p-84a255bad34e,v-a97b48f4c082,,L,1,49.33,2026-10-14 00:16:54,False
c-5f4a8b8903e8,s-3a634954e52b,u-7379c134a1d3,p-15e0a3beb610,v-055da2d5bd61,,M,1,33.91,2026-10-14 00:28:12,False
c-199f9892d271,s-05a0356f4cbb,u-c63c1d28556a,p-6a0a5ab6b0fc,v-c75c691f03b9,ord-bc78ca56f072,XS,1,80.21,2026-10-14 00:40:42,True
c-58114f3dd1bb,s-f0bafc9105d8,u-69c1b2935a70,p-8aa22c14c4a4,v-a2686a20acc3,ord-fb906dd22ebf,8,1,113.1,2026-10-14 01:00:00,True
c-fd5b097d539d,s-f0bafc9105d8,u-69c1b2935a70,p-0bfe49fc1d30,v-00745112dd77,ord-fb906dd22ebf,S,1,72.72,2026-10-14 01:00:16,True
c-bf9589ce170d,s-1024d574f6ad,u-881d718a1d07,p-8fd09dad4446,v-ce2ac442880c,ord-1de50b48c86e,L,1,79.16,2026-10-14 01:03:34,True
c-64a2288bb5db,s-860ba6358fff,u-4a5e8b802894,p-d7568994dc7a,v-8ab8f90485f2,ord-dd69847e8e5d,XXL,1,46.87,2026-10-14 01:06:06,True
c-bfcf92dd2b43,s-4ca13f7600b6,u-73e832de9887,p-2df786ae0c97,v-1cc4d41ca302,,XL,1,43.23,2026-10-14 01:31:32,False
c-47d78590a5e5,s-b5e4990dcd07,u-763393c8ae10,p-7ae320e92375,v-cca494361166,,XXL,1,53.18,2026-10-14 01:40:00,False
c-cda5f39f88ec,s-96b807169d7a,u-9791f5e15c61,p-bd63dc35718e,v-c889bdaaed1f,ord-55bfdca8ce0e,S,1,32.33,2026-10-14 01:57:04,True
c-e1be633f13c5,s-788456eedb32,u-326303e85a6e,p-a1ea8ac8b794,v-24ec9162a516,ord-ccb4c2eb1cea,10,1,65.0,2026-10-14 02:50:11,True
c-03e97c128bb2,s-0efc5b2ca796,u-f11f55dffd1b,p-c2e0b7405e5f,v-43baaadedefc,,M,1,53.81,2026-10-14 03:03:04,False
c-df1d1b62f102,s-a0c9fd080eb1,u-11cf42269907,p-69daf4452ca8,v-f52afa4cc8f1,ord-af96ad055761,S,1,23.55,2026-10-14 03:10:27,True
c-951a15eb93c5,s-9187173b6a5d,u-bad9522ab9a8,p-a608abcb97c9,v-bd11aad31417,ord-88247fc86aef,M,1,77.65,2026-10-14 03:18:52,True
c-05795b4118e7,s-7b8c322cebad,u-4ff47b78d16c,p-1adf07a88a4d,v-52e1839dc7b4,ord-7bdacca3032e,XXL,1,66.89,2026-10-14 03:23:37,True
c-356d41319bc5,s-01bd37903479,u-c4671ec9219d,p-c55170669c89,v-4cc169b632a6,ord-52b1c7a134c3,6,2,114.7,2026-10-14 03:50:53,True
c-77eb28a7459f,s-496f68b24afc,u-a8d11a352425,p-16115f0ed9ab,v-791a621a294d,,M,2,63.21,2026-10-14 04:08:10,False
c-46fc81a477d4,s-134d985d34bc,u-b38bff33acac,p-4013d5e888a4,v-e71d8d553465,,XL,1,47.54,2026-10-14 04:14:52,False
c-483a72fd8e94,s-3de1278e4646,u-c394552ec75f,p-6905625d4487,v-94e2ae5ea086,,7,1,44.48,2026-10-14 04:22:53,False
c-813cec4cbf24,s-97294802bc7e,u-5aa4e494b7de,p-d8460f51709a,v-e50646e440e1,,XS,1,22.61,2026-10-14 04:36:21,False
c-4913f01bfd19,s-37f587dbb2ab,u-c98d142b9be5,p-31bc8d9d431e,v-17dfb55f0e11,,M,1,24.93,2026-10-14 04:37:58,False
c-40041254c1c0,s-37f587dbb2ab,u-c98d142b9be5,p-bd2f2d0f3c75,v-962c1caa48d9,,XS,1,43.55,2026-10-14 04:38:32,False
c-85a38ed27919,s-61e3d7384195,u-ab81af5693ed,p-c21e09af334a,v-d440ae937ded,ord-0c55ade2eeb2,L,1,34.52,2026-10-14 04:56:46,True
c-c997183943fe,s-35c284ddae36,u-256d974751cb,p-1dd9234e5d10,v-acf8e363d866,,One Size,1,45.58,2026-10-14 05:11:53,False
c-2bfb5ec7eecb,s-2460306e6034,u-3aa60c2e5a27,p-125e782a141b,v-cdf6c82de2f4,ord-e0f47b880127,S,1,46.6,2026-10-14 05:27:42,True
c-148f84f74ad6,s-2460306e6034,u-3aa60c2e5a27,p-76cd1ecc23b3,v-ca3f96073a81,ord-e0f47b880127,XS,2,85.34,2026-10-14 05:28:36,True
c-9af0934d14ba,s-bb32a575b115,u-8ed8b944cca7,p-4fd5b6c8aa78,v-56ddb61ae229,ord-dee0c5f0f74e,XL,1,55.41,2026-10-14 05:38:32,True
c-5789b23cc26a,s-85e0d85f3ae4,u-b249eb5dba02,p-9869710329a7,v-7296d0282fc6,,XL,1,24.21,2026-10-14 05:50:25,False
c-d4a67e65d3fc,s-806c8382267c,u-b8786128e285,p-e1973ed20a00,v-bae7eb8c2853,ord-cf82882c297c,L,2,34.07,2026-10-14 05:54:29,True
c-3347f733849b,s-319164b7d2d3,u-cbf3d67bb31d,p-7270e31789a2,v-5c7715b1a35d,ord-42c27818b716,10,1,92.22,2026-10-14 06:01:37,True
c-00d5706ecfb8,s-72133f0ccdd2,u-7ac429f8f8df,p-138f2883c338,v-dd3d34a498d7,ord-172721f8538f,9,1,84.42,2026-10-14 06:08:41,True
c-b07d3dab9579,s-af9cb92954f7,u-8f390dfd95df,p-538b6290af9a,v-c2dbbfb136e4,,One Size,1,83.59,2026-10-14 06:30:39,False
c-07779c74dcbd,s-645ee7b42556,u-54faf3b4fda7,p-67b259f5b5d7,v-df0d78ae5655,ord-2e11725e321b,L,1,20.24,2026-10-14 06:36:04,True
c-86bfc1c2ca63,s-808c025877cb,u-021a8c2b5cc7,p-09ed122f5ba6,v-cd0b4b2c9d9f,,L,1,102.82,2026-10-14 06:45:02,False
c-38f2529f8606,s-808c025877cb,u-021a8c2b5cc7,p-ae660ae5771e,v-ffe410276625,,M,2,54.94,2026-10-14 06:45:46,False
c-6f850b7952dd,s-c55ede43da77,u-85c217f70814,p-5d46b4dfb44a,v-eafa1a5d8e4c,ord-f92c523092ac,XS,1,69.03,2026-10-14 06:50:52,True
c-0ffea10552c7,s-efbdb5e83143,u-f0d3a623d19e,p-7498c55d9a1d,v-ef373941a1b7,ord-04274a0fedef,XL,1,47.15,2026-10-14 06:55:23,True
c-a8ff3eeac655,s-ef4cc8e75e19,u-ba58925cbf50,p-c32c9234f5d2,v-913675c18ec1,ord-8d30e20329b8,11,1,108.22,2026-10-14 07:22:51,True
c-53e63af6a022,s-0fdd7300b280,u-9c99c3314b47,p-12e34b9d24e5,v-7ab054829cca,ord-295b948ad274,S,1,116.51,2026-10-14 08:06:49,True
c-3e4d90e1f034,s-a5a46032cf56,u-c025893ca559,p-f79e79baf494,v-8d703cd7fc3b,ord-d9e221f77ec5,10,1,65.53,2026-10-14 08:31:51,True
c-97a769d3db52,s-a5a46032cf56,u-c025893ca559,p-58f09225ea43,v-dec472ced018,ord-d9e221f77ec5,10,1,55.13,2026-10-14 08:33:43,True
c-6419d3148a91,s-c2b6e5931cbf,u-fdfcc776035b,p-eaddae3dcf63,v-d6361a46416d,ord-3dd634c269df,XL,1,24.23,2026-10-14 08:44:29,True
c-27881206b207,s-c2b6e5931cbf,u-fdfcc776035b,p-809148084a54,v-8c5042a97cd3,ord-3dd634c269df,11,1,53.39,2026-10-14 08:45:59,True
c-cddd5a42fbea,s-2cac2c9b98ca,u-cba19d8defed,p-5be1ceedab47,v-6880f7b9677c,ord-6255a2c9156c,XXL,2,67.34,2026-10-14 09:17:25,True
c-4720c4db6492,s-b229f3f29dbb,u-9c35adc4e73c,p-37a25fddc192,v-c1a4c918461c,,8,1,86.47,2026-10-14 09:36:24,False
c-ba3c206fc69f,s-593638f5355e,u-18052f6e4bd7,p-c534a809d8f6,v-6a1eca308850,,XL,2,37.96,2026-10-14 09:48:56,False
c-6fe4780f941d,s-f50b8ee2bbf1,u-bee14277de18,p-dbb227be4872,v-b5b20799f884,,M,1,44.84,2026-10-14 10:22:17,False
c-0f0294ba71ec,s-5c44751922f1,u-dd775c818df1,p-deaefd8692e3,v-f2e32a62220a,,S,1,91.39,2026-10-14 10:25:49,False
c-b9c2bd21da95,s-0ec50487f668,u-a2e1ff753e70,p-47d57b9ced2c,v-0f1c53b0d2c9,,XL,1,61.59,2026-10-14 10:44:35,False
c-e1c5f3b5ba55,s-ec45b31f2a3b,u-f0bd9d3b36af,p-d80e9b673d75,v-06c03919967c,ord-aa9f03bea813,XL,1,55.47,2026-10-14 10:47:25,True
c-8e281bc2a69c,s-39259d0c81c9,u-358f16c628ff,p-76aa54c5428b,v-70d7147f2b19,ord-7e3793612bf6,7,1,68.58,2026-10-14 10:52:06,True
c-60f6617bbd70,s-caaddb0def32,u-a39b07318e79,p-6a1a14b64e20,v-08304556c603,ord-807060f05f83,One Size,1,52.71,2026-10-14 11:30:25,True
c-25e282fdceff,s-d0076ec3a2b9,u-3fc6ee88dafc,p-2785fa997306,v-e8648fbb4ea1,,8,1,56.12,2026-10-14 11:34:47,False
c-6ff032c0ed3f,s-5a18dec10b31,u-7844ed5d26b8,p-0de07ba903b1,v-dc088e175164,,XS,1,46.7,2026-10-14 11:36:38,False
c-c215a5d8bfe9,s-d0076ec3a2b9,u-3fc6ee88dafc,p-d8080af38c48,v-a5896f626cd5,,M,1,27.12,2026-10-14 11:42:07,False
c-a8e452223547,s-fa8990827b3c,u-3d663ae18572,p-24eb929e6b54,v-38b4fb0b3c33,,M,1,46.64,2026-10-14 11:46:14,False
c-59ec0f011ed9,s-cb7a3282de4d,u-9f93515a5560,p-acd54f5e8fa1,v-1d9b3e55c562,,One Size,1,97.54,2026-10-14 12:15:22,False
c-4acf08a11946,s-f9af8ed82d8e,u-d4827737b5fd,p-2c780bfed55c,v-3483818ed048,ord-1c6b79f41fee,XL,1,58.37,2026-10-14 12:29:26,True
c-1355c7b5e8c1,s-13943ec65f5f,u-abaccf60a1a3,p-f10bb3a57be0,v-c02b594deb6f,,XL,2,33.02,2026-10-14 12:31:11,False
c-b77cf6be5f62,s-fcad357e39cc,u-4aad07c599f0,p-d660e4723d1d,v-652395dea92e,ord-d974dd92b0fd,One Size,2,24.7,2026-10-14 12:55:00,True
c-673acb58fc9c,s-fcad357e39cc,u-4aad07c599f0,p-a8be86e6a602,v-234540f6f690,ord-d974dd92b0fd,One Size,2,36.92,2026-10-14 12:56:08,True
c-7085929af6fa,s-607765c4798f,u-dcc399f5ab4f,p-be98bdb2c708,v-2b7c03574062,ord-374e1ff61a09,L,1,61.42,2026-10-14 13:06:03,True
c-821fd6d00d09,s-980455d18839,u-86dfb48db530,p-f51b383685a9,v-7013fb99d875,ord-48d0d2b5c55b,M,1,39.6,2026-10-14 13:21:14,True
c-d8c34a83e73b,s-db4986a3f665,u-1beab18b5013,p-e42dd6fdc97d,v-f726133a7d5b,ord-92fc9f51e1e0,7,1,58.83,2026-10-14 13:31:22,True
c-07cdb574d18f,s-c7d889366dc6,u-573ecbf4a03a,p-b489dfc0896b,v-b7019c9f5f1e,,L,2,65.34,2026-10-14 13:32:40,False
c-470e17abe7a4,s-590b0d208502,u-9564cec84f65,p-ada32c12b1fe,v-70cd1c2e9e68,,XL,1,30.68,2026-10-14 13:35:39,False
c-0309ca2d9bfa,s-49e9682c9207,u-d8d22bd08271,p-b5ae9c9e0cfd,v-fda922c9394f,,One Size,1,74.73,2026-10-14 13:40:23,False
c-ed52a4bba35c,s-07ea1dbb9835,u-11b52a6f58cd,p-df2e0a1b0f85,v-47467ee3d66e,,S,1,40.85,2026-10-14 14:10:00,False
c-56984f110843,s-7f6b9e632029,u-4ff373982ff2,p-4df44cdc7595,v-c7593f6a5df6,,L,1,58.6,2026-10-14 14:26:55,False
c-075d75316f2a,s-f7ccb96d144a,u-719e39f347b5,p-b607025f8386,v-02d04dde81dc,ord-8c07ec90a62a,XS,2,79.28,2026-10-14 14:34:52,True
c-c2465ff85422,s-dd65f9eed387,u-2d4a1cefec2a,p-6b66312e1b57,v-4d4ff6b2119e,ord-3badd9386c15,M,1,32.25,2026-10-14 15:16:02,True
c-9ccc149102c3,s-894c2189fa05,u-4c4c3aca04a1,p-90bd6cc44bb6,v-55b08cba80ee,,9,1,73.21,2026-10-14 15:19:22,False
c-9a641418d2fe,s-a12dc0ddbb4f,u-182fe5a61740,p-3ac5e5681d91,v-8f8ecbffc322,ord-73a8bdf02e39,7,2,92.59,2026-10-14 15:22:23,True
c-26f9fc7f5ae1,s-cb2b55369ae9,u-4e4a7ceccd9e,p-d2f80fab104e,v-ed61ef8fdfef,ord-2f69cae3f758,S,1,64.85,2026-10-14 15:23:57,True
c-85ba2a06a249,s-3cfb54d0fec7,u-94963ce619e8,p-92f5ecf3aa4f,v-083bf76c229a,ord-5f0639605601,One Size,2,51.51,2026-10-14 15:24:10,True
c-a3d1a9df8d64,s-347cb0c9e226,u-b701eeab8f03,p-eaf908448f12,v-5f0d0d2c7e1b,,S,1,42.46,2026-10-14 15:40:10,False
c-3386dd92fcc4,s-a7ac404a134e,u-ecbfbc7df025,p-a3c33d7bb162,v-22a5a909785e,ord-df9af501eecf,L,1,68.31,2026-10-14 15:41:28,True
c-41057f685884,s-21b55f820d65,u-f7304499ac27,p-80d9b21abdbb,v-7f5302eac67a,ord-f7cbd3d5c4bc,11,1,84.34,2026-10-14 15:43:09,True
c-dec0770eb397,s-21b55f820d65,u-f7304499ac27,p-cbeb4644a5d2,v-13c93af48413,ord-f7cbd3d5c4bc,XS,1,32.87,2026-10-14 15:44:32,True
c-5acd701a0d36,s-b9858de415c8,u-2dd81a7646fc,p-3adf185ccfa8,v-5e637cc2c9d3,,S,1,85.36,2026-10-14 15:46:15,False
c-77d8d4f4a0f7,s-60877d9b5c12,u-52700c7780df,p-cc21eb6bc6c5,v-2352360a9fbf,,XS,1,44.16,2026-10-14 15:56:26,False
c-76567e4ebb22,s-a10e2197da2f,u-eb805485c9b3,p-08933952b14c,v-f7dcf1eb7dd5,ord-5694d4781e84,XL,2,60.51,2026-10-14 16:12:39,True
c-4cd9bfadf14b,s-a10e2197da2f,u-eb805485c9b3,p-dc4a5b5b664e,v-3a05d1d4cf88,ord-5694d4781e84,9,1,57.72,2026-10-14 16:14:46,True
c-e508c46854cf,s-6baa0ff57f0b,u-bc1f2165d5ab,p-344e8d7aa634,v-97fc70fec638,ord-81431ee0ad34,XL,1,64.32,2026-10-14 16:44:43,True
c-eb3ef5b8cc54,s-7709c3d333c9,u-03e1e665e3d3,p-7c905332bd05,v-e9b4a423cd03,,8,1,63.51,2026-10-14 16:52:40,False
c-b4eb67ba6be4,s-8eb6f74ee05b,u-74cf22ae0b08,p-782f0659a084,v-0a269f8f813e,ord-ef9e8cf9eb4c,XS,1,43.83,2026-10-14 16:55:36,True
c-978c0fe15b5f,s-413d8a5dbe59,u-78b9edaaf981,p-4e2e515c2ad6,v-89933e62525b,ord-3c456177b4c6,L,1,41.78,2026-10-14 17:10:28,True
c-31600db2f22b,s-efed6a942d89,u-a1d650ba783c,p-2df786ae0c97,v-545801c52984,,L,1,43.23,2026-10-14 17:12:22,False
c-de31532dfce0,s-d53414a26d0a,u-95c292aa4005,p-f6078bb565ea,v-d54de57de5ad,ord-06d2f44acf95,One Size,1,19.82,2026-10-14 17:20:05,True
c-61fcd7256e43,s-12358c608191,u-2e8b2582b0fc,p-3563a0dd7192,v-383702b88d09,,L,1,43.66,2026-10-14 17:29:38,False
c-779848ea2bcd,s-edab76e24864,u-86fea8510670,p-d8a811d4db82,v-45e2e2144877,,One Size,1,42.27,2026-10-14 17:57:57,False
c-6e794186bb5a,s-afc10e218242,u-dd367d3617d0,p-4013d5e888a4,v-8bfe455da151,ord-45aa392539ff,S,1,47.54,2026-10-14 18:14:27,True
c-00110b191e16,s-435fef6b7879,u-55df0a1f404e,p-3cefa39bc7cc,v-4b405ebb6cd5,,XL,1,66.51,2026-10-14 18:16:55,False
c-666954bf5c1d,s-082f2cf27d9c,u-2610ccb1a980,p-0dd7e833ed25,v-4d564869bf2c,ord-14e56669d715,One Size,1,106.53,2026-10-14 18:39:26,True
c-d6bfd9f4f8e1,s-82353bdc2e87,u-90fdd7684202,p-5fe776be577b,v-afb747910dc2,,7,1,75.95,2026-10-14 18:43:26,False
c-e8b4f70f11ba,s-0859f1c64645,u-5deb776d0dd3,p-195b9cb9d02b,v-6bf6c7fcb2ee,ord-5c77c7e701d1,L,1,20.5,2026-10-14 18:56:52,True
c-6d0056dc5db1,s-6e640855c713,u-7d12af2b34e3,p-d3acf9d68782,v-ec3a463f9499,,M,1,34.05,2026-10-14 18:58:36,False
c-e832cce212aa,s-6e640855c713,u-7d12af2b34e3,p-7fb39ceb4120,v-0d24cebb6b74,,10,1,61.81,2026-10-14 18:59:01,False
c-6e02ee44464e,s-5e31529e76ef,u-c910d49cb84a,p-8d2ab9d7c471,v-4703b7320949,ord-d38b8b6788e3,L,1,71.08,2026-10-14 19:10:51,True
c-1df71639f940,s-39e96c5c511b,u-c4dc7fa0b14c,p-53b683fed0ce,v-9f8b6fd4e882,ord-ee23bb45fbd2,S,1,87.5,2026-10-14 19:41:04,True
c-4b07da452a44,s-867d26370ceb,u-aba725255814,p-f62724aab2a5,v-b6c2f4499a96,ord-fa2ba1b757fb,L,2,88.59,2026-10-14 19:52:53,True
c-ee332be5f223,s-92e1f34c44e9,u-c5fa341db772,p-c30a24a4d965,v-fa0b91cbca25,,XL,1,65.3,2026-10-14 20:05:24,False
c-9ca41646dcd7,s-30d05326bc1d,u-3449aaf9ca2a,p-a7dd8a52cbbf,v-a0ae84ba7ae9,ord-430fa617623b,M,1,52.8,2026-10-14 20:20:31,True
c-f4e2a9b7caa8,s-f76b3358ca7b,u-20c9f72673de,p-a8513594658b,v-6f4593438614,ord-fcc3449324e4,XL,1,53.49,2026-10-14 20:44:10,True
c-21aa8592616b,s-d1f00ec0311e,u-bd355499742d,p-22bc2007008f,v-a11dc5a8f0c2,,XL,1,53.36,2026-10-14 22:18:19,False
c-23245a7cf275,s-af80136167ec,u-30429665f577,p-fbd049086647,v-de99564321b0,,One Size,1,43.78,2026-10-14 22:22:16,False
c-52e9f7f469c4,s-ffa789ab9b5b,u-4dceaad505ab,p-328a5b454b7c,v-96549bcffb7c,,XS,1,70.48,2026-10-14 22:29:09,False
c-04e75b3067be,s-868d8c89f65b,u-ab341f91813c,p-42ade3abd0a4,v-1cda1748a62a,,7,1,69.08,2026-10-14 22:29:40,False
c-7cbd897775e8,s-01d31f5d3abc,u-46584ba81786,p-84e4f247c0d1,v-5efabb818b70,,XXL,1,24.4,2026-10-14 22:30:30,False
c-d659af1e03a8,s-a7ea226f1eb1,u-176870844173,p-c3b1ef17c41a,v-300a7b2e743e,,L,2,42.32,2026-10-14 22:30:45,False
c-b833b1f62681,s-868d8c89f65b,u-ab341f91813c,p-18647a5bdd8d,v-d4a55db1131e,,10,1,66.81,2026-10-14 22:30:50,False
c-0ce85cab9aac,s-a7ea226f1eb1,u-176870844173,p-84a255bad34e,v-a9ac8d23b6bc,,S,1,49.33,2026-10-14 22:31:24,False
c-9632b0671a46,s-19d7bc2ac108,u-88f982e19459,p-0ce9649e20dd,v-75a48f18ea7c,,XL,1,33.55,2026-10-14 22:37:53,False
c-195d05d157d3,s-e96fe3b506ea,u-98e86b1272c2,p-898d59d1d78d,v-211c59c139bf,,11,1,60.31,2026-10-14 22:48:17,False
c-56f89a5550df,s-b9857e32fea1,u-43109917dace,p-9943eb6fd99b,v-2207458f0a1e,ord-a7245b1bcd51,XL,1,62.88,2026-10-14 22:57:20,True
c-1e93cb07c0af,s-5b30d6cbe872,u-5eb74230977f,p-ddd916ebcbbc,v-acabc5bdc8d8,,11,1,79.61,2026-10-14 23:05:46,False
c-4d3fd9dea498,s-a15c76773bc5,u-16f3b72fdb3d,p-f62fd4ffab90,v-0310454fb887,,8,1,87.4,2026-10-14 23:08:27,False
c-650c142672fc,s-a968f54e8328,u-8a068dea9c32,p-0be47a814aaf,v-01c39e6c97a5,,S,1,66.53,2026-10-14 23:25:17,False
c-ef62f5142380,s-14084b582714,u-a49df721d6b2,p-996d646ba63d,v-7a5300b1d8ab,,XXL,1,28.82,2026-10-14 23:26:19,False
c-b5a6936189f3,s-14084b582714,u-a49df721d6b2,p-eede996438b6,v-f80e8412ba61,,One Size,1,39.38,2026-10-14 23:27:48,False
c-ef44c727ffd3,s-8afd60284595,u-1949cc7a566e,p-f6078bb565ea,v-185171b247c5,,One Size,1,19.82,2026-10-14 23:44:15,False
c-f78abd15d879,s-3cf82f01b377,u-44cb5eeb5f6c,p-76e09edcc4a9,v-bad04c31799c,ord-f73cb5f2d405,8,1,97.85,2026-10-14 23:50:15,True
c-228e34c32cb8,s-3cf82f01b377,u-44cb5eeb5f6c,p-e7cc73592ec8,v-6e6a31fcd747,ord-f73cb5f2d405,XL,1,74.41,2026-10-14 23:50:16,True
c-6e5d24801e34,s-1738c83d0035,u-9a607e90d121,p-b20bb23aee24,v-b3a957df5a5a,,M,1,51.24,2026-10-15 00:33:21,False
c-3c1ec31788bd,s-1738c83d0035,u-9a607e90d121,p-3284a3522064,v-50a9c89fac22,,S,2,68.21,2026-10-15 00:34:36,False
c-72ef730f9e3a,s-3bf08143abbd,u-e94d2d971c7a,p-f85345be9148,v-806c323f54b8,ord-3b1eebab20c2,S,1,66.54,2026-10-15 00:59:17,True
c-16ea679a7c2e,s-470b25813489,u-03c97f1d4dda,p-37bfb063098f,v-6c29ab160682,,XL,1,49.84,2026-10-15 01:00:44,False
c-9135659dc0dd,s-c27d63e4a19e,u-276c007e7eca,p-033cd649d948,v-128e8eae95ff,ord-184ab6acf62a,L,1,28.14,2026-10-15 01:12:28,True
c-cd0f1995a3b3,s-42ce8f7b7c30,u-0105a2e4ea15,p-dbc3e031de55,v-9a0a494ca649,ord-65d38cf1dea0,One Size,1,85.58,2026-10-15 01:25:00,True
c-5120337ca1c5,s-2a862e57a778,u-2105ea0eef58,p-e8d929d2dd03,v-2a7a5ff9a1ae,ord-c0b3e929ea86,L,1,40.24,2026-10-15 01:26:11,True
c-8e44a406baf8,s-2d503e7f0a1c,u-3ca38d0796fc,p-beb74176f1de,v-dd8b18458f17,ord-70623d26b2ab,L,1,17.97,2026-10-15 01:50:35,True
c-1a84ed99d621,s-2d503e7f0a1c,u-3ca38d0796fc,p-81dbefc87ca1,v-c49aeadf7e62,ord-70623d26b2ab,L,1,36.01,2026-10-15 01:52:03,True
c-e1cc6283e9f4,s-6c825d6750ac,u-9a31410e9dd3,p-b3fcf9c9574d,v-71ed123538ee,,S,1,95.7,2026-10-15 01:54:19,False
c-b918bb67aa21,s-0845bf6409e9,u-47a7e77d1804,p-1a609bdefd2a,v-3027252827fc,ord-f33524be6ce5,One Size,1,28.02,2026-10-15 02:09:33,True
c-259f8c5769c9,s-b049292f0401,u-eb5c531d591b,p-7413840e8b15,v-5fcb3c57f07a,,M,1,35.38,2026-10-15 02:24:58,False
c-242cce763017,s-6bb762b085d6,u-21b0978a8549,p-4689d86fa23b,v-6573adf33bc8,,S,1,75.54,2026-10-15 02:29:04,False
c-0a437ec5323f,s-064c800fce77,u-54704ab07310,p-2dbe80b10a07,v-f9ba07ef1e3e,,M,2,32.47,2026-10-15 02:47:53,False
c-68d749c8f307,s-27ba171f08db,u-8021c7bf8fe1,p-7ff5b3291965,v-8fae9993df8e,ord-7a8d8fe2c4c8,S,1,59.66,2026-10-15 02:50:07,True
c-992931909ab7,s-41d46da20317,u-9f08781de2dd,p-d8936a7abfdc,v-4c883bb70a7f,ord-48eeeb3c0e54,9,1,77.18,2026-10-15 03:05:03,True
c-30f3401c7edd,s-0fe3c015606c,u-4bc5ab199793,p-91054fb9cc27,v-7d4d9370e0e4,,S,1,61.69,2026-10-15 03:25:35,False
c-2360f4b47562,s-6d1f256f0723,u-4f87093af297,p-f04a689fac6a,v-9bab958bbcd4,ord-8cd55d72fcc3,XS,1,76.53,2026-10-15 03:35:23,True
c-74ec77aec75c,s-588f302e27e3,u-07318e7e2acc,p-e52004ad8f9d,v-5b0764f9b22b,,M,2,103.62,2026-10-15 03:44:22,False
c-759176db4c6b,s-588f302e27e3,u-07318e7e2acc,p-8a2d5897afe3,v-bbd9841f7682,,L,1,71.52,2026-10-15 03:45:24,False
c-2a23cefb3c9f,s-4463accc339e,u-7b1174f497f8,p-ff94757c45da,v-265ae2dc563d,,M,1,69.81,2026-10-15 03:51:21,False
c-e6d1fd2b646f,s-4463accc339e,u-7b1174f497f8,p-7498c55d9a1d,v-b91452644528,,XL,1,47.15,2026-10-15 03:52:40,False
c-1bce46717240,s-765f13ecf5af,u-cd908314038a,p-567b30ed15bb,v-18b97a3e8906,,S,1,51.29,2026-10-15 04:08:31,False
c-ae53ec61d30e,s-14b4740d8484,u-b2fdc927a24d,p-953edb8bf0d2,v-0acae9d15b8a,ord-f458695a21a6,XL,1,60.37,2026-10-15 04:17:29,True
c-3698d7f8ba85,s-56f1bf1554ea,u-c59060e41720,p-735437eaa8f4,v-deec0bddcf77,ord-d1c454a99f7d,L,2,49.55,2026-10-15 04:27:13,True
c-8dd987a104ff,s-f4d2f2b204c3,u-dcabc02afb4d,p-cfb6beaf186e,v-c33e613b2c9a,ord-f1c08e20d098,6,1,84.12,2026-10-15 05:07:43,True
c-88c333f70333,s-4bac1721a9b4,u-9ad108b419e1,p-ec1c62770498,v-f19d8512347e,,L,1,43.27,2026-10-15 05:14:45,False
c-3a76b75d5d8f,s-d3b5dee14baa,u-6fb237906745,p-beb74176f1de,v-255a7d9bbb6c,,XXL,1,17.97,2026-10-15 05:14:56,False
c-f81e48ddd4dd,s-252acb3fcd8e,u-104b7057cc89,p-3cac462524b6,v-6b6bc2b457df,,M,1,57.56,2026-10-15 05:20:01,False
c-4c2237500af9,s-f9ba14146e89,u-a43321ff4706,p-fbd049086647,v-2472e5689a1e,,One Size,1,43.78,2026-10-15 05:24:09,False
c-1ed599c78723,s-bcb9cbd55f3e,u-fa473c778ecc,p-4131172a7f05,v-c88ad402abfc,,XL,1,80.36,2026-10-15 05:29:40,False
c-d62738cecc07,s-dff46f2085b0,u-3f5285325a37,p-e07b165df650,v-12a347a536d3,,M,1,41.22,2026-10-15 05:43:45,False
c-550049e65879,s-c50b4af0d8a7,u-c4b6c9915f56,p-d38a085f787e,v-38c5d6128f62,,XL,1,89.81,2026-10-15 06:27:00,False
c-96cc44e24065,s-c50b4af0d8a7,u-c4b6c9915f56,p-88b5fb620fef,v-71c4aa0fc783,,XL,1,40.39,2026-10-15 06:27:43,False
c-1b5818644a65,s-c44d1cf9e450,u-355e461e701e,p-8230811db577,v-54bc2589ba59,,10,1,78.33,2026-10-15 06:29:17,False
c-2ab40553a9a7,s-c50b4af0d8a7,u-c4b6c9915f56,p-ff3ec914fec6,v-d20bf00e3937,,XS,1,86.54,2026-10-15 06:31:49,False
c-88a2dcfa80f2,s-d10a6c01b3cf,u-af9b2bc9afbe,p-43de93aba79a,v-5b2dbd726382,,L,1,26.91,2026-10-15 07:04:16,False
c-811dfe605ab0,s-51d4b5edc9e6,u-7522008c4533,p-192469735051,v-1300a339060e,ord-ad073154519a,S,1,54.25,2026-10-15 07:15:14,True
c-fcd4ae19dc30,s-55785bb45d88,u-ecba971698c8,p-3284a3522064,v-613bf380a790,,L,1,68.21,2026-10-15 07:19:26,False
c-e52dcea62bb2,s-ace6ea9f8e2b,u-e3c44213a2bd,p-25301b52ab6c,v-7090ea6d03a9,ord-4c4d12747f4f,S,1,62.25,2026-10-15 07:27:31,True
c-e77b84da7c9a,s-ace6ea9f8e2b,u-e3c44213a2bd,p-44bdd1dfe5ec,v-0891a869113b,ord-4c4d12747f4f,XXL,1,46.95,2026-10-15 07:29:28,True
c-1cdd97bdf0c0,s-738abca77305,u-a2ed37158b71,p-89a6d1cb864c,v-0befeb561c62,,One Size,1,66.32,2026-10-15 07:29:33,False
c-ab087dcd735b,s-3c95bc5c4728,u-fc50ea5ac0ce,p-eee69b917058,v-d3dea0fc8060,ord-a7221f7547c7,M,1,51.39,2026-10-15 07:33:14,True
c-1bb05fa44c9d,s-c78c3bdbc44b,u-3e7d84bdc2ce,p-ec19e1f4646b,v-d80b3f44eb88,,S,1,50.27,2026-10-15 08:10:26,False
c-43ebf17be55e,s-08967c8f0fa3,u-4440bd771418,p-4326e2fa04c2,v-1d326f6fd10f,,10,1,77.41,2026-10-15 08:29:20,False
c-37dd3ba7631d,s-f796c5630299,u-ec96cbbd1d5a,p-15787066cf25,v-754a7e057386,ord-c292c9a69884,XS,1,30.04,2026-10-15 09:20:12,True
c-63c30a9d5157,s-02f48a44d7da,u-2bc36935faf9,p-07d21966a89c,v-4ee7b1b019bc,ord-cfdbac556709,XS,1,53.76,2026-10-15 09:36:52,True
c-41584de91f1d,s-1f8d6419bb8d,u-9598adf4a355,p-a37b0e22e7f3,v-d136578eebf7,ord-8d122f409ef5,XL,1,28.51,2026-10-15 09:37:22,True
c-4d3278e8fc4b,s-e66bac646b53,u-101e497152fa,p-7d62c02270db,v-cee9bc10e988,,XS,1,30.19,2026-10-15 09:39:20,False
c-9aa2cafd7826,s-a2fa08202ca0,u-eb4b5dd2abcc,p-841e04f8cfa3,v-35642deb1e88,,S,1,89.52,2026-10-15 09:45:17,False
c-eb50bf33a9dd,s-a2fa08202ca0,u-eb4b5dd2abcc,p-5890f4110b1a,v-b48ce85eb1c6,,XS,1,75.04,2026-10-15 09:46:56,False
c-3790b2bdfbc5,s-cb2dc7bf6796,u-beb156aed805,p-37a2054ceae1,v-9e959daed33c,,S,1,88.13,2026-10-15 10:06:30,False
c-71f462625b2b,s-037f2d1e220f,u-0df08ce6adaf,p-330f0d230f44,v-e1638f75d9ba,ord-dba885dad180,L,1,26.19,2026-10-15 10:16:50,True
c-bb6fd7fd0a0c,s-4f5b6b622580,u-c186f29fe935,p-57b3fb360f53,v-605b4ec0cf8d,,One Size,1,28.25,2026-10-15 10:28:52,False
c-8f359bebf1b5,s-5c85fe4ecdf1,u-355fbd71f75d,p-8f3a7acb8878,v-22a7a2746419,,8,1,80.94,2026-10-15 10:45:10,False
c-1a2b49b69e69,s-3131fa2aa330,u-544565528b42,p-6c57e32ac2ab,v-de609d382dcf,,M,1,37.84,2026-10-15 11:03:35,False
c-d7bac7963bf3,s-4f7cde2abc88,u-3258763279f7,p-386a1aa3048c,v-b7cb1460c41e,ord-56aa8e704fe9,XS,1,44.42,2026-10-15 11:07:54,True
c-b9f4a3c851af,s-6db71aad30ca,u-a337badc4882,p-0ec780797f59,v-6e5300b00962,,S,1,53.36,2026-10-15 11:32:47,False
c-6cf5e7904777,s-a015a84cd2d5,u-4e3e7bba1651,p-57b3fb360f53,v-b70886ce3bc0,ord-d23728ee932d,One Size,1,28.25,2026-10-15 12:09:37,True
c-f45996b09071,s-a015a84cd2d5,u-4e3e7bba1651,p-b3c4aecb0e78,v-db3181a8553f,ord-d23728ee932d,One Size,1,75.68,2026-10-15 12:12:23,True
c-af91e93d07f1,s-5809cdde98e5,u-57c756a4e723,p-bf48dbcd8369,v-69ec9445286f,ord-651f190bcd7f,L,2,55.05,2026-10-15 12:28:13,True
c-42d02e684255,s-91b158cea9bc,u-211b1c1030c2,p-108c3d23435e,v-f5a1014a730a,,One Size,1,28.78,2026-10-15 12:46:35,False
c-12fd99bfa5b8,s-fad56e81ab47,u-c1e1c111fb0f,p-840dc3fd120f,v-8208ab77b4be,ord-2ff19a9b7984,XS,1,56.29,2026-10-15 12:56:15,True
c-ad623855221f,s-3bc51d3e7151,u-28e2b7bfb6c8,p-866026ab9dd8,v-84b4029374a5,,XL,1,46.78,2026-10-15 13:12:54,False
c-490b167dfcd0,s-98279b11b54f,u-a14e73896c92,p-1fa923dd8f7f,v-5898c5b1b0e8,,XL,1,72.5,2026-10-15 13:24:43,False
c-ad6740acb0b8,s-1b8041f3cf9a,u-3e2ad9afadfd,p-866b2965f01b,v-47de7ad385ed,ord-5da727adfa23,M,1,85.81,2026-10-15 13:34:43,True
c-7e151dd9744d,s-1b8041f3cf9a,u-3e2ad9afadfd,p-9557ff65aac4,v-64f2018dd38c,ord-5da727adfa23,M,1,60.6,2026-10-15 13:35:16,True
c-f5cd8e638b9f,s-1b8041f3cf9a,u-3e2ad9afadfd,p-f5ca33bba307,v-b0bc1a6ff0e4,ord-5da727adfa23,XL,1,73.46,2026-10-15 13:36:19,True
c-03d31f2b0e25,s-3b730873bd83,u-60af491d1717,p-017d814d6db2,v-d44f41cbd5d6,,S,1,53.35,2026-10-15 13:47:47,False
c-b8b4d9898456,s-6d681c9abb84,u-e60dd08fc8c3,p-4da78da982ea,v-c11c130328b1,,L,1,67.26,2026-10-15 14:37:15,False
c-759d4ca8648f,s-72369fe44393,u-fe089c486018,p-1a162cf9b8c9,v-72f196dbee64,,XL,1,59.4,2026-10-15 14:43:01,False
c-1784f7b5ebca,s-72369fe44393,u-fe089c486018,p-ed118a7aa1b1,v-aa9e5a105f1c,,L,1,90.77,2026-10-15 14:44:16,False
c-d5344cbd1077,s-6910093920a0,u-4c97d61bcfc1,p-1038de11dec9,v-c72db821324a,,XS,1,54.38,2026-10-15 14:51:11,False
c-a1b4432d689c,s-1417e0bea33b,u-204ddacc4494,p-a6dabcb913c6,v-95a7e9d9592f,,L,1,50.6,2026-10-15 15:03:57,False
c-e9effb648ae1,s-0e2fa074dd47,u-118128237978,p-e117ca90e040,v-50aea7a2c25f,ord-230909012484,XL,1,59.54,2026-10-15 15:13:33,True
c-e72e0f394934,s-874fe736fa83,u-d587cfd243c9,p-7ea5385571c5,v-1bd06b1fc8f5,,One Size,1,135.54,2026-10-15 15:14:48,False
c-a3e744e4fe33,s-9c51010cf9fa,u-7291cf11fe77,p-b8d161937168,v-617a4db0e9b9,,XS,1,83.09,2026-10-15 15:20:14,False
c-5020a00e8a44,s-667abf2ca58a,u-a6efbb356a7d,p-39b141f5a83f,v-c9d38fd87185,,XXL,1,54.04,2026-10-15 15:32:33,False
c-27fc79ad98b9,s-667abf2ca58a,u-a6efbb356a7d,p-d54ffe6701c5,v-0df89829ad4d,,L,1,76.9,2026-10-15 15:32:56,False
c-513d4ccb8fdd,s-585fc3d97a6c,u-d047c56a2d90,p-bd63dc35718e,v-abb64991f7af,ord-04d8df7596a7,M,1,32.33,2026-10-15 15:38:08,True
c-b2c40de7de35,s-585fc3d97a6c,u-d047c56a2d90,p-f85345be9148,v-2548d2831406,ord-04d8df7596a7,S,1,66.54,2026-10-15 15:38:55,True
c-e7e7ab0f50eb,s-08e3ce2112c6,u-6a8c6213cc7d,p-ef1fcd893528,v-02adc54b89ba,,XL,1,47.54,2026-10-15 15:39:51,False
c-c1680b016167,s-5d7805106d64,u-11150082caa7,p-6cbc89af68af,v-ada822c9ebca,ord-49648d8e2e33,L,1,91.74,2026-10-15 15:47:51,True
c-78012eb52937,s-9dee3316ecdd,u-963f29c1e80a,p-d561f70813da,v-e46e593dc51f,ord-d62ca68fc5d5,L,1,79.77,2026-10-15 15:59:21,True
c-8f2d5f29463e,s-1fe30c48b894,u-2f445bfc058e,p-2ab57e658014,v-714cdfa3c599,,S,1,43.4,2026-10-15 16:05:46,False
c-c22e67ae0c9b,s-bc1a14d6e075,u-c34e772d136f,p-dbc8381ee4d8,v-8ceeee004754,ord-763a8dc5decf,One Size,1,50.35,2026-10-15 16:09:02,True
c-9b5269afc1dc,s-66234bd05791,u-6d3cd68984b6,p-7e975cc02998,v-275d03d6ffa3,,S,1,66.03,2026-10-15 16:18:57,False
c-212ea17bb59d,s-1eacf9ce82d0,u-128861f362b2,p-e83847636e45,v-1d4a928b2de0,,M,1,67.42,2026-10-15 16:48:12,False
c-db341bb8b5bb,s-b7d34030ae91,u-8eec8325fc99,p-76cd1ecc23b3,v-f24f5deacaab,ord-b03bfae493c2,XS,1,85.34,2026-10-15 16:53:30,True
c-6678c55665a9,s-75636ff7c33e,u-9a744d1a01dc,p-90f7cac54e1a,v-f24166990c3f,ord-4bd75bcd4e05,10,1,73.9,2026-10-15 17:12:21,True
c-84d3b0c96e22,s-75636ff7c33e,u-9a744d1a01dc,p-359791c796b9,v-ae78f01176d3,ord-4bd75bcd4e05,10,1,46.69,2026-10-15 17:15:09,True
c-a5adabe42258,s-6c2304fd62ba,u-483201de5849,p-7673ed0b8a46,v-95ed6293927f,ord-893cec690c3a,XL,1,75.1,2026-10-15 17:16:28,True
c-ee03ec546028,s-e1be4edc0300,u-23bc6551e2b6,p-e9bb9e118091,v-f70709e409ab,,L,1,38.06,2026-10-15 17:54:20,False
c-27174c87d42d,s-dbaf7089800a,u-341f8c3294b5,p-4199a4fbd96e,v-3ad852ba8f18,,L,1,37.43,2026-10-15 18:20:47,False
c-e32af8d5eca7,s-e2d4d7537851,u-89e60f6f2e0c,p-9e175fd68572,v-172394029d06,,M,1,36.05,2026-10-15 18:25:28,False
c-3c185d17d0b8,s-e405c7c629dd,u-b5131de3ef89,p-7559726b91cb,v-bc35e356680c,,XL,1,68.75,2026-10-15 18:26:31,False
c-98a0136aa7ee,s-5241161ce176,u-4466910a20bf,p-449f9a8dac4b,v-1b3a474ffeb1,,S,1,58.11,2026-10-15 18:31:22,False
c-e4463a7121b8,s-e004e853c1e8,u-1fa066f0d24d,p-5c3584cebee6,v-e559032b59fa,,7,1,141.18,2026-10-15 18:36:51,False
c-e60a27793c52,s-4ca1207c50a9,u-2ddc4c329773,p-a85ae0c9982b,v-cdfa5a807dec,,XL,1,77.83,2026-10-15 18:46:17,False
c-b885560a9f18,s-719e3351f6eb,u-ea80f800d0ba,p-8ead55978165,v-1f2e5660b84d,,XXL,2,72.83,2026-10-15 18:47:07,False
c-85ba365193ee,s-719e3351f6eb,u-ea80f800d0ba,p-3561bc1d500d,v-6399ea1d465c,,XXL,1,32.02,2026-10-15 18:48:41,False
c-d7e8a992d131,s-62bc4eb92b50,u-6797e526084c,p-f6078bb565ea,v-accf71df9d7b,,One Size,1,19.82,2026-10-15 18:49:42,False
c-2eb63db37346,s-2af6c6f9314a,u-9dd78e2da0aa,p-682569b69b48,v-3b971d99d916,ord-b2ec4c9d71c6,XS,1,48.41,2026-10-15 18:50:19,True
c-3af3bc6c1a78,s-2af6c6f9314a,u-9dd78e2da0aa,p-a56f87aed26b,v-30b728f1dc9d,ord-b2ec4c9d71c6,M,1,59.09,2026-10-15 18:50:30,True
c-33c3a3fdaba1,s-8c1ff0bcee5e,u-a7a89efcb49f,p-8a2d5897afe3,v-f80796cc2e37,ord-464a3fed30fe,XL,1,71.52,2026-10-15 19:10:38,True
c-909e12accc00,s-2a3e4af84699,u-a10facb40d97,p-1cb5cde3ad3d,v-767e745d2221,ord-98fb8b2f4f46,XL,1,51.88,2026-10-15 19:46:30,True
c-ac291eeb378c,s-68b463274e36,u-fcda9ac63b28,p-6fc7b487cc2a,v-943fe271b436,ord-e2b5303e84c7,XL,1,59.63,2026-10-15 20:07:55,True
c-16b497806429,s-da6324239d38,u-3f28de8a7dee,p-b66e5f0d4761,v-1a4c69ca02cd,,XL,1,21.37,2026-10-15 20:16:50,False
c-c2a14c9cbd18,s-6ba84502e9e4,u-45d4ed78359b,p-472d80bd9fd5,v-7af1d3c2ee4a,,XS,1,58.17,2026-10-15 20:38:16,False
c-6867ad9821c6,s-2f705c2e0c88,u-d2391b1b98de,p-dbc3e031de55,v-b0947431c571,ord-c3dae6df706d,One Size,1,85.58,2026-10-15 20:59:29,True
c-e7b055afb31f,s-d91c23561650,u-5e63ae263298,p-7e975cc02998,v-cfe7dbe1354b,ord-398010fb62db,L,1,66.03,2026-10-15 21:10:41,True
c-375a7047f688,s-f743d577146d,u-65544d226dbd,p-cf720ea3ad1f,v-65aabbc287f9,,XL,1,95.27,2026-10-15 21:19:05,False
c-4ddbee802024,s-a954584e37d3,u-355f7526938a,p-12774b5c2e90,v-6f1b0293bcc7,ord-1de324938be8,M,1,36.22,2026-10-15 21:19:34,True
c-f36a534bbaf9,s-a954584e37d3,u-355f7526938a,p-701e946fc9ae,v-df2d1ccd17d2,ord-1de324938be8,7,1,86.95,2026-10-15 21:21:07,True
c-329a5e33ebde,s-b9d86570b66c,u-235c03ca5023,p-633c9a580d2b,v-60c426ae3610,,L,1,45.88,2026-10-15 21:22:59,False
c-d926007c3287,s-b9d86570b66c,u-235c03ca5023,p-5d690f7a8ca4,v-f65253458321,,M,1,58.94,2026-10-15 21:23:57,False
c-b0eb81a6c27a,s-38ba55585675,u-2af51450f35d,p-3e4e501a0c6e,v-683f131a1334,ord-058627e38a4e,XXL,2,38.6,2026-10-15 21:29:14,True
c-d432de997271,s-38ba55585675,u-2af51450f35d,p-84f9ef44c2f8,v-86e6b76bc2cc,ord-058627e38a4e,XL,1,74.04,2026-10-15 21:31:45,True
c-947228dded31,s-1030149b0864,u-7c7c3fadb228,p-7a0cfd5ecfbc,v-6dee7ec2122c,,XL,1,38.99,2026-10-15 21:54:38,False
c-7c7e3b943e9d,s-ca185ecb6810,u-0f47718b3493,p-b489dfc0896b,v-1edceab7d146,,L,1,65.34,2026-10-15 22:01:18,False
c-9560a92950e5,s-f4ca21df3751,u-5aa9ed1c2ad9,p-b51be3a1c974,v-0a41c4687c93,ord-671b03dac0e4,L,2,36.89,2026-10-15 22:10:43,True
c-9867332096c2,s-f4ca21df3751,u-5aa9ed1c2ad9,p-896ee782e212,v-dafedccc8386,ord-671b03dac0e4,7,1,113.62,2026-10-15 22:13:32,True
c-0c31141dcbb2,s-3015a4560627,u-f6301f4bf0af,p-3a792a4cb9b8,v-b5e344912362,,XXL,1,34.34,2026-10-15 22:20:40,False
c-eb8ff9ea80ae,s-50f0a6e0aacf,u-66cd64b92f32,p-efaa137def46,v-5da59136dbd2,ord-3521462ad013,S,1,45.66,2026-10-15 22:23:14,True
c-bec087f23ab5,s-54c9e854b3ff,u-60bb4a9eaf52,p-0de07ba903b1,v-f0b6915875de,ord-2a36205a3978,L,1,46.7,2026-10-15 23:12:35,True
c-5dfed13bad53,s-ce999215ca03,u-d7028e6d9258,p-9736f1b8b5ff,v-e7e1893202e8,,XS,1,27.27,2026-10-15 23:34:08,False
c-3c85580f02a2,s-d4fa63f4d1f1,u-21e2d0d4a28c,p-5639a744c9b9,v-37f9c3cf5c99,,S,1,58.93,2026-10-15 23:34:55,False
c-ff4f449bb17a,s-1d09b8d0e891,u-1c1983a15232,p-8050101493c3,v-cf0bba240fbf,ord-ef38c3d15d4b,XL,1,67.51,2026-10-15 23:45:19,True
c-ee4cdfc6771b,s-1ea42864b82a,u-3d54a6e25e97,p-140c262ed1be,v-9ca1edc5a5b2,,XS,1,30.32,2026-10-15 23:46:31,False
c-232d355f5fdf,s-0d511cbeda83,u-79a19bfb6555,p-4199a4fbd96e,v-a8ebe0b6c700,ord-321dd69dfcee,XS,1,37.43,2026-10-15 23:51:08,True
c-af21afe836d4,s-c8a3275be9ab,u-c0cbe4e921dd,p-8d66035c760e,v-89fe395d0ce3,ord-6ca59eecfdab,M,1,21.46,2026-10-15 23:51:41,True
c-0e32d1f257fb,s-2aefa5e95ae4,u-a7a89efcb49f,p-c0315573902d,v-8bfec44a354c,ord-b06f44cf16ae,M,1,72.79,2026-10-15 23:54:30,True
c-7c78d6799548,s-69992ac42395,u-e2b8a27bdd85,p-6b6f396bcaec,v-e137b0f413b2,,XXL,1,43.7,2026-10-16 00:07:07,False
c-f1466f2cb12c,s-69992ac42395,u-e2b8a27bdd85,p-56d24bba0a73,v-94430997f496,,XS,1,112.91,2026-10-16 00:07:53,False
c-1172a7f22b2e,s-f1865bf76b93,u-b86f14961c09,p-7f4a3a4942b1,v-14994a97dad0,,M,1,79.36,2026-10-16 00:13:24,False
c-6d808d4fbe25,s-081253cefbc8,u-447aad712d60,p-fb40526cd3c7,v-203211d66894,,M,1,86.75,2026-10-16 00:22:36,False
c-c4073de8c76d,s-a32753a10928,u-ff8b2e5b5ab0,p-abb3cfb34b7a,v-2a896ce951d1,ord-115c256c8bea,10,1,62.56,2026-10-16 00:31:08,True
c-ebda74f57f04,s-41fa94e40ec1,u-cdfa95b8950a,p-2280a8342ce9,v-0cfdb622ce04,ord-8daeeb3ebadb,XL,1,62.67,2026-10-16 00:45:45,True
c-dcdcdc2932f5,s-b43f357d8d02,u-99e396529986,p-1202dfcc07cf,v-c1c602c130ec,ord-c50fb6676d46,XL,1,32.52,2026-10-16 00:59:39,True
c-39bc717587a6,s-f233e8b1af4e,u-214787fdcdb9,p-3e9caf258b1b,v-2732c89f0d32,,XXL,1,19.1,2026-10-16 01:31:23,False
c-3f1c17f0c988,s-8d7c09f6671c,u-949405ad6565,p-3ff508b516dc,v-513656b8f8e5,,XXL,1,33.57,2026-10-16 01:50:28,False
c-ad4e9be469df,s-a2cf3f8e92b5,u-4171158ffab1,p-0bfe49fc1d30,v-667210631643,ord-a23742f33696,S,1,72.72,2026-10-16 02:06:04,True
c-f6b440672cd1,s-aa8b286cb810,u-fc24eeb27be8,p-aab59aee3f2c,v-4455b3ec44cf,,M,1,58.19,2026-10-16 02:27:58,False
c-cdd5a0b7f533,s-e5c9ef4283b8,u-134e0cb26c54,p-982b6e892ea0,v-5e322c299cef,ord-f64711c06a24,One Size,1,75.01,2026-10-16 02:28:33,True
c-473743c8645d,s-b4b6e971c0c3,u-2fa9d6fa93a7,p-2c780bfed55c,v-deb7ba53d6ec,,S,1,58.37,2026-10-16 02:36:02,False
c-c3dd498524fe,s-798ad97e173e,u-a110b29d801f,p-93ac077123ac,v-234dd212d188,,XL,1,82.31,2026-10-16 02:39:36,False
c-a16a208f66f2,s-7735d9263d9a,u-1ed3b4fc9ce5,p-3e4e501a0c6e,v-4418b77130e0,ord-b9ea5b66aa30,S,1,38.6,2026-10-16 03:28:27,True
c-d972a9cc8421,s-7bb95047d39b,u-826de3b11f7d,p-e7de8f101542,v-809a365e5fcd,,One Size,1,19.39,2026-10-16 03:47:36,False
c-a2e3cd026f5c,s-f1c660bb5c91,u-9c37ee0857c2,p-e4ebc2da0d8a,v-fa64686585fd,,M,1,23.05,2026-10-16 03:57:35,False
c-86ce343b1514,s-e271b627468f,u-f6301f4bf0af,p-093f884982a5,v-b1c5031dcea6,,S,1,40.39,2026-10-16 04:03:16,False
c-0bd6bae93b8e,s-dbb768a75707,u-b0be4dce6dbb,p-ec8b4c569c0b,v-80f3b2337ba9,,One Size,1,52.97,2026-10-16 04:03:59,False
c-814ef358a261,s-5c9f80967810,u-ab00f0d5fd0a,p-72c9c1080cdf,v-a5daa68b17e2,,One Size,1,29.52,2026-10-16 04:04:00,False
c-ef5631040ba3,s-119a2a3251c1,u-5b9df36c69b9,p-8fe8d99ae27c,v-5a60e9dc8f01,,S,1,37.15,2026-10-16 04:15:19,False
c-ced01f9632c7,s-119a2a3251c1,u-5b9df36c69b9,p-f80920541012,v-a1cf702f7277,,L,1,31.71,2026-10-16 04:16:01,False
c-721c8c1d84d7,s-119a2a3251c1,u-5b9df36c69b9,p-47d57b9ced2c,v-ea789362f73b,,S,1,61.59,2026-10-16 04:16:28,False
c-ae548ab84b89,s-b576ec5113dd,u-4cd281e08432,p-2deafd977bb7,v-bba2e25db436,ord-a495fe1d6e1d,M,1,50.54,2026-10-16 04:38:40,True
c-b0cc896661e0,s-231dd6c7355a,u-30772d66384d,p-2c17ba737ded,v-0c341a4d8f23,ord-e382b0f8b4d5,XS,1,54.53,2026-10-16 04:52:03,True
c-d6d4a57a968a,s-d0f99d8c5247,u-c1e04e755015,p-d4179c56eba7,v-07c5abba7c7e,,M,1,29.33,2026-10-16 05:36:04,False
c-5c1f0894e67c,s-7078594a69cb,u-9dedb8f3a033,p-a7056dae3b68,v-f3cfc8edb82d,ord-bb7ce29bf106,One Size,1,43.39,2026-10-16 05:48:04,True
c-e2332801aec7,s-450cd7711ec3,u-531822d0f052,p-ddf414f69e8f,v-75b8e54cc0d0,ord-ea0b4696948c,S,1,71.4,2026-10-16 06:18:54,True
c-865a9190499d,s-9f58867bd014,u-0a16c0711995,p-6a8af370f84b,v-703e5a6291db,ord-dfe6a2f29eb3,6,1,56.35,2026-10-16 06:52:36,True
c-82656688c330,s-a39505f62c48,u-e1fbc978322d,p-e7986098445a,v-eea5e0054f8c,ord-b2b078a9f992,11,1,70.75,2026-10-16 07:14:07,True
c-2695a5c14d15,s-eef66966a919,u-a7a3ad095005,p-e83847636e45,v-112d68f0b8c5,ord-89f20950daed,L,1,67.42,2026-10-16 07:19:24,True
c-a7b46209a9b4,s-3bad4a9e2364,u-c1b748521653,p-3e3d78193945,v-4e2e285e708b,,One Size,1,92.53,2026-10-16 07:53:20,False
c-1b62f93a4cc8,s-6f1e47df37d5,u-52950e232bd4,p-b3fcf9c9574d,v-55454f179f52,ord-60341e284968,XL,1,95.7,2026-10-16 08:45:26,True
c-1b13a240e853,s-a787f61d2524,u-a76f2706817e,p-2c780bfed55c,v-e84da22b2e30,,S,2,58.37,2026-10-16 08:58:17,False
c-2e9e25b2e286,s-97cda3458f3b,u-f872cd1bb138,p-3e4e501a0c6e,v-e765e4acbf26,,XXL,1,38.6,2026-10-16 09:04:37,False
c-b7f5eb84149a,s-5aa9f587f724,u-eef1908a2c38,p-96308537609a,v-4f0ba55df308,ord-7abccd902fad,XXL,1,37.38,2026-10-16 09:06:27,True
c-71ba833a2bf0,s-0b806a32c11d,u-f3d68b5b2b59,p-956db03dd047,v-ae8a9440ca95,,L,1,101.34,2026-10-16 09:25:04,False
c-7bccde24bcf0,s-0b806a32c11d,u-f3d68b5b2b59,p-b44217173b98,v-234d4320cb2a,,XXL,1,36.5,2026-10-16 09:25:45,False
c-84a135c974e7,s-6a65d7c69cad,u-daed64a2d101,p-0940c8a5ab1f,v-0211cf79e25a,,XS,1,45.44,2026-10-16 09:37:30,False
c-196ff134f490,s-9a7841bc48f4,u-46c17c616b6d,p-7a0cfd5ecfbc,v-412e22829b9b,,S,1,38.99,2026-10-16 10:10:36,False
c-04beba9b506f,s-8ec60a343f97,u-11650dfe3aac,p-a21a125ce712,v-61f12857ba31,ord-1f0721a4b8d2,XL,1,59.31,2026-10-16 10:17:44,True
c-5dd1e9aa50b0,s-cdc2f3e5ad73,u-6dd9b10c75eb,p-32c5c09de0c4,v-d6e358b93466,,L,1,21.73,2026-10-16 10:35:58,False
c-7ec39c58988e,s-d74e2b347dfc,u-805fec20815b,p-9f91b978f184,v-858342043cf5,,M,1,31.87,2026-10-16 10:42:08,False
c-893ee913ef06,s-d74e2b347dfc,u-805fec20815b,p-ab1bb4db7915,v-d134d6cfc819,,One Size,1,78.22,2026-10-16 10:42:47,False
c-b24e4f8bda74,s-80f680f003f4,u-1c5b51c0f2f3,p-99de8910c53e,v-a956b2f058c7,,XL,1,70.16,2026-10-16 10:49:34,False
c-b9484d083a54,s-8b7d1c8f8166,u-ef0cc75c8819,p-4477d07fffb5,v-6b3aae7ad8b7,ord-088870e46031,S,1,79.25,2026-10-16 11:19:54,True
c-5c9309b16693,s-bc3c64824d01,u-f3c358539635,p-aeaed2098434,v-722d299649cb,,10,1,58.8,2026-10-16 11:26:26,False
c-2d82a91fe1ff,s-93e35b952f7b,u-4c83fce43fbe,p-38982377b505,v-df148fb636a2,,XL,1,106.91,2026-10-16 11:52:38,False
c-55079d12670b,s-cbcca7ae7dc6,u-87b8ddd98659,p-164d873d107d,v-2d30fac8c8b5,,XXL,1,61.62,2026-10-16 12:02:15,False
c-33821b4692a8,s-1492116b97c8,u-95cbf0ce9cb7,p-323b05a0bbdc,v-33605a56553e,ord-86460f88358b,XS,1,40.86,2026-10-16 12:09:24,True
c-0e8807d50e4d,s-d2f418e915e9,u-065b2939607e,p-bd2f2d0f3c75,v-34cff6653212,ord-9cbe7b7cbc73,XS,1,43.55,2026-10-16 12:21:14,True
c-f243f351ad7d,s-b36f8bc5dddd,u-08be386f6267,p-2e1138dff55d,v-fd31865017e6,,XL,1,53.74,2026-10-16 12:26:57,False
c-b3177a3530de,s-ef29f558d518,u-825f57d524c1,p-e53548042d4f,v-26578b43e836,,S,1,46.82,2026-10-16 12:27:58,False
c-65c8563fcda5,s-bea39f926ed0,u-b9f67897db67,p-ec8b4c569c0b,v-b0159d26e373,ord-481d1a1e2504,One Size,1,52.97,2026-10-16 12:41:16,True
c-be2bfaf947ee,s-0ed3a7e703af,u-4a81f92a2f60,p-760bb7e89043,v-359d3f9405d2,,XL,1,42.05,2026-10-16 12:46:17,False
c-d59888574b1e,s-0ed3a7e703af,u-4a81f92a2f60,p-ca7cbae440c1,v-68ed99dfc8c2,,XL,1,56.59,2026-10-16 12:49:04,False
c-bd69e15231a9,s-df489ed39312,u-c57d7627aaab,p-19516ce35ff7,v-147ab068dc7d,,XL,1,48.33,2026-10-16 12:49:34,False
c-0de88b7a7518,s-df489ed39312,u-c57d7627aaab,p-4876cf8dc405,v-b7a3d2ceaa22,,One Size,2,61.7,2026-10-16 12:51:49,False
c-c1bc7263fdd5,s-61b2df2cb705,u-8c1399cd90b4,p-efaa137def46,v-56d3e5a390e5,,S,1,45.66,2026-10-16 12:51:56,False
c-b4b1fba3c026,s-df489ed39312,u-c57d7627aaab,p-0dbf9451d1d1,v-b9fbe520aa31,,One Size,1,83.05,2026-10-16 12:53:11,False
c-5c741c81dd9c,s-29856094e881,u-23b7bef3ec03,p-91a2dfe06420,v-77a6624ba28e,,9,2,62.75,2026-10-16 12:56:57,False
c-20262fa41e66,s-05adc0cc8817,u-f26bb28f0b2e,p-c181f5a77a24,v-1d06ba38ab0e,,XS,2,78.33,2026-10-16 13:03:39,False
c-913444f02e1d,s-f5cee08ea180,u-cbe4acec0a8a,p-13d3e250b7b9,v-ec9b0720daef,,L,1,59.03,2026-10-16 13:13:16,False
c-f062724804da,s-3470d7309fc4,u-9db257ffc495,p-4a5437e1765a,v-89bfdb30fa3c,,One Size,1,30.0,2026-10-16 13:15:04,False
c-af8b94787bad,s-06f6f7f875de,u-95452f6a9eae,p-af28da2070e6,v-cc2b59f2ea91,ord-3c6890c952cb,8,1,74.29,2026-10-16 13:18:39,True
c-f3621814e556,s-5112f92937cb,u-629480f5e2ba,p-89ea312cd559,v-fc093124fcc6,,XL,1,72.02,2026-10-16 13:44:56,False
c-9d6fd9b94b6f,s-5112f92937cb,u-629480f5e2ba,p-b7c380a53de1,v-54c840e3c75f,,XL,2,72.0,2026-10-16 13:48:16,False
c-1d669257d994,s-895a1d90525d,u-bdbdf928a887,p-4a4f8d21b565,v-5d2580d9081c,,S,1,68.02,2026-10-16 14:21:02,False
c-839b484aa15e,s-d2034e273fa0,u-d29a434665f2,p-3599756ffff0,v-26870d1bc3db,ord-44f86ec09955,XL,1,119.0,2026-10-16 14:42:24,True
c-b57ba1510c29,s-1bb762fe3760,u-4cfc95fb048a,p-ba45da140e16,v-4abc32858d62,,S,1,27.33,2026-10-16 15:13:34,False
c-32a2a38037ac,s-97f0b1193f87,u-677a93926617,p-37e056de791e,v-438de1fc5e45,,S,1,90.74,2026-10-16 15:15:32,False
c-ad357afe11ea,s-cb4a4ebb5b88,u-960d856536ee,p-d2a3ee5d6281,v-35ffafe5d62e,,8,1,103.81,2026-10-16 16:31:59,False
c-8ae183da44ce,s-cdb0f22b5d0a,u-b196e6e61128,p-a8946063d3c5,v-18a2067497ea,,XS,1,40.03,2026-10-16 16:53:55,False
c-62d56d2e76eb,s-cdb0f22b5d0a,u-b196e6e61128,p-d561f70813da,v-a58611f976a5,,XS,1,79.77,2026-10-16 16:56:13,False
c-62b1dc4273d0,s-6fa6d24d9c44,u-19832a01c2f5,p-701e946fc9ae,v-57745ef29be4,ord-9331c6b1eaf8,10,1,86.95,2026-10-16 16:57:59,True
c-7a7ef055b32b,s-77f09a5d0267,u-6a9ba9f743a9,p-4e2e515c2ad6,v-6930287c13ce,,XS,1,41.78,2026-10-16 16:59:05,False
c-f86e798d398b,s-6fa6d24d9c44,u-19832a01c2f5,p-7d62c02270db,v-3f7e3b43e677,ord-9331c6b1eaf8,S,1,30.19,2026-10-16 17:00:06,True
c-3e870619debb,s-d3e873a78f18,u-5f69dcf9c6fa,p-84dbfef707f7,v-b00ff85d1235,ord-273e1c7648f2,S,1,39.21,2026-10-16 17:43:04,True
c-4f54705aecf5,s-ed9db2196cd3,u-353b5f002a75,p-d54ffe6701c5,v-e6ec73b35a28,,L,1,76.9,2026-10-16 17:46:06,False
c-ec7527a795bb,s-82b0fc945c1f,u-9f5a324bdbdb,p-7e33ffb1f424,v-b4cf58aeff17,,One Size,1,46.7,2026-10-16 17:48:58,False
c-e52d4b6f6159,s-82b0fc945c1f,u-9f5a324bdbdb,p-8df247c14f9a,v-f0a651df18f5,,S,1,48.26,2026-10-16 17:49:04,False
c-a75d2bd191bf,s-b1aae9170703,u-758c71ebfef7,p-4b8dbd755c9c,v-d8db8499a231,ord-062652419878,S,1,73.65,2026-10-16 17:59:18,True
c-49b6f3bd499a,s-0c1a5f29fa70,u-cb0baa539a66,p-22bc2007008f,v-09e89055c5a9,,S,1,53.36,2026-10-16 18:06:39,False
c-c5b8ac904b87,s-8d66d93d32d6,u-f4ab353e27b4,p-6bb27067a2fb,v-b24d7f4a140a,ord-0fcde08f63b9,XL,1,39.94,2026-10-16 18:36:03,True
c-3ed08fc1faec,s-535617af1810,u-585d1c6a1142,p-4a6c951e46a7,v-f83c87fbdc55,,XL,1,48.23,2026-10-16 18:46:21,False
c-883855b8df44,s-b4fab8cf08f4,u-c6167d0ddcdf,p-5c8bb15b8d80,v-9dcd48f21315,ord-6fcd7f7bd23e,7,1,93.86,2026-10-16 19:12:22,True
c-341e18a3508c,s-88996ec938cd,u-d61232e74220,p-373910a7c95a,v-7fb184db6384,,8,1,60.12,2026-10-16 19:29:08,False
c-6342fc2d7d7e,s-94635172cc37,u-9f32767fb65a,p-29c5ff163998,v-fef8389e1218,,XL,1,13.73,2026-10-16 19:37:06,False
c-68f5b1df1927,s-ef8996dc0a17,u-175eec1e4682,p-93ac077123ac,v-604fcd1c8ed1,,M,1,82.31,2026-10-16 19:37:55,False
c-0bbbf28ca013,s-2c9f43aa4e48,u-21bac9326fdf,p-03a2c2979d49,v-624548b23a73,ord-3317b705e36c,XXL,1,33.05,2026-10-16 19:42:03,True
c-e98d5af76849,s-95e48fc1029f,u-89708f6ae283,p-9fe0c53a3536,v-e736d9323c74,,L,1,68.61,2026-10-16 19:53:02,False
c-23575defde93,s-c406d7a870fb,u-26fbaeadd9be,p-1ace3b3216ec,v-439d3e300c49,,6,1,54.65,2026-10-16 19:53:05,False
c-4b7213d6e7d2,s-5115fde5fcca,u-9b05ee8ea0a3,p-0372cfb42422,v-35120e8715d7,,L,1,72.91,2026-10-16 19:59:59,False
c-3fdf0646618c,s-31a5d3163d08,u-067b1a432113,p-29c5ff163998,v-a9dcb9976c32,,L,1,13.73,2026-10-16 20:02:26,False
c-e0b550638149,s-3c164763f011,u-4f3b7a4ea878,p-18ac482d2577,v-dbc89626017b,,S,1,43.04,2026-10-16 20:02:31,False
c-d1a7bdc9109a,s-31a5d3163d08,u-067b1a432113,p-88e3ba46f668,v-0b72147bc8c1,,One Size,2,104.08,2026-10-16 20:03:59,False
c-643544b1b93e,s-a1fd8799451e,u-e2c70453d9a6,p-84a255bad34e,v-97cbf4260046,,L,1,49.33,2026-10-16 20:16:28,False
c-e36e74dae2b2,s-53d3600eb8a9,u-8eab0f2461b8,p-c30a24a4d965,v-96b3f321f166,,S,1,65.3,2026-10-16 20:41:09,False
c-a2668f0952b4,s-044969619e24,u-5371ed0c348e,p-474a73bfaeb6,v-c86932c7832a,,S,1,31.02,2026-10-16 21:13:11,False
c-3d08732ca56b,s-044969619e24,u-5371ed0c348e,p-734ab7205f74,v-fec2022c0a11,,9,1,111.35,2026-10-16 21:13:47,False
c-00be7f926293,s-4ad5bb4f46d0,u-c124d0fa817c,p-e4c6955b4a79,v-2cc39fabccda,ord-d087c880de17,S,1,62.08,2026-10-16 21:34:39,True
c-d5b9f3a69e6f,s-6d65c3955cb7,u-1133fd2661f2,p-4fd5b6c8aa78,v-3e190556ab4d,,M,1,55.41,2026-10-16 21:49:36,False
c-3755cd32c27c,s-4204175673fd,u-f352aa350fbc,p-3afe0cf96058,v-d21128b28466,,L,1,58.9,2026-10-16 22:18:20,False
c-44e235552a92,s-4204175673fd,u-f352aa350fbc,p-5639a744c9b9,v-5a2f5bff8376,,L,1,58.93,2026-10-16 22:19:16,False
c-14d997357fd5,s-2a3c2992b8f7,u-b81d003c3024,p-89fb8c6b1214,v-07aa94f1c20b,ord-0e2daca56658,XL,1,39.79,2026-10-16 22:28:46,True
c-6965f04b44ae,s-465819f56413,u-d5a8d154bd48,p-e56e7fc07695,v-edcf343eb585,,XL,1,40.39,2026-10-16 22:42:29,False
c-779961a93204,s-ae0a8752735e,u-843108ed291f,p-a03362caf13d,v-04aec5cc22cd,,XL,1,32.05,2026-10-16 22:43:57,False
c-96124d0bf99a,s-84e9667775ac,u-91f13e6784d4,p-5d9db5aa29c1,v-2687d3de6a34,ord-5786512cb3a8,6,1,83.67,2026-10-16 22:59:09,True
c-6ddeca909e5a,s-f735414b4aaf,u-65938383b81b,p-451d35ee28e3,v-a83f946a1394,,M,1,61.88,2026-10-16 23:26:29,False
c-0253ae09f57f,s-357c349c7891,u-c6167d0ddcdf,p-7ff5b3291965,v-9f7cda899856,,M,1,59.66,2026-10-16 23:30:20,False
c-2dca19263cfc,s-357c349c7891,u-c6167d0ddcdf,p-f946e1d81e39,v-649f1e06985e,,M,1,77.79,2026-10-16 23:31:14,False
c-d098bb0a300a,s-5760cce3c620,u-2cccb04a34df,p-d401d37afeef,v-7e8d3d1d2483,,L,1,53.97,2026-10-16 23:40:57,False
c-f24ed10370b6,s-83ed20c44cce,u-1583e76aab88,p-b4d00fcbbd62,v-2daabe820192,,S,1,24.46,2026-10-16 23:50:28,False
c-6db45f118a94,s-83ed20c44cce,u-1583e76aab88,p-a8a1bc87483c,v-7fd66d7e8448,,S,1,68.46,2026-10-16 23:51:50,False
c-e35adbe24765,s-7da466240fde,u-b460d9a5cbbe,p-2deafd977bb7,v-664ca513442b,,L,1,50.54,2026-10-16 23:51:54,False
c-d0129fe96a2b,s-4d0f543bca3b,u-e5e85fa1ebbb,p-804b0c4e1f09,v-f2713a766fab,ord-75206f203d14,One Size,1,78.84,2026-10-17 00:12:49,True
c-88c94755b7af,s-6aa2d123dabb,u-32973ce474bd,p-b21af733327a,v-a5d26ec398bf,,8,1,40.77,2026-10-17 00:18:11,False
c-8c1912332ec7,s-6517c4981518,u-0b406b4a73b3,p-b220ce285aca,v-516418ee6012,ord-e3175af4ac1b,XS,1,28.93,2026-10-17 00:21:54,True
c-8aa6c14fd958,s-05f8dcdd80fa,u-08d874406529,p-06d0ff181fa8,v-ba291219139b,,9,1,39.57,2026-10-17 00:24:15,False
c-5e2078ce5fc0,s-ac00a8d37a50,u-53af06450296,p-16a49cf4c880,v-6418f589cc07,,One Size,1,27.34,2026-10-17 00:43:36,False
c-1d39bbb72826,s-f4a02b72df92,u-6710ffba65e2,p-e5be92dcd42e,v-c45fc9af222b,ord-3dd74e61d0a4,L,1,72.66,2026-10-17 01:12:14,True
c-0a48b6f480ef,s-f4a02b72df92,u-6710ffba65e2,p-f49f9a26aa05,v-286584a629aa,ord-3dd74e61d0a4,XS,1,48.75,2026-10-17 01:13:33,True
c-03f84d3f63bb,s-f346494567f8,u-cd7d84c59b4f,p-3adf185ccfa8,v-e985bb043884,ord-8f7394b4e043,XXL,1,85.36,2026-10-17 01:27:18,True
c-b5fd3801f996,s-12b84a3c5fb3,u-fec7c88a78c0,p-9e9dd3a2d06a,v-73f170a6425b,,XS,1,71.88,2026-10-17 01:44:19,False
c-0329ba63a5a3,s-018d3552cb37,u-862e61b6117b,p-2df786ae0c97,v-9e3c08cdd15c,,XL,1,43.23,2026-10-17 01:51:59,False
c-4e7026fecb17,s-9fdcb2c1f03e,u-026c9621fea0,p-6bb27067a2fb,v-8d629f064975,,M,1,39.94,2026-10-17 01:52:54,False
c-2fd91417e5dc,s-9fdcb2c1f03e,u-026c9621fea0,p-e089a9875ce3,v-1935033ffaa4,,L,1,66.87,2026-10-17 01:54:05,False
c-9162922f34c3,s-d0b14fa846c4,u-e4f22d6591ba,p-420db3363786,v-06f9c466e184,,M,1,14.84,2026-10-17 01:58:28,False
c-d5a92981bcce,s-039156aa0518,u-9bd6742efa9f,p-3cefa39bc7cc,v-0adf65d46261,ord-5f99705f85c2,L,1,66.51,2026-10-17 02:13:02,True
c-f4a2a965e8fe,s-bbad77355c69,u-c13aab4d10c4,p-05a2b020151f,v-f656f4af1f8a,ord-b298d8c98331,XL,1,41.16,2026-10-17 02:18:07,True
c-60b1d4b97de5,s-bbad77355c69,u-c13aab4d10c4,p-fc2d7392bb91,v-9caf9000ed94,ord-b298d8c98331,XS,1,53.78,2026-10-17 02:20:45,True
c-157613bf74c9,s-9365a3d6dcd0,u-2b7ae9420d6a,p-1210a51fc32a,v-c8c97ba47ab9,,S,1,43.08,2026-10-17 02:29:37,False
c-5b77c53e698b,s-b7ed9b4bedf4,u-2ca2bf37e8c6,p-1a676faf3352,v-2b715e9ecfff,,S,1,29.96,2026-10-17 02:44:58,False
c-881260f42d8e,s-2d9423e3a5be,u-0ec4e8e705e1,p-e1e74cef3ff9,v-d18beffa44f8,,S,1,27.07,2026-10-17 02:45:51,False
c-2a3ac86bbd55,s-b04134246f85,u-75d3a23da8d8,p-d2918834cb6d,v-8fb2f3af0773,,L,1,54.91,2026-10-17 02:46:25,False
c-88c5f19e9d36,s-bde6ceac3c06,u-175eec1e4682,p-38b71c282813,v-82393c1cfaaa,,XL,1,38.04,2026-10-17 03:04:49,False
c-f806d2505ee3,s-bde6ceac3c06,u-175eec1e4682,p-1136159ee784,v-2c4daf176509,,S,1,67.53,2026-10-17 03:07:02,False
c-fc7f64e99644,s-0549e29e3bce,u-7a487d091010,p-b7155eb223a9,v-da6c6b1eef98,ord-64315cd8d60e,XL,1,109.84,2026-10-17 03:41:48,True
c-20eec58bee33,s-08c912d86893,u-da16a04f7374,p-37e056de791e,v-c4eed316bc1c,,XL,1,90.74,2026-10-17 03:42:07,False
c-9fd582b9a0ce,s-874112375ddb,u-9ac55eafc6f7,p-cd24b097e4eb,v-9d07da2fcdb8,ord-99f8d73545ef,M,1,55.79,2026-10-17 03:50:55,True
c-53b804e11ad7,s-8fae29dfcd80,u-d9d0cb433739,p-c4eac54b0de6,v-a850b68ce300,,M,1,39.17,2026-10-17 04:00:14,False
c-c836fcc2b35b,s-3f3e51a8a575,u-257aab7a57b1,p-c0315573902d,v-44198b38e034,ord-ca0954714837,XS,1,72.79,2026-10-17 04:12:38,True
c-208b6f55e8d6,s-829d116ce447,u-4e41ea4e767d,p-2be43ae7b0c1,v-82da40ac2bb3,,XL,1,25.2,2026-10-17 04:13:03,False
c-45951427b4eb,s-b6d52dc3f8ac,u-92e3ac94a657,p-63c6fd02965d,v-b098d0307eed,ord-23c61b4dd4a9,M,1,78.4,2026-10-17 04:21:44,True
c-67935163326f,s-b6d52dc3f8ac,u-92e3ac94a657,p-699c26292602,v-d733f4e2b3e7,ord-23c61b4dd4a9,One Size,1,66.67,2026-10-17 04:24:29,True
c-e8fb4c76b857,s-8c81245870de,u-006e306bf264,p-649b6292f76b,v-a938f8b4504b,,L,1,34.05,2026-10-17 04:30:55,False
c-70262a7c1fe0,s-36cbdeda01a0,u-023129782553,p-d6b6fcc1e8fa,v-e32deb1f4f84,,L,1,62.87,2026-10-17 04:30:57,False
c-bb235eb364d2,s-8c81245870de,u-006e306bf264,p-a1e9998937e2,v-33729af176d2,,L,1,41.44,2026-10-17 04:32:19,False
c-2a851f8ae2c2,s-104815eaf77a,u-94af06a71b1c,p-469de43e6121,v-8f2bba29ea8b,,XL,1,58.09,2026-10-17 04:37:10,False
c-4b149167bd7f,s-e86b5e3815d8,u-0895e2481535,p-805db5e2669e,v-a2ee76a5bb6f,,XS,1,88.26,2026-10-17 04:47:52,False
c-48a5e6c5018b,s-fb02c24acab5,u-e11d10f18f71,p-3860bc61074f,v-2518e9a07f4c,,L,1,32.14,2026-10-17 04:52:21,False
c-8ee27f8e7369,s-5454db4b2b1e,u-63940e09c1f7,p-8bb883c1d526,v-e5b78dba2765,,7,1,88.95,2026-10-17 05:13:56,False
c-bba4a792d072,s-f5f718cc6c23,u-d9d0cb433739,p-4db1ba36cd6a,v-ceda99cf9a79,,L,1,64.27,2026-10-17 05:18:44,False
c-945033ae7b42,s-85f138837055,u-5c53d28a7db6,p-7673ed0b8a46,v-4886933a2fb6,,L,2,75.1,2026-10-17 06:31:28,False
c-1bb9252be6ac,s-fd4687978f01,u-fc9a75826eb7,p-fee372221c89,v-ed208d22f5a2,,One Size,1,69.22,2026-10-17 06:34:09,False
c-21ca3983d307,s-b0038ffcce70,u-b3143c2f0620,p-d6fc17a95278,v-6c6c54076461,ord-a20527625d6f,XXL,2,66.87,2026-10-17 06:35:04,True
c-c78824b13265,s-5d0da5fbc23d,u-10827186b14d,p-00c8c546f357,v-c18192efd6f6,ord-2f6efcb95d2f,M,2,109.84,2026-10-17 06:42:15,True
c-2795b8025cf6,s-18dab50a1803,u-5bdc109227cb,p-88ab7b6c06c0,v-cf67d74f675e,ord-bc70cd3512f1,M,1,45.08,2026-10-17 06:46:26,True
c-f96427ecf06f,s-60cc52aaf4cc,u-8c0aa4c1d8ce,p-1202dfcc07cf,v-b3b8c286e328,,XL,2,32.52,2026-10-17 06:57:52,False
c-e1f419a51644,s-e6985975a9f2,u-fef12583ffeb,p-4916594c7d27,v-4513f5875239,ord-2b6ce0a170b8,XL,1,81.73,2026-10-17 06:58:50,True
c-f400a5fd94ec,s-e39de55997a7,u-ddb3ef55d11a,p-c920f258e7da,v-e57a9fe68f08,ord-82d0aaa9d6e2,XXL,1,48.5,2026-10-17 07:00:07,True
c-3133678314b6,s-06e6f535c4ce,u-bc836f3fa26e,p-b973221e5e3d,v-918f4bd48a88,,XS,1,52.81,2026-10-17 07:06:43,False
c-8b8ba1c56dca,s-38550351bc7f,u-de19a34f1279,p-64511032d71c,v-76513e5b54c4,ord-bf789c91e321,S,1,53.49,2026-10-17 07:25:43,True
c-e4e90b554ce5,s-477db8826992,u-c8f58eb357e3,p-99be12362d56,v-9211af9656a4,,S,1,34.79,2026-10-17 07:32:01,False
c-ee257123df71,s-dcab1d28eb5b,u-2a56c47d393c,p-498633597065,v-98addedece43,ord-962f78eba687,7,2,90.36,2026-10-17 07:34:20,True
c-6a568c1c87b3,s-dcab1d28eb5b,u-2a56c47d393c,p-19516ce35ff7,v-4f5c6ac7d7ed,ord-962f78eba687,XL,1,48.33,2026-10-17 07:36:32,True
c-705a308cbe73,s-16d9b418a930,u-d7fc83db189f,p-7100d85bc108,v-0ec7738e1d8d,ord-1f51538366b6,L,2,32.96,2026-10-17 07:38:17,True
c-ce247130dd6d,s-94a370443e36,u-3b99ca06f8b6,p-634cc331ccda,v-c035b0b783dc,,XL,1,41.37,2026-10-17 07:40:37,False
c-cc0fa4b7573f,s-3d92dc32ac04,u-d5064ec24f23,p-646999165be6,v-2666c2acb41e,ord-c6e74daabfe9,S,1,53.51,2026-10-17 08:15:40,True
c-ac90ddee7dc4,s-c3a05bb5b30f,u-2b12303b60c5,p-adce4fd2f289,v-ef32df3c9b37,,L,1,80.68,2026-10-17 08:48:15,False
c-64a257b7af9a,s-89abaf5a44e1,u-c17c9e8e066f,p-afb5ca535eb3,v-82b4e58cd0e4,,L,1,61.88,2026-10-17 09:02:45,False
c-40dffe28c892,s-589d722a715f,u-28c2ef1a4046,p-56f801e9db27,v-cb65950873fe,ord-e2c0ea0675e8,S,1,73.25,2026-10-17 09:16:51,True
c-400ddc68de63,s-730176ff9a2f,u-f456d6330e11,p-87f337a5759c,v-aa202eab4c28,,10,2,85.98,2026-10-17 09:21:05,False
c-64220b07cb3c,s-3080d2a21dce,u-2750b5574e76,p-fee372221c89,v-83e6e64f2b61,,One Size,1,69.22,2026-10-17 09:23:54,False
c-110e6b6cf424,s-075fcc0e3bc9,u-defb524f72d9,p-9789e192ff3b,v-5a6ea46119e4,ord-cc0e7174c160,S,1,23.52,2026-10-17 09:31:44,True
c-c1493fae6354,s-116bf2137dee,u-1957ae4b8926,p-6a0a5ab6b0fc,v-23460b864544,,L,1,80.21,2026-10-17 09:37:17,False
c-191af7d8254c,s-bbbaa4d648ac,u-b8536c30549f,p-b8a7b39d0aa6,v-293f1f25f598,,10,1,57.7,2026-10-17 09:44:42,False
c-49b00e29c008,s-bbbaa4d648ac,u-b8536c30549f,p-89a6d1cb864c,v-cb7cded36eea,,One Size,1,66.32,2026-10-17 09:45:47,False
c-b11d28e4dc57,s-96dea436b67a,u-b497a61007ba,p-89dda7e1ee10,v-e9d62ab7f0fb,ord-c47b7726a084,S,1,56.34,2026-10-17 10:03:19,True
c-562d41d065fd,s-50603e0a9b9d,u-7f6b2e6dbe41,p-30c803a19466,v-ccc16373cfae,ord-dbedb3114a73,7,1,53.7,2026-10-17 10:19:47,True
c-da1b016367da,s-9a084f6d1af8,u-237ba2fd3b6f,p-eede996438b6,v-e43a32f6691a,,One Size,1,39.38,2026-10-17 10:21:11,False
c-7695bc34b172,s-0e1c7000b501,u-56486bae8a11,p-18ab3b9c2366,v-f178e8e66f6e,ord-d7551720f52a,XXL,2,83.84,2026-10-17 10:24:10,True
c-dd06625b8470,s-cdeb3ea9a9a2,u-0b128bd1a458,p-452b38072947,v-324590a5dcc3,,One Size,2,43.29,2026-10-17 10:32:12,False
c-c5786fde2bd2,s-a80d65f72a9c,u-3406a701beaf,p-a608abcb97c9,v-a36c4219efbc,,M,1,77.65,2026-10-17 10:32:21,False
c-39c60408e362,s-9932c5d429ff,u-2ef6cdd0f3a3,p-4689d86fa23b,v-1a8dfa0d241e,,XL,1,75.54,2026-10-17 10:33:44,False
c-8c01b9d651b1,s-d573654f2b44,u-949818073383,p-5bd75779ffa7,v-a7c5f7554e49,,XS,2,55.25,2026-10-17 10:42:11,False
c-84e7db01b097,s-fee691d717e6,u-50b24a9474f9,p-5431631a088f,v-d327e61807d5,ord-84bb7aead290,XL,1,45.77,2026-10-17 11:28:22,True
c-8667501099f0,s-9320d384c53c,u-9cd06e539613,p-e42dd6fdc97d,v-ffa98fbd88b9,ord-2398e32639c2,8,1,58.83,2026-10-17 11:44:08,True
c-f7a2d436f409,s-023e90b08c73,u-a9e6ab1c9ef0,p-1a609bdefd2a,v-2452d1fdca01,ord-f29c123bd4e8,One Size,1,28.02,2026-10-17 11:52:24,True
c-da75a57d5e86,s-2fa2896166cb,u-c155ca7c7228,p-2f390b866a03,v-f1da0cf73aa0,,S,1,40.38,2026-10-17 11:56:15,False
c-6eed876da266,s-bbc3e8c5e9ea,u-c97dc9d9d9ed,p-9cf1a10f570d,v-db1d00fbfddf,,XS,1,125.58,2026-10-17 12:07:09,False
c-e6f745fe44a0,s-f4801d914638,u-5e15cddd7810,p-843045ab3a97,v-be7673592ae4,,M,1,74.76,2026-10-17 12:22:47,False
c-ca8eb9bdf0f5,s-4dd7b76265b0,u-4b6c4e31aac3,p-d2a785a57ed6,v-ac8e13a07b03,ord-b19788d4a8ef,L,1,51.37,2026-10-17 13:05:45,True
c-77bee6bda48f,s-ecc7db1cd1ac,u-21c7f40ab49f,p-7673ed0b8a46,v-b433936d287f,,XL,1,75.1,2026-10-17 13:47:44,False
c-29fc13a34666,s-ac38ed134fd6,u-67c9b5d4e5a0,p-2c43249ff69c,v-a6b4b8108f96,ord-40aff6bc8458,S,1,40.61,2026-10-17 13:49:18,True
c-eb4e9207c8da,s-1a253dc4395d,u-1b87ce0e330c,p-8bf8e65bbf83,v-76dfc7bbfc0a,,M,1,56.23,2026-10-17 13:58:26,False
c-25ad55d6ad04,s-f0e059546378,u-35febe4991b4,p-742b8331f6b3,v-c47f667de933,,M,2,55.81,2026-10-17 14:06:12,False
c-313bcf51ca52,s-953773b361f6,u-7cdb8dc9f6cf,p-e0dc60d0dd7f,v-dbb20bde2f9e,ord-434bbed2f1df,6,1,70.25,2026-10-17 14:06:47,True
c-9dbbd55ccbba,s-355d240ddde4,u-5753e61f7747,p-4c4b1bbc16b7,v-cd39ffec6a6c,,L,1,30.99,2026-10-17 14:46:22,False
c-9ab55163dc2d,s-9b33e09be6d7,u-4ca41eebe875,p-83f86f04f0a6,v-d63adba66579,,L,1,42.37,2026-10-17 14:57:56,False
c-b47c8e4b1cbc,s-8cdf2dd6bda1,u-a476c0562e67,p-8367e39faa14,v-637530541f7e,ord-c9794d17b8fc,S,1,60.48,2026-10-17 15:00:53,True
c-7820c8d4290d,s-c219759284c1,u-89462a6f9d57,p-7edf1cca010b,v-950873fa9b42,,XL,1,53.28,2026-10-17 15:03:35,False
c-3a1e3bfec3e2,s-87b9ddc4186e,u-801fc4dbbc9f,p-5559e7b5ddc0,v-91fa1d48c6b2,,M,1,36.54,2026-10-17 15:12:56,False
c-98d2681be606,s-ca34e6d45b29,u-5b45d979a056,p-d312425a2284,v-768f3f577701,ord-4cd27a866c6f,9,1,144.3,2026-10-17 15:15:21,True
c-ec6a531d2fcc,s-433d5916766a,u-1b04baf61e02,p-bc3329ef5762,v-27bf7604b4ee,ord-3d43c89c9f77,XL,1,54.27,2026-10-17 15:17:29,True
c-5a58343a6475,s-593482ea3ef7,u-13b212c4d780,p-42b6df636be3,v-5be174f97392,,M,1,79.26,2026-10-17 15:25:30,False
c-d439fb0b2396,s-41ce4623a95e,u-b3843865eacc,p-18831a764f6b,v-5c10c34b4050,,XL,1,47.66,2026-10-17 15:29:29,False
c-3e72c3bdb6a9,s-b226f3c40c6c,u-6a853b84babd,p-af28da2070e6,v-5a67d1e0b572,ord-46ae406a9ac0,6,1,74.29,2026-10-17 15:41:49,True
c-45273c098c14,s-328d1babf035,u-8709fa147985,p-9eb4e749889d,v-b6d02d3e143e,ord-a9243f752a84,L,1,71.25,2026-10-17 16:12:42,True
c-c7211cc86925,s-71c1006f00a7,u-9b9537a07285,p-1469b9ea7277,v-cf91c57562e3,,XS,1,77.42,2026-10-17 16:12:58,False
c-8eaf62253e27,s-71c1006f00a7,u-9b9537a07285,p-f9f787c33baa,v-526ae771bda4,,XXL,2,37.44,2026-10-17 16:14:27,False
c-de997997cecb,s-2a346f6ac351,u-adabafd76fd5,p-d3e3f7de1f44,v-35d7135ec1b5,,S,1,53.38,2026-10-17 16:21:29,False
c-6fe97ccc1b5e,s-40b51f7b78aa,u-96399dbc77e9,p-fdc433c8f9e0,v-6ad0f50082c2,,L,1,45.92,2026-10-17 16:38:58,False
c-0a331129654d,s-40b51f7b78aa,u-96399dbc77e9,p-5acec90d8a28,v-f6bd0bc04405,,XS,1,84.74,2026-10-17 16:39:48,False
c-2ff04d8aa482,s-40b51f7b78aa,u-96399dbc77e9,p-2d839c9d3ca5,v-2c85515ab45d,,XL,1,48.79,2026-10-17 16:41:15,False
c-800b61678418,s-1d543f4f8c3b,u-e3d399df9dde,p-3ba78bf8d9ef,v-5a6a362507f5,ord-2c743973af99,L,1,30.46,2026-10-17 16:43:53,True
c-f00098666530,s-1a64fa9b45ac,u-bc8fd4f252a0,p-22d95d57a4a4,v-6540f77bb9cd,ord-cef2ffb45df5,XS,1,18.87,2026-10-17 17:42:45,True
c-37e880831601,s-1a64fa9b45ac,u-bc8fd4f252a0,p-dc4a5b5b664e,v-858b186ef361,ord-cef2ffb45df5,7,1,57.72,2026-10-17 17:45:01,True
c-8818de1c65e9,s-f43299e48950,u-a220bd157143,p-eaf01572b984,v-d88b7a396276,,M,1,41.56,2026-10-17 17:46:48,False
c-b79a4cffd078,s-fcd19c3f685f,u-64f609e58490,p-14ff73c38b7c,v-f6dade4cd4fa,,One Size,1,100.41,2026-10-17 17:55:53,False
c-bf46747d1044,s-fcd19c3f685f,u-64f609e58490,p-8b25b835eb00,v-cc7bdb37da98,,One Size,1,61.04,2026-10-17 17:58:58,False
c-7960739a0417,s-6027261b2a52,u-78567de9c947,p-646999165be6,v-e307b7943c20,,L,1,53.51,2026-10-17 18:00:59,False
c-eb3f604ddc75,s-717310588871,u-30aaa894eab5,p-4965eb79fe58,v-774ad131ada0,,S,1,67.45,2026-10-17 18:28:11,False
c-e541e01c9c4c,s-717310588871,u-30aaa894eab5,p-5d6fe0443525,v-448b29ad1396,,XXL,1,39.49,2026-10-17 18:30:26,False
c-d51c12231e51,s-717310588871,u-30aaa894eab5,p-57b3fb360f53,v-353849725679,,One Size,1,28.25,2026-10-17 18:30:46,False
c-0f3fa748c576,s-b5590fd6cd63,u-dbcd0a0972be,p-d2918834cb6d,v-2015eb5f2750,ord-db41719103cd,L,1,54.91,2026-10-17 18:36:23,True
c-597e828b7e9c,s-7dcd302dd2d2,u-bfd86f897850,p-95a1f7624783,v-4ec9a8d582bb,,L,1,46.9,2026-10-17 18:44:41,False
c-1f059a2a0aa9,s-fcac06cfbfcc,u-7a98ad79b309,p-7a9259059eb9,v-4e49d0ae4124,ord-ad199a718f14,XL,1,71.01,2026-10-17 19:20:18,True
c-6a8850c5fdc8,s-5f2b329f6060,u-5a7bc7ab2647,p-b45ca2c8e47f,v-9260e1cee30e,,M,1,42.09,2026-10-17 19:30:46,False
c-5198b6d68a9a,s-0899a2165b5d,u-0d6755bacf8b,p-c5c41af6dfe7,v-5ac940fc1f1f,,L,1,84.67,2026-10-17 19:33:44,False
c-27a03b2a9fe9,s-f2156ad9f98e,u-5a231e88f34d,p-16680e4b5fc4,v-2791c2f3befc,ord-e4ef94a53138,8,1,62.98,2026-10-17 20:01:02,True
c-0025157ed554,s-faf8237dd0bc,u-16545ff53a49,p-ea0d17067ac5,v-2d07633ba49a,ord-7c075b04ee0b,9,1,55.27,2026-10-17 20:44:47,True
c-5fa0bc6c43fe,s-3ff107d23eb7,u-f1dc0c1e0e7d,p-a608abcb97c9,v-e549add0b7f3,ord-431587a71cdd,XS,1,77.65,2026-10-17 21:20:25,True
c-f1d4bab41078,s-6c2f4998c0ed,u-888df61b97b9,p-e42dd6fdc97d,v-eac3119071de,ord-f7eb04b0db26,6,1,58.83,2026-10-17 21:24:01,True
c-b68125fc5aa8,s-c80756489406,u-5d69eec29079,p-c162d7d85728,v-b42d884cfb9a,,M,1,33.86,2026-10-17 21:30:17,False
c-0ce038311758,s-0a42f1ac75cb,u-29c9476c28ec,p-a8946063d3c5,v-eca1289d4a14,,S,2,40.03,2026-10-17 21:37:21,False
c-2e7bd42e2b30,s-dfb11b425dc6,u-effa185a6e12,p-7694533ce399,v-23836f176812,,S,1,75.12,2026-10-17 21:38:34,False
c-a2d1f0efcfea,s-908ef1233d57,u-2688b25b5aca,p-1c0258525d95,v-28b072365643,,L,1,58.8,2026-10-17 21:39:30,False
c-f664546f943c,s-908ef1233d57,u-2688b25b5aca,p-a2c268429d22,v-9128bbe6eea6,,7,1,82.6,2026-10-17 21:40:50,False
c-2fabbf2d28d1,s-cb49aff926bb,u-57bba710813e,p-69daf4452ca8,v-927f698722d4,,M,2,23.55,2026-10-17 21:53:34,False
c-05f771f733db,s-f78f5c6a6d9f,u-74ae54d125cc,p-2b1acf230dda,v-aea6697dd48b,,L,1,73.61,2026-10-17 22:06:22,False
c-383e54b778ae,s-4e17cda0e11e,u-ace4b58b9113,p-f9f787c33baa,v-0ae96041f13f,,S,1,37.44,2026-10-17 22:39:16,False
c-72b0d483a61c,s-2423fa522c38,u-5a1d311cbba4,p-e66bc83d3920,v-a59aed12e3a0,ord-5c44434b4f56,11,1,47.03,2026-10-17 22:41:06,True
c-3a11b7b4bfb5,s-316010b91c51,u-28aa57f4834e,p-78591900b440,v-39fa4ed80494,ord-892ca383173e,XXL,1,75.8,2026-10-17 22:53:20,True
c-e8762e9282f9,s-f82ea575929c,u-71a099c65e71,p-96e765f440ff,v-5e7222685d75,,XL,1,45.28,2026-10-17 23:03:18,False
c-47e47be19234,s-fc1fab38e935,u-cec50b172242,p-586267b99b1c,v-ef8a3aa20c6c,ord-dd63781c905f,XXL,1,37.26,2026-10-17 23:04:40,True
c-a044f1958d0c,s-d1cae29040b1,u-eb1a4b731c38,p-7413840e8b15,v-7e02ff169ef5,,L,1,35.38,2026-10-17 23:38:24,False
c-38d240cdda6c,s-93b0f7a2aea5,u-006e306bf264,p-2887da6ccf4f,v-c3b58f6f3822,,M,1,79.43,2026-10-17 23:42:12,False
c-6976583709c1,s-893552ecbef5,u-d69232f2cac1,p-449f9a8dac4b,v-7990d8319020,,XL,1,58.11,2026-10-17 23:42:31,False
c-69eb253d0dbd,s-93b0f7a2aea5,u-006e306bf264,p-2dbe80b10a07,v-443d0769eea4,,XL,1,32.47,2026-10-17 23:43:07,False
c-e83b7a0cbfa9,s-1629cb16fb22,u-1f2e042dd8a0,p-fa9435a40128,v-945cee094248,ord-576e5bc86d70,L,1,51.6,2026-10-17 23:45:58,True
c-f0490db20285,s-221677603768,u-36388ac1910b,p-6a76551e4824,v-e37c55077599,ord-12e51718f5f1,S,2,56.64,2026-10-18 00:17:59,True
c-57e0df33a426,s-25aee6f75f1f,u-e7b1b898d555,p-76aa54c5428b,v-79b584bb94b6,,9,1,68.58,2026-10-18 01:01:43,False
c-adfaa6f4414a,s-feac5f9f0c2f,u-afbfc18cb412,p-3f391892cfcb,v-9f6b3c069d34,,XXL,1,102.56,2026-10-18 01:26:50,False
c-73883e226ee9,s-5b66d73c417b,u-7b10adfbb174,p-0a2da441c72f,v-2ab7a2f9c236,,L,1,39.25,2026-10-18 01:58:07,False
c-4a1f61a02e81,s-d39385bf1959,u-45d5add03110,p-2eb7e7ef5330,v-ded0fd87eb68,ord-3f373b2623ca,XL,1,59.01,2026-10-18 02:02:42,True
c-259b7c610523,s-d39385bf1959,u-45d5add03110,p-472d80bd9fd5,v-52c2379dfdcc,ord-3f373b2623ca,L,1,58.17,2026-10-18 02:04:16,True
c-225a273ac29c,s-54d4efd39775,u-defb524f72d9,p-2ab57e658014,v-06ea5905c66b,ord-8bec2bbc978e,XS,1,43.4,2026-10-18 02:41:03,True
c-52043f13f2ee,s-319e5b72bd76,u-c581e09c76e9,p-4876cf8dc405,v-2bb8651a8f57,ord-4aad6c0ddb43,One Size,1,61.7,2026-10-18 03:24:13,True
c-3f9fbbe681be,s-b59ba7fca414,u-a1d4160fd7d6,p-0aa09e624676,v-023c02367017,,S,1,56.32,2026-10-18 03:36:25,False
c-be6879200aab,s-c07568bc86c4,u-84b91c18bbc9,p-a8513594658b,v-d067bb3f57ec,ord-d28f6e562828,L,1,53.49,2026-10-18 03:37:48,True
c-7db7a7d5694a,s-6f360ac5e420,u-be5bc54eaaee,p-0ef53163d4d3,v-95fe47514154,,S,1,77.44,2026-10-18 04:02:37,False
c-72ab9d5da3f4,s-a47c530e9344,u-ed89463e4e98,p-996d646ba63d,v-218d39344420,ord-172700797061,XXL,1,28.82,2026-10-18 04:20:48,True
c-0e793a152828,s-5269b3ed20cc,u-4f827a0c20dc,p-ee91cc692e57,v-45bd4d1b08e5,ord-8a89cd22ab3a,M,1,46.92,2026-10-18 04:21:32,True
c-027c93195d79,s-299a660e755c,u-04b2ff8339f6,p-d45ed8f9f29c,v-836ef7aea3a9,,XS,1,94.2,2026-10-18 04:53:55,False
c-3650854c29dc,s-299a660e755c,u-04b2ff8339f6,p-ca7cbae440c1,v-d0f1366cb0ff,,XS,1,56.59,2026-10-18 04:56:14,False
c-1a90fd9b47c7,s-e21727c4ff34,u-096bef96d111,p-5f11e232aa88,v-b17a40283992,,XL,2,58.13,2026-10-18 05:01:05,False
c-9c935bc4ae63,s-f51510545d3a,u-1719abf997f1,p-5d3edd1052cb,v-9f34beee0470,ord-35eb21d85db5,L,1,27.41,2026-10-18 05:17:13,True
c-208028fb6c79,s-93017cf9e68f,u-0b5c85f94a99,p-aba442a3dbab,v-60b71ccf3a61,ord-2df91da8b8bb,XS,1,18.98,2026-10-18 05:25:35,True
c-b2919ed0ff00,s-b0dfeebe15e6,u-d0e57a380428,p-7e975cc02998,v-0ce34fa6d991,,L,1,66.03,2026-10-18 06:31:24,False
c-8b03fd3a2741,s-0ec379d6b9d5,u-8829f6d80a79,p-d3243bad23f9,v-60403d876a17,,XXL,1,70.15,2026-10-18 06:38:09,False
c-70f7b3ebb08e,s-0d910b42097f,u-0b3b6b2e854b,p-84a46c0557b7,v-5edcb439dd76,ord-86e5b1217f0d,S,1,58.54,2026-10-18 06:40:36,True
c-8e23a1d188cf,s-7cbda53778fb,u-2b77903998cc,p-87ee241cd5e1,v-0c386be34433,,XL,1,45.7,2026-10-18 06:41:05,False
c-773aea5bb160,s-7cbda53778fb,u-2b77903998cc,p-2db6ca4f8bdd,v-dd7b64cd514b,,11,1,106.9,2026-10-18 06:41:07,False
c-8bf2867107f5,s-51cf91375d81,u-21ff75683144,p-339c2495e1d5,v-4b1e509e96da,ord-9d8bc8489ed6,XXL,1,75.38,2026-10-18 06:49:40,True
c-c925d03abeb3,s-e3adb4b5f156,u-46568f84f2b3,p-3bb32aa3accc,v-1666014affdb,ord-b06626fc0e8b,9,1,78.7,2026-10-18 06:54:35,True
c-ece09bd32037,s-b73395e010d2,u-3324d87c86d5,p-e0e09bfb3a13,v-09550904ec0a,,XL,1,36.23,2026-10-18 07:04:11,False
c-230bb9cc18e9,s-c219ed392648,u-ba51e395ad85,p-56f801e9db27,v-f581f1942a61,ord-a59ee601216f,M,1,73.25,2026-10-18 07:16:22,True
c-5a099d2648e4,s-631e821d0f84,u-002fbd194972,p-5a7ef909b8b0,v-4992a0765872,,XL,1,18.89,2026-10-18 07:27:28,False
c-0bf12dece42e,s-631e821d0f84,u-002fbd194972,p-21bcf17982c1,v-6d9c63ecc38e,,S,1,78.25,2026-10-18 07:28:04,False
c-3fe0f86275ce,s-085c3e019801,u-5ca20d675f22,p-c85a1816cf4c,v-acb803e07c27,ord-4a975981df48,9,1,129.69,2026-10-18 08:11:13,True
c-ff183b96c776,s-82c80756211b,u-7d48564d00af,p-d1c671538589,v-52cf2ad7546d,ord-04de65a5dc83,L,1,29.85,2026-10-18 08:27:37,True
c-46e2277704c7,s-3b530e55f6ad,u-2381fa5f6eb9,p-d0ebbd8f2c23,v-a78b1b5b549d,,XS,1,35.35,2026-10-18 08:37:07,False
c-9f2b4f5bc6c1,s-81e7f2d091c0,u-a18111ec6547,p-cbe604326c02,v-5a53d32a8abe,,7,1,101.49,2026-10-18 08:39:09,False
c-2b5c9151d320,s-3b530e55f6ad,u-2381fa5f6eb9,p-7f4a3a4942b1,v-cc87775094b8,,L,1,79.36,2026-10-18 08:39:39,False
c-6aa3f8f17792,s-fafb8d47a9f2,u-b657d5efe9a0,p-41c355dbc0a9,v-f53bc301ed01,ord-1f5a79da983f,XL,1,41.68,2026-10-18 08:47:30,True
c-7b019e45ceaa,s-49cb6b002b72,u-3120d2b9b524,p-5dbc634cdca1,v-52e4538c04b7,ord-689d36a7f179,L,1,75.65,2026-10-18 08:49:13,True
c-386d43808269,s-f2d0e2b7d711,u-d55f136352b5,p-330f0d230f44,v-effdf349e36b,ord-5af0b853f97c,L,1,26.19,2026-10-18 08:50:35,True
c-3cd9060496a3,s-993348bf2d6d,u-8174b3ec9ef0,p-1fd0fd8f102d,v-c879cb0ff617,ord-1704e61fe350,S,1,46.31,2026-10-18 08:58:26,True
c-b077daff9f31,s-4492784e3a6b,u-05737a5ffcfc,p-89a6d1cb864c,v-a5fa7c44a3da,ord-e415cd62eb4e,One Size,1,66.32,2026-10-18 09:55:32,True
c-7e3ad4f455ae,s-8862531e4006,u-ff7e5bfa7d74,p-5d3edd1052cb,v-328d0ba6fccd,ord-d57dae88dbb5,XXL,1,27.41,2026-10-18 10:08:46,True
c-0230deacdff7,s-c524a4b0fb0b,u-930506bc566d,p-8bb883c1d526,v-29f719c1dedd,,10,1,88.95,2026-10-18 10:12:29,False
c-5b8a43b263ef,s-fe6028b823a8,u-db0cbac2a881,p-655842b88783,v-db1eae3dfa29,,S,1,102.13,2026-10-18 10:12:31,False
c-728923ab17c7,s-c524a4b0fb0b,u-930506bc566d,p-92c04713f1b1,v-a657769d0c84,,11,1,85.52,2026-10-18 10:14:17,False
c-55581cba9a99,s-ecf7d481ed49,u-6f191c80ba97,p-a8a1bc87483c,v-bfdc504293b0,,M,1,68.46,2026-10-18 10:24:59,False
c-b331a00ca3cd,s-a59e2e433bb0,u-32180890fc60,p-19516ce35ff7,v-82a063682c01,,XL,1,48.33,2026-10-18 10:27:04,False
c-e63e5ba794c3,s-f5dc7f4dc626,u-e16b2de4d9da,p-bf9915c4ef4b,v-d51d63c088f1,ord-a23a0360b543,L,1,44.63,2026-10-18 10:33:49,True
c-b52cf4384f3c,s-ef6dc87b5eb5,u-3ab960e4f303,p-abb6d84650da,v-67d13cfb97e0,ord-bed177d7a4b7,M,1,105.91,2026-10-18 10:34:23,True
c-35dd9b2a82da,s-1fa1355d71b7,u-3feccf541ca0,p-57a8417fcd12,v-602fc507714e,ord-36e33d21f55c,XS,2,40.17,2026-10-18 11:13:42,True
c-053e37b04793,s-59d90cb887f4,u-140543b125c5,p-12774b5c2e90,v-75ba5f79cbb2,ord-447fcffe87ce,XL,1,36.22,2026-10-18 11:21:10,True
c-ef04ad7b196d,s-59d90cb887f4,u-140543b125c5,p-be98bc60ee3b,v-576439a467bf,ord-447fcffe87ce,XXL,1,31.8,2026-10-18 11:21:58,True
c-d7f5770300c1,s-617a5f9c3d7c,u-8c477c464233,p-0c4d4f3d3fcf,v-ea62c2c3b53a,ord-44f86bce7897,XS,1,66.92,2026-10-18 11:34:40,True
c-711cddaf5418,s-617a5f9c3d7c,u-8c477c464233,p-996d646ba63d,v-b8568dc753ad,ord-44f86bce7897,XL,1,28.82,2026-10-18 11:36:10,True
c-a4fe9ae6b48a,s-1ecae4996957,u-750b12aef467,p-960cf7793081,v-7e2b80c1df5d,,XS,1,25.09,2026-10-18 11:36:15,False
c-f9722977995c,s-1ecae4996957,u-750b12aef467,p-d514d1156c6b,v-c1bf93ceab47,,XS,1,72.56,2026-10-18 11:37:08,False
c-5d7a2e9fb498,s-7d3ec7d8b6b4,u-d820a2e33ca5,p-1aabf9b76068,v-a93976ce9bab,,XS,1,78.8,2026-10-18 12:30:30,False
c-4f5fd56cde32,s-0973e8c4c65d,u-7373534977b5,p-bebeb3001c0b,v-f050ec8b0b75,,One Size,1,59.26,2026-10-18 12:39:31,False
c-29754a41a9c9,s-9e11d3b85cc9,u-d8fa3f3e3e29,p-9b4aeed38db7,v-2fb63806918f,ord-ec06908a3bb5,11,2,92.98,2026-10-18 12:40:20,True
c-40d945e66388,s-3211ae977f30,u-286ad8628ffc,p-4e1b3dd6a395,v-07b9dc4ce315,ord-109469e87e59,XXL,1,27.39,2026-10-18 13:29:38,True
c-a42be29db1a5,s-3211ae977f30,u-286ad8628ffc,p-b66e5f0d4761,v-0127c55c4253,ord-109469e87e59,M,1,21.37,2026-10-18 13:29:54,True
c-9d5ae81e5671,s-cf7cdc21f9a7,u-cb130438483a,p-328a7ed908d9,v-430cf341d4b6,,L,1,39.22,2026-10-18 13:41:43,False
c-0e98144fb0e6,s-09d711cba9bf,u-5c27a0c6b136,p-e089a9875ce3,v-2d80bd3ca32a,,M,1,66.87,2026-10-18 13:42:03,False
c-3a21728fb8db,s-09d711cba9bf,u-5c27a0c6b136,p-96e765f440ff,v-0da765bc0b21,,XL,1,45.28,2026-10-18 13:43:09,False
c-d7527bfa1faa,s-40e4e88e7ec1,u-33c5857c259d,p-3ff508b516dc,v-403fc6904add,ord-68cd9e4ff5e7,XXL,1,33.57,2026-10-18 13:58:01,True
c-bd27c3955dbf,s-101f31e75c19,u-a0d728b5e08a,p-e9525bec9ccc,v-f82c6c19ccdf,,L,1,42.51,2026-10-18 14:09:58,False
c-dcbf8b2a392b,s-57788b89d8bb,u-86e1b1e64d98,p-77539439f866,v-afdcc12a60c9,,XXL,2,29.15,2026-10-18 14:21:39,False
c-e0ae1e7e2150,s-6ae97396d952,u-0895e2481535,p-9974eb3bb71d,v-9a3b38bc47a5,,L,2,85.5,2026-10-18 15:13:27,False
c-71c72f6a3ae2,s-d6f1eb8edb62,u-accb18a968db,p-a1e9998937e2,v-6528b34c48f2,,XXL,2,41.44,2026-10-18 15:22:10,False
c-03c08b1592cf,s-b0ebcdd50e36,u-a245af43590d,p-be8db09b6ceb,v-4af2a8111eb5,,XL,1,79.51,2026-10-18 16:31:43,False
c-5262e085ee75,s-18a6145caef0,u-d650edec84c8,p-bc9a17fc84aa,v-2917549af796,ord-c40886690a17,S,2,43.45,2026-10-18 16:40:24,True
c-72ab263ec829,s-18a6145caef0,u-d650edec84c8,p-344e8d7aa634,v-4d16f4070b03,ord-c40886690a17,XL,1,64.32,2026-10-18 16:41:05,True
c-407797d575b1,s-ae6adb6573cf,u-ee7198cc5d08,p-58514e77edf8,v-79b495e715d5,,L,1,119.59,2026-10-18 16:46:12,False
c-a21b31dfb2d7,s-a8841018a651,u-7e9000720268,p-d514d1156c6b,v-fd45fb932a4a,,XL,2,72.56,2026-10-18 16:47:32,False
c-09fa5402f347,s-a8841018a651,u-7e9000720268,p-8e84ffde784e,v-3d165f91c6b7,,XL,2,123.61,2026-10-18 16:48:07,False
c-daed332a6cea,s-a8841018a651,u-7e9000720268,p-0db9fb087595,v-8ef9066a988b,,L,1,62.9,2026-10-18 16:49:21,False
c-e212031a5f76,s-b3682858aab5,u-dd76dd41a673,p-e0e09bfb3a13,v-45426f2eb03b,ord-f161b3ce5765,M,1,36.23,2026-10-18 17:00:23,True
c-d54d841cae46,s-80d1908a3894,u-dd765701719d,p-beb74176f1de,v-6a024a18c975,ord-95de361ed687,L,1,17.97,2026-10-18 18:02:47,True
c-fdf99e439abb,s-c6bad4663ca6,u-9edb6e264da4,p-d8f4231643ac,v-be64240639cb,,M,1,56.14,2026-10-18 18:14:20,False
c-3e41d99b0ba6,s-16a3fd681922,u-25e18e0cce89,p-bd6863d05d16,v-21468660fc4b,,XL,1,52.18,2026-10-18 18:23:55,False
c-3da9516105e2,s-86a0d294cb8c,u-a2a5cb32ed93,p-926567b45963,v-8294c849361e,,One Size,1,66.89,2026-10-18 18:56:44,False
c-50434ac21555,s-ce6ba596ea15,u-0b1327a2e97d,p-41c355dbc0a9,v-b53f6346b9c3,,M,1,41.68,2026-10-18 19:08:42,False
c-df4e5830393c,s-69c51b69c391,u-699f6073823a,p-fc5760b292f6,v-a427e4fea46b,ord-bef55bacdd6c,L,1,38.24,2026-10-18 19:17:38,True
c-ecdd5136186c,s-69c51b69c391,u-699f6073823a,p-90f7cac54e1a,v-d6167e08b5b5,ord-bef55bacdd6c,7,1,73.9,2026-10-18 19:20:03,True
c-e97ad3d9d28b,s-24e35829bb3b,u-afbda63984d8,p-5890f4110b1a,v-1b39e6aff8df,ord-15de18dfcf2a,M,1,75.04,2026-10-18 19:25:00,True
c-f8c085bf6cf3,s-24e35829bb3b,u-afbda63984d8,p-f5ca33bba307,v-7a6c8f206388,ord-15de18dfcf2a,M,1,73.46,2026-10-18 19:27:55,True
c-99dcd6b44403,s-02496e924495,u-ae5f12699de4,p-60412beb838a,v-b60d165650c8,,M,1,54.22,2026-10-18 19:33:31,False
c-c341d0573d36,s-450386387032,u-1431bf2d13b9,p-5165812dac9a,v-36c2ad3e0fe3,ord-927d87ebb258,S,1,61.72,2026-10-18 19:38:45,True
c-da532b4f4fb3,s-db906327ef23,u-bc500d9d8bad,p-62b0f40a6ebe,v-5268ba6cc6d1,ord-638cd4bfd563,S,1,41.99,2026-10-18 19:41:06,True
c-58580452d49a,s-34a931426826,u-051bc2bbae83,p-916dad6ca62b,v-a958b68b36e5,ord-79905101c013,9,1,91.61,2026-10-18 19:42:13,True
c-f78be79a8b1c,s-1d8a404796b5,u-8455107ee200,p-b4d00fcbbd62,v-5f51a1485bb8,,XL,1,24.46,2026-10-18 20:01:34,False
c-de224c6fdcee,s-6c5f374d68ad,u-3c8fa19f36f2,p-cfbeb3fe2196,v-b59abc4998a2,,S,1,39.92,2026-10-18 20:52:13,False
c-3886b8a30b90,s-4d4684c999c7,u-6c0e7c525b06,p-60f7acdd8fe0,v-54010bb3753c,,S,1,50.81,2026-10-18 20:57:55,False
c-af959db3f94f,s-c6d2fb3a4bae,u-6111f86f10c6,p-6cac4bc2017e,v-c5013a1cb64b,ord-ab3194197561,L,1,29.52,2026-10-18 20:59:36,True
c-86238da75e78,s-648d69f807e2,u-3cac243d3f86,p-af1020af155a,v-1b5b97db7142,ord-41dcf8daa259,9,1,31.46,2026-10-18 21:12:38,True
c-6beb15252e31,s-648d69f807e2,u-3cac243d3f86,p-bb3692601707,v-6db90da18904,ord-41dcf8daa259,10,1,67.65,2026-10-18 21:14:15,True
c-591fd4feec32,s-01442c170e2c,u-b6290cdebe94,p-6fc7b487cc2a,v-9fdeef0fb4b9,,S,1,59.63,2026-10-18 21:17:28,False
c-196f7eae0015,s-9035ad3f1051,u-644566d12211,p-6535d0b8061b,v-a55a00fc5427,ord-e1205a67de38,S,1,92.87,2026-10-18 21:25:39,True
c-5a657d38b4b4,s-96ec20b3f98d,u-351541929365,p-1bf042849c9f,v-bc8162039dfb,,XXL,1,72.07,2026-10-18 21:37:34,False
c-cae16d4a042c,s-f94dff2219d0,u-c8de04fc9d3c,p-4faacc36fbae,v-920156e07493,ord-92cb63846576,One Size,1,38.16,2026-10-18 21:54:53,True
c-4f37fdf1e5eb,s-013492418833,u-0522691b8829,p-d7c7b870d147,v-1ab2710e3790,,S,1,46.44,2026-10-18 22:07:04,False
c-38b42eb23156,s-0705b0d4eff7,u-fe27507e60ac,p-74db822db021,v-62c68155d329,ord-5970a498e27a,L,1,38.12,2026-10-18 22:22:21,True
c-543b70e2f348,s-b3006af6d37d,u-e8316e3958d3,p-1b3beec680d1,v-722d158c4b17,ord-cfcd930fa4db,XL,1,54.74,2026-10-18 22:25:53,True
c-15cbb6be17f9,s-e0fb77ad87c5,u-22ffa2814557,p-46c8448b2fd1,v-5b0c034e4e0e,,XL,1,62.46,2026-10-18 22:53:53,False
c-0df75caf8819,s-9fd567ad4e41,u-bd45c2d50442,p-5b85f7aed7ea,v-e7008128b10a,,S,1,93.14,2026-10-18 22:57:04,False
c-f5e6d02d9773,s-9fd567ad4e41,u-bd45c2d50442,p-960cf7793081,v-90dbe3feb3a7,,L,1,25.09,2026-10-18 22:58:05,False
c-3f2b82b8c12f,s-70a1d5ccacc4,u-fc7957ebb6f2,p-4013d5e888a4,v-e2e5d58bddea,ord-22688ef77b50,XS,1,47.54,2026-10-18 23:31:08,True
c-4bcbd79f9c05,s-227b0adc6e16,u-c42bbabffa73,p-4da78da982ea,v-3f52dee0d15b,ord-033464732b55,M,2,67.26,2026-10-18 23:33:13,True
c-5175eb29052e,s-7c6fff36319c,u-aa7e74abfa79,p-5e573a183823,v-5c18350646db,ord-cd057978a00f,L,1,54.77,2026-10-19 00:02:00,True
c-ad06424babe7,s-7c6fff36319c,u-aa7e74abfa79,p-c2e0b7405e5f,v-2d5010c087ec,ord-cd057978a00f,XL,1,53.81,2026-10-19 00:03:48,True
c-d657e5a43e70,s-055aa4878732,u-de126d580d39,p-dedf3979e43c,v-41e29fd26b44,,7,1,104.21,2026-10-19 00:43:21,False
c-145ee8bebc79,s-44bdb7b72254,u-950dfd9df882,p-197441774e00,v-c12e73f123ce,,L,1,47.03,2026-10-19 01:01:08,False
c-44778e409d7f,s-e7d0dbd2d270,u-3e48c5b4e3c5,p-2f390b866a03,v-26f732464b7c,,XL,1,40.38,2026-10-19 01:17:04,False
c-d0baf845dd8d,s-3d3f1a644928,u-34f7e13b572a,p-7b52c1ecbb45,v-6f65dade537c,,M,1,30.77,2026-10-19 01:17:09,False
c-51674723629b,s-830547495cc8,u-913664358231,p-f92bac9bd3b4,v-2425f204cedb,,L,1,62.0,2026-10-19 01:27:45,False
c-61e545829f10,s-28c5f0fc31fb,u-25c8a173612d,p-4f4af09568c4,v-a1fcf7dec80c,,S,1,30.74,2026-10-19 01:40:28,False
c-25ce3b5ca794,s-5eb75123b425,u-a9909a8ab2ae,p-9cf1a10f570d,v-186ebf6752ba,,XL,1,125.58,2026-10-19 01:53:00,False
c-d750df5021b6,s-56ae780fc635,u-00c3f24e8a67,p-8ee9b720f717,v-8050269d4814,,11,1,65.67,2026-10-19 01:57:30,False
c-8a3ae33eb35e,s-56ae780fc635,u-00c3f24e8a67,p-7e1e670c9500,v-fadf61cca988,,S,1,40.29,2026-10-19 01:58:52,False
c-27538390e1bd,s-a6d6c4a5be3e,u-0568d75de75e,p-37254b519c5d,v-fde9ff6dcdef,ord-ae2c19d7705b,L,1,43.45,2026-10-19 02:10:33,True
c-f64e83a2fa4c,s-6a7d466c708a,u-7659bf62f11e,p-c7acd6517cec,v-8e43d83ca4f3,,One Size,1,49.42,2026-10-19 02:14:13,False
c-0a29274d4523,s-46392e90b01c,u-f3a432ea52e9,p-6a7396308f22,v-6ea9cfd9e78e,ord-d184247566cf,M,1,18.65,2026-10-19 02:16:56,True
c-fa857305db6f,s-46392e90b01c,u-f3a432ea52e9,p-6bb27067a2fb,v-3f17ee7d5053,ord-d184247566cf,L,1,39.94,2026-10-19 02:18:38,True
c-5dfc2ce92f4b,s-46392e90b01c,u-f3a432ea52e9,p-f2317762da57,v-e09d77d58231,ord-d184247566cf,S,1,72.97,2026-10-19 02:19:56,True
c-d945ff04d55c,s-46392e90b01c,u-f3a432ea52e9,p-3b3399d61104,v-820eb680c37f,ord-d184247566cf,XL,1,71.29,2026-10-19 02:20:26,True
c-de6c972f0288,s-597afd426cd8,u-55e863f7bacf,p-8b349eeb10e0,v-dd8b3041c91c,ord-198e8623d4f8,S,1,44.51,2026-10-19 02:23:52,True
c-d17f8c1ae3b8,s-0a57eaffd61c,u-1fe1ab42c618,p-30f15b6b73b3,v-dce2e26387bd,,S,1,78.52,2026-10-19 02:30:55,False
c-c8ea2c6a4a97,s-832f6d1add47,u-31cc9d3fa303,p-ac03768ee89c,v-12312f7f0a0b,ord-200f53aa96a0,10,1,110.31,2026-10-19 02:37:52,True
c-d38d2470d600,s-11c54378b365,u-3e8658a9d649,p-c331eb365747,v-a496c6ac3344,,L,1,77.1,2026-10-19 02:38:59,False
c-a51cda0bbc15,s-832f6d1add47,u-31cc9d3fa303,p-e51b31a9c2f7,v-e80e96618f7d,ord-200f53aa96a0,XL,1,24.83,2026-10-19 02:39:16,True
c-93bdd4890beb,s-8f71005fd9de,u-3437bd55a665,p-0e5254b99ded,v-89952264dd74,,M,1,39.33,2026-10-19 02:46:32,False
c-3ad592ea3341,s-b52c75f85e73,u-82459bd72d03,p-c6d693e01734,v-f6ff1b0da80d,ord-58d4ab884e07,M,1,28.83,2026-10-19 03:02:32,True
c-7e6c19131114,s-b52c75f85e73,u-82459bd72d03,p-600ab558e2a0,v-11a512490b79,ord-58d4ab884e07,XXL,1,66.53,2026-10-19 03:03:23,True
c-0cd0f5a1a330,s-9a88fa315be2,u-7b3d59111626,p-98df6b512276,v-6907a727950f,,XL,1,92.11,2026-10-19 03:07:15,False
c-3916c7c7f5dd,s-60b42338e19a,u-43874b8c63ee,p-4a4f8d21b565,v-ab3a79c7c76f,,L,1,68.02,2026-10-19 03:20:27,False
c-6950f9b070b5,s-ac6fc3f3ac0e,u-be7e982e19d9,p-30c803a19466,v-1ab5105fdcdb,,10,2,53.7,2026-10-19 03:30:48,False
c-d67927ca2f14,s-32b80e82a16c,u-0d3172b3bf23,p-670ebbe5d4a6,v-55af978b6c96,,One Size,1,74.12,2026-10-19 03:32:49,False
c-79feea525109,s-c7598a710aec,u-3c97df29b358,p-5d13265a54aa,v-86df5abdb3a8,ord-4082bbeb62b8,XS,1,50.39,2026-10-19 03:40:57,True
c-27a51267167e,s-39f89083fa3a,u-f6a15667b08f,p-e53548042d4f,v-fb5864ebcd1a,ord-d16648194776,L,1,46.82,2026-10-19 03:49:40,True
c-219bae7cda6d,s-3ba6f897498e,u-ee6fcdf17f5b,p-2f390b866a03,v-7770e5bcc73f,,M,1,40.38,2026-10-19 03:52:45,False
c-4707f59e9573,s-3ba6f897498e,u-ee6fcdf17f5b,p-7f4a3a4942b1,v-5b645aa47ad9,,XL,1,79.36,2026-10-19 03:54:06,False
c-f50535a87bdb,s-295c8a30d972,u-6ad428c30dd2,p-4766df4614eb,v-c9cab2df2b72,ord-84177bf75c35,9,2,68.25,2026-10-19 04:33:30,True
c-89e526cf9372,s-4c8e1238b310,u-b5a9296a2631,p-546db60cb274,v-e1ee06fd4039,,S,1,76.54,2026-10-19 04:37:21,False
c-7ec83b608119,s-98b54d85cf1d,u-f513b4fa25f5,p-6b7f7e796058,v-9c66bc284ed4,,M,1,42.83,2026-10-19 04:38:51,False
c-9182ed39ace7,s-b5e847a4d8c2,u-c083e3b9233f,p-c1092302dd78,v-049bceb7902b,ord-25dd66036d69,One Size,1,86.05,2026-10-19 04:48:20,True
c-541f01ca7b35,s-2d9d6d864d7f,u-a854adcc55f6,p-2e1138dff55d,v-79e22f228f60,,XS,1,53.74,2026-10-19 04:59:03,False
c-f39781f952d0,s-4cb539298d91,u-18920983077c,p-be87f16ce5da,v-d5e430cede17,,10,1,70.84,2026-10-19 05:05:18,False
c-8b18342a91b1,s-90aa7d459e99,u-09a1ac9fe097,p-1f10c9a09301,v-807ff7ec13ff,,XXL,1,76.05,2026-10-19 05:12:20,False
c-af7718c18ce8,s-6a2826a9b354,u-5bfbf0653a5d,p-3d285e2b54c8,v-1be1d944a4c0,,XL,2,45.87,2026-10-19 05:12:25,False
c-f6ed0fa2d84d,s-2638c507c875,u-b5bb9179a86c,p-bd63dc35718e,v-16c68fec7302,ord-0cb3ee227596,XL,1,32.33,2026-10-19 05:34:04,True
c-9fa939386e97,s-30d508040400,u-5eff209ad183,p-5556ccc8e5a4,v-dd810969a47a,,S,1,81.98,2026-10-19 05:34:15,False
c-f92f3af40011,s-14f3b985a991,u-46f902a97123,p-58ea83f7cb9e,v-d13dd7cbd4c2,ord-29ae5d9f10d9,S,1,54.19,2026-10-19 05:41:10,True
c-284285c4b1a6,s-5ab1a84d05a7,u-fb8976ba08a8,p-f191fdc007ba,v-de9fbf27c2f1,,6,1,96.06,2026-10-19 05:43:33,False
c-183223cbcc45,s-632c2f1484ca,u-5df18cee8cf8,p-cefb582e9ad6,v-f42ab7131144,,XXL,1,45.34,2026-10-19 05:44:27,False
c-ce8d977a6e78,s-d482ddf644da,u-57969e0722f7,p-5d529b84685c,v-cd861a238850,ord-1d2e868d0a26,One Size,1,76.99,2026-10-19 05:58:50,True
c-b0bc5ccf1154,s-c0965f3c4674,u-61971648d22b,p-e51b31a9c2f7,v-e3c4f1b59984,ord-e6a01456434e,M,1,24.83,2026-10-19 06:00:30,True
c-d9690f0b6700,s-c3f247c60492,u-6d4dcc7e54c0,p-68d1a9e39caf,v-c8926bc96502,ord-a92fb0c23cae,XS,1,60.14,2026-10-19 06:07:54,True
c-ae58b65ac4b0,s-56723aaed561,u-de5722b7af9e,p-0ce9649e20dd,v-14e9b69bac50,,XL,1,33.55,2026-10-19 06:31:47,False
c-1f2f3d4210e7,s-8027095af89f,u-dc1660d98493,p-7c83cc79eb83,v-b9200a27238b,,8,1,112.19,2026-10-19 06:32:17,False
c-c4ce1cc6c467,s-56723aaed561,u-de5722b7af9e,p-bb777ab25205,v-b4a3ab0305ca,,L,1,88.46,2026-10-19 06:32:25,False
c-ec8eedbf3657,s-8027095af89f,u-dc1660d98493,p-23c037b1c401,v-aa7321f58267,,11,1,46.0,2026-10-19 06:34:00,False
c-a7d8c685cab3,s-b975027ba0ec,u-e17be3dade0b,p-e141be6b6bb6,v-933b8afd32dd,,6,1,44.3,2026-10-19 06:47:13,False
c-6331167da396,s-340becc5efa7,u-2a0a0e3128a8,p-75dd47342387,v-49d6cf2bfd9d,,L,1,62.45,2026-10-19 06:51:35,False
c-b8b86c2038b5,s-dcb05121a3c2,u-557662aedbf4,p-8bf97a030995,v-ae318be552f6,,11,2,88.98,2026-10-19 06:51:46,False
c-c6aaf4489e1f,s-ee64060256d7,u-c01783669cec,p-87ce0409f00f,v-ea38f0cbb52f,,M,1,103.45,2026-10-19 07:12:10,False
c-310822eb3c7b,s-62aa3abd75dc,u-514eb4ecac32,p-c4eac54b0de6,v-a0a4d66920c0,,XS,1,39.17,2026-10-19 08:00:28,False
c-423593c0363b,s-f711e1d87241,u-00ecf964912e,p-c212f3886f35,v-5c041ade3c8f,,M,1,48.22,2026-10-19 08:08:35,False
c-60108cecde7d,s-f711e1d87241,u-00ecf964912e,p-6daf00431a54,v-8dc23d722384,,L,1,61.1,2026-10-19 08:08:49,False
c-71a0590bbf34,s-1ccb9fa472a5,u-382d2bcb7dba,p-09e47873b171,v-9283dbb09501,ord-d1b402241b3d,10,1,75.82,2026-10-19 08:29:10,True
c-e2b76a1c7a6a,s-c28bac0862c7,u-a9608051951d,p-2aa83cc3b378,v-88732d7838a7,,M,1,66.08,2026-10-19 09:00:35,False
c-5299330efb6b,s-2e5e2b63dc76,u-d60482de4880,p-8b25b835eb00,v-8ca3c414f7b9,,One Size,1,61.04,2026-10-19 09:01:39,False
c-0588ff86d0fa,s-6a8a6245787b,u-5c1d220a2415,p-d90e594896a1,v-22fa6b017b53,ord-0a9cc376962a,M,1,76.57,2026-10-19 09:02:46,True
c-86035fd3dfb5,s-142a09aa95bc,u-969220687c07,p-9b4aeed38db7,v-bf900a73ed8f,,7,1,92.98,2026-10-19 09:11:24,False
c-6ea05332266a,s-142a09aa95bc,u-969220687c07,p-7c905332bd05,v-e87b3d07b10e,,11,1,63.51,2026-10-19 09:12:15,False
c-7f73a4a4cc6a,s-24a7d0c09c5c,u-dbed9b203535,p-381c4e1cc233,v-f1b827798515,ord-887ca3f08e31,One Size,1,57.19,2026-10-19 09:20:54,True
c-bd530e32d242,s-c418637d8b8e,u-2fca404768f6,p-046391d01f64,v-ebc0fe154770,,XL,1,61.92,2026-10-19 09:25:11,False
c-7c007fc3f6ea,s-cc72f5f5500c,u-5f279c30686f,p-ee0f7aa9316e,v-1793eca85679,,11,2,28.25,2026-10-19 09:43:33,False
c-f113c2ff708e,s-991f36dcb9da,u-5a498bb9687a,p-1a1074fadb6e,v-c873d0ffc7c4,,L,1,17.63,2026-10-19 09:53:05,False
c-f7373a25e03f,s-5795fe317dea,u-26b2365a71a3,p-62b0f40a6ebe,v-da34b1a7bfb0,ord-2bb7bb474f1b,M,1,41.99,2026-10-19 09:54:41,True
c-436cf7167064,s-d1b89f18cfe5,u-84471fdbb237,p-9cd64f4f5ba3,v-483cb339ccac,,XL,2,65.59,2026-10-19 09:59:08,False
c-a6d1e032f3e9,s-faf3f58b9833,u-be10ffc84ab5,p-192469735051,v-2c961c47756c,,XS,1,54.25,2026-10-19 10:18:41,False
c-0fbb8af31615,s-1c922cf271bb,u-c53de12cbab0,p-8f45393df75d,v-09de9cba6122,ord-55d0b80e866f,XL,1,76.37,2026-10-19 10:19:56,True
c-9a227f18f03e,s-9730869eeb24,u-cc0c79b3dd0e,p-64511032d71c,v-f554db2d3025,ord-cfa64fce84b1,L,1,53.49,2026-10-19 10:21:19,True
c-ad558169a03d,s-f90d8e379d65,u-bb05f1d500bc,p-dfdbf0724a4a,v-abcd7b0a89bc,ord-d550f6d8a2d7,XXL,2,44.78,2026-10-19 10:47:37,True
c-894c33002c5a,s-3ef4123be547,u-058ce33baa57,p-2b8e931b1f38,v-5a95a6811e12,,One Size,1,65.74,2026-10-19 10:53:26,False
c-1bea5d249d0b,s-a79578ff2fc8,u-4b283b26d6fc,p-5a946fe521ca,v-edaf7a24c81a,ord-1885ba93a703,M,1,76.69,2026-10-19 11:14:55,True
c-155feda2efbd,s-a79578ff2fc8,u-4b283b26d6fc,p-c6cadc0a0d2b,v-c883c4d261f4,ord-1885ba93a703,L,1,69.42,2026-10-19 11:16:22,True
c-5b52dc2d6a17,s-a79578ff2fc8,u-4b283b26d6fc,p-01a702499b62,v-9845ef109ea1,ord-1885ba93a703,One Size,1,33.13,2026-10-19 11:16:42,True
c-50fbe8defb5e,s-47acd695f709,u-e347b4b8552d,p-d5df60ed194a,v-349d361f6189,ord-4fcc441af523,XL,1,54.4,2026-10-19 11:23:26,True
c-fc7a84158062,s-1f6744e2d3e0,u-956ca11353da,p-fcd4f1043d97,v-cb6a8ac6c47e,,One Size,1,119.8,2026-10-19 11:48:53,False
c-b8f048b443f4,s-1f6744e2d3e0,u-956ca11353da,p-deaefd8692e3,v-a132beee96c4,,XL,1,91.39,2026-10-19 11:49:17,False
c-961a52602b47,s-1f93a9b0bcdb,u-b9b40d8ba5be,p-469de43e6121,v-8a45185d20d9,,S,1,58.09,2026-10-19 11:56:32,False
c-3c438d45b9ab,s-94f22e5ea2ca,u-99d9bb711ce7,p-8e56b4eed939,v-b29fb522273b,,L,1,80.74,2026-10-19 12:00:40,False
c-cb3fe7f30819,s-6f92c37bebcd,u-b3919d535cfd,p-857fd4a7e1b6,v-a817944ef3a4,,L,1,79.31,2026-10-19 12:14:52,False
c-cbb2c742c6ff,s-87439cbcdb72,u-49791c306dd7,p-9a3b5bd9714c,v-890ce2642282,ord-e4fb11898c56,M,1,97.69,2026-10-19 12:15:49,True
c-127dbb094707,s-6f92c37bebcd,u-b3919d535cfd,p-07d21966a89c,v-28fe70502610,,L,1,53.76,2026-10-19 12:16:31,False
c-e25517f9dfca,s-baaee58605e7,u-7b36216dde59,p-36ef66bfcddf,v-e959e6aa30ab,,10,1,85.32,2026-10-19 12:19:14,False
c-4b2ebcfebd2a,s-baaee58605e7,u-7b36216dde59,p-26c2ae1821d6,v-60c1bdb884a1,,6,1,75.28,2026-10-19 12:20:03,False
c-0290daf63b10,s-1e0956e5e785,u-c0f509ffa8a7,p-68d1a9e39caf,v-2a968edfc1bc,,M,1,60.14,2026-10-19 13:03:41,False
c-d21da03f44b3,s-732446c5e9a4,u-893dc23f2d5f,p-663334a58569,v-1dba43953478,,S,2,45.93,2026-10-19 13:19:01,False
c-b161d7a0d52f,s-5d9717f6329a,u-0bcaa5552edc,p-d8460f51709a,v-95a2f9989aab,ord-df70d6c2e4db,M,1,22.61,2026-10-19 13:35:51,True
c-5ac758d3ee9f,s-78c3b578165d,u-d02340b305be,p-24e9b1fbb200,v-7b09282af047,,L,1,35.76,2026-10-19 13:51:19,False
c-56cb8b8e6547,s-51a6883590ec,u-63e0bee93da2,p-655842b88783,v-9ead5f743a57,ord-f6f9a3080c3f,M,1,102.13,2026-10-19 14:14:08,True
c-10448d907d44,s-c99535425b4e,u-1979da80860d,p-1d86dd171e80,v-f441f60cfc15,,11,1,48.67,2026-10-19 14:14:20,False
c-55ba07c0cd1c,s-b24b557d7eff,u-3790008a7c8b,p-78e0b2ccb6f3,v-246270ad28b8,,XS,1,74.89,2026-10-19 14:56:09,False
c-8799e513cf6a,s-a68b3e48f4bf,u-782e7b94cc43,p-f6f485d31c53,v-ff251c4f06b1,,6,1,88.55,2026-10-19 14:57:54,False
c-2e7579439f07,s-c8dac9d915ab,u-e6d64670af83,p-4fd5b6c8aa78,v-f6044e06984c,ord-bb4a0c28b2ee,S,1,55.41,2026-10-19 16:00:04,True
c-0669b4671965,s-3ce8bac7594d,u-4cebd60f9e42,p-9b98efa9ede7,v-e869f85a6f11,,XL,1,80.3,2026-10-19 16:33:04,False
c-800c11dd8640,s-4af17045daec,u-20fceb4bdb1a,p-abffc77ec41d,v-012463189641,,XL,1,70.02,2026-10-19 16:52:42,False
c-c5120de3f253,s-4af17045daec,u-20fceb4bdb1a,p-26b848cb6a4d,v-0fdb44eb4a0d,,L,1,63.57,2026-10-19 16:53:26,False
c-7c5b93274823,s-d8a336de7e0f,u-6777a5347083,p-5e6da6750a13,v-06a87346c1a3,,XL,1,56.2,2026-10-19 16:55:29,False
c-2c7477672f2d,s-83cbb4c68e7e,u-c5ac4af18531,p-dbc3e031de55,v-22b45d222c4f,,One Size,1,85.58,2026-10-19 17:07:33,False
c-4c629d92a0e7,s-233f6afa9e51,u-21ec489a4d84,p-386a1aa3048c,v-b16f75761c63,,L,1,44.42,2026-10-19 17:11:23,False
c-b051ad946385,s-e0e062bd176d,u-1f7bc6e56188,p-3ba78bf8d9ef,v-8f19735c0faf,ord-b571f7024ad5,XL,2,30.46,2026-10-19 17:20:00,True
c-7a242483aa14,s-d3f3f350b1e3,u-81d32d4b6c92,p-2280a8342ce9,v-38745cc21752,ord-8432c0095bc9,S,1,62.67,2026-10-19 17:25:15,True
c-ed3ab6cc3b6f,s-f199b2eec17f,u-21b0978a8549,p-c2b998a27ec0,v-0c43ea7603da,,10,1,73.05,2026-10-19 17:30:49,False
c-c8b55c93909c,s-301cc29b8fe1,u-132f07a6a007,p-5465204dee28,v-57db53ce441b,ord-4ce5a53e7de5,S,1,34.51,2026-10-19 17:35:31,True
c-cb06cdf5810b,s-301cc29b8fe1,u-132f07a6a007,p-9557ff65aac4,v-cef880aca59e,ord-4ce5a53e7de5,S,1,60.6,2026-10-19 17:37:43,True
c-30ecd404c389,s-3a8b3cd9e0bb,u-9288d0bcc481,p-a69300b85fa7,v-df65d17b9b12,ord-e10aa103d7c6,L,1,53.33,2026-10-19 17:46:58,True
c-38239a0339cf,s-81c56f829fea,u-8adfc1cf62f1,p-670ebbe5d4a6,v-279c41f6f55a,ord-fbe0efcb3c04,One Size,1,74.12,2026-10-19 18:01:22,True
c-d47739e27ca4,s-df42c08aa1c7,u-10aa58a141fb,p-e51b31a9c2f7,v-a70a7edbe59b,ord-4ec0bde794d5,M,2,24.83,2026-10-19 18:21:26,True
c-1bb536b2e437,s-76eecfb8ca5c,u-46568f84f2b3,p-7413840e8b15,v-00f7fec67eb1,,M,1,35.38,2026-10-19 18:23:01,False
c-775a1561b5bc,s-2ac2f82a44de,u-9c3cc58d48c0,p-65c24eb6ad62,v-76b9d83cc0c7,ord-ffd9cb28e082,One Size,1,60.87,2026-10-19 18:54:52,True
c-cd86f376c414,s-fc5856b7e04f,u-5847ecd2a7ba,p-0ef53163d4d3,v-f7177eec11f2,,M,1,77.44,2026-10-19 18:55:17,False
c-075bb39c3534,s-7a03eb6a32fa,u-3e0dbe90d8ec,p-1a99ac9daee7,v-85347ff90961,,S,1,88.87,2026-10-19 19:08:10,False
c-0f8c7e1caae9,s-48ad85c693a3,u-515d3b6cd100,p-434a1c832a8a,v-5724eee5b602,ord-1ea5fec3a374,8,1,53.05,2026-10-19 19:17:53,True
c-3e4030d1df9b,s-4954d8a6804a,u-499f9390d5cd,p-c97e4965132f,v-63b9d73b2c05,ord-940ebadf7a87,One Size,1,23.93,2026-10-19 19:22:18,True
c-f85f30ed20e2,s-058113229644,u-d636c5f2a27e,p-7ff5b3291965,v-52d0e12d99c6,ord-2817463ba6db,XXL,1,59.66,2026-10-19 19:30:12,True
c-1beb500e03cc,s-0c6c360ab187,u-0728ee481608,p-b3fcf9c9574d,v-5c7704b71b30,,XL,1,95.7,2026-10-19 19:33:08,False
c-f2086c76293e,s-5863b94c287e,u-03b1877e5233,p-f4f11faeb9e4,v-b5ca2f9f6420,,M,1,41.44,2026-10-19 19:36:36,False
c-f38c50dad423,s-5863b94c287e,u-03b1877e5233,p-f69af695985d,v-b1213f6bb836,,XL,1,48.76,2026-10-19 19:37:10,False
c-14751135b508,s-6826158ad9de,u-6fc27942b944,p-8bb883c1d526,v-a2d9fe7ea976,ord-1a75faacfe22,7,1,88.95,2026-10-19 19:43:17,True
c-12375046ab7e,s-e271f89a6832,u-b307fd89435f,p-d8f4231643ac,v-1778714d0960,,XXL,2,56.14,2026-10-19 19:46:32,False
c-c8388f39fd49,s-482c027fb946,u-b633bae83a8b,p-82f9abd306e4,v-85d381c4bc16,ord-313b89171aac,M,1,54.55,2026-10-19 19:48:19,True
c-061a2239bf76,s-8f887f669e62,u-063c4f05882d,p-9eb4e749889d,v-ed1b7b84bbcc,,M,1,71.25,2026-10-19 20:02:07,False
c-2f2f59859344,s-9d22517953b9,u-efc143417f9a,p-d2f8271d7733,v-91fb82ddfe5e,ord-ca11d221fb60,S,1,52.56,2026-10-19 20:03:37,True
c-acc85232c950,s-824404735942,u-dfcf3857ed02,p-5ba34eb81377,v-380fa0f52953,,One Size,1,77.7,2026-10-19 20:04:04,False
c-e78164779c8f,s-2723849dc635,u-86a7d1e0ae25,p-b68a946fa078,v-ba55666c648b,,6,1,69.4,2026-10-19 20:18:42,False
c-b89cd0b5e3c6,s-45c24ea2f62e,u-cc0c79b3dd0e,p-d776ea014330,v-10651456828d,,9,1,107.62,2026-10-19 20:29:11,False
c-934346d62343,s-2409a295e1d3,u-0f47718b3493,p-b66e5f0d4761,v-64cd665e2f73,ord-6b3f8d9eea14,XS,1,21.37,2026-10-19 20:45:25,True
c-e934ecf8aabe,s-afec0d9264d8,u-56284f070137,p-2c17ba737ded,v-a4e6c99c78a1,ord-67d7d135d476,XL,1,54.53,2026-10-19 21:08:50,True
c-fb5cd2179d56,s-1b27f7a015ad,u-6023ab578c20,p-686f51fa68b3,v-e941c339d1fc,,L,1,60.71,2026-10-19 21:43:33,False
c-0a3049eb00db,s-0e359fdd20e7,u-5becdf4017a1,p-f9eb92cfed38,v-ba5d5385067c,,L,1,32.84,2026-10-19 21:43:57,False
c-b231152f0b19,s-96dc53962b4e,u-81d8a4f9dba8,p-2d023543a920,v-3aa931f98ded,ord-bfd757aa5352,M,1,58.33,2026-10-19 21:50:48,True
c-5056361cff11,s-d8dc4c47730e,u-1304db568892,p-4766df4614eb,v-8f2f422ed613,,11,1,68.25,2026-10-19 21:51:39,False
c-dfae131179f2,s-d8dc4c47730e,u-1304db568892,p-f95c1808f42d,v-a131ce58f85f,,S,1,26.45,2026-10-19 21:52:52,False
c-b6e8f7856ff0,s-4621a89f1468,u-9e317398f380,p-15c60adf322b,v-ecfd92b645b1,,S,1,65.64,2026-10-19 22:04:07,False
c-26d021fbb124,s-65cbd56ce783,u-349e53708a64,p-38a52e8b95b2,v-9e37a7a66039,,XXL,2,19.02,2026-10-19 22:11:42,False
c-5618718bb85c,s-b5e6201bc7b0,u-8affe3e61c50,p-735437eaa8f4,v-bf133c99e07b,,S,1,49.55,2026-10-19 22:28:15,False
c-6e7b555b37a3,s-1dab6d4b93fc,u-796e3fd6201a,p-29579ce98c2b,v-d147b8222315,,XXL,2,35.77,2026-10-19 22:30:39,False
c-f4f9199b78e2,s-8faff8b5d5cd,u-383549778bb1,p-2ff3c5390025,v-4cab87dbbfd7,,XL,1,25.98,2026-10-19 22:43:29,False
c-34d981d28ffb,s-6090a2ef005b,u-3bd29c2c7cf1,p-2b8e931b1f38,v-b3aa23bafd29,ord-56c93706ffe1,One Size,1,65.74,2026-10-19 23:00:02,True
c-6d0a028c330e,s-81052918ecf0,u-121bf99c1214,p-667e7729e993,v-63efc3bc86cc,,XL,1,84.91,2026-10-19 23:17:01,False
c-24604c5d2ecb,s-3b49310d2a9f,u-1e26afad43c2,p-3980b2142419,v-20d55e5d828f,,11,1,79.82,2026-10-19 23:29:30,False
c-e956df94580b,s-74bec24b8151,u-95cbf0ce9cb7,p-fea2fa77cfc0,v-1cc821419607,,XL,1,54.19,2026-10-19 23:34:47,False
c-ab1751b25575,s-d28b6db5b127,u-5ad412fc87c4,p-9e175fd68572,v-8c200a650b15,,XL,1,36.05,2026-10-19 23:35:00,False
c-6d3012f250a1,s-7700773af5ed,u-21e2d0d4a28c,p-89f133d79724,v-60a320bf4454,,L,2,43.34,2026-10-19 23:41:25,False
c-a627953e8706,s-a5b3ebd7ca05,u-10b227fa1b63,p-cbe604326c02,v-3fbc0baa5764,,10,1,101.49,2026-10-19 23:50:27,False
c-eeb9431120b2,s-e36c9491c035,u-68d09a65dcbd,p-1e3a15d332cc,v-52a647baa7ad,ord-cc804633ed67,L,1,34.78,2026-10-20 00:27:10,True
c-cd93c5d924a9,s-40f93e59bcf0,u-eb92cbdfe678,p-dc4a5b5b664e,v-a4fbf751aa29,ord-e65b90eaf05d,8,1,57.72,2026-10-20 00:33:51,True
c-8429e41da23e,s-40f93e59bcf0,u-eb92cbdfe678,p-d8460f51709a,v-29ca2f2d12ae,ord-e65b90eaf05d,XS,1,22.61,2026-10-20 00:34:23,True
c-fb0068b0fa7a,s-82fb5238e02c,u-675eee50347a,p-866b2965f01b,v-76f3819f2210,ord-009f26608384,M,1,85.81,2026-10-20 00:57:50,True
c-0d1da438adbc,s-f1c8961eeddb,u-243dbc25f741,p-6535d0b8061b,v-cb32cc987a74,,L,1,92.87,2026-10-20 01:20:05,False
c-4707f84174b0,s-9530a1698b6c,u-51a2a60252c5,p-16680e4b5fc4,v-f2bdbdfe2c5a,ord-348fb1a5a472,9,1,62.98,2026-10-20 01:20:06,True
c-5249f1ccc772,s-d84477342caa,u-54001f8e5896,p-649b6292f76b,v-9ef984807d8b,,S,1,34.05,2026-10-20 01:20:52,False
c-f2fa3f774a4b,s-6f41d60c7665,u-5b1be5f34962,p-aab59aee3f2c,v-5501edf1a15f,,XS,1,58.19,2026-10-20 01:25:50,False
c-980a0052785d,s-d9cb0d5a5cc9,u-ef8bbb97dd9e,p-4a4f8d21b565,v-98b4aa00e037,ord-dc7e49f929c0,M,1,68.02,2026-10-20 02:10:22,True
c-0ec8c5e91559,s-aa07c8457b72,u-e3eb5ab3fbd1,p-e3db6ef151fb,v-24fe0d88eb9c,ord-73c3d8623dc3,XXL,1,77.1,2026-10-20 02:25:19,True
c-e4166b0d81fe,s-652a9d725d9c,u-bf5caca59a69,p-9cf391e4f8d9,v-6e996c88f482,,XL,1,72.33,2026-10-20 02:43:41,False
c-a147aabbfc0c,s-acd96c534c8f,u-909340c57e52,p-fe0b26353908,v-794673ee4c3a,ord-97b7f9df7f2a,L,1,22.25,2026-10-20 02:51:13,True
c-9bb2bf1f0630,s-acd96c534c8f,u-909340c57e52,p-b89ac196d549,v-2384f0da48ee,ord-97b7f9df7f2a,L,1,53.67,2026-10-20 02:52:42,True
c-f95948d454c9,s-91ea033b6af9,u-ab2df9303fa4,p-4d013f609f92,v-915e9b817478,,XS,1,40.61,2026-10-20 03:10:35,False
c-08085a7c1f77,s-b7eb3d5e92c0,u-1e4dcd047bca,p-104e6911401a,v-8f87575eda0f,,S,1,39.09,2026-10-20 03:15:54,False
c-7095b4f56387,s-b7eb3d5e92c0,u-1e4dcd047bca,p-ff3ec914fec6,v-86bc7aaadc3d,,XS,1,86.54,2026-10-20 03:17:17,False
c-206d94be262c,s-b96a353d9032,u-0472b6913ea1,p-97882f0f3cc1,v-3c0ef3063cca,,L,1,56.84,2026-10-20 03:31:37,False
c-4b3ef1d8549c,s-048c22eb4d75,u-b899e8b405a8,p-c74034bdf85e,v-2de038ff1cdc,ord-e47c04fffec1,L,1,36.58,2026-10-20 03:33:30,True
c-c74ac81c4ae3,s-804013fc1a34,u-5ffb7511ab90,p-ada32c12b1fe,v-48b662441fa1,,XL,1,30.68,2026-10-20 03:50:51,False
c-3434725df649,s-6cfba7b05f1f,u-87d0fccaa0b8,p-60412beb838a,v-cb05b6cab55c,ord-8cc3c8ab5187,L,1,54.22,2026-10-20 04:20:49,True
c-a1b79670e48b,s-99ebdbef0c5e,u-3db1515d50ec,p-3b3399d61104,v-296e11e75171,ord-50801d94fb45,XS,2,71.29,2026-10-20 04:32:14,True
c-6e353394bc34,s-269ff20454d6,u-7f2cd86feb32,p-1a99ac9daee7,v-cfa6be4d8f83,,XL,1,88.87,2026-10-20 04:58:56,False
c-ca8b8822cbf0,s-824b3293aa04,u-d4e5efdd2ace,p-e56e7fc07695,v-061b85d8086d,,XL,1,40.39,2026-10-20 05:18:36,False
c-2ab51d562c19,s-07a450ba628b,u-3728ab27127f,p-5665c5c20bfd,v-fcbc798313e9,,One Size,1,46.71,2026-10-20 05:28:33,False
c-506856c9b8a9,s-6e804464eba5,u-b3cb5834e001,p-7d48ea4855b8,v-536e100abc8d,,XL,1,52.57,2026-10-20 06:01:34,False
c-04520970fd2f,s-378fffd0093b,u-93a96ca26ffe,p-7e7e2b6abbf6,v-de2d3f762ee5,,XL,1,63.74,2026-10-20 06:06:49,False
c-81b3701dac77,s-3650c7791c3b,u-b115f83ab94a,p-ce44c70f1845,v-f0c0144cdd76,,S,1,66.67,2026-10-20 06:14:45,False
c-e661b8137252,s-157cb6073704,u-3010a60db14d,p-bebeb3001c0b,v-02fd3b183da2,ord-6ad305d999e0,One Size,1,59.26,2026-10-20 06:15:23,True
c-7bbd453ad119,s-157cb6073704,u-3010a60db14d,p-3599756ffff0,v-dd3a6c162256,ord-6ad305d999e0,XL,1,119.0,2026-10-20 06:16:19,True
c-8a824bc23e0b,s-1135b2512a2a,u-66d8677bfe7e,p-d973be4b8648,v-e01e92d24edd,,One Size,1,35.26,2026-10-20 06:25:20,False
c-79f2c12545c9,s-5063b0cc8881,u-1d36bbb0238f,p-e1ded5d2fe74,v-1577e194df6b,ord-957fe2571831,XXL,1,65.17,2026-10-20 06:57:36,True
c-a4a5a4ca15fc,s-c539195e5ebf,u-7bbca61e9000,p-d3e3f7de1f44,v-d964198c21ad,,L,1,53.38,2026-10-20 07:05:27,False
c-f4e38fed25b7,s-8cd062580c75,u-aa3dec5ff65d,p-7e1e670c9500,v-aa888b92b73d,,XL,1,40.29,2026-10-20 07:10:58,False
c-ca2915c13bd1,s-8cd062580c75,u-aa3dec5ff65d,p-3284a3522064,v-1a453e3735c3,,L,1,68.21,2026-10-20 07:11:46,False
c-5326df6c6c20,s-df808ce24f54,u-9fc8b8ccb8e1,p-3484e06c8c9f,v-ba8af37cd832,,10,1,56.92,2026-10-20 07:35:55,False
c-3ff0a90b0e51,s-58733bf85b33,u-58a344edf763,p-9c2481cc2c49,v-f0537e9f5615,,M,1,34.52,2026-10-20 07:40:38,False
c-74b6d9dddc53,s-81d42e17c30b,u-01f3541f42e3,p-b66e5f0d4761,v-023f6fde81d8,,S,1,21.37,2026-10-20 07:40:53,False
c-b73062a2b3cc,s-431a752558b2,u-3f700b53a3b9,p-dad82f0e4b87,v-68afcdb4b149,ord-894d38776df6,S,2,50.16,2026-10-20 07:47:37,True
c-389d041def7d,s-abc77bf994a6,u-0df865717af6,p-8b25b835eb00,v-0ab8f97eba8d,,One Size,1,61.04,2026-10-20 07:47:39,False
c-6f5743889886,s-1fd044f28ff9,u-052d910e9d28,p-e4dd61f5794a,v-7b503106ceb6,,S,1,49.96,2026-10-20 07:47:43,False
c-b94691b809d8,s-abc77bf994a6,u-0df865717af6,p-39833f233d5a,v-14805ce42e07,,One Size,1,35.68,2026-10-20 07:48:02,False
c-90846d91856e,s-b8a584720b0f,u-c1e0331556f4,p-dedf3979e43c,v-7010066c3e4b,,11,1,104.21,2026-10-20 08:12:40,False
c-58aa49e6753e,s-196f52b8a27d,u-18920983077c,p-78591900b440,v-fc42af894678,,M,1,75.8,2026-10-20 08:18:21,False
c-ebe171615e6f,s-443ffe70912e,u-86e1b1e64d98,p-6c57e32ac2ab,v-998ab9e885a7,,XL,1,37.84,2026-10-20 08:22:23,False
c-f44815368493,s-443ffe70912e,u-86e1b1e64d98,p-021b2ba00e38,v-2b1e5aa5d03e,,S,1,49.85,2026-10-20 08:23:28,False
c-f64f3c7cd3b8,s-1522e7b88a28,u-7265fc650103,p-195b9cb9d02b,v-fc7f9938e265,,XXL,1,20.5,2026-10-20 08:31:35,False
c-3986cbf6874b,s-1522e7b88a28,u-7265fc650103,p-34ac1ff752e2,v-c12c617db821,,L,1,96.66,2026-10-20 08:32:52,False
c-f01a97d61cca,s-0c1abae75a60,u-76c8c324dc30,p-84a46c0557b7,v-436f4ff955ac,ord-bad5f655b63d,L,1,58.54,2026-10-20 08:51:12,True
c-4c897b3299ee,s-246f2cd1e3ae,u-09ca04f6399f,p-f2ebf6882bcf,v-87addf64835d,ord-78d1b2d9f618,XXL,1,48.74,2026-10-20 09:05:11,True
c-9695ecbac699,s-944431b285aa,u-2222eee39282,p-d776ea014330,v-97b9f88833b7,ord-77a38ac93195,9,1,107.62,2026-10-20 09:19:01,True
c-c4f500ed6b25,s-d009ae691f6e,u-760a54767e59,p-5165812dac9a,v-fb3dbffb1477,ord-05a66ebe7f15,S,1,61.72,2026-10-20 09:30:58,True
c-bbf8a8d800cf,s-9485d2cf6ad8,u-f670c8c4d1fa,p-7498c55d9a1d,v-5b26271944e2,,XXL,1,47.15,2026-10-20 09:42:22,False
c-5415c3f5122c,s-ab7d5eb61adc,u-508698cc0508,p-2deafd977bb7,v-cb3f779526c7,,XL,1,50.54,2026-10-20 09:45:48,False
c-a12293ca7f62,s-48770da1ef10,u-ab97f5f299b2,p-4199a4fbd96e,v-89eaf17ad6ed,,L,1,37.43,2026-10-20 09:52:18,False
c-df0fbfc13c6c,s-9e9742ccccee,u-217503dce028,p-eede996438b6,v-699f74886aaf,,One Size,1,39.38,2026-10-20 10:03:14,False
c-177e23008a3b,s-e305761cb6f1,u-bf6694c33f68,p-0db9fb087595,v-08d86ae9e897,,L,2,62.9,2026-10-20 10:20:22,False
c-c4266f891794,s-e305761cb6f1,u-bf6694c33f68,p-b49332e60a7f,v-a35b1fb7520a,,XS,1,92.71,2026-10-20 10:21:50,False
c-4fddd140c7ce,s-eae74a05535a,u-98e7bdc1b785,p-209038476ec0,v-6b87f85c8d4c,,6,1,104.75,2026-10-20 10:25:13,False
c-445e60b69515,s-e951cdfcccd5,u-213dc8d7c4f5,p-75502b831959,v-fc731dc652c6,ord-f634819ade96,XL,1,57.91,2026-10-20 10:35:17,True
c-67cbd48aad77,s-dff45512d7d8,u-3e012774b932,p-e1ded5d2fe74,v-5dc2ec5bf37d,,L,1,65.17,2026-10-20 10:42:03,False
c-d05c5b98f441,s-176b3697ee38,u-abffe0e44558,p-6b6f396bcaec,v-2b02aebcac91,ord-fc4776a85b4b,M,1,43.7,2026-10-20 10:47:13,True
c-dbe097df550b,s-bab23525b5b7,u-02192d8030d6,p-70ed762ad9d0,v-24b58768221f,ord-ad0dacce41ec,XL,1,38.71,2026-10-20 10:47:16,True
c-c887cc67452c,s-bab23525b5b7,u-02192d8030d6,p-0b74e71e8957,v-00e7468e3030,ord-ad0dacce41ec,10,1,82.26,2026-10-20 10:49:39,True
c-585bda32ef55,s-bab23525b5b7,u-02192d8030d6,p-fa047ef74a7a,v-a315e87d1b0b,ord-ad0dacce41ec,XL,1,46.99,2026-10-20 10:50:26,True
c-6afe7a33464a,s-c74e57d8f226,u-80c8420a6e49,p-784683fcbf2c,v-3909a88d8e6b,,L,1,22.73,2026-10-20 10:58:16,False
c-00c9d7bad072,s-c74e57d8f226,u-80c8420a6e49,p-ce44c70f1845,v-29a92b771703,,S,1,66.67,2026-10-20 10:59:13,False
c-3d73cf055e20,s-61def53f1b59,u-d2188334a47c,p-2deafd977bb7,v-34f0ca3396d0,ord-de0de5fbcbd7,M,2,50.54,2026-10-20 11:01:25,True
c-ad35d68d2b88,s-d2801607c122,u-8efebcb80864,p-63dad958f079,v-c56b6f13cfc8,ord-6fa67d2bd76e,6,1,85.98,2026-10-20 11:26:49,True
c-c4e1a0fa2255,s-d8225cef460d,u-2a93bba1c364,p-48da289a0d6d,v-705b748d81fa,ord-e5ecf2a2a668,S,1,48.62,2026-10-20 11:38:12,True
c-a2dee1afdd39,s-3075d6483be1,u-a8dd37715b23,p-1cc9a3380939,v-e63b617e6ee5,,L,1,38.5,2026-10-20 11:46:29,False
c-7f35a9ea6a2d,s-10ff30439a2f,u-efa3d854f26c,p-89a6d1cb864c,v-9f44abc82413,ord-90771e94e8f5,One Size,1,66.32,2026-10-20 12:04:59,True
c-e926394488fe,s-ce3279ae3d71,u-d02e60c307f2,p-d2f8271d7733,v-ce6df775c336,,XXL,1,52.56,2026-10-20 12:23:22,False
c-a3d0529ed1cd,s-ec70bb339470,u-a247a55a0fa3,p-8d0df50f6118,v-dacae257c1fc,ord-693793fcfb26,S,1,82.84,2026-10-20 12:32:20,True
c-044f9c3c7faf,s-d1e3a2dd6a0e,u-d2572a899ac7,p-866b2965f01b,v-91f1b2b2fb8e,ord-3143eaa814eb,XL,1,85.81,2026-10-20 12:44:45,True
c-cc41b755b96b,s-22ab3c19054b,u-2e59920afd07,p-22b0ddeac786,v-8a4dc19162da,,One Size,1,96.33,2026-10-20 13:07:29,False
c-8ca3d837f6ee,s-abd2bce2225f,u-a6d1b0580f2f,p-4f49943c70ac,v-a13ae2793499,ord-045f3af9ed9c,XS,1,37.17,2026-10-20 13:08:14,True
c-17accdd96d92,s-7d99830211be,u-529bd499e92c,p-22f13aba5242,v-8139394d1c97,,XL,1,61.46,2026-10-20 13:08:31,False
c-1a15b2a64fb4,s-c7d50261d6a4,u-4be2e48a326d,p-84a46c0557b7,v-5c94b70c9b92,,XXL,1,58.54,2026-10-20 13:42:32,False
c-44a612ed3960,s-a3449a855d10,u-4f6eba30ad93,p-fdd9ffa5dbe3,v-749828c047f7,,9,1,38.46,2026-10-20 13:44:30,False
c-97d17bfeab40,s-8bfbb01e5f62,u-57e3bf7c1313,p-209965b16846,v-b8c516fbe9d0,,XL,1,26.4,2026-10-20 13:56:39,False
c-795bf28dbbab,s-8bfbb01e5f62,u-57e3bf7c1313,p-2c43249ff69c,v-bfb1faab4f5e,,M,1,40.61,2026-10-20 13:57:33,False
c-b2fada9b3289,s-44ad42f35c92,u-b7be44d648fb,p-c920f258e7da,v-fdd8775a062d,ord-7f9428f36554,S,1,48.5,2026-10-20 14:08:07,True
c-c7fa868244c8,s-d2fe3d6443e1,u-1dc2aebb7921,p-cbe4ed04e846,v-af9fb59bd625,,L,1,96.37,2026-10-20 14:26:28,False
c-bbbf0a7b7c66,s-3e6768985b0e,u-e23228fe77f4,p-ebc3cae84c7e,v-65d245ab9de1,ord-5cf14d497dae,XL,1,61.69,2026-10-20 14:44:10,True
c-bb190d0a4d7f,s-863d1b529156,u-a654a6b746d1,p-238a15518fda,v-d8ef3185a75d,,6,1,141.85,2026-10-20 14:55:39,False
c-17e8c8ada31e,s-de49b4b16e5e,u-1cede5a5beae,p-c181f5a77a24,v-51959f77ef84,,M,1,78.33,2026-10-20 14:56:59,False
c-82fdce07c1be,s-796eb5ce068a,u-1dc84346fc5e,p-3adf185ccfa8,v-ff60f31e96c9,ord-9ff0f8651c9f,XL,1,85.36,2026-10-20 15:13:20,True
c-761fdecbd655,s-796eb5ce068a,u-1dc84346fc5e,p-877e5322e204,v-f1c41b4884a3,ord-9ff0f8651c9f,S,1,42.94,2026-10-20 15:14:31,True
c-2b450c51e0a3,s-796eb5ce068a,u-1dc84346fc5e,p-a1ea8ac8b794,v-96acc7cf55f4,ord-9ff0f8651c9f,8,1,65.0,2026-10-20 15:14:57,True
c-f374835f2c9e,s-7211841dd888,u-5a231e88f34d,p-8b8481aac396,v-408a21b66a5f,,7,1,39.53,2026-10-20 15:22:09,False
c-763744d6643f,s-f6a5a2d934b6,u-4cc150d8a1f1,p-d3acf9d68782,v-901ba5419fd3,ord-90c5875c3a6b,XL,1,34.05,2026-10-20 15:28:58,True
c-f26082accd73,s-68c17a7aa430,u-122d952bcc29,p-49400352cbf6,v-910cc432c356,,S,1,46.8,2026-10-20 15:33:08,False
c-b02cca5d8e63,s-7bf74a272d73,u-e060fee51dd1,p-52f3ef7b086c,v-1a8bfb184778,,XL,1,40.56,2026-10-20 15:36:27,False
c-5097a88cf942,s-7bf74a272d73,u-e060fee51dd1,p-e83847636e45,v-e3861751c06f,,M,1,67.42,2026-10-20 15:37:29,False
c-367a83c390a1,s-cf8cf9d771b7,u-c1deba2ea05a,p-9b608970812b,v-057ec53e4b37,ord-bf421a471224,9,2,88.12,2026-10-20 15:38:18,True
c-47015e2d2c40,s-e8fa56be2b47,u-592bfec4a8a7,p-3f391892cfcb,v-cea5b1bf4919,ord-27473984124d,L,1,102.56,2026-10-20 15:42:18,True
c-5fbeb80c07f4,s-6dc8aa1ca107,u-42e446ae611f,p-53abd79c8023,v-89b022ae0d61,,L,1,48.23,2026-10-20 15:49:52,False
c-a4f01f926bb2,s-aeb8e41808b5,u-33fa7498fabe,p-dbc8381ee4d8,v-4ebecb382306,,One Size,2,50.35,2026-10-20 16:35:51,False
c-305c53c7b6e3,s-3a659698cf9a,u-e90006c9ce18,p-cff7bace7531,v-3c0206e69dfe,,S,1,53.03,2026-10-20 17:26:54,False
c-29524fa7e6dc,s-cb591a609d58,u-e63c121a1d59,p-059cbbf643c9,v-4f3b3733b238,,XS,1,68.08,2026-10-20 17:49:37,False
c-29f2fd48aa48,s-fa2d26fefc56,u-77d800adc501,p-49400352cbf6,v-7392bf3ce457,,XL,1,46.8,2026-10-20 18:07:38,False
c-a6e2a095d6ef,s-0c8e5149abd6,u-7df265dd8acf,p-5d3edd1052cb,v-80290159d8c4,,L,1,27.41,2026-10-20 18:10:37,False
c-c2e062b3f522,s-5f6fcfadd2fd,u-1efb33252556,p-bb69ccf4de47,v-1e6690b647f5,,S,1,40.2,2026-10-20 18:13:43,False
c-dbc0597b0caa,s-5f6fcfadd2fd,u-1efb33252556,p-e9525bec9ccc,v-25bfd8d58f63,,L,1,42.51,2026-10-20 18:14:20,False
c-1dd1b10e29a1,s-5f6fcfadd2fd,u-1efb33252556,p-cbe4ed04e846,v-299836b9b908,,XL,1,96.37,2026-10-20 18:15:13,False
c-c7adf7e17eef,s-49066b97ab7b,u-516e201046ff,p-d7c7b870d147,v-cd064ca2de57,,S,1,46.44,2026-10-20 18:22:23,False
c-d5eefb830848,s-1ed298b30a38,u-efe5df964125,p-852877299f60,v-5b6abc2e004a,,L,1,66.77,2026-10-20 18:22:31,False
c-f410e5532b3c,s-0302d959605e,u-90408102478f,p-8d1825ed4855,v-60456c9b2005,,M,1,38.17,2026-10-20 18:30:21,False
c-528ede39abd7,s-c89b3d8c58ef,u-de8d6b523b4a,p-e63f88a31c90,v-486a86853dee,ord-c7fe2fbdb7d3,S,1,15.09,2026-10-20 18:45:21,True
c-aee661a2565a,s-733cc51cdc77,u-90d014d52fcb,p-0aa09e624676,v-72665c8a1b3f,ord-7a16b5644ba1,XL,1,56.32,2026-10-20 18:47:40,True
c-7333b6521a37,s-e35634c90236,u-bccbc5b0dd36,p-5dbc634cdca1,v-295370a0cd6d,ord-2d4c17f58abb,L,1,75.65,2026-10-20 18:55:22,True
c-40b1748e476f,s-e35634c90236,u-bccbc5b0dd36,p-81c9b9f1418b,v-b8a93e7435db,ord-2d4c17f58abb,XL,1,88.01,2026-10-20 18:57:08,True
c-6ba21df9d45e,s-c319ca5f01b9,u-934fed3534f4,p-6ff6ff37d233,v-9c7ae8e84976,,8,1,64.69,2026-10-20 18:59:14,False
c-9255fc794b53,s-c319ca5f01b9,u-934fed3534f4,p-eee69b917058,v-9dc8606847f0,,L,1,51.39,2026-10-20 18:59:32,False
c-d9350dfb66c9,s-aa739a4b18d5,u-14e1bc955799,p-77931ac35e65,v-efd89fa994e7,ord-bea8357c1c38,XL,1,54.21,2026-10-20 19:10:22,True
c-c3022fb8f0fd,s-aa739a4b18d5,u-14e1bc955799,p-96ca3cfd420b,v-6a2766131f17,ord-bea8357c1c38,L,1,76.85,2026-10-20 19:10:47,True
c-048628ab6478,s-5bf775d52151,u-d77237b272eb,p-adce4fd2f289,v-95debe4a8992,,XL,1,80.68,2026-10-20 19:39:55,False
c-e42b0145661e,s-cf84ac64f645,u-64d06e9c5cdc,p-89dda7e1ee10,v-b465326c7726,ord-7eac4d5d7fc3,S,1,56.34,2026-10-20 19:41:28,True
c-3de81104e238,s-6f54077b0ed9,u-95a36d095faa,p-b2706ad84585,v-d6ee71628fd9,ord-c83d0a97f544,11,1,114.0,2026-10-20 20:05:48,True
c-2d4181c91edd,s-c3ab6c551b0a,u-01185aed4307,p-982b6e892ea0,v-3e039b02599e,ord-ed77d6175204,One Size,1,75.01,2026-10-20 20:11:52,True
c-303d3e2d3918,s-a9e6ceda7c33,u-bb1e24579869,p-77002300bcd8,v-97a00bce80c8,,XXL,1,73.23,2026-10-20 20:35:05,False
c-07d8bbddffc8,s-f5cc20aefd87,u-f5a465d5b787,p-c7acd6517cec,v-f4bea8ba5e07,,One Size,1,49.42,2026-10-20 20:35:35,False
c-b21e85a9b0fb,s-6e9692a2d484,u-3358e00afc8a,p-c4b9a57ee21c,v-2ad9ca95d299,ord-21f75fa5cec6,L,1,77.51,2026-10-20 20:55:13,True
c-214b61bcd71b,s-275a607c81bf,u-9ac09b447f08,p-996d646ba63d,v-3a4fb0873d5d,ord-0239af142dbd,XXL,1,28.82,2026-10-20 21:27:32,True
c-3b37343a9ecb,s-c33eb7f4594c,u-90bef7ed09d2,p-819b79d86e75,v-09d6e2e0ff51,,One Size,1,102.97,2026-10-20 21:27:50,False
c-55dfa07be798,s-b48d8f2c7fa2,u-9ccbb450db8d,p-ba45da140e16,v-f6c2494bc17d,ord-808e22e8b969,XXL,1,27.33,2026-10-20 21:49:19,True
c-d2631b63cf46,s-2fa407912225,u-a0d6fa03fd99,p-876b3754e5f1,v-3fb99865e1a0,,L,1,45.49,2026-10-20 22:05:25,False
c-a725018c1fd6,s-5dbb2c32e2e2,u-f94b80497132,p-fd5e47a00908,v-8b74559d42ce,ord-9de3e0440346,8,1,36.59,2026-10-20 22:28:24,True
c-f9bd804489b2,s-88589c3be915,u-78a259287acd,p-f6883b6407a9,v-f51a99524de3,ord-9d1a71701f47,L,1,50.01,2026-10-20 23:10:38,True
c-db817dabeef7,s-a94988386e6b,u-4deca43a072b,p-f07b208ae611,v-6f37a3dc0036,,XS,1,19.7,2026-10-20 23:27:13,False
c-5e83bc33e4f6,s-1a6ff8656b64,u-4ead53938e1f,p-420db3363786,v-83596a4879d9,,XL,1,14.84,2026-10-20 23:41:53,False
c-30e2cc30d034,s-2a6994c51b5f,u-8dcfe100b2e2,p-15e0a3beb610,v-40115542f908,,S,1,33.91,2026-10-21 00:15:45,False
c-133ea92b963c,s-2a6994c51b5f,u-8dcfe100b2e2,p-0f4c4521029c,v-042261531105,,7,1,56.87,2026-10-21 00:17:07,False
c-8c477d8b0ea6,s-e21072a77a08,u-9cbe2d2ca430,p-1e0d298892b0,v-5e4e8d19ea77,,XL,1,49.55,2026-10-21 00:36:02,False
c-04da2445a535,s-e21072a77a08,u-9cbe2d2ca430,p-b49332e60a7f,v-9563a97f074e,,S,2,92.71,2026-10-21 00:37:05,False
c-54f452759789,s-e21072a77a08,u-9cbe2d2ca430,p-c3b1ef17c41a,v-b92518937285,,M,1,42.32,2026-10-21 00:39:25,False
c-664497768241,s-24df5913cd5f,u-525078801689,p-1d86dd171e80,v-7cb05da5e746,,9,1,48.67,2026-10-21 00:51:29,False
c-337d2013d066,s-82c35ad54824,u-48a3fc66b0fb,p-1e0d298892b0,v-efa5b6e70abb,ord-ccb8a27cc788,XL,1,49.55,2026-10-21 01:03:13,True
c-ae0abc8803d9,s-79ae70ea4d0d,u-ec75982161cf,p-4e60bf84efc8,v-6c9fdf5d5aa3,ord-5d0537da244e,11,1,48.33,2026-10-21 01:09:02,True
c-c781fa49221d,s-0395b928b5d0,u-0cecd31961bd,p-f62724aab2a5,v-493c67fa600f,ord-11aef3618cc9,L,1,88.59,2026-10-21 01:32:40,True
c-285dd4a64f42,s-84b67a708618,u-c2d715105332,p-dc8bccb1bc01,v-6643ba4f5914,,XL,1,18.02,2026-10-21 01:37:56,False
c-957df23f2906,s-91a0f37b5f68,u-ace031b620cf,p-28d63bfb0cb0,v-23245db91672,ord-9e0cf1a49d93,XL,1,34.49,2026-10-21 01:55:06,True
c-c05848dff3d1,s-c60c8d2d5dde,u-98d5c0d2db54,p-a2b6b2d4e975,v-5ac7d436a910,,11,1,118.97,2026-10-21 01:57:57,False
c-ba663a14225f,s-2754f27f63e8,u-3eed82f08d31,p-168259f9ca0c,v-8890f6c12a2d,ord-488ac595834b,11,1,90.57,2026-10-21 02:01:36,True
c-6f9caa999242,s-553dd2c73abf,u-c9d4537d52e7,p-cc21eb6bc6c5,v-e3cc1e32a565,,XL,1,44.16,2026-10-21 02:25:56,False
c-7b8aeab502a0,s-83c15e103e97,u-3af048f7ff1c,p-5e4476a0a583,v-5d8096ada832,ord-f86f74a4f1ab,S,1,31.62,2026-10-21 02:28:08,True
c-068438dd3f5e,s-61ce64949a50,u-4470abc4a42f,p-2f751aaef68d,v-3114bd515fcd,,XS,1,83.98,2026-10-21 02:36:07,False
c-02c4ce79059f,s-5f82f5633f6c,u-62e80b7bc287,p-8d0df50f6118,v-da5e141a4306,ord-14dd7399543e,L,1,82.84,2026-10-21 02:41:04,True
c-0c9a218125fd,s-029bc7fef173,u-c3da4c7a5042,p-ff0444aaaa6b,v-0dc172551c10,,S,1,89.87,2026-10-21 02:51:40,False
c-3a9ea5de9138,s-36bcdb133582,u-37c9e74a4cd0,p-2d07005e8d07,v-bd75b3bf724b,,One Size,1,45.18,2026-10-21 03:13:55,False
c-40573a67cb58,s-e2b1a082b77f,u-37c9e74a4cd0,p-5ae742ef7d7b,v-68e166beb5a2,ord-a24c252f4afa,One Size,1,102.14,2026-10-21 03:14:11,True
c-67fbc7614efb,s-e2b1a082b77f,u-37c9e74a4cd0,p-2ceaa39d7440,v-6aaad14c5c25,ord-a24c252f4afa,L,1,20.57,2026-10-21 03:14:58,True
c-eeb904e0a92b,s-13d1b45a1f5e,u-a44449af5d20,p-266a89b94259,v-acf4e870232f,,XXL,1,69.31,2026-10-21 03:27:40,False
c-721b30620a0d,s-b6610f54bc31,u-9c8124cdd4df,p-69daf4452ca8,v-002f96e27881,,XXL,1,23.55,2026-10-21 03:29:07,False
c-91fd3e230040,s-b6610f54bc31,u-9c8124cdd4df,p-7ee99fbdf5bc,v-2b93e62582b6,,XL,1,28.55,2026-10-21 03:29:33,False
c-380a9a8d4d8b,s-fa55e6cb475f,u-f305c16fddf9,p-9069bd38ab8e,v-594b547d3d2d,ord-0b72fd8efd66,8,1,82.35,2026-10-21 03:33:12,True
c-5e8c4961cca4,s-d82ec6ef0315,u-1ed213600ff4,p-5d529b84685c,v-773a34c31689,,One Size,1,76.99,2026-10-21 03:34:59,False
c-e376001ac348,s-d82ec6ef0315,u-1ed213600ff4,p-590824562404,v-19aba22f291d,,10,1,117.93,2026-10-21 03:35:27,False
c-7de15c52e3cf,s-0517c7e1b070,u-4e1a90b301c9,p-3157e9d01d18,v-41a61c30c778,,S,1,42.64,2026-10-21 03:39:29,False
c-c780dbdf54ed,s-97f0aeae9b90,u-a384bf0f8c28,p-b171f82a3aa9,v-28346a0f9ed4,ord-ef28f6cc6d51,XXL,1,73.31,2026-10-21 03:48:51,True
c-db93718dc851,s-498f65793cab,u-e6d64670af83,p-2d160337d51b,v-88f2c0345464,,L,1,50.19,2026-10-21 03:49:37,False
c-8328e062cf84,s-ee9f360cab28,u-2f83c7b061f5,p-8f3a7acb8878,v-fe0332a1f026,ord-ca90719e0439,9,1,80.94,2026-10-21 03:49:46,True
c-86de37b5c04a,s-950257bed761,u-0b87bef71e20,p-4faacc36fbae,v-c4060f490198,,One Size,1,38.16,2026-10-21 03:55:55,False
c-ac391e3f0cdb,s-7da1eb5e87ce,u-e958b0fcbcb5,p-58514e77edf8,v-fadc07bd1412,,XL,1,119.59,2026-10-21 04:03:51,False
c-5e52640cd0c7,s-dee9696cfdeb,u-01a96d6ea5f6,p-318c127bf50e,v-b9fb7a56dc2a,ord-130c38a58f33,XXL,1,39.38,2026-10-21 04:18:10,True
c-5bedcb18846a,s-8feb6863bc86,u-9ec24de2cd05,p-5639a744c9b9,v-30979bff893a,ord-c965934f30ef,S,1,58.93,2026-10-21 04:24:30,True
c-860341b76b8b,s-8feb6863bc86,u-9ec24de2cd05,p-ada32c12b1fe,v-52ced760db7d,ord-c965934f30ef,L,1,30.68,2026-10-21 04:25:40,True
c-75cdd9a53270,s-8feb6863bc86,u-9ec24de2cd05,p-2b8e931b1f38,v-27a782f48d74,ord-c965934f30ef,One Size,1,65.74,2026-10-21 04:26:05,True
c-a6d65d816ce6,s-24e0e8d457ee,u-228cab859657,p-72c7f10f2193,v-1a65fa866fa0,ord-cbafbae4786a,S,1,29.1,2026-10-21 04:30:07,True
c-24e036e1683f,s-b331da9f580b,u-a06f4f5aa12e,p-21bcf17982c1,v-db21d046db0d,ord-579124f93e13,S,1,78.25,2026-10-21 04:38:49,True
c-bda2bd583b6c,s-06a05fb186c9,u-cc06f422823d,p-c162d7d85728,v-a9ed53b02fc7,ord-28d2684ce688,S,1,33.86,2026-10-21 04:58:15,True
c-2cf479b28b99,s-1031a6b1bd4a,u-4f3b7a4ea878,p-b489dfc0896b,v-3cfe4f107aeb,,XS,1,65.34,2026-10-21 05:02:33,False
c-983c4586ef35,s-054a6987e99d,u-a85513e86786,p-77539439f866,v-635b08031cef,,M,1,29.15,2026-10-21 05:05:36,False
c-365bb28d5a28,s-56ce810cc99a,u-5f7c53374415,p-cc21eb6bc6c5,v-dd6ba4864904,,XL,1,44.16,2026-10-21 05:20:56,False
c-a6827f2daf4a,s-bc8074ed9879,u-82273849206c,p-c2b998a27ec0,v-540ad463579c,,9,1,73.05,2026-10-21 05:35:50,False
c-d021d5f70fae,s-dc5ff520b8e5,u-7fde307b7fcd,p-e6efd8eb6c71,v-81bbe00da788,,XL,1,41.02,2026-10-21 05:36:06,False
c-3c374868c5d2,s-f7c507be3080,u-1f2e042dd8a0,p-89d8ba853aaf,v-367fe8380e93,,M,1,29.07,2026-10-21 05:46:52,False
c-af95e9ccbf2d,s-0ae8117edd8f,u-9dde57019349,p-8a62a61eba92,v-053a03334d5a,,M,1,88.09,2026-10-21 06:36:34,False
c-15a17b437476,s-008489ca764f,u-2d2b3f0850f7,p-9e6ab3b839e1,v-814d22f8f2b3,,One Size,1,96.4,2026-10-21 06:40:16,False
c-94bcff26b2d9,s-ad6ad5cc5010,u-5753e61f7747,p-e9525bec9ccc,v-f096f4a707eb,ord-7bab8128e80d,M,1,42.51,2026-10-21 06:42:32,True
c-e0780762df6c,s-4078c39ab75e,u-53212a59296c,p-5556ccc8e5a4,v-ed1b3896801d,,S,1,81.98,2026-10-21 06:58:17,False
c-769d8f45a024,s-ee0352df8bf7,u-180b983b4881,p-d512afec01b8,v-428d6fe15328,,XL,1,65.6,2026-10-21 07:05:51,False
c-c8c78b2fe397,s-942a91cc04d6,u-d5aa8e7ca2ca,p-b51be3a1c974,v-23783c870393,,XL,1,36.89,2026-10-21 07:06:53,False
c-ae89d086d399,s-88391988d8ed,u-f7107324cebf,p-37e056de791e,v-37d31d74b355,,XS,1,90.74,2026-10-21 07:07:16,False
c-300a7ccaa647,s-fbe21d4e13fc,u-42a3c90fb0eb,p-f4c5e6444f6f,v-e5bd0b08d2c8,ord-cbfde7381a2a,L,1,28.49,2026-10-21 07:33:38,True
c-47b918cf5595,s-fbe21d4e13fc,u-42a3c90fb0eb,p-a8f3089d3592,v-0c223c1aa388,ord-cbfde7381a2a,M,1,50.62,2026-10-21 07:34:36,True
c-33628a3f2aab,s-1cc072ad72b2,u-913791a69459,p-9cd64f4f5ba3,v-b4f8fdc27bc3,ord-0ff082ef88db,M,1,65.59,2026-10-21 07:36:40,True
c-630ed84dc29d,s-1cc072ad72b2,u-913791a69459,p-1e8aaed3ffff,v-67dafa56b519,ord-0ff082ef88db,7,1,106.06,2026-10-21 07:37:31,True
c-a228ea1f3f75,s-968a460212b9,u-f41637f32f7a,p-9706d0e45f8b,v-4f932149c10a,ord-aeffd5276a20,11,1,81.31,2026-10-21 07:39:40,True
c-0901d1f046d3,s-9fdef0fbb901,u-5be175dd194c,p-1035b5c976a9,v-4a2d85b933a7,,One Size,1,90.52,2026-10-21 07:44:41,False
c-e873f5b8eea9,s-bd2a22608cca,u-3b4006618f6d,p-02927b25cb41,v-b12027fc0e5c,,S,1,56.55,2026-10-21 07:48:05,False
c-79c6a1a01dc4,s-455f0ac517df,u-e0ee9a8420af,p-1adf07a88a4d,v-5094c99f0de7,,XXL,1,66.89,2026-10-21 07:49:42,False
c-cfd3bb26fdee,s-455f0ac517df,u-e0ee9a8420af,p-c880e79eb602,v-04a99a849435,,XXL,1,56.71,2026-10-21 07:50:22,False
c-ee234a0cbf07,s-78040f1cc701,u-75a4d16a39c3,p-634cc331ccda,v-5cb93a573a4d,ord-ae309be6d561,L,1,41.37,2026-10-21 07:52:16,True
c-73e33b4a963f,s-a01bb02f72f4,u-9e2cb0f69ae9,p-d46a9fafd8b0,v-a45e2b42ca45,,XL,1,59.18,2026-10-21 08:12:28,False
c-b7ff11d30b29,s-9aed84a810c2,u-b2a464fae335,p-f27868387997,v-57d136ba51db,ord-935e9e3eab10,10,1,148.8,2026-10-21 08:12:45,True
c-53483bdd569e,s-f7ff01051a23,u-6bc07ce147cd,p-47d57b9ced2c,v-0dd3302caed0,ord-bfef3b30b7ba,S,1,61.59,2026-10-21 08:30:43,True
c-ea767dd4c7d7,s-65e69fd736f7,u-1771f7239d2b,p-07d21966a89c,v-83137ab68a27,ord-bd9e0b09de8e,L,1,53.76,2026-10-21 08:49:10,True
c-546e7d2b02af,s-5ad68f1e2adb,u-3be9f326aecb,p-1dfd396785bb,v-7d4aae2bc7b3,ord-90bf04e6abd4,8,1,73.37,2026-10-21 08:52:52,True
c-73c314b821bc,s-3967c7540bdc,u-65d9027b7ad2,p-884e758908f8,v-46d7d79ac43d,ord-5429f860ef31,XL,1,40.33,2026-10-21 09:15:18,True
c-5ffc143489cd,s-03a6b621dcdb,u-99eb8d6ed991,p-5843cdab26b1,v-1f7054ade4d2,ord-dfceaada498b,M,1,60.33,2026-10-21 09:18:40,True
c-825fc8b7ba01,s-0c5ed6be6c3b,u-d6adfa4ae723,p-8b349eeb10e0,v-09ddac4ababc,ord-b53e6ed782df,S,1,44.51,2026-10-21 09:20:55,True
c-ac214b57f20c,s-1a4b0fafb2e4,u-73896b197b3d,p-aa7905749a7d,v-50f5298bab74,ord-e26a204d364d,7,1,37.88,2026-10-21 09:24:12,True
c-7f048186c042,s-75a207c13645,u-35edc8892b21,p-f69af695985d,v-ba4aa689add4,ord-85f04ef9b769,S,1,48.76,2026-10-21 09:39:09,True
c-7b07608c949f,s-75a207c13645,u-35edc8892b21,p-209038476ec0,v-452d271454e9,ord-85f04ef9b769,9,1,104.75,2026-10-21 09:43:19,True
c-74475a983460,s-d34f67ce3688,u-fc454b83f16b,p-04f34dd4b281,v-a53897db1c4d,,XL,1,22.91,2026-10-21 09:50:17,False
c-ab5513c5f13c,s-c413ba248dda,u-7d487283be88,p-bce8323fbf61,v-8ebbe53957c6,,One Size,1,93.71,2026-10-21 09:53:16,False
c-20ff0986bba1,s-6fc4453d37e2,u-7bff15465d05,p-9371cb03d7a6,v-93a694a8c0c8,,L,2,85.7,2026-10-21 10:11:15,False
c-be6ca34b7ca7,s-fd60b0e05279,u-c8b1769861cc,p-e1973ed20a00,v-2119711e091d,,M,1,34.07,2026-10-21 10:16:37,False
c-6b64c933ed19,s-ff2a12215a6b,u-97edb0460423,p-d2a3ee5d6281,v-bd569d290395,ord-53a191cff030,11,1,103.81,2026-10-21 11:06:04,True
c-9a39e9f46bbf,s-658af3447fdb,u-44c85a60f996,p-1a1074fadb6e,v-6320c891a0ca,ord-c11a3cdd3ae5,M,1,17.63,2026-10-21 11:09:38,True
c-09435d095df4,s-658af3447fdb,u-44c85a60f996,p-2ac9dbf9d55b,v-ebf58e2a24f9,ord-c11a3cdd3ae5,L,1,62.21,2026-10-21 11:10:10,True
c-1c4169c06f3c,s-4b32f6f4af48,u-8efbbbd85b99,p-904e12a7997d,v-eaac9170fb30,,8,1,55.34,2026-10-21 11:10:29,False
c-26f75635dde7,s-4b32f6f4af48,u-8efbbbd85b99,p-e67e1a1154a7,v-2678ac7f8517,,9,2,84.65,2026-10-21 11:11:29,False
c-d3f3b2b4c97a,s-b6064649864a,u-440606649ca7,p-567b30ed15bb,v-50ab4d7f358b,,M,1,51.29,2026-10-21 11:58:34,False
c-17bde60bf78b,s-1e7138489347,u-5ab064172711,p-6be092c61912,v-ce8eba20df76,ord-e613a7e7eb22,9,1,75.87,2026-10-21 12:05:25,True
c-3f9e57cac9c2,s-f99862b6c8bd,u-15491b415905,p-0ec780797f59,v-7ed17d68a392,,L,2,53.36,2026-10-21 12:18:44,False
c-b5196c2fdc2a,s-501be5b1e81f,u-c51c4a90a7fa,p-150df58e3452,v-2343422a742b,,S,1,24.92,2026-10-21 12:19:17,False
c-37374a0938f5,s-e805a9924d72,u-14e2738a4823,p-8749fea2f4d0,v-54321d4bf8d0,,One Size,1,80.66,2026-10-21 12:36:07,False
c-e4a4897069d3,s-449a9b07dc57,u-1c1eddc753ac,p-8e60e7be8c04,v-7b8a860cd893,,XS,1,61.79,2026-10-21 13:11:08,False
c-cb8d10f41f49,s-449a9b07dc57,u-1c1eddc753ac,p-e82569cefe7b,v-c19b1dd16c49,,S,1,28.49,2026-10-21 13:12:14,False
c-52edb77bd4f3,s-347657aebd0c,u-248fcc7f0c16,p-8230811db577,v-7398cc919c51,,6,1,78.33,2026-10-21 13:12:54,False
c-f77e3cce5d23,s-9bb962cd1bc2,u-594c6bc5439f,p-1c0258525d95,v-0753b7bd743c,,XL,1,58.8,2026-10-21 13:15:35,False
c-2bf2aef67488,s-5f58bfce8c81,u-9d72b269ac03,p-fd84f6a26e19,v-8c6d78e06c42,,M,1,37.41,2026-10-21 13:19:51,False
c-bda16d1ea131,s-7e5d5f0af994,u-d5252a434a0e,p-6b6f396bcaec,v-e66cf836c731,,XL,1,43.7,2026-10-21 13:20:08,False
c-25256f95d5f3,s-e8c4d9df9b7a,u-d29a434665f2,p-b73323f92956,v-1b61881b96d2,,XL,1,58.1,2026-10-21 13:27:19,False
c-6ee881d294a8,s-e8c4d9df9b7a,u-d29a434665f2,p-c4b9a57ee21c,v-e7abbd45dd05,,M,1,77.51,2026-10-21 13:28:04,False
c-ee1c4f4600ab,s-b215c674d629,u-36fadcba858c,p-e07b165df650,v-5f9259f1f1d2,ord-45656d5651d6,L,1,41.22,2026-10-21 13:37:06,True
c-d3794dcd5d22,s-e7cd25185f86,u-778f957a4c17,p-4f49943c70ac,v-4825297b98e3,,XL,1,37.17,2026-10-21 13:38:45,False
c-279bce48f9a2,s-b215c674d629,u-36fadcba858c,p-bc43eb597003,v-40302492487b,ord-45656d5651d6,7,1,54.58,2026-10-21 13:41:41,True
c-e895a4a9ab0e,s-7759b12b0fc6,u-cc13079ec457,p-25301b52ab6c,v-7f895d6e63d8,,XXL,1,62.25,2026-10-21 13:51:23,False
c-d0f48bb56add,s-64d7aa11be35,u-c4db719651d1,p-fb5df7482392,v-d88b788660d6,,M,2,71.84,2026-10-21 14:14:50,False
c-d574a7a2e95a,s-10a059a9b891,u-025cd5bfdfd2,p-634cc331ccda,v-e6157f5d80e6,,S,1,41.37,2026-10-21 14:17:47,False
c-d3ad7f45e23d,s-ff5c04e58503,u-d951fc9b8474,p-86717d5e9051,v-b89b8df0b034,ord-2a8b67644f65,XL,1,56.68,2026-10-21 14:38:48,True
c-dd4030e9f683,s-517ed13e23cd,u-064afba31a35,p-0aa09e624676,v-eb9ede3cfbe1,ord-6b7b7e64972b,XXL,1,56.32,2026-10-21 14:40:19,True
c-0a1a3743f071,s-0b2337a8b201,u-2015e2a3a7bd,p-ee2e68509020,v-d878a00cf571,,L,1,44.3,2026-10-21 14:50:43,False
c-802b37ec15b1,s-6ff26474c2ef,u-321216047978,p-78591900b440,v-ed06e2802c57,,M,2,75.8,2026-10-21 16:02:04,False
c-9075f46731fd,s-d4d0ea037ce4,u-39b68dc3d1ab,p-5b85f7aed7ea,v-8875ad04df06,,XS,1,93.14,2026-10-21 16:04:30,False
c-e7d30e7e453e,s-fa67936eee0b,u-2276c9263494,p-ec721a4ca8e0,v-cc972718e4a6,ord-f3eed5994ae4,M,1,53.61,2026-10-21 16:19:42,True
c-8a59170586d3,s-bf7c7ad01b13,u-62506001c64d,p-ada32c12b1fe,v-65ced90e2d7a,,XS,1,30.68,2026-10-21 16:29:01,False
c-cf070f2e2a70,s-dfadf2ca6fe0,u-b99ae7ade5c2,p-a09781a1c7da,v-2e528ceb6a4c,ord-f94d53076416,M,1,48.82,2026-10-21 16:30:46,True
c-8d24f35fe969,s-277e66f1450f,u-4c4d715470d0,p-25301b52ab6c,v-26a4d626a3f3,,S,1,62.25,2026-10-21 16:32:26,False
c-08ecd0b248ac,s-277e66f1450f,u-4c4d715470d0,p-4f25c30da2b0,v-c4bb8a78312a,,S,2,53.79,2026-10-21 16:33:11,False
c-f6df2285d838,s-60d45530120a,u-0bd6221da757,p-5890f4110b1a,v-db752a528730,,L,1,75.04,2026-10-21 16:36:07,False
c-93b44a98041b,s-60d45530120a,u-0bd6221da757,p-aa7905749a7d,v-84750a74e813,,8,1,37.88,2026-10-21 16:36:22,False
c-0bea0d76442c,s-176ee942d2cd,u-cbdf9554d582,p-e3db6ef151fb,v-83b96dc83da0,ord-490bd5d196d9,XL,1,77.1,2026-10-21 16:58:48,True
c-c2f809a85359,s-0a9cb41dd43e,u-60ebc6ce435e,p-f2e9fb14e0bf,v-43ae1f42dabb,,One Size,1,68.89,2026-10-21 17:01:53,False
c-b59900b364e6,s-0a9cb41dd43e,u-60ebc6ce435e,p-accad81e1851,v-87da77422466,,L,1,39.3,2026-10-21 17:03:48,False
c-2b7e0fa86bca,s-88053a07dd15,u-038542283715,p-c212f3886f35,v-dbb66096cb8d,,S,1,48.22,2026-10-21 17:26:00,False
c-5c4867c1a6c9,s-d78f569d2a06,u-d9f3da494c9f,p-fa4080a0a71a,v-0d647462146f,,XL,1,55.52,2026-10-21 17:26:29,False
c-5a135fc0582a,s-0e13d8b238e2,u-792f3e54714b,p-77931ac35e65,v-19e783dfde56,,S,1,54.21,2026-10-21 17:39:38,False
c-bc442d97ddfc,s-0e13d8b238e2,u-792f3e54714b,p-88ab7b6c06c0,v-6da94c989185,,XL,1,45.08,2026-10-21 17:40:21,False
c-d5e030333790,s-99a3be06d003,u-99a9a96cad58,p-d8080af38c48,v-3f2d6a6b134a,,M,2,27.12,2026-10-21 17:59:13,False
c-33d04fd318e2,s-99a3be06d003,u-99a9a96cad58,p-1c0258525d95,v-e4223b11286b,,S,1,58.8,2026-10-21 17:59:56,False
c-195a8451c6c1,s-54d3c30d7030,u-4165e86be2ce,p-eafded7815bd,v-76294efc6304,,L,1,128.35,2026-10-21 18:08:32,False
c-5b559533de01,s-8a67ac93d965,u-228c5f1ae337,p-60412beb838a,v-28cde67ae145,ord-f271c9dfe674,XL,1,54.22,2026-10-21 18:12:31,True
c-f1e895f99231,s-460f63a8ea78,u-ce1a91f33968,p-6560a8d6f88a,v-23b9e8f08b6e,,S,1,27.35,2026-10-21 18:14:28,False
c-93c6e35a176c,s-8a67ac93d965,u-228c5f1ae337,p-ee2e68509020,v-5f1ba55f9236,ord-f271c9dfe674,S,1,44.3,2026-10-21 18:15:30,True
c-42bbba91c244,s-d30899668d5d,u-1039aff62616,p-9d8279fd3132,v-255e2707ab6a,ord-9dad3c6aceab,One Size,1,90.62,2026-10-21 18:21:49,True
c-9e70dbb70bd2,s-460f63a8ea78,u-ce1a91f33968,p-963d03d20f07,v-b385705faf9f,,L,1,24.95,2026-10-21 18:22:56,False
c-df3f06fbe7e6,s-b58189dc1715,u-e8adc006588b,p-bd63dc35718e,v-602ac699b040,,XL,1,32.33,2026-10-21 18:32:32,False
c-f453940672c5,s-95ef7835789c,u-c90179628330,p-6be092c61912,v-11a3b304d370,,10,1,75.87,2026-10-21 18:42:14,False
c-1b8cbc27a1f7,s-1e107594b2cf,u-c45f70d73b52,p-741faed57d14,v-65d691d662e6,ord-bd1274baed5c,XXL,1,27.45,2026-10-21 18:45:21,True
c-31639644ce1c,s-5902108ce3dc,u-e9945ab679b1,p-3d7011eb159b,v-13d69ba51e1b,,One Size,1,103.77,2026-10-21 18:54:35,False
c-8551c1e7d788,s-5bca404bf603,u-b7b68ce31109,p-c6d693e01734,v-8e17c598f77f,ord-d39e9cdf129a,M,1,28.83,2026-10-21 19:09:11,True
c-a99ce131bbe0,s-8856ad384c0d,u-c8f75dff8c66,p-460085e512b8,v-06196aead17f,,XL,1,22.68,2026-10-21 19:20:13,False
c-912464e4a4b8,s-8856ad384c0d,u-c8f75dff8c66,p-f50cbec3caa8,v-58f2a96dd79f,,XL,1,61.05,2026-10-21 19:21:26,False
c-f35eda26f5ab,s-ff8e1f98e9e3,u-44824e07a1a6,p-5d13265a54aa,v-b7cec3b6d281,ord-51e3f1935c20,XL,1,50.39,2026-10-21 19:34:39,True
c-3731ed702462,s-b1c618b16afb,u-41dee02ab2eb,p-4a4f8d21b565,v-b6dba3b711b9,,L,1,68.02,2026-10-21 19:34:46,False
c-157ac610d82e,s-485c33181166,u-a939bd8c193b,p-2b1acf230dda,v-5dbba8bb2a97,ord-47422241bab8,L,1,73.61,2026-10-21 19:55:19,True
c-7963cfd026a0,s-9d43b03892c4,u-6990c50b1a29,p-14722e1c9d2f,v-d80385a3671f,,M,1,95.57,2026-10-21 20:24:54,False
c-a411be4a76f6,s-720c9ea7336a,u-66b99411f68f,p-dbc16fda56c7,v-1cab67437901,,S,1,32.07,2026-10-21 20:26:23,False
c-d325d5e10e92,s-931e4e6dbb53,u-51ccadb18bfb,p-5be1ceedab47,v-f11aafad4537,ord-e87e18d60056,L,1,67.34,2026-10-21 21:34:50,True
c-e17e40eda924,s-5c7221985bb8,u-da872bfd452c,p-222755c29f62,v-d59ad30f5bb2,,M,1,43.92,2026-10-21 21:41:28,False
c-2ad78718bfa3,s-5c7221985bb8,u-da872bfd452c,p-3ac5e5681d91,v-c52ca04a001a,,9,1,92.59,2026-10-21 21:42:32,False
c-4984ee713cb7,s-bb5733352b8f,u-f82f9dcba962,p-dbb227be4872,v-a0e8f652af32,ord-0909f9673b43,M,1,44.84,2026-10-21 21:43:44,True
c-72f116180f70,s-bb5733352b8f,u-f82f9dcba962,p-53506609b939,v-c30361e6ab9f,ord-0909f9673b43,S,1,74.73,2026-10-21 21:44:30,True
c-51f7ad961691,s-015708ad36a7,u-abeff14e36bb,p-b7155eb223a9,v-1e860a1fdf8b,ord-c73216c0606f,XS,1,109.84,2026-10-21 21:50:59,True
c-4210f8a36201,s-c852011c79d9,u-c130cc9792be,p-02c6dae3bfd8,v-d840986d0f98,,XL,1,33.64,2026-10-21 22:00:07,False
c-1e92ab5a8ae4,s-951efb5e2bf6,u-5425d4b2a719,p-c920f258e7da,v-d6187488d699,ord-fc13bb5439c8,XL,1,48.5,2026-10-21 22:05:04,True
c-bbaa68330e44,s-60062f94f95b,u-564e530bcd07,p-7b52c1ecbb45,v-5a19424d0aee,,XL,1,30.77,2026-10-21 22:06:48,False
c-427367d2e1f6,s-531b85ad823f,u-ffbcd63abef4,p-0390992dfbcc,v-02e02db9bf6a,,M,1,37.45,2026-10-21 22:15:26,False
c-bdf356d16579,s-b7b2249af883,u-b7be64d4e59c,p-71652fbd6d8a,v-96b82873199d,ord-15b2ec769e0e,L,1,47.4,2026-10-21 22:18:38,True
c-e5a2964adc45,s-b7b2249af883,u-b7be64d4e59c,p-be8db09b6ceb,v-be97aa61054c,ord-15b2ec769e0e,S,1,79.51,2026-10-21 22:19:22,True
c-a0602a22f3db,s-3ed1b2d832bd,u-ace5e17a38ce,p-bcef39c6c763,v-f1b609d59f51,,One Size,1,117.23,2026-10-21 22:38:58,False
c-d44cee990008,s-abfea75a05c7,u-5c1c14aad1d0,p-de5460e8db31,v-1bc1d1739b26,ord-90bc6bc8bbd7,S,1,77.92,2026-10-21 22:49:07,True
c-d2f97a15d862,s-50f6ceb9d690,u-b78698915b76,p-b9f259c3ba6e,v-35a521b1a0f0,,S,1,79.67,2026-10-21 22:56:29,False
c-3b805bea9d40,s-3fa26c2dc10e,u-f6f40dc6c82c,p-f5ca33bba307,v-3cd02b9fc9b3,ord-898c142a158b,XXL,1,73.46,2026-10-21 23:25:14,True
c-919725d0ad6e,s-317c5307478c,u-9b46f4d52453,p-a6ed54e18bf0,v-0b50463ea6e3,ord-377a290a9b34,S,1,96.76,2026-10-22 00:08:05,True
c-71232176430e,s-c01941370dd0,u-c9dc9ee51aa9,p-4965eb79fe58,v-bfbed8d8feae,ord-cf3b1a1ffa81,S,1,67.45,2026-10-22 00:10:51,True
c-0c1b7915259c,s-c01941370dd0,u-c9dc9ee51aa9,p-d2f80fab104e,v-ec77a2e24df8,ord-cf3b1a1ffa81,S,1,64.85,2026-10-22 00:12:14,True
c-0fed9ed987f7,s-02810527cada,u-63f4aad7ad74,p-4da78da982ea,v-2f891244a0ce,,S,1,67.26,2026-10-22 00:16:49,False
c-2bb9b5c951c9,s-02810527cada,u-63f4aad7ad74,p-cde2369972d2,v-41fc13b5be7f,,XL,1,49.1,2026-10-22 00:17:26,False
c-ef5e0d86a2bb,s-3c096b543bec,u-af89b5f7ff0e,p-323b05a0bbdc,v-1e52be252b0f,,XL,1,40.86,2026-10-22 00:37:10,False
c-9c2c9ef9408b,s-f468f5f997f6,u-37369f341a70,p-8bf8e65bbf83,v-9d18f30c94eb,ord-c7705e3e741e,S,1,56.23,2026-10-22 01:01:03,True
c-cd3e707fd128,s-36d02b710bd9,u-16545ff53a49,p-5c1370534b6a,v-4f91fdb603ed,,XXL,1,43.97,2026-10-22 01:02:46,False
c-ef2a37c71b2d,s-36d02b710bd9,u-16545ff53a49,p-91054fb9cc27,v-f0f61c9dd64a,,XL,1,61.69,2026-10-22 01:05:14,False
c-cd94cda5735d,s-37aee91ea148,u-021a8c2b5cc7,p-8ac9a101b6bd,v-704c14b12520,,XL,1,54.07,2026-10-22 01:13:11,False
c-432127d19f8a,s-5ff7c0a3807f,u-dc5a2d1d48ad,p-9789e192ff3b,v-4827403e4424,,XXL,1,23.52,2026-10-22 01:26:54,False
c-f1af5ffb9e0a,s-8c4a6c60f7a2,u-30e3995200d0,p-d973be4b8648,v-07016b223346,,One Size,1,35.26,2026-10-22 01:32:14,False
c-6c6c497081c1,s-dc156baa3a89,u-0c5f2534d286,p-a7056dae3b68,v-eb0a1967c697,,One Size,1,43.39,2026-10-22 01:36:11,False
c-f9edfbefe44a,s-dc156baa3a89,u-0c5f2534d286,p-5dae71bab7b2,v-6818792c7167,,M,1,53.5,2026-10-22 01:36:43,False
c-9b0ac3399d44,s-83a6668978cb,u-f0da73dd194c,p-600053fa19c7,v-ab1109aeb13e,,S,1,12.73,2026-10-22 01:38:01,False
c-a3684ad40e6d,s-d67ca66a44fa,u-9044725cbb5c,p-70f485889dd0,v-409f7ab91a93,ord-ab150640471f,8,1,49.51,2026-10-22 01:38:05,True
c-07f5519506ba,s-62c691caa324,u-f6301f4bf0af,p-663334a58569,v-4206fc19035c,ord-f7bf79e2b36c,S,1,45.93,2026-10-22 01:41:53,True
c-53f52ea25b75,s-608aa919fa9b,u-bb2683da0351,p-896ee782e212,v-439313dcd165,,9,1,113.62,2026-10-22 01:45:43,False
c-31742f381b30,s-7ea73be715ea,u-5a1d311cbba4,p-f191fdc007ba,v-15cdb25f357c,ord-93a8d3347e56,9,2,96.06,2026-10-22 01:48:58,True
c-a23faa1746fa,s-ad398e58b0c6,u-2a0a0e3128a8,p-0ce9649e20dd,v-9ff685f7f5cf,ord-4093f7bb92d5,M,1,33.55,2026-10-22 02:06:25,True
c-b10283d7ac6b,s-019a527325c1,u-64388afb8106,p-d7568994dc7a,v-28b006ea7443,,XL,1,46.87,2026-10-22 02:10:36,False
c-e6c066ea54c4,s-4d376df1226d,u-b460d9a5cbbe,p-a8513594658b,v-2f2ff03f219c,,XL,1,53.49,2026-10-22 02:19:58,False
c-3dc9b0a820b8,s-4d376df1226d,u-b460d9a5cbbe,p-9672d4cd4fa5,v-fb668e1f91b2,,XS,1,52.72,2026-10-22 02:21:46,False
c-f3d4f0169555,s-ee099541a97e,u-edfd8333f4b5,p-22bc2007008f,v-4b3f865f1e2f,,XL,1,53.36,2026-10-22 02:22:14,False
c-ea571ea6c658,s-4d376df1226d,u-b460d9a5cbbe,p-a960a9e3b24e,v-16026e1fe072,,L,2,86.3,2026-10-22 02:23:20,False
c-055925c7379b,s-8332889975f3,u-f517fc30c393,p-a25d879a5db6,v-cececb6198d8,,S,1,88.66,2026-10-22 02:46:31,False
c-e7fbf18c744f,s-7fb9065c0b40,u-5658dc25f014,p-c55170669c89,v-773d0be322a8,,6,1,114.7,2026-10-22 02:52:37,False
c-b24c15b4bd88,s-55c8bda2f713,u-badce0f4651e,p-222755c29f62,v-a0a3160937c8,ord-88d78bcb952a,XL,1,43.92,2026-10-22 02:58:37,True
c-66ec894b5f21,s-9b07b8b888a7,u-43a83ab2483a,p-62367f6046fc,v-b3e4c05db037,ord-1495d85be257,One Size,1,46.19,2026-10-22 03:03:28,True
c-4775f155681c,s-b7ce437f8324,u-e7413fcfacc7,p-e53548042d4f,v-013e2ed5f3ac,,M,1,46.82,2026-10-22 03:04:35,False
c-bcf7d28325e6,s-cef3445167a4,u-ea936b8f71c1,p-32c5c09de0c4,v-ab98d2293902,,L,1,21.73,2026-10-22 03:16:55,False
c-87687c9e6dfa,s-dbe254bc5bac,u-b5c611908955,p-04f34dd4b281,v-9297ea8b0698,,XL,2,22.91,2026-10-22 03:17:50,False
c-e0c619b1f0ba,s-e4894929bead,u-24377d007c64,p-26cfdfc823dd,v-93516813a746,,M,1,54.16,2026-10-22 03:17:50,False
c-4ecdd8e72e57,s-73c14f7f9436,u-939f5ecb1205,p-4fbd9539bd6b,v-15d8a3cba16f,,L,1,60.95,2026-10-22 03:22:46,False
c-e2941ac4dc5e,s-61cb29bf6fe7,u-203e4e053108,p-ddf414f69e8f,v-aa837dd1d779,,M,1,71.4,2026-10-22 03:24:58,False
c-7954847db77c,s-b534d06a8044,u-cd8821da97e6,p-f7445a8007ba,v-7862439dabfd,ord-ec0127462b2d,One Size,1,49.33,2026-10-22 03:48:13,True
c-66b97bdb6429,s-1932429ce5d7,u-f9ede077e7b2,p-b9f259c3ba6e,v-fc08d5804d6c,,XS,1,79.67,2026-10-22 03:51:43,False
c-cc3cd03de12f,s-43519484390e,u-8d143a978649,p-eaf01572b984,v-1e682b9d5a97,,XL,1,41.56,2026-10-22 03:51:56,False
c-a9da9d5c54e1,s-802f69fc2ab7,u-207031f27fc5,p-6b66312e1b57,v-45c739c2b170,,M,1,32.25,2026-10-22 04:01:00,False
c-71f27cd7879c,s-802f69fc2ab7,u-207031f27fc5,p-a7056dae3b68,v-deb7c1d344ab,,One Size,1,43.39,2026-10-22 04:02:16,False
c-04dd3446785d,s-ac275022c18b,u-b24600c7c5c2,p-37a2054ceae1,v-579c0dad81bf,ord-5631cc0b714c,S,1,88.13,2026-10-22 04:08:04,True
c-9580bab362cb,s-af67cb75d6fd,u-6ed761c2248c,p-ae660ae5771e,v-eb5043f49bad,,S,2,54.94,2026-10-22 04:12:01,False
c-975a54a40149,s-31f8495c6cb8,u-9077b737cd18,p-a1ea8ac8b794,v-cfb5b2025caa,,6,1,65.0,2026-10-22 04:12:08,False
c-3e9b2d8fdcb6,s-260060415f14,u-11f851e35d56,p-54e89c908d1f,v-ed3ad11b2c49,,6,2,71.42,2026-10-22 04:17:39,False
c-5dde14eb8653,s-d0da0ed507e5,u-f9e3de60390c,p-20383bde64c0,v-4b9c233667a8,,S,1,51.86,2026-10-22 04:21:19,False
c-fc8d8f65028d,s-64547afa81d7,u-ba2d859c7fe6,p-9371cb03d7a6,v-92ca73155dae,ord-926e917ce6fb,S,1,85.7,2026-10-22 04:38:54,True
c-2c49c6b94a9e,s-71222d51e9fb,u-d7de24f3e4e7,p-02d7151df481,v-cc8d9ec87bbd,ord-21d381bf9826,M,1,77.08,2026-10-22 04:54:45,True
c-1a9cf82e3a44,s-71222d51e9fb,u-d7de24f3e4e7,p-b68a946fa078,v-533bed62b22b,ord-21d381bf9826,9,1,69.4,2026-10-22 04:55:13,True
c-a86e33477d0b,s-4b64111aeaad,u-60e4ad04406e,p-e9068ecfb826,v-3bdc7479702d,,M,1,19.26,2026-10-22 05:00:38,False
c-3581fcb0e0f5,s-6816ee5b58bc,u-0522691b8829,p-eede996438b6,v-4a166f277628,,One Size,1,39.38,2026-10-22 05:49:32,False
c-5b71c06113d3,s-23707ea08ba6,u-66546a2efd85,p-4d581a25c41a,v-aefd1076dba7,,8,1,87.53,2026-10-22 05:49:32,False
c-2bc71679cafc,s-78cf24097ad4,u-82cf035765b2,p-5431631a088f,v-aa9efc18b17c,,M,1,45.77,2026-10-22 06:14:23,False
c-fe9b37f83a94,s-e368466ca61b,u-0814dcf10fac,p-fb40526cd3c7,v-dd53f2048a0b,,S,1,86.75,2026-10-22 06:17:29,False
c-a7db2f7ccd71,s-3f95985df6ec,u-296a6964fa8c,p-2d07005e8d07,v-ea4f97e61189,,One Size,1,45.18,2026-10-22 06:19:39,False
c-881e87a19e9b,s-7065fbae8c86,u-55d29dc88003,p-904e4033c8e6,v-5f42787f676d,,7,1,53.15,2026-10-22 06:41:43,False
c-8635c17a0dd5,s-79f9e7f16c86,u-c62c83d6297f,p-3bb995d89397,v-a06b67734512,ord-1bf17315481d,XS,1,62.18,2026-10-22 06:43:05,True
c-499955f0cb2a,s-557f57871af9,u-10ddfe81d06e,p-7bc4d08cf7ec,v-34760cb66eba,,9,2,78.93,2026-10-22 06:44:10,False
c-4440a7777492,s-557f57871af9,u-10ddfe81d06e,p-1a65ff82a701,v-b5ff8094095c,,6,1,80.68,2026-10-22 06:45:39,False
c-cb0488796e49,s-72c104d19691,u-cebb79269d14,p-23c037b1c401,v-b36aa3d77ea7,ord-3e7e8d98cfe9,9,1,46.0,2026-10-22 06:47:27,True
c-512a55e7288c,s-5f22e959d866,u-ee6fcdf17f5b,p-ddd2f5bb213c,v-9a1039284885,ord-5b23f23bf9c4,S,1,50.79,2026-10-22 06:51:03,True
c-c28a2d38443f,s-d80d5d77245d,u-0dbf2993eef6,p-52f3ef7b086c,v-1ddd4d23097d,ord-670431a2b7e9,L,1,40.56,2026-10-22 06:52:19,True
c-57473fbfd6a5,s-9d060bab476c,u-0a5c2f15b4ab,p-fb40526cd3c7,v-3c84dae94d0f,ord-f351579d0877,L,1,86.75,2026-10-22 07:10:11,True
c-deefcdf4f54e,s-5c4f5fa8c72c,u-c7699641aa02,p-60412beb838a,v-b41e37b86fde,ord-0384e3a07b59,L,2,54.22,2026-10-22 07:21:01,True
c-b95111144fe0,s-a6943bbb4dd1,u-36adfbe2c54c,p-32cd89d5f78b,v-ceeb202c6720,,6,1,81.11,2026-10-22 07:35:18,False
c-0ac733dfacca,s-a6943bbb4dd1,u-36adfbe2c54c,p-b68a946fa078,v-9bedc2e8f8cf,,10,1,69.4,2026-10-22 07:36:39,False
c-b4a89c5e98c0,s-9caaddabf425,u-0bcaa5552edc,p-38016f7fa667,v-ab99e4f8919b,,M,1,42.7,2026-10-22 07:50:16,False
c-fa5e2b51b103,s-f52b561f0525,u-cd617bf41d77,p-be8db09b6ceb,v-2629f7a66baf,,L,1,79.51,2026-10-22 07:58:08,False
c-fbc9eec32a67,s-9b052d942f46,u-f354a09fc575,p-3e3d78193945,v-cb33978e086e,ord-fa497bac6dce,One Size,2,92.53,2026-10-22 07:59:04,True
c-b6dd4f03165d,s-0336945bd2fc,u-72fa3563a57a,p-4085b41d32ca,v-1b106bcc9434,ord-d1c56f296dc9,L,1,41.73,2026-10-22 08:01:23,True
c-077af2b73aa1,s-b8cce08e35a8,u-408fc66d160b,p-badbb3761af6,v-20cc01897fbc,,L,1,35.66,2026-10-22 08:01:47,False
c-400775cdffa0,s-83f134fff017,u-062a7909b047,p-22bd6d13a2ad,v-955f1020739f,,XL,1,30.86,2026-10-22 08:16:22,False
c-e7271a85f3e8,s-f9fe81b9639d,u-1cc0dedb0ea5,p-6f9c939d4ff5,v-1de6da727b45,,One Size,2,23.04,2026-10-22 08:18:10,False
c-6572584ef3b1,s-36e35ae78e34,u-8756549ce0fe,p-2e1138dff55d,v-6658b7778c1c,,XL,1,53.74,2026-10-22 08:29:45,False
c-076c36675758,s-13763ca5970b,u-d5574760e581,p-5fe776be577b,v-07f0fef8e5e6,,10,1,75.95,2026-10-22 09:09:13,False
c-f88227a94bb9,s-ce41652fb276,u-633e29ca664d,p-8d2ab9d7c471,v-aa3d168f9491,,L,1,71.08,2026-10-22 09:22:08,False
c-80926a846e3f,s-5d097f0cc814,u-1b72d6847d4a,p-67b259f5b5d7,v-b44112c92a4e,ord-34f1ec41fc1d,XL,1,20.24,2026-10-22 09:38:18,True
c-326987af93ac,s-bdad60f7bc2d,u-53ae8cd57ef6,p-88bf4e6ca775,v-4d423eab2ed4,,M,1,72.27,2026-10-22 09:39:38,False
c-f131dfe135ea,s-6884275477a9,u-9c24e0f40be6,p-9f91b978f184,v-3653602547b8,ord-330723efa3da,XL,1,31.87,2026-10-22 09:43:03,True
c-b8aef14f1efa,s-a1d2b424b3c0,u-8caca5c9e30b,p-7240f286a853,v-9e20a7442ecd,,S,2,33.8,2026-10-22 10:05:40,False
c-1f0914984c51,s-f00356321b41,u-9aa440d042a6,p-a69300b85fa7,v-c9418f767146,,S,1,53.33,2026-10-22 11:00:25,False
c-0c6d3bf72d7a,s-0eb3ee4b4f3e,u-10e32f8d1a08,p-8fd825d4ccc3,v-8129d6b0e8c0,ord-5fd4cd4994bc,One Size,1,64.57,2026-10-22 11:04:51,True
c-8bd2fc857021,s-0eb3ee4b4f3e,u-10e32f8d1a08,p-39833f233d5a,v-b3d1f65f4a94,ord-5fd4cd4994bc,One Size,1,35.68,2026-10-22 11:06:10,True
c-0d4b3b650558,s-e6b0c82688f8,u-0ea88a14cd1f,p-9b0815db6310,v-d68fc6405536,,S,1,36.06,2026-10-22 11:14:08,False
c-3b8f9c71f2b5,s-780795c157fc,u-b5b878568d8a,p-79b135518568,v-4a28ab7773f1,,S,1,29.78,2026-10-22 11:54:31,False
c-9e4a9a2d1697,s-2754d5eb4cf5,u-a308f36736bf,p-7240f286a853,v-77e396e401a3,,M,1,33.8,2026-10-22 12:13:42,False
c-a02e11e4fc91,s-1f1350e79f4b,u-f36d4aef204a,p-aab59aee3f2c,v-e4851eb48081,,L,1,58.19,2026-10-22 12:26:26,False
c-4643730db50b,s-1df47a8ce32b,u-b50ef7d6e667,p-bf48dbcd8369,v-1c5ae90765a7,,XL,1,55.05,2026-10-22 12:31:06,False
c-18ff11f46004,s-bedc30d408bc,u-34a2312cb2e3,p-87f337a5759c,v-5248d70d22cb,,9,1,85.98,2026-10-22 12:35:14,False
c-8be5333e0e9e,s-fe4312c29b13,u-5e8996ca91ec,p-1c3c50318000,v-293cc2ef39cb,,XL,1,63.85,2026-10-22 13:09:28,False
c-9ec0af94bd89,s-99ac839feca8,u-6558b3bf0762,p-686f51fa68b3,v-8ce6e76cfa81,ord-9f7014e482cf,L,2,60.71,2026-10-22 13:22:47,True
c-e33ba9e73bc9,s-59f08ac00839,u-ba3d75f88bfe,p-97882f0f3cc1,v-05fa1803a72e,,XS,1,56.84,2026-10-22 13:50:00,False
c-da893e8c62a6,s-e9a30170413b,u-7c4eba28271a,p-f191fdc007ba,v-0c42bd8f814f,,6,1,96.06,2026-10-22 14:00:55,False
c-a8f96ea00f34,s-cd48df15b52b,u-6368d2dab1e2,p-2d9112c177e2,v-6f73e967e6fb,ord-b7864ba64ab0,XS,1,84.18,2026-10-22 14:09:38,True
c-8932bd60bece,s-d95e4853c1ba,u-b0957d157831,p-c74034bdf85e,v-39404667b5ea,ord-4baf2bf032c9,XS,1,36.58,2026-10-22 14:29:07,True
c-e9e44c07d449,s-d95e4853c1ba,u-b0957d157831,p-843045ab3a97,v-dd2364b893f1,ord-4baf2bf032c9,L,1,74.76,2026-10-22 14:30:48,True
c-5135d433de66,s-27fad9766f28,u-b8c0b318603c,p-68678149e38d,v-d3b910124a25,ord-196695923ac2,M,1,80.38,2026-10-22 14:47:15,True
c-ac377edd4154,s-9f196a79d9d1,u-44c669c1246e,p-f1112dc1652b,v-4c99359011c8,,One Size,1,39.16,2026-10-22 15:03:18,False
c-c3dba78fd1f7,s-d585e5ee91a7,u-a32fc72bb1f6,p-e8d929d2dd03,v-2d4a91614916,,XXL,1,40.24,2026-10-22 15:09:28,False
c-11f42e9e5337,s-8cea985dc48e,u-5581c57a4587,p-5465204dee28,v-e22e69da0a0b,ord-98451487aebf,XL,1,34.51,2026-10-22 15:24:39,True
c-67933b6e56cc,s-64b35bd96a65,u-a6d6d3c2c18f,p-b4d00fcbbd62,v-daecc04c5d46,,XXL,1,24.46,2026-10-22 15:32:15,False
c-1816966b7300,s-5d964e58070c,u-32977cb81efd,p-84e06d920009,v-b2b6bdbea5d9,,11,1,104.89,2026-10-22 15:45:51,False
c-11d8b1102129,s-5e06e37d626b,u-7536bf0b3c1b,p-0bbf536fa576,v-2db919898f48,ord-8f2fd18e28ab,M,1,61.06,2026-10-22 16:17:16,True
c-e10f9b2db93b,s-0a9e5f93a64c,u-d8f506b87a4f,p-ce44c70f1845,v-62526af0a721,ord-c28943dc33bb,L,1,66.67,2026-10-22 16:26:19,True
c-efd71213fb63,s-0a9e5f93a64c,u-d8f506b87a4f,p-750f83e553ba,v-a56fc27b0454,ord-c28943dc33bb,XXL,1,53.05,2026-10-22 16:27:31,True
c-946123e94084,s-ebb4bd31e2fe,u-118ea41f76a6,p-0562bf94be61,v-7f8e4f2ccf62,,XL,1,48.61,2026-10-22 16:30:33,False
c-c918f5fefa73,s-75d136b40fde,u-bf0c19af3ee5,p-546db60cb274,v-142635b71ca3,,XS,1,76.54,2026-10-22 16:46:48,False
c-ddb8e51fe50c,s-4a67d496a76b,u-7a5270c306e6,p-c3ce6086cea0,v-573a95f228a6,,S,1,28.28,2026-10-22 16:52:04,False
c-1d1d208b5d34,s-a07cb90c6907,u-c43bf53b6bbb,p-00467fe6aa89,v-5ec5f64651b2,ord-471beccdd4c9,11,1,104.31,2026-10-22 16:58:30,True
c-1d8276c66025,s-2d8092373a74,u-61fc5d49b3f7,p-febce788e79c,v-8d73dba83b1b,ord-555c9066142a,L,1,34.12,2026-10-22 17:49:25,True
c-5d1a8e71494a,s-0c691a67cb34,u-552bb7831c5e,p-d7568994dc7a,v-640ca6c75d5e,,L,1,46.87,2026-10-22 17:51:12,False
c-d4fde31beffa,s-76affd5d3dd4,u-e219659a0a81,p-46e2a518589e,v-a31f3cbedab5,,S,1,50.51,2026-10-22 17:52:52,False
c-7ef2cfc962b0,s-76affd5d3dd4,u-e219659a0a81,p-6ee97d78826e,v-aca14a84ea04,,M,1,19.72,2026-10-22 17:53:40,False
c-d684efb5a9e3,s-48592b8519c9,u-d9d7d89c4852,p-9cf391e4f8d9,v-4b1ff19be247,,S,1,72.33,2026-10-22 18:17:12,False
c-089aef5e13bb,s-9c5d6d92ec70,u-b4491bbd194a,p-b5ae9c9e0cfd,v-c18a5e9191c8,,One Size,1,74.73,2026-10-22 18:22:00,False
c-33128f78b86e,s-9c5d6d92ec70,u-b4491bbd194a,p-9371cb03d7a6,v-7747d9da5338,,L,1,85.7,2026-10-22 18:22:31,False
c-7d04136cd045,s-46e3a63d9ca6,u-061af415ab54,p-1a1074fadb6e,v-3be0a2f8a0b3,ord-ff8034fa3610,L,1,17.63,2026-10-22 18:34:45,True
c-6729196c6429,s-078ad0a443c8,u-09cdb28d8192,p-1e9b889c6e2d,v-8da59fa2e8bc,ord-fdbc46a93190,One Size,1,37.37,2026-10-22 18:35:01,True
c-b831de653132,s-6b0e0212f5b1,u-0bc5951b842c,p-05a2b020151f,v-1ac8c495cb85,,L,1,41.16,2026-10-22 18:39:54,False
c-65287c5a843c,s-2c9266ea3667,u-b592f8e51826,p-12233123767c,v-971f5441adfc,,XXL,1,43.46,2026-10-22 18:43:03,False
c-08ff3f31b41a,s-2bc3edff63d1,u-7156ca49d6dc,p-1c3c50318000,v-9bf5f68732ff,ord-607314203469,XS,1,63.85,2026-10-22 18:43:25,True
c-a4c224f768d9,s-fb2d369c8484,u-be7cfeb696a3,p-1dbb64836b4a,v-547a0340f458,ord-2d463c4dadd4,XL,1,41.41,2026-10-22 18:49:56,True
c-aeb00715d568,s-5aa6ebeb9653,u-1e4b3e00d72b,p-c88e3fd42ff3,v-192f92ccf9d3,ord-25dacaf89452,XS,1,33.42,2026-10-22 19:12:41,True
c-c8c24336233b,s-c583a7f58a0f,u-1734e7dba9e7,p-bd2bf62a463b,v-4168cdce787e,ord-7040edb9a63a,S,1,59.12,2026-10-22 19:12:56,True
c-e93a4747e9f4,s-5aa6ebeb9653,u-1e4b3e00d72b,p-61d6c813f442,v-96d176df6379,ord-25dacaf89452,XXL,1,95.45,2026-10-22 19:13:40,True
c-af621a5d2858,s-e72923308fdd,u-27582af87a78,p-218375e3f6d9,v-2b4638e01627,,8,1,67.88,2026-10-22 19:26:42,False
c-be3ac5d04a20,s-fdd5d92e7b69,u-4d0f5b099393,p-021b2ba00e38,v-1b715aef4093,ord-ce692e1cb091,XL,1,49.85,2026-10-22 19:36:21,True
c-3322eea524b7,s-9bda032899a5,u-679800a17cd8,p-adaf9a2a1c56,v-ae80590fac47,,S,1,60.9,2026-10-22 19:41:50,False
c-2684aefc0805,s-635154bc8b43,u-2efe3ff11373,p-ec93da93794b,v-520caefe90a0,,6,1,68.75,2026-10-22 19:46:08,False
c-018869def996,s-a2411a51de38,u-d3fb98c21705,p-a1c0e35d7eb4,v-75c098f254cc,,L,1,62.21,2026-10-22 20:07:29,False
c-0a86aba27039,s-04d6766d5d87,u-6488e33f8484,p-53b683fed0ce,v-a8c10281638a,,S,2,87.5,2026-10-22 20:14:32,False
c-9f1c09d5a58d,s-04d6766d5d87,u-6488e33f8484,p-d86d3cc2d6ec,v-e39c51580b15,,XL,1,55.52,2026-10-22 20:16:11,False
c-67f0dcc2ac68,s-f6bf736a5aae,u-f06b402545a3,p-b21af733327a,v-19eb31a36f03,,10,1,40.77,2026-10-22 20:35:28,False
c-935c3f3b341c,s-eb5e764fb41f,u-3862dd4d1ef3,p-538030e34bb1,v-3a06df705c9c,,One Size,1,31.84,2026-10-22 20:38:34,False
c-d55faeeb0acf,s-8213da88aee9,u-0055d8dbd677,p-f5ca33bba307,v-0f8fde27be88,ord-6043602892ad,M,1,73.46,2026-10-22 20:39:25,True
c-b289576906d1,s-e3d06167c986,u-8d17caae7180,p-b44217173b98,v-8eee41a67db8,ord-0d6cb71f301b,L,1,36.5,2026-10-22 20:42:54,True
c-7df804494fe3,s-3567bf88ec48,u-836c4c8a25fe,p-d5df60ed194a,v-2a1bddcac499,,L,1,54.4,2026-10-22 21:07:14,False
c-76f14a00469c,s-ee096fd3316d,u-f10a14dfd06f,p-594e49fc9426,v-0be12efc828e,,S,1,47.26,2026-10-22 21:10:09,False
c-a8062b290738,s-c1d7b944e4e5,u-95771fbdc1dd,p-8e60e7be8c04,v-9a102c0912ac,ord-66b2788044db,L,1,61.79,2026-10-22 21:12:11,True
c-afa28281a189,s-2c9c28b998dc,u-61dfd8138d46,p-576ae7540bd5,v-0c4d2ce066ca,,One Size,1,37.46,2026-10-22 21:17:57,False
c-8b5f07c9d8fc,s-00c891fc7e05,u-3e6d5c04b6c3,p-328a7ed908d9,v-ccf5fe545377,,S,1,39.22,2026-10-22 21:18:09,False
c-b70aa1b82512,s-6282d267aaa8,u-286ad8628ffc,p-2ab57e658014,v-92135cb70531,,S,1,43.4,2026-10-22 21:28:27,False
c-acbfcdae61bf,s-5589628209b0,u-ae9d3a9d55e2,p-9e9dd3a2d06a,v-9ce2105baca2,,S,1,71.88,2026-10-22 21:31:07,False
c-09cebfe13567,s-3ee6eab960d9,u-a88f818485c5,p-ec93da93794b,v-47d65edb3a18,,9,1,68.75,2026-10-22 21:43:01,False
c-7e3707c83afd,s-3a934753c34b,u-d6adfa4ae723,p-c880e79eb602,v-26a6ced18848,,S,1,56.71,2026-10-22 21:45:51,False
c-11832417e476,s-53eb66620a29,u-cdab3b539862,p-192469735051,v-3858ff46d766,,S,1,54.25,2026-10-22 22:10:36,False
c-19ab7936cb03,s-8b35e2dd0aa8,u-40ff9e934aff,p-b7c380a53de1,v-5ce25e86a74b,,XL,1,72.0,2026-10-22 22:24:04,False
c-86ac4c4a6fa3,s-018c8bc228f6,u-7964ccef7de4,p-510a42330d38,v-49e14612e45a,,11,1,83.75,2026-10-22 22:28:51,False
c-1472c068882d,s-a7d6b0c94fde,u-f791815b58f4,p-2d9112c177e2,v-1c9ce587316b,ord-54dd76e01d6e,XL,1,84.18,2026-10-22 22:53:51,True
c-1e30268c57f4,s-d50f195d7ba6,u-af846037f52b,p-062a5aa754a2,v-edcb5506a3bc,,M,1,60.81,2026-10-22 23:17:29,False
c-a6928512018b,s-7b88d64f208d,u-01fc3b1fc5e2,p-284596cdedc9,v-424ede6361d1,,9,1,83.73,2026-10-22 23:39:14,False
c-67ca6c737a46,s-8dcec6f4fa8c,u-2c8e9b409f57,p-44373cf67c83,v-4d459176ad36,,One Size,1,75.47,2026-10-22 23:42:45,False
c-98d6b1da4a16,s-00d723302f0d,u-6fb0de3a264b,p-0e75db11ed53,v-6bdc1bf82c9a,ord-498ef965adac,L,1,64.35,2026-10-22 23:54:22,True
c-c64de41fe1fb,s-c6c809648f5d,u-c9cdbf70d080,p-fff670c8c0f2,v-f1844af62ea0,ord-27eb7fd71ff7,One Size,1,49.97,2026-10-22 23:59:55,True
c-3910e283542a,s-f417ff3feb08,u-7ad223da87e9,p-01a702499b62,v-2eecdd200a40,ord-c376d1fc536a,One Size,1,33.13,2026-10-23 00:00:45,True
c-7dd0514997d5,s-ec251dcc85cc,u-875a2a92fd10,p-059cbbf643c9,v-81d02d276f15,,S,1,68.08,2026-10-23 00:10:52,False
c-c472db964f1e,s-469716276f28,u-86fea8510670,p-feb10e6ec6dc,v-795d9ba60a32,ord-192cc29630da,S,1,64.32,2026-10-23 00:13:54,True
c-c090e93f253d,s-e81fe76391f6,u-95326469120d,p-ba4c2d70898b,v-8b44b0ab773b,,XXL,1,58.36,2026-10-23 00:28:45,False
c-79b4be0793ef,s-ee22e94fe5c6,u-f5c0d30de48b,p-367d873527ab,v-6faca90a13f9,ord-acc34407e2a0,9,1,69.67,2026-10-23 01:05:01,True
c-5555ed45cffb,s-3dd8cf74f6ea,u-e2789d42ce2e,p-44373cf67c83,v-e9eccb67ec62,,One Size,1,75.47,2026-10-23 01:05:43,False
c-f3d896207eca,s-b68ffe76fd04,u-b3dfe10e85dc,p-3bb32aa3accc,v-447f1bda023b,,11,1,78.7,2026-10-23 01:37:26,False
c-b345ae8de8e0,s-f857bd273ef4,u-e76975a69d36,p-74db822db021,v-f12d83746bd9,,S,1,38.12,2026-10-23 02:01:47,False
c-ea8a8a34bf25,s-ee084abb0986,u-6f9ea0cd77f2,p-744a56bb2a3a,v-e72888d74115,ord-2ea11e915366,10,2,41.93,2026-10-23 02:02:10,True
c-a936f5a8a057,s-8428876bc84d,u-3349dc3f6e2c,p-d982a166e766,v-10d3398acf85,,L,1,29.81,2026-10-23 02:13:34,False
c-01feceb384f6,s-d3782c99503a,u-a927cf3a44ba,p-a6dabcb913c6,v-d0c2a4896841,,S,1,50.6,2026-10-23 02:24:17,False
c-316478f37616,s-c49c302ea0c9,u-638cbef2f459,p-4229f736eea6,v-4c2a644b62ea,,XS,1,43.16,2026-10-23 02:25:29,False
c-22ea83b1a0ef,s-4cc5b7dceca3,u-02e377a41baa,p-14e5049e38d3,v-e27d7c83a31f,ord-523b32a8fa13,S,1,20.14,2026-10-23 02:39:22,True
c-df034e54cd3d,s-4cc5b7dceca3,u-02e377a41baa,p-408ce248759d,v-742ed0bc432f,ord-523b32a8fa13,XL,2,67.74,2026-10-23 02:42:17,True
c-c76f0aa03c66,s-ba2f4364ec7e,u-ea75b39fc5aa,p-02c6dae3bfd8,v-f572ffe3f03c,ord-c47d3f23165b,M,1,33.64,2026-10-23 02:50:04,True
c-16afdc1b4294,s-bbe152bd6daa,u-791fc902c921,p-2deafd977bb7,v-122a16f0fb9e,,XS,1,50.54,2026-10-23 02:56:50,False
c-7d41e9c466b2,s-0c9b5f18a38f,u-4f390d47a464,p-0c14d5cb6bca,v-117d0a698b99,ord-4ef622a1dc90,6,1,52.96,2026-10-23 03:15:45,True
c-69e71afd3ca1,s-0364de4371e1,u-9e5b3765e479,p-97882f0f3cc1,v-e6f9e230ee79,,L,1,56.84,2026-10-23 03:35:25,False
c-8a205f3ab783,s-8abc2a1e8d8f,u-ce2040565188,p-0b1b60d9b816,v-f458772c391f,,M,1,30.88,2026-10-23 03:41:50,False
c-c33d57a99022,s-882d6a3e1445,u-deebda8d0399,p-b9f259c3ba6e,v-0439746237b0,,L,1,79.67,2026-10-23 03:51:42,False
c-20845dbf494f,s-a127a1fe7081,u-4031348f89b8,p-5813e3e586f1,v-27d7208508ec,ord-df39ec85afc8,M,1,115.12,2026-10-23 03:52:46,True
c-074edb2c3399,s-882d6a3e1445,u-deebda8d0399,p-8cfe65ec97f7,v-aa41f24113ac,,XS,1,91.92,2026-10-23 03:53:49,False
c-06b99918d4a7,s-82dda360df19,u-46ac63b6e7ba,p-56de52c800bf,v-926898975386,,XL,1,45.67,2026-10-23 04:10:28,False
c-14d54a67d001,s-d2b65984c83d,u-7a8ec7152100,p-4264354cb59a,v-59507edbe1d7,,10,1,44.84,2026-10-23 04:13:16,False
c-0cd370c18474,s-e9e379c0dc45,u-a790861efe86,p-cff14c01c356,v-710bd034df86,ord-7dc878c01f24,One Size,1,59.11,2026-10-23 04:18:46,True
c-d551cec21fda,s-7e498bd99d43,u-b205b3726bd0,p-9cfec85a6966,v-338455f32a02,,10,2,75.58,2026-10-23 04:24:29,False
c-e7510c25ff2d,s-3d4444fdfd59,u-03d14389f51c,p-1aabf9b76068,v-72c30674b318,,M,1,78.8,2026-10-23 05:01:24,False
c-2c450a56c2c9,s-8468d15ae2a5,u-5bc77ede2735,p-0940c8a5ab1f,v-eeeeef3d2e6f,,L,1,45.44,2026-10-23 05:10:19,False
c-b0d070b6be44,s-5bc838882b3a,u-a282918596f8,p-452b38072947,v-0ffde010b490,,One Size,2,43.29,2026-10-23 05:12:25,False
c-c981df5e8cfd,s-5bc838882b3a,u-a282918596f8,p-3862b24fcaf1,v-bc8628fd9702,,One Size,1,64.09,2026-10-23 05:13:21,False
c-b997750028dc,s-c25cef86a0ef,u-9925be0ba19e,p-5d529b84685c,v-0901d6f5c0f8,ord-d381f83215a8,One Size,1,76.99,2026-10-23 05:14:01,True
c-e702410fe5bb,s-5bc838882b3a,u-a282918596f8,p-1faea5d273c5,v-5ad5e576faaa,,One Size,1,103.23,2026-10-23 05:15:08,False
c-31e2a342a0d4,s-28977134c639,u-7067a7fca4c1,p-4a69548d1dea,v-d2657e5a1821,ord-84ada1fca247,L,1,55.29,2026-10-23 05:23:56,True
c-e983806fad17,s-792f9b7ed282,u-519ad087c07b,p-13b7675fbb59,v-3cc908a22369,,S,1,67.64,2026-10-23 05:32:55,False
c-f80ce20886f0,s-abd9566a166c,u-d5c27ca95b23,p-7fb39ceb4120,v-a7864ddde3c3,,11,1,61.81,2026-10-23 05:39:22,False
c-5c40880bc7af,s-abd9566a166c,u-d5c27ca95b23,p-1a609bdefd2a,v-f5d366c77fe2,,One Size,1,28.02,2026-10-23 05:40:25,False
c-9114211f2d68,s-166b5467b426,u-8fd9adf7cd41,p-b66e5f0d4761,v-9f28e7a33a35,,L,2,21.37,2026-10-23 06:09:56,False
c-9d33583fe26a,s-166b5467b426,u-8fd9adf7cd41,p-dfdbf0724a4a,v-7a4ae78916ca,,M,1,44.78,2026-10-23 06:10:46,False
c-9dafe6cfaecf,s-8827314d5b7b,u-bad9522ab9a8,p-2d160337d51b,v-0a7190098c35,ord-429864d34fc0,XXL,1,50.19,2026-10-23 06:14:00,True
c-f9de89b6e05a,s-6c79636b4ee8,u-8f0d1a7ad345,p-2e1138dff55d,v-555c24990227,,M,1,53.74,2026-10-23 06:21:29,False
c-2daad0c71cea,s-b457908463a8,u-54ba9e94b7c2,p-2c780bfed55c,v-a9112c20ec36,ord-2284fe37cc54,L,1,58.37,2026-10-23 06:35:10,True
c-51a53cdfa45e,s-a32cf8edc97e,u-6447eb644996,p-56de52c800bf,v-ba6938828371,,XL,1,45.67,2026-10-23 06:59:35,False
c-676ce7953661,s-50f70721a04d,u-c09db39e8b5e,p-5c83a811708b,v-0c038dbc518d,ord-25eab54340ac,10,1,103.61,2026-10-23 07:17:26,True
c-3bc071a6068c,s-957008fc4947,u-fc9689eada78,p-55abfbffd739,v-56387c7477a1,,XS,1,28.34,2026-10-23 07:42:11,False
c-5e01cd9a0cef,s-957008fc4947,u-fc9689eada78,p-6eb2bfa906eb,v-0a74fb273998,,S,1,40.63,2026-10-23 07:44:41,False
c-ab25e502c240,s-15a51545af61,u-6b5d3c76ad6d,p-0c14d5cb6bca,v-235987f7e965,,10,1,52.96,2026-10-23 08:00:41,False
c-ab8177e59972,s-15a51545af61,u-6b5d3c76ad6d,p-1ace3b3216ec,v-4fe0f2956aac,,6,1,54.65,2026-10-23 08:01:24,False
c-163f59605c2b,s-ae9e6e7a3c25,u-b16221be4ec4,p-8e56b4eed939,v-f278f14857a0,,XS,1,80.74,2026-10-23 08:25:52,False
c-3f36b40031e1,s-7a25adc5e099,u-aa9333383574,p-c89e331b86d9,v-72835fe89faa,,L,1,88.7,2026-10-23 08:26:31,False
c-eda303e496eb,s-10c4de645d41,u-ce6fa8b7d6ba,p-4cf131b5a7f9,v-ea66fe7cbc74,ord-73ff24bc915a,M,2,44.74,2026-10-23 08:42:57,True
c-883f84e9a6f0,s-96fe9ddeeb9e,u-a927cf3a44ba,p-b772ae3969dd,v-5edf9b0f80f6,ord-9d3175d6ef5e,M,2,58.43,2026-10-23 08:44:16,True
c-a69d03b1c1bc,s-6291f9c76d93,u-fc10b722ee31,p-9e175fd68572,v-3cb40130b881,ord-645d60a96154,XXL,2,36.05,2026-10-23 08:54:15,True
c-506c871b6bfe,s-0e6b9ab5da61,u-1b4d4529b3e3,p-5ccd18ae15c9,v-60c7f1eaf3c3,,XL,1,64.18,2026-10-23 08:59:04,False
c-6598775cc1ff,s-b194bafffe97,u-c12e95074c3c,p-f79e79baf494,v-4d5a4fb20394,,11,1,65.53,2026-10-23 09:00:56,False
c-ebb23893e028,s-301ddf7d1f0e,u-0d23538d90e5,p-de31c088137a,v-abf29c252a09,ord-5761ccd20126,S,1,71.97,2026-10-23 09:11:34,True
c-492266ded9cb,s-65091e7069a3,u-04452af0e2b4,p-42b6df636be3,v-54ff214ea155,ord-4450a9abdea0,XS,1,79.26,2026-10-23 10:13:20,True
c-f4621cf87c11,s-3275213dbaaa,u-b527daeac1d4,p-d8460f51709a,v-07be36a489ae,ord-3a4239a486f0,L,1,22.61,2026-10-23 10:23:48,True
c-bc9e91d812ed,s-3275213dbaaa,u-b527daeac1d4,p-da49480dda37,v-3c03c527dc79,ord-3a4239a486f0,L,1,37.88,2026-10-23 10:25:16,True
c-d6ac337f5918,s-9fa051d4c9e3,u-9288d0bcc481,p-600053fa19c7,v-406e6be673f3,,XXL,1,12.73,2026-10-23 10:25:40,False
c-11e2a7cdf172,s-3275213dbaaa,u-b527daeac1d4,p-88e3ba46f668,v-2a59b5c7c982,ord-3a4239a486f0,One Size,1,104.08,2026-10-23 10:25:41,True
c-69b8ab643954,s-420e5e838d74,u-2635aaaaeb3e,p-55abfbffd739,v-d244296e3e0e,,XS,1,28.34,2026-10-23 10:28:56,False
c-ae0cbd793e07,s-9fa051d4c9e3,u-9288d0bcc481,p-82f9cee71a01,v-8d6dfe80cb9f,,XXL,1,33.62,2026-10-23 10:32:12,False
c-d486104aad15,s-a57f840e3992,u-b437d33b3d7d,p-6fc7b487cc2a,v-cdfb3432665a,ord-f4e01336ce99,XL,1,59.63,2026-10-23 10:40:31,True
c-7faaf446e429,s-2b371bc3abb8,u-4cebd60f9e42,p-bce8323fbf61,v-a2eefb60e314,ord-9528a1118c2b,One Size,1,93.71,2026-10-23 10:41:06,True
c-63118b3155a2,s-2b371bc3abb8,u-4cebd60f9e42,p-9f91b978f184,v-4a156b93cfae,ord-9528a1118c2b,XS,1,31.87,2026-10-23 10:42:37,True
c-231e6374b431,s-dea94945a9f2,u-da8a40da1d3f,p-40b685e950bf,v-5144b0f9a7b4,,One Size,1,40.34,2026-10-23 10:57:02,False
c-1f41d857447d,s-7d7838769941,u-aa78c9ef0355,p-41c47ddd791e,v-88dd5c96fddc,,6,1,116.6,2026-10-23 11:22:16,False
c-5e76c9fb8d17,s-8b0637a0cdd8,u-2813e0e3e26e,p-53506609b939,v-91b401e268ab,ord-9407bbc59a24,XS,2,74.73,2026-10-23 12:04:14,True
c-4a977102ab10,s-b5866e0f7e6b,u-4f6f0ebe5cae,p-72c7f10f2193,v-010b82f32b7d,ord-16144a3de411,XXL,1,29.1,2026-10-23 12:08:40,True
c-3ff5190d7f9c,s-fa07ead6c168,u-3c041c44a501,p-1cd07d717c48,v-97944780a29a,,One Size,2,104.99,2026-10-23 12:12:21,False
c-15ee7ceadea1,s-8f33d4cdeb2b,u-ec4b2cf0d63f,p-655842b88783,v-7af7a5c9918a,ord-878b79572778,XS,1,102.13,2026-10-23 12:34:35,True
c-994832d8da9f,s-91994f4afa0e,u-b0afc7c96dab,p-5c33e20b658f,v-91e06b90b867,ord-ba0252ebf07e,10,1,46.87,2026-10-23 12:45:21,True
c-5e948737935d,s-b0c3b2e91700,u-d0f3d9b4162a,p-3b6040dc6f86,v-96b93372148c,ord-53d30a08d2cf,XS,1,64.14,2026-10-23 12:45:44,True
c-36a57c576cef,s-91994f4afa0e,u-b0afc7c96dab,p-3657f8e0122a,v-30cef9203021,ord-ba0252ebf07e,6,1,50.72,2026-10-23 12:46:12,True
c-65d4f8b94c62,s-90857dd9b046,u-a2cb0c87d1d4,p-b9f259c3ba6e,v-94f4f9c4bd96,,XL,1,79.67,2026-10-23 13:01:57,False
c-fffe160a2f45,s-8660ebff3e8e,u-4152aeca1481,p-e68b406c6948,v-c3bc2ae46a55,,One Size,1,83.45,2026-10-23 13:02:46,False
c-99f1ee6ca940,s-a51849d78f93,u-728aebfeaeb1,p-a5a2486fd335,v-3b9c4c9dab3c,,One Size,1,32.39,2026-10-23 13:05:15,False
c-fbbc674a9146,s-c5f67846e8cd,u-d0e573e6541e,p-72c9c1080cdf,v-b46f0cd32cc4,,One Size,1,29.52,2026-10-23 13:10:29,False
c-9f60bed184e7,s-22620d3de584,u-6df349370467,p-4d581a25c41a,v-e08e3f8ff59b,,7,2,87.53,2026-10-23 13:11:05,False
c-52e1281523bd,s-56a16c0ce5b8,u-25edcda26b62,p-5d529b84685c,v-b58d96c24e25,ord-55400941473e,One Size,1,76.99,2026-10-23 13:27:56,True
c-cc74df225594,s-0ecdb95798b5,u-14f5951a0c22,p-4085b41d32ca,v-f05f71a5f2df,,XXL,1,41.73,2026-10-23 13:38:43,False
c-76676a2ccd6a,s-a33f23c9d43c,u-859635696e71,p-88bf4e6ca775,v-85920cddb1e2,,XXL,1,72.27,2026-10-23 13:42:55,False
c-f856604bf89b,s-a439d191ec19,u-a91d86819b36,p-badbb3761af6,v-92c8a216dded,ord-d3c661c7fe7a,S,2,35.66,2026-10-23 13:58:32,True
c-27df60323ef8,s-7337492588f9,u-ac18546a98d2,p-6b565202eff5,v-ee642b6604e4,,XXL,1,69.6,2026-10-23 14:03:42,False
c-dc2b86234d2a,s-7337492588f9,u-ac18546a98d2,p-5d4d3b7d2b44,v-866d1294858c,,One Size,1,70.34,2026-10-23 14:04:33,False
c-ac32f9bd4cc8,s-85a0d260522b,u-339c532352c9,p-64511032d71c,v-f5753013f380,,M,1,53.49,2026-10-23 14:35:15,False
c-f9da72666d36,s-5a680fa7c4c6,u-c636086c5d07,p-6ae741a4dceb,v-c285ca8773a5,,L,1,85.32,2026-10-23 15:00:22,False
c-e15af2ad7a8d,s-a0340459677d,u-2d09512fb081,p-974062241d7b,v-3e9982b631e2,ord-5647aa708d02,XL,1,28.13,2026-10-23 15:09:46,True
c-65f18e640db8,s-a17991fbdc4f,u-77f21c47df56,p-0aa09e624676,v-b8c7953efd4a,,XXL,1,56.32,2026-10-23 15:10:05,False
c-714e99e04b0f,s-d51d9b8f19fe,u-300a914a5c42,p-33e9d9c5387c,v-66e8b9e62688,ord-b43c42b6d9df,XXL,1,50.7,2026-10-23 15:26:45,True
c-8ad1a2a0ac3a,s-0fa875c7b504,u-b9ed0ed6a2c9,p-659473edc014,v-4a639ce13fc7,ord-a9e6c56588ec,One Size,1,40.26,2026-10-23 15:56:17,True
c-3aaadebab5ee,s-02d7a89ae044,u-24dec400d692,p-22bc2007008f,v-211c96cddbbd,,L,1,53.36,2026-10-23 16:16:12,False
c-79cf76feaba3,s-74078925eb4c,u-34c6099fba0a,p-52f3ef7b086c,v-2069da8a1d5e,ord-135fdd19da4d,S,1,40.56,2026-10-23 16:26:54,True
c-b26d1e6f568a,s-cc57c505abf2,u-1583e76aab88,p-663334a58569,v-d65e9283b6b2,,S,1,45.93,2026-10-23 16:27:11,False
c-ed798e488a74,s-74078925eb4c,u-34c6099fba0a,p-fa047ef74a7a,v-169f64e0041e,ord-135fdd19da4d,S,1,46.99,2026-10-23 16:27:30,True
c-174b0e625093,s-19473ca2670a,u-b5131de3ef89,p-48733b229d52,v-a6b0912646a2,ord-cecc13ad3983,S,1,25.46,2026-10-23 16:30:51,True
c-6b311d1e0173,s-5dd4067f6eb9,u-74bc91d9064a,p-b3531a2fea1f,v-68ba37439685,,XL,1,132.81,2026-10-23 16:30:55,False
c-6d7bc8255799,s-4087e3a98c03,u-99708094d2b8,p-e37e6586069e,v-79d1d1d33af5,ord-ecc42ce3973d,XL,1,63.17,2026-10-23 16:47:03,True
c-94bbd39026ed,s-8261e48e68cc,u-fb1a381b4574,p-7acfcbbb64c6,v-b374cf56ff66,ord-cefe85c91c4f,M,1,69.95,2026-10-23 16:51:23,True
c-756420151024,s-c70602e52795,u-820dec987626,p-aee736d3ee12,v-6fd96bb0a0a8,ord-5376b5f49dba,XXL,1,46.11,2026-10-23 16:52:12,True
c-8229051e7465,s-c70602e52795,u-820dec987626,p-1be80bc83ece,v-633290837b56,ord-5376b5f49dba,M,1,67.33,2026-10-23 16:52:37,True
c-f029229cd140,s-02748d5baabd,u-76ad252d2e10,p-a85ae0c9982b,v-f9bf58a6b7e1,,M,1,77.83,2026-10-23 16:54:29,False
c-063fe61c6d4a,s-82617b794943,u-3414776e4a4c,p-d8a811d4db82,v-7780a7b28487,,One Size,1,42.27,2026-10-23 16:57:44,False
c-9fe11f5effe3,s-9b6bc03404e3,u-d84bf03dd6bd,p-2b880a84e504,v-f214d5655eae,,XXL,1,66.55,2026-10-23 16:57:51,False
c-89ad5bdb4db6,s-0e3ae47674b3,u-ac470cebca4e,p-017d814d6db2,v-1fb1026ec785,,XL,1,53.35,2026-10-23 17:09:01,False
c-5be510197ab1,s-2f01eb54b234,u-5a0834b9095a,p-3f74e7595220,v-3281e7a6c5e2,ord-98679968c503,S,1,50.83,2026-10-23 17:37:06,True
c-e6187178065b,s-1496aff348e6,u-41a351ef53b8,p-3c1893db767d,v-0c67f8876b0d,,L,1,40.75,2026-10-23 17:44:15,False
c-e835224d0e62,s-2b8c1e1881b9,u-7b1633dcd95f,p-2ab57e658014,v-232f9162e205,ord-f54a014049b1,XL,1,43.4,2026-10-23 17:49:30,True
c-dd9642d34bd4,s-2b8c1e1881b9,u-7b1633dcd95f,p-c88e3fd42ff3,v-2413b916d862,ord-f54a014049b1,XS,2,33.42,2026-10-23 17:51:39,True
c-84fc5a758beb,s-5fff84514379,u-27dad3023110,p-5df8782b738b,v-3938761b5a9c,ord-c51b61ac5502,L,1,64.56,2026-10-23 18:15:18,True
c-4e12e00a3a2a,s-f61a562a9fc8,u-6ba38efd16c0,p-3ac5e5681d91,v-9da168d86d80,,8,1,92.59,2026-10-23 18:23:00,False
c-d8e911ce98ef,s-6a17e3e90475,u-44d281f41a7d,p-85a11ade5f74,v-b4303aaebd99,,L,1,84.94,2026-10-23 18:42:27,False
c-58c9cf2fb6a9,s-1960d9942a53,u-e99a3fb7b96b,p-e52004ad8f9d,v-7036957d0808,ord-23990d2ea7be,XL,1,103.62,2026-10-23 18:50:32,True
c-175e9ea4d40a,s-a5a9b2629d96,u-74f8b2fc36fd,p-64eb1e340d62,v-9fb78f1e9643,,S,1,77.62,2026-10-23 18:51:23,False
c-6c0d0fe199f9,s-5becb5054daf,u-5f17581ea18a,p-597facd1754b,v-73174879b7de,,XL,1,38.22,2026-10-23 18:56:49,False
c-ec98dbd4673c,s-346a62b3420f,u-8fd424ea7d7a,p-90bd6cc44bb6,v-b7af50c42174,ord-0f422be4be01,8,1,73.21,2026-10-23 18:59:49,True
c-735af83534d9,s-b2377b196be0,u-5ca0db851c7c,p-5acec90d8a28,v-5d21a1985eeb,ord-5c02fee02b4f,XS,1,84.74,2026-10-23 19:16:33,True
c-69323335e7aa,s-890301d47174,u-11408efb9e2d,p-37e056de791e,v-ec1dea716662,ord-b969f091bf52,M,1,90.74,2026-10-23 19:20:46,True
c-294effdbcccb,s-add8dfd2382d,u-28ba8d3aa59d,p-663334a58569,v-2ab1a56dc9bf,,S,1,45.93,2026-10-23 19:28:51,False
c-20b2ed25e413,s-16547f7109fe,u-ddab9d24b7db,p-0f6b99d8b4ae,v-265fe5e7e103,ord-b73de47d0c94,XL,2,76.49,2026-10-23 19:55:48,True
c-67a5562fd8e9,s-9216ba479388,u-f75d14eaeefc,p-be98bdb2c708,v-67ec6db1a1c0,ord-e15001bb5eea,XL,1,61.42,2026-10-23 20:11:26,True
c-010a2e3f33d9,s-5ac6543d5675,u-2c29c5721eec,p-cefb582e9ad6,v-1e834317d628,,XXL,1,45.34,2026-10-23 20:12:08,False
c-1f3c900ac1c0,s-e35deeabfbe8,u-f7f4e903ca17,p-bd9edc9532a7,v-b147fc289d92,,XXL,1,20.11,2026-10-23 20:17:20,False
c-cb9e752a4057,s-acca291539c9,u-5d26720fbc2c,p-4d60c52a0c64,v-0adf47e752c0,,One Size,1,25.71,2026-10-23 20:19:05,False
c-c34f3ab2b5cc,s-ce6536f31981,u-3765243923ae,p-fed28b28cb9d,v-726763bd261c,ord-d9c4441026fc,XL,1,123.73,2026-10-23 20:33:11,True
c-38aae6ca6cfd,s-4c04fc34ddfb,u-aa763e63db59,p-9cf391e4f8d9,v-c5a4417d75ec,,XL,1,72.33,2026-10-23 20:56:30,False
c-f6bf49c39719,s-b29eaac60af4,u-a9e7c1c27d09,p-bd2f2d0f3c75,v-9591a676b77a,,XL,1,43.55,2026-10-23 21:01:12,False
c-c3a77c39463d,s-f69946060819,u-e024a7e640eb,p-9129593cc0ad,v-494ec1f828a9,,S,1,30.0,2026-10-23 21:04:19,False
c-c4edaeedd306,s-d54471b99009,u-3db6c8970f74,p-343c19e76099,v-79ce4b778562,,XL,1,44.55,2026-10-23 21:42:13,False
c-db346a772132,s-d2d381c06c52,u-61a4ce229010,p-39b141f5a83f,v-d3ca886679f0,ord-b998bf727fb1,XL,1,54.04,2026-10-23 21:50:26,True
c-950c278bbdb9,s-6dfc85af4cf3,u-64c817043541,p-f69af695985d,v-18d3e5136872,ord-6f8d2a0b6d2c,M,1,48.76,2026-10-23 22:07:06,True
c-86a81ef04f99,s-80baefd2c046,u-34476af3cfbe,p-b7e4b63c01fa,v-a21f54e6da0e,,L,1,68.97,2026-10-23 22:13:48,False
c-ef24100b50b5,s-665819adeb74,u-81e08b4ef7ef,p-0c1a7725eb46,v-c6b743286889,ord-9e9e7680cc0e,L,1,77.92,2026-10-23 22:16:12,True
c-cb5b02a92f33,s-3b68476814eb,u-c9b401748ac6,p-028a2ef42fb8,v-311b0ea06ed6,,S,1,66.84,2026-10-23 22:20:59,False
c-d764f7f83d30,s-9f94dd2ffb40,u-778f957a4c17,p-061f2358ec0e,v-bec4c63e7380,ord-e7dff8b1c9f3,L,1,97.59,2026-10-23 22:28:59,True
c-efa3be971130,s-aa74987ad108,u-41307dae4818,p-fc5760b292f6,v-6b221db9b09d,ord-ed5cf987ea27,XL,1,38.24,2026-10-23 22:35:45,True
c-a7c372e09871,s-a3f1cb106557,u-150b9a418980,p-ada32c12b1fe,v-5845e0d276a5,,S,1,30.68,2026-10-23 23:15:36,False
c-ad4bd9e78129,s-a414ace336fb,u-95825b80d6d6,p-ada2001c46fe,v-7dcd82ac0a4d,,XL,1,52.11,2026-10-23 23:30:09,False
c-08a98c908db1,s-27b4f4b91dfa,u-8056e516bf28,p-3ead8c62aca2,v-053ce00aaf21,,XS,1,48.69,2026-10-23 23:34:50,False
c-a2c2dbe29826,s-196048c62f38,u-5ab85900b1ef,p-b9000bf44c07,v-4dc2688e214d,,L,1,73.23,2026-10-23 23:49:49,False
c-24b4e29f7306,s-c2e566322479,u-ae1300b647cc,p-0b242bd11b31,v-96ec7cf44b1e,,XL,2,52.7,2026-10-23 23:54:56,False
c-5daa04470173,s-c2e566322479,u-ae1300b647cc,p-f969d4418049,v-3940e19deab6,,L,2,51.95,2026-10-23 23:55:49,False
c-ff1dfb65d845,s-f4e60b35f49d,u-0dbd66351d83,p-bc71a87c4f77,v-ab245cfd33ea,ord-bc9180e1bc7f,M,1,42.64,2026-10-24 00:21:23,True
c-83b524d20efc,s-79919eb0d0e7,u-b466e37031c5,p-a568227c58d0,v-092fb13aa01b,ord-d0278887bf98,XL,2,57.81,2026-10-24 00:27:39,True
c-1806fd4cd9c7,s-f365a1ed9172,u-a4fbb49623b0,p-13faef1e8ad6,v-fb3b5a033df6,ord-974031da535a,M,1,50.06,2026-10-24 00:46:16,True
c-e04facf5c016,s-fb464f7377f4,u-50de8feb667d,p-2b44e2a06890,v-2ee7eeb53b76,ord-6469d2a09e61,XXL,1,25.38,2026-10-24 00:50:16,True
c-cc451cd342c5,s-fb464f7377f4,u-50de8feb667d,p-1a3e875e727e,v-5942c6ef3631,ord-6469d2a09e61,L,1,75.75,2026-10-24 00:51:26,True
c-5beaed261795,s-06eab94cbe6d,u-3455ec2deeeb,p-b7155eb223a9,v-1048c05b316a,,M,1,109.84,2026-10-24 01:17:56,False
c-f3abb384c7fc,s-3026b148f5d2,u-e20c57f7c4fb,p-0d76f2f69781,v-0224e0819613,,XL,1,34.88,2026-10-24 01:29:25,False
c-1cda65ac8ed2,s-bdf69825579c,u-2a04f9e9a173,p-13faef1e8ad6,v-aec376327397,ord-9f8624fea93c,XL,1,50.06,2026-10-24 01:34:49,True
c-a2fc3dfcc454,s-68786e178127,u-ffd9f4a21de2,p-d8a3a827a4e5,v-e9f00658d20d,,XXL,1,47.44,2026-10-24 01:47:16,False
c-591eb297b39a,s-9eabb00c6fef,u-7b22b69b3e7c,p-e36f4f73cad9,v-84d1cb066ddc,ord-dd7786509d53,L,1,91.84,2026-10-24 01:56:30,True
c-4e4da3747813,s-f5c20b39f22d,u-6e667dfa427f,p-97cc2a682767,v-b1beb27163a6,,L,1,123.34,2026-10-24 01:58:57,False
c-1b212c048ef8,s-f75fb7695ae4,u-73308254ef0d,p-5286e31c302e,v-229839d49977,,S,1,46.19,2026-10-24 02:06:33,False
c-f1bca903dbcb,s-efd947e616c0,u-c7bc30e0a99e,p-c533933afd4c,v-aa0964c2bd26,,8,1,59.47,2026-10-24 02:36:03,False
c-082f8d361407,s-efd947e616c0,u-c7bc30e0a99e,p-d8a811d4db82,v-a05eba72a588,,One Size,1,42.27,2026-10-24 02:37:32,False
c-2765fda07d2f,s-2bd3128404e0,u-07c824a2d2f9,p-bc71a87c4f77,v-6ac43ab9a259,ord-87fb3659b998,L,1,42.64,2026-10-24 02:38:56,True
c-54f36d895b53,s-989bd00191b7,u-c09a63061d23,p-a960a9e3b24e,v-905531d83771,,L,1,86.3,2026-10-24 02:49:44,False
c-be801c627403,s-1b456b2712d0,u-2d7a34e4b872,p-7a0cfd5ecfbc,v-5cf3e927fd08,ord-14c5b76a4fec,XL,2,38.99,2026-10-24 02:52:27,True
c-57f65f566214,s-eda5017eddaf,u-b4597fee2be7,p-0bbf536fa576,v-b2646cb65124,,M,1,61.06,2026-10-24 03:04:04,False
c-ba0c56f5bfac,s-48fec7ad446b,u-3bf5c49daaf0,p-a69300b85fa7,v-d939f2448085,,L,1,53.33,2026-10-24 03:06:53,False
c-a2c09ef03568,s-e2294080df9f,u-a1ae8d6f2cbb,p-eaf01572b984,v-c4cb79493336,,L,1,41.56,2026-10-24 03:24:01,False
c-5a0eade8267e,s-1debeeef0084,u-abed73d00810,p-dd29b201ad93,v-931090407ec5,ord-82ca8516388a,M,1,34.57,2026-10-24 03:27:25,True
c-d4d354afc8a8,s-410032735d3a,u-e91380f46498,p-fbd049086647,v-70033152abd7,,One Size,1,43.78,2026-10-24 03:56:54,False
c-bce3ab9e3f6d,s-b30560bbce8d,u-e9503f9b9609,p-58087de3de45,v-c61e8c58557c,ord-c51f4603b608,10,1,122.85,2026-10-24 04:08:47,True
c-d2d970dfbe3c,s-8ffa3eee480f,u-36398bee7493,p-843045ab3a97,v-e6bdf07e2c9f,ord-ca76bde052ea,XS,1,74.76,2026-10-24 04:13:04,True
c-42af4eb1ceec,s-d1ee154f3422,u-8e6d4a8f4525,p-408ce248759d,v-699a190619e1,,XL,1,67.74,2026-10-24 04:14:49,False
c-c3195e70c418,s-180b275f35f0,u-6d43f129d2a3,p-7bd59884598b,v-dcf83b0d4d68,,XS,2,108.81,2026-10-24 04:15:01,False
c-1e59b826c25e,s-8e80d0adbabd,u-73bc0ceae2d2,p-89a6d1cb864c,v-7cb830fc2aeb,ord-62d0680c482b,One Size,1,66.32,2026-10-24 04:27:28,True
c-940dc8d079c1,s-8313dd131825,u-319826a371f2,p-2785fa997306,v-133db4170256,,9,1,56.12,2026-10-24 04:28:22,False
c-6104a109c1eb,s-fc917b162bde,u-852dc7170190,p-4f6505c8e62a,v-3c5db153e604,,XS,1,34.01,2026-10-24 04:37:19,False
c-df20c918fe4f,s-3b1aa6e6016b,u-f7b1ee52f516,p-b973221e5e3d,v-5d933c1668e5,,XS,2,52.81,2026-10-24 05:01:33,False
c-78c74b4406b5,s-fe2da97b6d30,u-29e7f32010dc,p-576ae7540bd5,v-a77b0fa5aa81,ord-2d56e459cced,One Size,1,37.46,2026-10-24 05:14:28,True
c-8c298370657f,s-1560d5cf6907,u-069319351c31,p-e5c0554646e3,v-86dac7698965,,XL,1,35.76,2026-10-24 05:21:24,False
c-b87a0dca80a6,s-c48318fbb162,u-5951ebbbb276,p-89f133d79724,v-fbb5c9c741ad,,L,1,43.34,2026-10-24 05:32:35,False
c-240135d2b73b,s-c48318fbb162,u-5951ebbbb276,p-6437328f185a,v-5acdab672171,,L,1,58.37,2026-10-24 05:33:28,False
c-45bfa020ca40,s-d2d58bd88e24,u-b8acf2bc74f9,p-c9da5f0d71d8,v-57326f1d6266,,10,1,47.21,2026-10-24 06:09:06,False
c-0c46dacbabfa,s-028b249353d9,u-76fcbb9d25dc,p-6f9c939d4ff5,v-a31c766e317f,,One Size,1,23.04,2026-10-24 06:09:45,False
c-9d4cc8c083cf,s-f2197a6e4d86,u-201f631ef5f2,p-fb40cb39b90b,v-c59def322a9d,ord-b0d46b766c0f,XL,1,49.31,2026-10-24 06:32:22,True
c-fea34e63f45b,s-f2197a6e4d86,u-201f631ef5f2,p-20280bcdb1bb,v-d99b10345052,ord-b0d46b766c0f,11,1,70.58,2026-10-24 06:33:33,True
c-b19b28040891,s-fb40d8d0850d,u-f20c2d39d117,p-3ae4d1603559,v-cdc3be82c0e5,ord-18105c20e75c,9,1,72.83,2026-10-24 06:37:59,True
c-8578c79b59fb,s-4bf41348ba29,u-8cc917edb1ea,p-3e3d78193945,v-6570649fb13e,ord-114cffc2c022,One Size,1,92.53,2026-10-24 06:38:20,True
c-07373c4f67d0,s-eb3515003a85,u-9f18e1239268,p-ee318ec74db4,v-bd532b2cd334,,L,2,38.01,2026-10-24 06:57:11,False
c-6c02390adc2f,s-6c321c5f0958,u-2a771f8d1b70,p-f9f787c33baa,v-a9352c6e7c54,,S,1,37.44,2026-10-24 07:00:09,False
c-ea4a164cabbd,s-6c321c5f0958,u-2a771f8d1b70,p-353e792b1bc4,v-e3cfd6d5c291,,XL,1,42.56,2026-10-24 07:00:21,False
c-6edd82bb200e,s-7714f7fe2681,u-ad6fea8a6de3,p-23034c55c202,v-e006ceb90564,,XXL,1,57.38,2026-10-24 07:00:32,False
c-94f90378de32,s-7714f7fe2681,u-ad6fea8a6de3,p-88da2cd0834b,v-4d7cc82f2f9e,,L,1,36.62,2026-10-24 07:01:37,False
c-282b1a49045a,s-6b353336dade,u-c1398df6fc6e,p-3157e9d01d18,v-92b0d890e6b7,,XL,1,42.64,2026-10-24 07:15:39,False
c-9751c2ba252b,s-8b5d37424669,u-88f982e19459,p-92f5ecf3aa4f,v-f033142544d5,ord-e7c32f0e5360,One Size,1,51.51,2026-10-24 07:30:51,True
c-476c91f417c5,s-85b0cce0f256,u-6d9585c307cd,p-af3fe8a46d18,v-00486a14fc8a,,M,1,51.43,2026-10-24 07:34:54,False
c-a79b2251b7b6,s-7fe23cad1399,u-89509027fce3,p-5d13265a54aa,v-6e8cd9319c4c,ord-c82e9125026e,L,1,50.39,2026-10-24 07:53:06,True
c-afc5049b5a7f,s-ba5332e1834b,u-1ef4c8aaaaa4,p-a37b0e22e7f3,v-74cb59b37667,,L,1,28.51,2026-10-24 07:55:26,False
c-a333c6308604,s-a5300db9db06,u-4976baf3c3df,p-8367e39faa14,v-726e48d0167a,,L,1,60.48,2026-10-24 08:22:26,False
c-267f2ed263b3,s-a5300db9db06,u-4976baf3c3df,p-65201cc33c49,v-d60bc3dc3112,,XL,1,91.68,2026-10-24 08:22:54,False
c-d9aaeb2d7fe4,s-3bbfe7061803,u-22defa10206b,p-37254b519c5d,v-976eb1c2e578,,L,1,43.45,2026-10-24 09:04:04,False
c-a469ea58ec1f,s-c89a365cd80f,u-aae18de7069c,p-87903d304174,v-4acfcd9552d5,,L,2,51.15,2026-10-24 09:12:48,False
c-f64469f093b4,s-04e8faaa700b,u-5d8f961bf353,p-57b3fb360f53,v-f2b5db9c0087,ord-f300769b3178,One Size,1,28.25,2026-10-24 09:21:26,True
c-59fc1f07dc30,s-04e8faaa700b,u-5d8f961bf353,p-0390992dfbcc,v-0fd6dd4410cf,ord-f300769b3178,L,1,37.45,2026-10-24 09:24:41,True
c-823e2f670357,s-e8a96569ad82,u-32bffd536172,p-8fc1fc5fe9ec,v-b15f050fa407,ord-8a611ce4dc74,L,1,31.81,2026-10-24 09:30:02,True
c-01d5e5348d9d,s-15d352da72e1,u-9458b1747438,p-1c3e6ba32b23,v-2210a53aa48d,,L,1,43.91,2026-10-24 09:30:31,False
c-415405b82e44,s-1e95926d4f50,u-aa224ac8004e,p-633c9a580d2b,v-17a960a84198,,M,1,45.88,2026-10-24 10:04:16,False
c-c7573ca55ee8,s-1e95926d4f50,u-aa224ac8004e,p-aea4e5743db3,v-3283c1c84a5b,,S,1,62.47,2026-10-24 10:05:37,False
c-5bd98a99a04e,s-2b55678c39d1,u-380d3e618a22,p-884e758908f8,v-c8a2551d0e64,,XS,1,40.33,2026-10-24 10:07:21,False
c-1bebe848eab6,s-1e95926d4f50,u-aa224ac8004e,p-c20f0d50bc6d,v-ea87068c5b29,,S,2,23.36,2026-10-24 10:07:21,False
c-44e243f14f70,s-623aba197b14,u-383e2e77e540,p-a8a1bc87483c,v-62a2815e2d48,ord-8d174a1914cb,M,1,68.46,2026-10-24 10:20:21,True
c-3931d57a032f,s-8662c8318836,u-04be1b0d66d8,p-ec5e50e39ef1,v-dd99584d8ee2,ord-83a940d7af8b,XL,1,126.84,2026-10-24 10:29:05,True
c-23703b7432db,s-7b51d83d30fb,u-2de29f4ef938,p-1faea5d273c5,v-49d1b8c7d07e,ord-272954041761,One Size,2,103.23,2026-10-24 11:24:05,True
c-000db311d05e,s-3373849d80ed,u-c58eb61a7945,p-b49332e60a7f,v-70f57502ebef,ord-381f8cab4428,XS,1,92.71,2026-10-24 11:29:44,True
c-0076d09e50b0,s-bc4b2ed26ac8,u-2d2090422ec7,p-ec19e1f4646b,v-44a7cb97218d,ord-c660968c90b9,XL,1,50.27,2026-10-24 11:47:45,True
c-852a7b43a989,s-746902c6e5b7,u-589854eebf67,p-6be092c61912,v-6aeeaf39db62,ord-f8fdde02e35e,6,1,75.87,2026-10-24 11:52:11,True
c-f061b15cf979,s-8a60626ed716,u-ff7e5bfa7d74,p-42b6df636be3,v-6cc7b9240ee6,ord-fb9c1b810655,XL,1,79.26,2026-10-24 11:53:19,True
c-f9c7cb42d050,s-746902c6e5b7,u-589854eebf67,p-6a8af370f84b,v-44d7e976bfea,ord-f8fdde02e35e,8,1,56.35,2026-10-24 11:54:25,True
c-b04ae7a6352e,s-e7ace96dc0ff,u-87b258756ddc,p-8a2d5897afe3,v-881b25ab14c4,ord-9b8e393ac3e7,L,1,71.52,2026-10-24 11:57:35,True
c-49a25d460bd5,s-608d310f4c12,u-e9a58b5d0ce3,p-a5a8b3e8b728,v-ca3e90991dc1,,XL,1,59.33,2026-10-24 12:06:19,False
c-fdeac60a6504,s-608d310f4c12,u-e9a58b5d0ce3,p-516802f10540,v-3bb51132e534,,S,2,60.45,2026-10-24 12:07:19,False
c-ec14ffe7331f,s-dbaddbaa26da,u-2e962b9a5c65,p-6b66312e1b57,v-a4440d79501d,,XL,1,32.25,2026-10-24 12:13:34,False
c-7c098e3107b8,s-478694f75f90,u-7b36216dde59,p-31720c9ca1de,v-6811ff62f414,,S,1,69.29,2026-10-24 12:14:06,False
c-93f66cdeb74c,s-0ebc5f48c0e8,u-d07a8e9d0311,p-94495595044f,v-197129288a3f,ord-68c665da1e39,L,1,36.83,2026-10-24 12:30:01,True
c-3a8ce13721ea,s-141dfc64fd92,u-5a342c29a991,p-7df82a11550b,v-4b6ae19d3f78,,S,1,47.37,2026-10-24 12:47:17,False
c-ddf48d4926bd,s-88dfd9a8e301,u-8d106915eff9,p-68d1a9e39caf,v-7657a9eae8cc,,XL,1,60.14,2026-10-24 12:49:12,False
c-5aa594f305bc,s-a0e26ca43059,u-0f8dfcb11074,p-9069bd38ab8e,v-9a40e3d106b6,ord-283e4b2c0392,9,1,82.35,2026-10-24 12:51:43,True
c-bcbe36e4f177,s-e3ea9cef2106,u-f3c4c60c225b,p-ec721a4ca8e0,v-f4e963ea9bfe,ord-ff27c6d4ab15,M,1,53.61,2026-10-24 12:53:01,True
c-8279f62be789,s-a0e26ca43059,u-0f8dfcb11074,p-1ace3b3216ec,v-26f0edc95166,ord-283e4b2c0392,10,1,54.65,2026-10-24 12:53:30,True
c-ee4599a54496,s-fae39d1b43f4,u-ef89538ce197,p-badbb3761af6,v-686f9d4690fc,,M,1,35.66,2026-10-24 13:10:26,False
c-a723de6433da,s-ec92fa8bbb6a,u-b633bae83a8b,p-10a475d7adf6,v-06abd6bb7f1d,,L,2,28.35,2026-10-24 13:17:10,False
c-17f14b3b9da7,s-e906c32aafb9,u-4c27befc9d6a,p-4ea1ddfb4e56,v-77efae649f1b,,One Size,2,79.52,2026-10-24 13:43:27,False
c-374a3b7c4316,s-5bf306a92d87,u-de9901f2b135,p-44bdd1dfe5ec,v-caec3b036b1c,ord-3650e4e3a29f,XXL,1,46.95,2026-10-24 13:49:52,True
c-65b8c29d7cbf,s-991def7a508b,u-9f176734daa6,p-f191fdc007ba,v-bbf530bbf2ef,,7,1,96.06,2026-10-24 13:50:44,False
c-0382b7248335,s-2fcf65fb377d,u-903f5e91f108,p-ba4c2d70898b,v-9d3f9cb80082,,XXL,1,58.36,2026-10-24 14:13:50,False
c-8fabae4d72ce,s-e81d056b3ffe,u-130554e99de2,p-1673ab84f4ab,v-fda79ce504b8,ord-77cade8e80fd,7,1,65.29,2026-10-24 14:22:52,True
c-def6320ee6fc,s-ca660e138a48,u-a0541c60c622,p-e66bc83d3920,v-747c3c64eef4,,9,1,47.03,2026-10-24 14:28:59,False
c-cf9e4b72beb1,s-36576a560fd6,u-44858c71f155,p-5df8782b738b,v-5e8386032e73,ord-64270b133655,M,1,64.56,2026-10-24 14:35:30,True
c-a4e4329f0465,s-ee5b70bfec8c,u-596af321385e,p-852877299f60,v-73ebdd5f40a6,,XXL,1,66.77,2026-10-24 14:38:44,False
c-791c8f2310b4,s-0b83aff8a0bd,u-ba30d3ff8bb9,p-4013d5e888a4,v-f6ed1ad9f65e,,XL,1,47.54,2026-10-24 14:39:32,False
c-4a95ee39d531,s-f10151afbe84,u-f4a2ca41a376,p-6c57e32ac2ab,v-71c254cc732b,,M,1,37.84,2026-10-24 14:50:48,False
c-70794cadde4c,s-f10151afbe84,u-f4a2ca41a376,p-31e917442efb,v-3fec4364df1c,,XS,1,63.82,2026-10-24 14:52:08,False
c-47032af7fdfe,s-9db8014656df,u-dde02ef52613,p-7e7e2b6abbf6,v-e3d40c3aadc4,,XL,1,63.74,2026-10-24 14:54:15,False
c-031502592991,s-dca8636b059b,u-cb0fbf4136f9,p-d19aae08c4dd,v-c9181dc363c7,ord-30a0cf588c77,7,1,82.71,2026-10-24 14:59:10,True
c-381ba43a2e28,s-dca8636b059b,u-cb0fbf4136f9,p-a5b65e0497ac,v-2de81092651f,ord-30a0cf588c77,S,1,111.24,2026-10-24 15:01:33,True
c-1e9bba33f9bc,s-a07c8ae13256,u-00234c3e16bd,p-0ec780797f59,v-056768303806,,XL,2,53.36,2026-10-24 15:13:12,False
c-64412c2d41a7,s-88ebc6d74a9f,u-08ae4b1fe7e4,p-84a0960d0c21,v-936a7430082f,,XL,1,45.35,2026-10-24 15:45:34,False
c-d0e6866a0e7c,s-8e773b9acd14,u-31983712fd08,p-5df8782b738b,v-beee057036d6,,M,1,64.56,2026-10-24 15:56:04,False
c-4b64d33114df,s-f18782029374,u-f8198ac4870d,p-a1ab09beb7f9,v-beb12e9a86cd,,11,1,43.05,2026-10-24 16:07:04,False
c-5a71e6383c5d,s-840ef4551a1a,u-ba8da52c4946,p-08933952b14c,v-18091eb5d3c2,ord-26db6f64d538,XS,1,60.51,2026-10-24 16:19:04,True
c-5a38f24cf46f,s-159480cbe0cc,u-8f6453179f65,p-c4eac54b0de6,v-774a1f50b6a0,,L,1,39.17,2026-10-24 16:46:50,False
c-a6eac6fc443f,s-2f4403d84ddd,u-719c33ae0f58,p-2e0f985ed7f5,v-7a596d8f375f,ord-12251f2f951f,One Size,1,60.34,2026-10-24 17:00:42,True
c-8c15caf0e95d,s-0aeba420f947,u-02247f91e133,p-b83c6142a2ce,v-71ce84fc865a,,L,1,103.42,2026-10-24 17:02:41,False
c-91ac911fa0a7,s-1d87a970d794,u-52c9b91b69e9,p-5ed70262384e,v-f13932d81066,,L,1,57.14,2026-10-24 17:04:02,False
c-df0c3ebd4a44,s-cd3177bb7814,u-5d69a14e0c13,p-3813b3e456f2,v-8c50af6f02e4,ord-724b0621604e,L,1,61.27,2026-10-24 17:31:46,True
c-eb3f85f7e040,s-6579c9ca87ee,u-50aa85a67076,p-98df6b512276,v-6da74a1d7836,ord-4df600198269,S,1,92.11,2026-10-24 17:50:54,True
c-c5bcf4a72df9,s-6579c9ca87ee,u-50aa85a67076,p-744a56bb2a3a,v-b11d4681959c,ord-4df600198269,7,2,41.93,2026-10-24 17:51:25,True
c-5ef4750e23cd,s-67b1cd74dacc,u-8f5790e678b7,p-04f34dd4b281,v-e6979caec202,,XS,1,22.91,2026-10-24 17:54:37,False
c-3e9e7a06d45e,s-7519f7d762f2,u-754837d2d980,p-2ff3c5390025,v-e331f2a9487b,,L,1,25.98,2026-10-24 18:44:21,False
c-9b2674bf3404,s-dfe8b07f61bd,u-7d29e85227ce,p-1035b5c976a9,v-2f716317c358,ord-ebc177cb237b,One Size,2,90.52,2026-10-24 19:01:10,True
c-6d4db9248195,s-6b924bac9429,u-5ced77850267,p-808c451d43cb,v-b85d256a19f7,,M,1,50.98,2026-10-24 19:06:57,False
c-7823525b0a58,s-4a1d609567d1,u-0e249e98bfff,p-18c684c0d8aa,v-68d919a38f86,ord-9570674027e2,XS,1,83.92,2026-10-24 19:26:38,True
c-21b143e110b4,s-a4fc06348328,u-1ab524d33e43,p-f21e009c1eab,v-5c39ecd2067f,,M,1,38.47,2026-10-24 19:45:37,False
c-c8fccaff7d8a,s-a4fc06348328,u-1ab524d33e43,p-a2635dca46b2,v-e494d8674dfc,,L,2,36.66,2026-10-24 19:48:30,False
c-9188f6c4b5c2,s-c8cbd591c0db,u-f64c8962eb5a,p-88ea4660c534,v-520e4a26abfb,,M,2,51.89,2026-10-24 20:14:05,False
c-6017cac31cfa,s-47799cce2497,u-a023551b4d4d,p-a960a9e3b24e,v-129292d25948,,L,1,86.3,2026-10-24 20:17:22,False
c-7ac5f1dfc747,s-b553d249d95f,u-7d07dcf483c8,p-daf5cd24f22b,v-63d36eb53ca2,,11,1,61.7,2026-10-24 20:18:37,False
c-aa403b95f6a2,s-976262acb60b,u-0428eefcacec,p-d8f4231643ac,v-7d97cd1e7c73,,XXL,1,56.14,2026-10-24 20:27:28,False
c-b6947d167c69,s-f9708673807c,u-134995d42d46,p-c7fcb5d9d88e,v-d968311cc3a1,ord-c6b865e1ea88,11,1,67.46,2026-10-24 20:32:50,True
c-3ad49093066c,s-9ea6f1ec293b,u-2b7d545c6b69,p-2c383945ff0e,v-a87e4ff5a14e,ord-9b222c5bc862,XL,1,54.69,2026-10-24 20:41:50,True
c-555ecd8eb542,s-efeead169a4a,u-b27566897acc,p-d512afec01b8,v-c9169d16f2ff,ord-cf996015a4b8,S,1,65.6,2026-10-24 20:58:02,True
c-48b1c327683b,s-2b294d60e938,u-504b2e056cf9,p-55abfbffd739,v-f0e45a7a75ad,ord-eaf1bcb89533,XS,1,28.34,2026-10-24 21:04:06,True
c-1569f33964f4,s-2cd423963255,u-0a226c2d5257,p-b2a3645e0b76,v-220493dc1b33,,L,1,34.05,2026-10-24 21:22:07,False
c-e198f1964f2d,s-6d9eec5f10ed,u-f10845ff22b6,p-bd9edc9532a7,v-4651829f9859,,XXL,1,20.11,2026-10-24 21:26:27,False
c-779bdae27506,s-add2bfaa0b11,u-4412db5455b8,p-701e946fc9ae,v-5ed53edb270e,ord-b30137e0f31e,11,1,86.95,2026-10-24 21:35:14,True
c-a033ff7c993a,s-add2bfaa0b11,u-4412db5455b8,p-b44217173b98,v-30de0a60fac8,ord-b30137e0f31e,S,1,36.5,2026-10-24 21:35:21,True
c-c5d3f9d20f29,s-42f8034a6c70,u-9dd3dbc06e2a,p-1038de11dec9,v-8ec2fc34ca12,ord-af0a67680503,XS,1,54.38,2026-10-24 21:42:45,True
c-8d7a69d539ac,s-8f607364c6ed,u-837b64d43f2f,p-d94dca8e0e6a,v-6b9924cc1eb8,ord-ba1252d6c8cd,S,1,47.18,2026-10-24 21:49:14,True
c-898923f0803e,s-68c569ac1cd1,u-252435d25f53,p-04f34dd4b281,v-529bc96fa229,,XS,1,22.91,2026-10-24 22:05:49,False
c-569f61258c62,s-110f941d8029,u-a7c309cadac4,p-078fa0e8fc4f,v-4f476da4fca0,,8,1,65.92,2026-10-24 22:19:09,False
c-52104915821e,s-16b662b41fed,u-9d311983ee78,p-3cefa39bc7cc,v-ac427ae72e32,ord-e25218e71598,S,1,66.51,2026-10-24 22:20:27,True
c-d1ae5da707e8,s-0ba74720cc59,u-297ec1f2f9df,p-a96f6b41622b,v-84af70a019d3,ord-5a957e104d3d,M,1,57.86,2026-10-24 22:21:58,True
c-7febe0fb5283,s-2f565ef4c43e,u-43b5bebe465b,p-b651bf785c76,v-8fd2702a04ca,ord-102f3387ade2,M,1,33.34,2026-10-24 22:22:22,True
c-1ced43a5f11a,s-2f565ef4c43e,u-43b5bebe465b,p-209038476ec0,v-fd2c0c48e559,ord-102f3387ade2,6,1,104.75,2026-10-24 22:23:15,True
c-927d70f9ac18,s-3582efe0d1df,u-bafda8edc784,p-06d0ff181fa8,v-4d001ccd2a1e,,8,1,39.57,2026-10-24 22:45:00,False
c-1185501fdd85,s-899fe6a5f5b0,u-7bbe632e803e,p-ee91cc692e57,v-35038d968296,,XXL,1,46.92,2026-10-24 22:58:30,False
c-971150740ae0,s-82f109611b95,u-a79c48c7c653,p-b584ef4da333,v-7abea53e302a,ord-510b5b61d92b,M,1,74.45,2026-10-24 23:12:46,True
c-2173f38a0b38,s-c6bb35ea49c4,u-a935f7046801,p-70f485889dd0,v-1371e2c26e44,,6,1,49.51,2026-10-24 23:16:06,False
c-e2aa245043c2,s-2b46f4892f4f,u-fde0218c5fdd,p-d660e4723d1d,v-becac7da657b,,One Size,1,24.7,2026-10-24 23:18:50,False
c-d9911159d75e,s-e36145e18fa7,u-9f0dc934e3ee,p-4db1ba36cd6a,v-ee0ecd4d6e37,,XL,1,64.27,2026-10-24 23:25:10,False
c-5ff2639a3e96,s-85cde91fd27d,u-837975dbb22b,p-1e0d298892b0,v-101a1f1af8e6,ord-35b41abc3239,L,1,49.55,2026-10-24 23:39:59,True
c-53f67dc1c3ea,s-752aa61dc381,u-c27f1c0c70f6,p-7c905332bd05,v-84c2eedf2c52,ord-570587d90019,8,1,63.51,2026-10-24 23:48:43,True
c-f2a6af16a806,s-752aa61dc381,u-c27f1c0c70f6,p-665832971df3,v-02611826d820,ord-570587d90019,8,1,86.53,2026-10-24 23:50:28,True
c-18954de3cdc8,s-20ed4362dd21,u-31108193da62,p-11dc4a6d3fca,v-b3b0d37235c0,,S,1,62.87,2026-10-24 23:57:31,False
c-d9ebf46f2158,s-d0dbb3c05b4f,u-bfebe9252551,p-5d46b4dfb44a,v-e65bdf9770a3,,XL,2,69.03,2026-10-25 00:07:22,False
c-8bf0347eafa4,s-946d422823cc,u-e0ddfb27b761,p-6ff6ff37d233,v-86f8b9b4120f,ord-4b82bc9b2e3a,7,1,64.69,2026-10-25 00:16:43,True
c-64e994929721,s-9b1364cf5398,u-c3a036141a77,p-fb40cb39b90b,v-7199c70a6c81,,S,1,49.31,2026-10-25 00:18:37,False
c-d74668e289e1,s-9b1364cf5398,u-c3a036141a77,p-0c59f552a5f3,v-380aa399327d,,XXL,1,44.61,2026-10-25 00:20:38,False
c-ee79ddcb3051,s-c16ea63cc5b5,u-30834ca05597,p-e1973ed20a00,v-b9b020b1ed9b,,XL,2,34.07,2026-10-25 00:22:55,False
c-6a574136fa55,s-fce3e5285eca,u-628ad907b4c2,p-1c0258525d95,v-bfeefe29eda2,,XL,1,58.8,2026-10-25 00:22:55,False
c-57eb7217a322,s-5e2ba19b42bf,u-3e8dc51ae903,p-ddb05584a10e,v-41c415e7b7d2,,XS,1,37.85,2026-10-25 00:35:56,False
c-ed462b4d8d7a,s-5ac5f7582b80,u-9843c7a52f33,p-1a162cf9b8c9,v-c35886c4b73b,ord-7c252a12587a,M,1,59.4,2026-10-25 00:44:27,True
c-c343293c4a0f,s-538a93072838,u-5c5649af621f,p-5df4ecf0cd12,v-f1a831e6892d,,S,1,38.21,2026-10-25 00:56:50,False
c-67d2ae613df2,s-538a93072838,u-5c5649af621f,p-5e4476a0a583,v-72617737c866,,XL,2,31.62,2026-10-25 00:57:40,False
c-03cda6daea98,s-eade4e75eb55,u-80d59b01e7df,p-64de9c7bc568,v-7fc7215aa5c2,ord-6f863d9e295b,M,1,55.1,2026-10-25 01:04:49,True
c-d2040a0cec94,s-090032ac06a2,u-9d311983ee78,p-c6a9e33c15a3,v-9a5b9f882aa5,,M,1,75.14,2026-10-25 01:16:56,False
c-0dd2f04c3078,s-cba35c1c0198,u-56542ccb36df,p-f79e79baf494,v-7c9acb340550,ord-3330ff65a776,9,1,65.53,2026-10-25 01:40:36,True
c-05f18b966962,s-cba35c1c0198,u-56542ccb36df,p-daf5cd24f22b,v-d83bcf4d5b3b,ord-3330ff65a776,8,1,61.7,2026-10-25 01:41:55,True
c-1526e1de6d6e,s-0d2ed252a166,u-b5b878568d8a,p-742b8331f6b3,v-e2e0d7286a3f,,M,1,55.81,2026-10-25 01:46:44,False
c-92edb257eddc,s-f6df0885fa57,u-9adbe9ad3481,p-fb7c95fbe64b,v-ceb100133793,,XS,1,50.48,2026-10-25 01:54:34,False
c-57696857c84f,s-83e081f28a95,u-c89a46c7549a,p-0b74e71e8957,v-9247b82eb8a0,ord-752a6d83fa45,10,1,82.26,2026-10-25 02:09:32,True
c-83adaaec59a3,s-efed4bf9267c,u-2d2b3f0850f7,p-78156a3fd46d,v-a56d55b08461,ord-ba7244aababb,L,1,73.58,2026-10-25 02:13:08,True
c-d05883c48962,s-efed4bf9267c,u-2d2b3f0850f7,p-d84bd4e8729f,v-b17b78e8b769,ord-ba7244aababb,One Size,1,65.25,2026-10-25 02:13:20,True
c-171dac8c4fb6,s-efed4bf9267c,u-2d2b3f0850f7,p-4cf131b5a7f9,v-129efaad3699,ord-ba7244aababb,L,2,44.74,2026-10-25 02:14:42,True
c-673edaf1fc0e,s-76ce7331a855,u-9f6bcf786d33,p-3e6c2fce3bf6,v-a5ee7b5b79a1,ord-9ae72d2df639,XS,1,34.56,2026-10-25 02:18:00,True
c-0b14dfb2bce4,s-119c8dc3f0ab,u-55e4bbf43d6a,p-634cc331ccda,v-6dc929d50310,,XS,1,41.37,2026-10-25 02:19:10,False
c-5de4c0dbca29,s-d0783a93e078,u-284700fe7623,p-2b8e931b1f38,v-f2380787ff56,ord-83c8645f4865,One Size,1,65.74,2026-10-25 02:27:19,True
c-746c7d6ca7e3,s-d0783a93e078,u-284700fe7623,p-c88e3fd42ff3,v-cab0fbc97581,ord-83c8645f4865,S,1,33.42,2026-10-25 02:29:29,True
c-854f9a9da547,s-8b639cdf06e3,u-00fc58683c3a,p-374cc355e453,v-0409bbd486ee,,M,1,33.18,2026-10-25 02:49:01,False
c-0a620b0927ef,s-1346597056be,u-b002db3f60dd,p-4ed4e987ef74,v-864cdb275079,ord-3c8afcc83f52,S,1,29.29,2026-10-25 02:55:01,True
c-cde907279550,s-1da852ee5156,u-a2c84cf15e1e,p-33e9d9c5387c,v-1800c63c6d6f,ord-06a83bc9c55f,XL,1,50.7,2026-10-25 02:57:32,True
c-286d95b61bbb,s-1b979aad7584,u-257db98e943d,p-4faacc36fbae,v-ff65861763bc,,One Size,1,38.16,2026-10-25 03:01:52,False
c-93101c7e75c5,s-2ccbf256c799,u-238402552d55,p-8cb5295a338b,v-47fa7a4afa6c,ord-f79f2bc11595,10,1,85.64,2026-10-25 03:03:18,True
c-d3461d1b081c,s-798a5bbc9f71,u-d8a8a85abb55,p-a8be86e6a602,v-d6a62800d7e2,,One Size,1,36.92,2026-10-25 03:06:39,False
c-9d0ccc405ec6,s-c0d3f2a48252,u-c02e41959ce9,p-eb4c999b27e4,v-ee5882590a58,ord-e2f6a83ec6cf,7,1,57.22,2026-10-25 03:09:56,True
c-ffc3023c1914,s-d31131dce7bc,u-9f3fdc2e468b,p-b89ac196d549,v-970598acca0e,,S,1,53.67,2026-10-25 03:25:01,False
c-79895db53d64,s-c9a21ce2bdba,u-5e15cddd7810,p-bd6863d05d16,v-3da91cffb2b9,ord-620de9fc7b60,XS,1,52.18,2026-10-25 03:26:24,True
c-559a7fd7d94d,s-fb3a94657257,u-098b83dcdccd,p-24eb929e6b54,v-293a4b16585e,,XL,1,46.64,2026-10-25 03:27:20,False
c-b84e4d2f710f,s-fcd1b128d38d,u-906a88467e0f,p-2e053a9ef55c,v-25f73671499a,,One Size,1,38.95,2026-10-25 03:41:50,False
c-e7d0cb64ce29,s-3dc49dad4e13,u-74eb2ec521b2,p-6daf00431a54,v-c77e40ae066d,,XL,1,61.1,2026-10-25 04:42:17,False
c-68b788704dc6,s-3dc49dad4e13,u-74eb2ec521b2,p-1e5a4f01d985,v-4b6355fef995,,One Size,1,61.91,2026-10-25 04:42:58,False
c-a89a122ba348,s-ae78edf75e6d,u-0a11a00b9376,p-fbd2033af83b,v-70de91ee2699,ord-bee7b454c6b3,One Size,1,51.53,2026-10-25 04:45:05,True
c-df2f05a3c22d,s-e3bd0344f984,u-638330632c65,p-ca7cbae440c1,v-0c824afecd10,,XL,1,56.59,2026-10-25 04:49:32,False
c-2ec416dce155,s-e3bd0344f984,u-638330632c65,p-056bfe795f83,v-e8aa1eb6b012,,XS,1,33.62,2026-10-25 04:50:55,False
c-d3d7023ec3d6,s-f1693e3b61e0,u-b586fb4dbb50,p-a1e9998937e2,v-19551c11a4e7,,L,1,41.44,2026-10-25 05:07:52,False
c-162f4599c218,s-f1693e3b61e0,u-b586fb4dbb50,p-742b8331f6b3,v-f66dda799d11,,XL,1,55.81,2026-10-25 05:09:29,False
c-c321e69086b1,s-445c6f60a663,u-81e08b4ef7ef,p-6e65bbd6ab87,v-a03e147baed6,ord-208bc5e61e86,XL,1,76.43,2026-10-25 05:13:59,True
c-433dce0d6a0d,s-f6edfbfe7e6e,u-5b45d979a056,p-164d873d107d,v-43b359f66d3b,ord-d8ac229ffb12,XL,1,61.62,2026-10-25 05:32:21,True
c-9b267f3af2de,s-65dd7e1215f6,u-3010a60db14d,p-a043de17e3f2,v-e67c3a331d7d,ord-458e58ff6171,L,1,49.91,2026-10-25 05:36:19,True
c-f20d2b919829,s-89dc246bdbec,u-e58e539bd3a7,p-852877299f60,v-1cdbd82707d1,ord-a54cc5f2944f,XL,1,66.77,2026-10-25 06:14:08,True
c-49c6cd3f34da,s-dbe13c67ef68,u-ffaf6d4e36e7,p-a043de17e3f2,v-e6bde05dcd5c,,XL,1,49.91,2026-10-25 06:17:12,False
c-908102be0e4e,s-91deb85bc039,u-ba4a97fc8cad,p-7100d85bc108,v-2b1de9634530,,S,1,32.96,2026-10-25 06:29:15,False
c-b0c3afe1e1b4,s-91deb85bc039,u-ba4a97fc8cad,p-140c262ed1be,v-d8e018fca1d4,,XL,1,30.32,2026-10-25 06:31:42,False
c-a6de37847c49,s-29607ddb995b,u-ceec0b4d0c5a,p-c031fdab3a99,v-6e361f53e77b,ord-0646fbcee7e2,M,1,59.76,2026-10-25 06:34:29,True
c-62f6b4a1b5d5,s-effa7524a0db,u-f12e82aab56d,p-6be092c61912,v-aad0a881badb,,11,1,75.87,2026-10-25 06:50:26,False
c-2f46d4711611,s-4fe89dc4d204,u-4829a67b6c41,p-89595b0edd0b,v-14379fbfcada,,L,2,126.99,2026-10-25 06:57:41,False
c-1d9197f07da9,s-eccc2b12696a,u-6a24eb6a3898,p-ee91cc692e57,v-33afe07fb02c,ord-a935fc126443,L,1,46.92,2026-10-25 07:05:50,True
c-69deaa38facd,s-3a0bfba9236b,u-9c384f2ae711,p-dbc3e031de55,v-45984098ee08,,One Size,2,85.58,2026-10-25 07:10:50,False
c-7b4056d94e7d,s-afa18bfd7c22,u-ad5facaf355f,p-241b1fa0c5cb,v-b0490be6e8c2,,M,1,91.18,2026-10-25 07:11:20,False
c-1e71e7c03d98,s-03b09dfb6a44,u-b74bf6d8ef2c,p-8e84ffde784e,v-a16f8575dbd0,ord-4d0f6ba4bd58,L,1,123.61,2026-10-25 07:11:37,True
c-be37700b9562,s-03b09dfb6a44,u-b74bf6d8ef2c,p-1e0d298892b0,v-9b6760f11f0f,ord-4d0f6ba4bd58,XL,1,49.55,2026-10-25 07:12:36,True
c-a3f3c50df41b,s-0b4bbcf8c31f,u-ed4bfc5502c0,p-5165812dac9a,v-fe2017f3215a,ord-e5dcc8ed48f3,S,1,61.72,2026-10-25 07:17:25,True
c-13d026a48bff,s-0b4bbcf8c31f,u-ed4bfc5502c0,p-19516ce35ff7,v-3bcd8af1f22a,ord-e5dcc8ed48f3,XL,1,48.33,2026-10-25 07:17:51,True
c-a34824ad6ae1,s-0b4bbcf8c31f,u-ed4bfc5502c0,p-3ffd65bc9d95,v-88665f108be9,ord-e5dcc8ed48f3,11,1,126.82,2026-10-25 07:18:46,True
c-4d55afac01fe,s-41c0e14f8361,u-c1313871f7bf,p-238a15518fda,v-65603c1817ba,,6,1,141.85,2026-10-25 07:20:33,False
c-f954aa7faecc,s-4ff6d7678597,u-5961862721b8,p-b68a946fa078,v-e353454d09b0,ord-85d5d2e1fe26,7,1,69.4,2026-10-25 07:21:49,True
c-c5dda534d82e,s-d6e7e293788e,u-8d143a978649,p-ddd916ebcbbc,v-62bb666b640d,,9,1,79.61,2026-10-25 07:22:38,False
c-c4bc47ba35eb,s-d6e7e293788e,u-8d143a978649,p-02d7151df481,v-52a7749a257a,,XS,1,77.08,2026-10-25 07:23:12,False
c-1e72f9a9ad7f,s-e94b66de27bf,u-621949b29248,p-4013d5e888a4,v-05656479e918,ord-6638866cc517,M,1,47.54,2026-10-25 07:45:12,True
c-e288c5fd7b2e,s-5cb99c3af259,u-96b3eaf84851,p-ba7d952cc597,v-e9341ea8f3aa,,XL,1,46.94,2026-10-25 07:47:12,False
c-d215d75f7e3b,s-1ab3f2d4476d,u-977cffb9d479,p-38a52e8b95b2,v-49646b9fdcdc,,S,1,19.02,2026-10-25 08:10:25,False
c-c69ad7e1ff92,s-1549684614dc,u-de9efecac236,p-b7c65e346e53,v-c1e29b15d513,,XL,1,97.11,2026-10-25 08:17:33,False
c-c7c26e0045c0,s-6198bd476a11,u-06a99f724bf5,p-e7e52e0f2d55,v-eb1ddd11dc7d,ord-a4f82a0700e1,6,1,65.09,2026-10-25 08:30:15,True
c-3d106466e239,s-aa4ec70e313b,u-20d7dfe35700,p-37a25fddc192,v-5f0c5bc792d0,ord-1c452c9a918f,6,1,86.47,2026-10-25 08:41:03,True
c-ae06732e24ec,s-2bfad70507ea,u-ec38ab5c71f1,p-22d322fc42b0,v-48048c05a4ca,ord-ab0565bb6d22,XL,1,72.49,2026-10-25 08:44:04,True
c-9dbce489095e,s-2b2753e4a716,u-b466e37031c5,p-00a8d17239df,v-51437a64d48b,,One Size,1,75.14,2026-10-25 08:44:22,False
c-e7d14db5b15b,s-ab9f59a728b3,u-7c708c9da010,p-5ccd18ae15c9,v-5d806ba5ded9,,XL,1,64.18,2026-10-25 08:45:37,False
c-23e2fe686484,s-e61bb3ce9021,u-d022eb4fe77d,p-4e5f4f3c881e,v-14ca6009b8fe,,L,1,80.66,2026-10-25 08:52:59,False
c-30e45f026bcc,s-e61bb3ce9021,u-d022eb4fe77d,p-fb40cb39b90b,v-937f95c79552,,XL,1,49.31,2026-10-25 08:54:30,False
c-1a154ae63fb8,s-5ddc1184b2e3,u-2d1d09aeb33e,p-2ac9dbf9d55b,v-e4fd591bf1c0,ord-1be459946d44,XL,1,62.21,2026-10-25 09:13:43,True
c-5fb502bea775,s-5ddc1184b2e3,u-2d1d09aeb33e,p-cbeb4644a5d2,v-0d38a89015f4,ord-1be459946d44,XL,1,32.87,2026-10-25 09:14:22,True
c-79f260e9b6a8,s-5ddc1184b2e3,u-2d1d09aeb33e,p-05107b6a13bf,v-2321d4f6d451,ord-1be459946d44,S,1,60.73,2026-10-25 09:15:39,True
c-b68bb2496641,s-41e359ce516a,u-d0019a74adc3,p-3813b3e456f2,v-b40b6dce46d4,,XXL,1,61.27,2026-10-25 09:24:29,False
c-f652ae2156b7,s-ef8b39bf3e4f,u-fbd48d75f203,p-6b39d2f3e1f7,v-c888bd7f200c,,XS,1,71.94,2026-10-25 09:27:57,False
c-5b044eb3085f,s-a4c423af110e,u-ed5e2e323c10,p-0f90c26f0fe9,v-40e15150b91a,ord-90068ac487d1,XL,1,104.62,2026-10-25 09:32:06,True
c-00c54a09d37b,s-63637800be85,u-d998c112ceda,p-b4451462eda7,v-19f834627a48,,L,1,62.17,2026-10-25 09:41:39,False
c-3e35f08fbd13,s-26d4e86e9ff9,u-3b2951d79bdd,p-da69d7b03c15,v-d98c113690a1,,9,1,80.61,2026-10-25 09:42:07,False
c-4bdc7f8d71f9,s-b71ede9380c8,u-ea2c667c5716,p-5431631a088f,v-825dde0b752a,,L,1,45.77,2026-10-25 10:02:50,False
c-99e143feb33c,s-cfd142297e00,u-e4c12b984dad,p-46e5bb235246,v-6814256622d3,ord-e7fa77d8e6b8,One Size,2,68.25,2026-10-25 10:07:24,True
c-ed62ca721215,s-cfd142297e00,u-e4c12b984dad,p-2d07005e8d07,v-c01697afe5c5,ord-e7fa77d8e6b8,One Size,1,45.18,2026-10-25 10:08:58,True
c-8a570a9fcd4d,s-9236b4e6e020,u-50fb66b1440a,p-64de9c7bc568,v-7963e5502779,ord-adc4cde966ce,XXL,1,55.1,2026-10-25 10:43:43,True
c-7864f0e5b09b,s-e46a79303ce8,u-bc6122e544ee,p-2eb7e7ef5330,v-b6946683fea2,,M,1,59.01,2026-10-25 10:49:47,False
c-dc218cc16ac8,s-4e96ef0eb3c0,u-d0d81fe8b3f9,p-abdb144d2fdc,v-9a65c207d495,ord-47c58dc89d13,XS,1,54.3,2026-10-25 10:50:30,True
c-2ab8b7e8cc7c,s-403560bdce01,u-7c80bbd139bc,p-e56e7fc07695,v-fde7d61184f9,ord-f0a9499c3523,M,1,40.39,2026-10-25 10:54:36,True
c-c93558687224,s-232b663d590b,u-4a5328ede404,p-0977157cca58,v-4a059773f864,,One Size,2,106.93,2026-10-25 11:09:25,False
c-ec51f09ef943,s-7ad34d543b69,u-f135689c0970,p-82a722699ce1,v-c3db28dff038,,XXL,1,58.74,2026-10-25 11:11:09,False
c-5a7512a66e9f,s-63774fdcff91,u-f77ba1aff1e9,p-e4ebc2da0d8a,v-5ba76bd85cbe,,S,1,23.05,2026-10-25 11:29:21,False
c-c8da4802acb8,s-f625f2422319,u-7f372a0f5e01,p-7e7e2b6abbf6,v-1eb3d7fa7cf2,,S,1,63.74,2026-10-25 11:32:02,False
c-749766918ed3,s-734ca3219eab,u-44199f6e7016,p-92c04713f1b1,v-2ca2b319e551,ord-95991de1e488,10,1,85.52,2026-10-25 11:56:29,True
c-c27569e13589,s-82ffae1845fe,u-c5ad7e8fc674,p-2b880a84e504,v-7dfdf70736bb,ord-06374416fc3b,S,1,66.55,2026-10-25 12:14:55,True
c-6bee83eec502,s-b64171d862f7,u-0c786ad421a0,p-02a748155c54,v-8a77e8396f5c,ord-3a285923988a,M,1,61.52,2026-10-25 12:21:55,True
c-a9971e8f47ea,s-b64171d862f7,u-0c786ad421a0,p-4a39ff3d22c9,v-47f19601d7e0,ord-3a285923988a,XL,1,68.4,2026-10-25 12:23:25,True
c-9397b1d8267a,s-b64171d862f7,u-0c786ad421a0,p-4766df4614eb,v-ad0a68cc08da,ord-3a285923988a,6,1,68.25,2026-10-25 12:24:05,True
c-dbc96cb0f3e4,s-a99b3d0cf4a0,u-5cbac4094e57,p-735437eaa8f4,v-ffa57ad040ba,,XS,1,49.55,2026-10-25 12:27:51,False
c-da5fd08602be,s-47e78cbbc2c1,u-f00cc8714c8e,p-26b79f79e7d2,v-b0365b9c7a02,ord-d7abb7cf3da7,One Size,2,63.8,2026-10-25 12:34:17,True
c-f87f8176a230,s-8f666d2bdba3,u-5b52102d7f86,p-8cfe65ec97f7,v-136369f2eda7,ord-05a7ec8e92ac,L,1,91.92,2026-10-25 12:41:43,True
c-4cab47173dbe,s-700713db8b75,u-a7ab22b9ec5e,p-97cc2a682767,v-715f26db2b50,,M,2,123.34,2026-10-25 12:47:33,False
c-cdf73dcb2445,s-bfc12d1071f8,u-cb3592eb0cf2,p-132b34f999ca,v-1b843c6b6768,ord-9e7b7802926e,S,1,59.04,2026-10-25 13:00:47,True
c-7d32e7d874ba,s-0c9ade3fa3d5,u-18193e729804,p-2d839c9d3ca5,v-0052e1cecf2d,,M,1,48.79,2026-10-25 13:01:58,False
c-89b2ddcf592f,s-0c9ade3fa3d5,u-18193e729804,p-b20bb23aee24,v-a2dc0a5422c3,,XXL,2,51.24,2026-10-25 13:04:29,False
c-4344631fe16b,s-4093bb3d222c,u-0d1d4aa355db,p-da7ae64b372c,v-905479937ae9,ord-0f64a625e92d,XL,1,30.46,2026-10-25 13:08:30,True
c-8ea4c911ad16,s-e82c8d6f8d3c,u-8f8a4cb49e19,p-dbc8381ee4d8,v-d2d14257c266,,One Size,1,50.35,2026-10-25 13:29:04,False
c-4f0685f78263,s-c12e84634a02,u-7495194802bf,p-78156a3fd46d,v-38525053d522,ord-d380ec7280d0,L,1,73.58,2026-10-25 13:30:34,True
c-5695b7fe4b86,s-64fc8b0c2ca7,u-61f6be80c46e,p-ba7d952cc597,v-a7309cdb13bd,,S,1,46.94,2026-10-25 13:34:35,False
c-fca3292d5ab5,s-03b97636490a,u-fc227e4b5ce9,p-dfe6f0a7d5c8,v-45e42c588080,,One Size,1,58.25,2026-10-25 13:37:31,False
c-169033773ff8,s-03b97636490a,u-fc227e4b5ce9,p-5bf2b05de330,v-622952aaad8b,,One Size,1,52.16,2026-10-25 13:38:58,False
c-17389e20e323,s-0bf54d540efc,u-c2a875773059,p-fbd2033af83b,v-cc0311cf57c1,,One Size,1,51.53,2026-10-25 13:49:05,False
c-985a28a2d125,s-6d6ae6f3ad4e,u-b2ce67c9eac0,p-c5da92eb6729,v-61e9c5e9c190,,M,1,41.22,2026-10-25 14:07:13,False
c-122a864c2c95,s-3e9cef727f6b,u-1fdbd3aa5229,p-594e49fc9426,v-550ecd9b6727,ord-06630d5f8dae,M,1,47.26,2026-10-25 14:09:46,True
c-08f410e13a46,s-e09332fb4926,u-4d6bdb102004,p-5dae71bab7b2,v-13fe28904936,,M,1,53.5,2026-10-25 14:16:56,False
c-7670ff059853,s-fa0bc1ec4403,u-d6cf6674d0fd,p-388ce6cff396,v-32d009c3338f,,XL,1,54.86,2026-10-25 14:27:10,False
c-ae09329d0bf6,s-075dbae934f3,u-82a6e63b82eb,p-81dbefc87ca1,v-002d2582eb47,,L,1,36.01,2026-10-25 14:28:34,False
c-ce03da5919a9,s-bf4d425c447d,u-87568311655f,p-430d42731bdb,v-78f8e0e9bdfd,,L,1,38.19,2026-10-25 14:36:08,False
c-9f101781a72b,s-d383509b5d6b,u-c999c2e60fb4,p-742b8331f6b3,v-5a80a034fd6a,ord-28d4f4f7c491,XS,2,55.81,2026-10-25 14:53:46,True
c-34a688bfb4a4,s-2ddbf665ca3e,u-bab12a913933,p-89ea312cd559,v-8cc94a7df319,,XS,2,72.02,2026-10-25 15:28:40,False
c-020b7ea7e25e,s-de6f11c8623e,u-cf4e83f4235c,p-2785fa997306,v-fb65fe721e19,ord-b15cabb8db43,8,2,56.12,2026-10-25 15:50:16,True
c-74bfcae1e627,s-de6f11c8623e,u-cf4e83f4235c,p-e089a9875ce3,v-e96494d262d9,ord-b15cabb8db43,L,1,66.87,2026-10-25 15:50:47,True
c-82901226770a,s-de6f11c8623e,u-cf4e83f4235c,p-10717a3c63f8,v-4999a368e971,ord-b15cabb8db43,11,1,130.05,2026-10-25 15:51:08,True
c-d7f98fa47793,s-342027858c82,u-792f3e54714b,p-aeaf613d1025,v-d3365a43e3f6,ord-58070566a9bb,L,1,40.84,2026-10-25 16:15:31,True
c-6464a9b6fe72,s-12cca7ffccb2,u-9564cec84f65,p-c0f0f9b62a2e,v-46d707c76436,ord-a521d6896f93,One Size,1,58.86,2026-10-25 16:15:42,True
c-84ae92b7773c,s-840c63d85b7a,u-2ab422e43e98,p-d07fbd86aca2,v-ad6e27725a11,,L,1,36.95,2026-10-25 16:16:03,False
c-e89641dfc670,s-f1c5f7589e81,u-af1920f5bc41,p-5559e7b5ddc0,v-2a0048b25aa8,,XXL,2,36.54,2026-10-25 16:24:13,False
c-edf51c733a5b,s-9963430c593a,u-0d93ad92ef55,p-b607025f8386,v-973612dbca34,,XS,1,79.28,2026-10-25 16:57:41,False
c-fcb9f0a2d604,s-aeefd450597b,u-292cc70ad2b0,p-3d285e2b54c8,v-47312e0e7554,,S,1,45.87,2026-10-25 17:02:29,False
c-c6d11fa9a8d3,s-c5af0cabdcaf,u-921cda38042d,p-1faea5d273c5,v-aded10b46ace,,One Size,1,103.23,2026-10-25 17:02:47,False
c-17ba957b0757,s-bf149c1e6aae,u-302bab78f356,p-87f693ff9abb,v-f52a1e904dde,,XS,1,44.51,2026-10-25 17:48:08,False
c-a6c5b24e726a,s-97535d2a98b6,u-fcfec228605d,p-b4451462eda7,v-2dff9d1dfce2,,S,1,62.17,2026-10-25 18:03:55,False
c-133b4cbce429,s-74f005defbd1,u-b52d582401b6,p-467e1dfa255a,v-95de2ea34cab,,L,1,39.49,2026-10-25 18:13:35,False
c-5e9e69c1b3a1,s-ef19b1177a3f,u-393567e37a0f,p-50aa38f4e3cf,v-bbc4dbcd7241,,M,1,17.3,2026-10-25 18:22:07,False
c-fb67f35ab1e9,s-062c79cdbef0,u-bf2286159970,p-c20f0d50bc6d,v-ac0d7ed3681e,,XL,2,23.36,2026-10-25 18:33:00,False
c-4d020c619156,s-ec5e68b512c0,u-b8c0b318603c,p-13e48a6c2658,v-e88cdf5e1ceb,,M,1,49.59,2026-10-25 18:33:01,False
c-2adddc365ee5,s-219609eeee9a,u-04827dce28dc,p-8b8481aac396,v-6551d244fab5,,8,1,39.53,2026-10-25 19:12:22,False
c-e00269d97d71,s-f534f32f25cf,u-9cf2f67c34cb,p-84e4f247c0d1,v-ee067b49e88a,ord-0189411e79b0,S,1,24.4,2026-10-25 19:50:35,True
c-0736fbb59b6b,s-f534f32f25cf,u-9cf2f67c34cb,p-1e28fb9cbf4b,v-41bdf08e3f24,ord-0189411e79b0,L,1,91.55,2026-10-25 19:50:47,True
c-16837a35242f,s-f534f32f25cf,u-9cf2f67c34cb,p-4689d86fa23b,v-b705d86817bd,ord-0189411e79b0,XL,1,75.54,2026-10-25 19:51:23,True
c-eb197a15cfaa,s-f534f32f25cf,u-9cf2f67c34cb,p-92f5ecf3aa4f,v-588a56ba1891,ord-0189411e79b0,One Size,2,51.51,2026-10-25 19:52:44,True
c-4f60b0ee5b02,s-9ad03cd6ac19,u-9149b07db031,p-e141be6b6bb6,v-6b998ab267ab,,7,1,44.3,2026-10-25 19:58:46,False
c-afbf9952ddf3,s-9ad03cd6ac19,u-9149b07db031,p-00467fe6aa89,v-078a10aa3326,,7,1,104.31,2026-10-25 20:00:18,False
c-0d6c7306edaa,s-6236b552ef3d,u-b73526cedf79,p-195b9cb9d02b,v-f869a175300a,ord-ccbe14a6a882,L,2,20.5,2026-10-25 20:18:09,True
c-77722ec24d2b,s-09b67f6578d5,u-aa492fd0170a,p-c534a809d8f6,v-7049fcbee04d,ord-f277f916d588,L,1,37.96,2026-10-25 20:21:00,True
c-d6ae071a70a7,s-79bcef74f4eb,u-d8f77d6f9386,p-f4c36e5dbfac,v-5431c999681a,,M,1,63.42,2026-10-25 20:24:40,False
c-d896fcc90f9c,s-f4ebafd0ff6a,u-4bd8be4f29c3,p-84f9ef44c2f8,v-0467f0c7ec96,ord-31ad73d9c45b,L,1,74.04,2026-10-25 20:35:41,True
c-30515c616f87,s-65bb59ec5490,u-8f7a3122913f,p-f1b283c15a56,v-5fc9edd315dc,,S,1,41.02,2026-10-25 20:39:54,False
c-712e216fb267,s-ea14947459c8,u-78eeee8d2ee8,p-b220ce285aca,v-15b99153cdad,ord-3d429ed5de47,L,1,28.93,2026-10-25 20:44:58,True
c-f42004049d30,s-ea14947459c8,u-78eeee8d2ee8,p-c5c41af6dfe7,v-88e5fd369239,ord-3d429ed5de47,S,1,84.67,2026-10-25 20:45:10,True
c-508d3c1ce1ae,s-e9dd53a91279,u-52c569f39473,p-18831a764f6b,v-432104c0c66c,,S,2,47.66,2026-10-25 20:56:00,False
c-e01900ff49d8,s-e9dd53a91279,u-52c569f39473,p-916dad6ca62b,v-d7c22865553c,,6,1,91.61,2026-10-25 20:57:06,False
c-586e6793db50,s-72ac5f75b67e,u-99eb8d6ed991,p-00dcebb17c87,v-60886b574d4d,ord-d36e5401374c,XS,1,60.89,2026-10-25 21:09:34,True
c-bdcf568b8bf1,s-8f2c2c760e04,u-c70566932e9d,p-9789e192ff3b,v-6ba7d52b9bf1,,S,1,23.52,2026-10-25 21:10:14,False
c-6451269ce57c,s-50060a2be081,u-47df4aeb4c03,p-6ee97d78826e,v-8fbf3daad3a3,,XXL,1,19.72,2026-10-25 21:15:52,False
c-b26e025ded55,s-39acf9dc067e,u-7d33280dec24,p-17fdcc2c4900,v-269555d811b1,ord-936122b391bd,XXL,1,54.39,2026-10-25 21:16:33,True
c-82dd263f6727,s-72e0300981fd,u-134995d42d46,p-d90ddaefab66,v-7a30d66868a5,,7,1,77.55,2026-10-25 21:20:09,False
c-2f6db83c1dce,s-5e9d8bf164c4,u-3bd2bfc4820a,p-8751b338486b,v-f4c7fc21771a,ord-e6cfd6236d86,XL,1,96.4,2026-10-25 21:22:13,True
c-37a505ce992b,s-4ea320f00070,u-7369d276c8ec,p-e51b31a9c2f7,v-a174197d7038,,L,2,24.83,2026-10-25 21:26:27,False
c-3ae9569bba64,s-e1be8411e75a,u-9cdb88bd202d,p-1b7e38b1e63d,v-80c42be08531,,XL,1,71.91,2026-10-25 21:59:48,False
c-25cac2c08119,s-c28444b4c500,u-41fa91b67618,p-dabfff819f69,v-0ae3f0026905,ord-f4d72f43afd0,XL,1,34.7,2026-10-25 22:05:18,True
c-dc067c36c707,s-f098580ef9b4,u-06521c34b8b8,p-2373d9a8c773,v-af083407982c,ord-0f988f29abc9,L,1,54.69,2026-10-25 22:13:55,True
c-3e27f5b1d1c8,s-f098580ef9b4,u-06521c34b8b8,p-16cc6e122e17,v-f453d75da801,ord-0f988f29abc9,L,1,57.67,2026-10-25 22:15:06,True
c-376dc95de70a,s-7cbe260e6351,u-96177b02ea01,p-9e9dd3a2d06a,v-3fe00e8d6c78,,M,1,71.88,2026-10-25 22:18:59,False
c-573bdb12bedd,s-dc9d08f9dbf2,u-ba484596f672,p-78e0b2ccb6f3,v-538a7d3caabd,ord-7c6aebe68329,S,1,74.89,2026-10-25 22:32:54,True
c-7a0f0be48905,s-a9fa96563464,u-e0b817f2009e,p-b20bb23aee24,v-305fe915a21a,,XL,1,51.24,2026-10-25 22:33:32,False
c-55c44f61a696,s-c6e383a688d6,u-1968eab7585d,p-62b0f40a6ebe,v-696424738385,ord-7dde7c847f79,XXL,1,41.99,2026-10-25 22:38:04,True
c-26ac46baa4c1,s-f3f55f9fd52a,u-613d5113bc25,p-ada32c12b1fe,v-e1059b27662f,ord-c0452f4b3fe8,L,1,30.68,2026-10-25 22:39:33,True
c-05ba45e601f6,s-1c88a98d97ae,u-2f8bc82a7b5d,p-2295660ccb5d,v-545ce586c1c9,,XL,2,94.61,2026-10-25 22:46:19,False
c-3a1d35f63f07,s-edfce750a3f8,u-f86947d4315d,p-11dc4a6d3fca,v-da0e4f9aa86e,,XS,1,62.87,2026-10-25 23:07:19,False
c-1b9f81f3b06b,s-15f35ab0226e,u-0cb44c2f5acc,p-e1973ed20a00,v-e8b53d57e804,,L,1,34.07,2026-10-25 23:29:29,False
c-8b70c525e8a9,s-cefc52d33fcc,u-de566cdf85cf,p-15787066cf25,v-f0b59fc67fbf,,M,1,30.04,2026-10-25 23:37:22,False
c-f2c4191003b4,s-b0b1c944b877,u-6f9ec30b9015,p-7694533ce399,v-ad023a83dee1,,XL,1,75.12,2026-10-25 23:38:12,False
c-850036cdaf2a,s-5f96c953a5c3,u-6e108cdb9b85,p-3cac462524b6,v-a4971e968e1e,ord-d2381379175f,XS,1,57.56,2026-10-25 23:45:49,True
c-932a3ccc5d6e,s-e15a92b6a1b3,u-9480d0b03528,p-4df44cdc7595,v-f2a1f3cda4df,,XL,1,58.6,2026-10-25 23:50:38,False
c-7bc825ef2e53,s-26b4834f4233,u-ddc367adc3fc,p-d8080af38c48,v-731e157699a0,ord-0a0b89a1dc89,S,1,27.12,2026-10-26 00:04:50,True
c-d4b6cc20369c,s-dcc23ba8ecc9,u-bc08e1bdfe42,p-89d8ba853aaf,v-6a3604190653,ord-28de0a907cd5,XXL,2,29.07,2026-10-26 00:06:09,True
c-ef1c0f107ea4,s-c592ac954fd1,u-8efbbbd85b99,p-aeaf613d1025,v-f179a987f895,ord-8ce28e83057b,L,1,40.84,2026-10-26 00:08:37,True
c-a68812fc59b3,s-b6ee42bf9c2a,u-b8822f461eeb,p-1cb5cde3ad3d,v-e925f23b101e,,S,1,51.88,2026-10-26 00:17:41,False
c-d4638547cdaf,s-08247ee867bf,u-9592d984cac5,p-43de93aba79a,v-bfc4ae0b467d,,XL,1,26.91,2026-10-26 00:25:14,False
c-813884dac762,s-de1e310b1a4d,u-771c53d81445,p-1a676faf3352,v-1eda82702966,ord-5759e53f80da,S,1,29.96,2026-10-26 00:34:29,True
c-c0036afa3992,s-f635648aa679,u-4fdc6737609c,p-50e4a57bf0ad,v-04a892ec845c,,XS,1,41.41,2026-10-26 00:38:46,False
c-de015f21b00d,s-f69011073bae,u-7503ec4647ca,p-4e2e515c2ad6,v-f3fedb080e9b,ord-ec6f6f22d77b,L,1,41.78,2026-10-26 00:49:55,True
c-f990f6c568dc,s-ed42ab208702,u-e2f5688391e7,p-5413d2e930af,v-9c81ae136de9,,XXL,1,22.75,2026-10-26 01:05:26,False
c-c128d41a1952,s-e70ea835ca19,u-3ab960e4f303,p-7edf1cca010b,v-9c63de3c4454,,XS,2,53.28,2026-10-26 01:09:01,False
c-6a7545160d3e,s-fb961040d995,u-5dccd75a4e6a,p-48da289a0d6d,v-fa797d975a3d,,XS,1,48.62,2026-10-26 01:33:42,False
c-d26f27f94b15,s-12998e7a60f5,u-b06929259658,p-38b71c282813,v-e05562422483,,M,1,38.04,2026-10-26 01:43:20,False
c-e15aac911286,s-2bae997bec0e,u-60207fbfb974,p-0ba94bd5f15b,v-b1c4ec02d5d4,,XL,1,98.95,2026-10-26 01:59:50,False
c-9927f35cd3f1,s-07642ac71e9e,u-80c8420a6e49,p-13b7675fbb59,v-3eafdf35d738,ord-4dbf0cf19484,XL,1,67.64,2026-10-26 02:05:37,True
c-5b10ee6ce305,s-a3c793a9d2d2,u-cd44afce63ac,p-6a76551e4824,v-9765a3f85e4e,,L,1,56.64,2026-10-26 02:13:57,False
c-3584b496c96e,s-07d55e0f3b59,u-dd64efafafe2,p-de31c088137a,v-770f58e4438e,ord-2f6042d886de,XS,1,71.97,2026-10-26 02:34:39,True
c-228ebbac4892,s-87b33c9de93b,u-1fc203fd52ae,p-72c7f10f2193,v-5c6249ba76f4,,XL,2,29.1,2026-10-26 02:49:00,False
c-5f83b3b6554c,s-3edabece09c6,u-eaea8473e068,p-12774b5c2e90,v-10a0669a3447,,XS,1,36.22,2026-10-26 03:16:14,False
c-821994cd6739,s-6f35a7adece9,u-5c078c71ebd2,p-88da2cd0834b,v-b5092095f8be,ord-38ef2324a557,XL,2,36.62,2026-10-26 03:43:22,True
c-416cac249361,s-cd77d3d0ccff,u-7dd0add8063b,p-6a76551e4824,v-338361b0aa7f,,XL,1,56.64,2026-10-26 04:09:38,False
c-82616ae16ae8,s-d8b5a0905bd0,u-2ac56c0344c5,p-53506609b939,v-252b77aaa4c1,,S,1,74.73,2026-10-26 04:16:13,False
c-f5626f4dd355,s-d8b5a0905bd0,u-2ac56c0344c5,p-e9b9ac428b90,v-ae97c7b47642,,XL,1,84.94,2026-10-26 04:17:54,False
c-a725401d9320,s-62055abe0385,u-95819d740e14,p-adb0d6a94a5a,v-694cf39dd26e,,S,1,50.21,2026-10-26 04:44:48,False
c-0269524524e8,s-cc7d4c6c05cd,u-e2a4b00adb6c,p-538030e34bb1,v-4548895ddb7e,,One Size,1,31.84,2026-10-26 04:49:21,False
c-572bd6b05ad4,s-dbd352cd4e8a,u-50b24a9474f9,p-7498c55d9a1d,v-598b3a6435cd,,S,1,47.15,2026-10-26 05:08:34,False
c-3127e5e740f3,s-dbd352cd4e8a,u-50b24a9474f9,p-e53b84b85174,v-71032df6368a,,6,1,106.39,2026-10-26 05:10:28,False
c-5baded069e46,s-7e8d5478fecb,u-ae19ea87d9b0,p-686f51fa68b3,v-8cbd711956bb,ord-9c66f3455b13,S,1,60.71,2026-10-26 05:14:23,True
c-175693783294,s-df9d8e278763,u-083a5c455891,p-884e758908f8,v-b5ed9f30c736,,XS,1,40.33,2026-10-26 05:23:13,False
c-8be28d38b7f3,s-10f0c9251c92,u-45f9c7324141,p-2e053a9ef55c,v-404d601f3341,ord-c7c50863a4be,One Size,1,38.95,2026-10-26 05:31:22,True
c-a9a88956c62e,s-a9a0e8d1dbe5,u-e396ee6f85b1,p-d52b360e8d66,v-b094e1dd5f3f,ord-3498fe2e3f51,9,1,92.68,2026-10-26 05:33:21,True
c-61f2f2fe5952,s-3f25470be960,u-88bca72bc5ec,p-f80920541012,v-c742c6b6e30b,ord-02d635918119,XXL,1,31.71,2026-10-26 05:34:00,True
c-50bc9e48823e,s-a9a0e8d1dbe5,u-e396ee6f85b1,p-89dda7e1ee10,v-c235fb9c614e,ord-3498fe2e3f51,M,1,56.34,2026-10-26 05:34:38,True
c-88797271c3ee,s-03c3c6bda6f7,u-f940462c2321,p-21e629210114,v-5c4d5227115e,ord-1b4ea19ce2aa,8,1,46.29,2026-10-26 05:57:58,True
c-8bbf18699a94,s-3f66fa48917b,u-04452af0e2b4,p-bb3692601707,v-34bc4f0282de,ord-d67f507b3558,7,1,67.65,2026-10-26 06:09:29,True
c-e82b5bb5d2fa,s-91e5f7a0081b,u-b4552e774030,p-c920f258e7da,v-beae7d23ae33,,XXL,1,48.5,2026-10-26 06:41:59,False
c-e57bafffa750,s-721d5e22812a,u-7e83eb231d0e,p-a1e9998937e2,v-dbb2e51b8c6c,,L,1,41.44,2026-10-26 06:50:57,False
c-181edbaf2447,s-280823fa66bd,u-1a089f82110a,p-a21a125ce712,v-d5582544bd10,,S,1,59.31,2026-10-26 07:03:33,False
c-7b604ce6dbfe,s-e7fa8c245336,u-c130cc9792be,p-89d8ba853aaf,v-bfbd04306fa5,,L,1,29.07,2026-10-26 07:06:45,False
c-0f0a14a88fc2,s-b84b77d20212,u-88b9e5887b8f,p-a85ae0c9982b,v-bb0988cac2fa,,M,1,77.83,2026-10-26 07:08:57,False
c-f8dc30e84c4e,s-3da4b278c342,u-e3f37ed81b40,p-6a0a5ab6b0fc,v-286b77965034,,L,1,80.21,2026-10-26 07:20:53,False
c-a2056ffdaacb,s-6b63cc708638,u-1f22e6e47fc0,p-6fc7b487cc2a,v-a77f75e2d5e5,,L,1,59.63,2026-10-26 07:43:03,False
c-563356e504a4,s-113d801b304c,u-daddb0b0d415,p-230f80de8bbf,v-b90841cacc89,,6,2,82.48,2026-10-26 07:46:01,False
c-720d26bd30dd,s-7ad480c5ee84,u-d5db79de712c,p-4013d5e888a4,v-05dbad5273b2,ord-1cc92919ce04,L,1,47.54,2026-10-26 07:55:12,True
c-55c17d8f4022,s-84ada5b8a95d,u-c677ac15398c,p-8fe8d99ae27c,v-02ee4d74ee65,ord-c11459040f0c,S,1,37.15,2026-10-26 08:07:48,True
c-2aabb7b86177,s-c28344580212,u-829a693c884c,p-d2f80fab104e,v-f009cba38030,,L,1,64.85,2026-10-26 08:08:48,False
c-1f95f1c4615a,s-5f8a7d9fbdea,u-9fea57fc5b54,p-9eb4e749889d,v-051ce327991d,,XXL,2,71.25,2026-10-26 08:25:27,False
c-bd0b82c2cde8,s-bd00fab6b637,u-e05bc0965bb8,p-63dad958f079,v-00fea68a1ed1,,6,1,85.98,2026-10-26 08:55:23,False
c-3aca159ff34f,s-bd00fab6b637,u-e05bc0965bb8,p-6769e6b598fd,v-7fb41ada7dc1,,M,1,33.77,2026-10-26 08:56:05,False
c-abcb5f4ee704,s-1787fb526ba2,u-d86f3539fc01,p-ec8b4c569c0b,v-a245193cee78,ord-6d7610f4dc68,One Size,2,52.97,2026-10-26 09:29:56,True
c-75f7fcbff8f9,s-1787fb526ba2,u-d86f3539fc01,p-70ea8249c551,v-a0eb0ab32dff,ord-6d7610f4dc68,One Size,1,74.91,2026-10-26 09:30:43,True
c-d55089b17671,s-fd499f355af4,u-43f0af220814,p-39b141f5a83f,v-db2fba69d117,,XXL,1,54.04,2026-10-26 09:33:12,False
c-4c8214e3eb54,s-92afc3ec685a,u-b4562821476b,p-4a69548d1dea,v-a13df0abbe28,ord-49fcab9d2d47,S,1,55.29,2026-10-26 09:45:20,True
c-a0098bdd4cfc,s-141ab4f82b90,u-cd07d8fdc30a,p-2280a8342ce9,v-c8bde970cebf,ord-9ff970f788cc,S,1,62.67,2026-10-26 09:58:53,True
c-52a256ada8f4,s-13762e70b016,u-f22d93d5698f,p-47640c4a2ee0,v-6d105e409161,ord-b7a527a55c8d,L,1,47.59,2026-10-26 10:04:15,True
c-9ed26f4856ae,s-13762e70b016,u-f22d93d5698f,p-3484e06c8c9f,v-0b05dab30f75,ord-b7a527a55c8d,10,2,56.92,2026-10-26 10:04:53,True
c-6b29f9537f8d,s-e9ed35e239b2,u-5ff9b265eda4,p-8cb78c65b913,v-280c15f47ca4,,S,1,57.18,2026-10-26 10:45:19,False
c-c18a23ce4a4c,s-f98e2e93e0bc,u-0297b0fb86d4,p-e5c548638f7d,v-32dcaad6d830,ord-d5ebd5143eb2,6,2,29.16,2026-10-26 10:51:30,True
c-658a5afd7c53,s-43b408ed0a3c,u-8cd389fc9e27,p-82e5a22421f6,v-7e8969518dd1,ord-26759c372955,XL,1,53.98,2026-10-26 10:57:36,True
c-1208bca3ecf7,s-d941c277f835,u-14619fc4dbd6,p-5df4ecf0cd12,v-01ece0d7c01e,ord-972f83b14d0c,XL,1,38.21,2026-10-26 10:59:02,True
c-58b25e790568,s-d8f7d854f828,u-e706cee24a68,p-4d60c52a0c64,v-2205c136a157,ord-c7cd5ad1e910,One Size,1,25.71,2026-10-26 10:59:17,True
c-8b53f9d6ed2f,s-d8f7d854f828,u-e706cee24a68,p-81c9b9f1418b,v-a53f5c159294,ord-c7cd5ad1e910,XXL,1,88.01,2026-10-26 10:59:55,True
c-87295facce00,s-9250ef5bf91c,u-d998c112ceda,p-699c26292602,v-d997d69487b5,ord-41a53cd5030e,One Size,1,66.67,2026-10-26 11:12:32,True
c-91ddbdfe3a32,s-188c4b3b41da,u-18a6c332bb27,p-47627ee691eb,v-53e675b6902e,ord-51ebefbed6a3,XL,1,105.85,2026-10-26 11:15:44,True
c-12f3c07d8ea3,s-188c4b3b41da,u-18a6c332bb27,p-54e981973e62,v-59cb19a4811d,ord-51ebefbed6a3,XS,1,41.73,2026-10-26 11:16:36,True
c-d8efc11e4d5b,s-a957c1003ae2,u-e4308bee6a9e,p-ab7bc1230d06,v-5ed6a05c290f,ord-3170d552e9df,10,1,72.9,2026-10-26 11:34:03,True
c-90e24784c896,s-a957c1003ae2,u-e4308bee6a9e,p-38016f7fa667,v-caf07fd417a1,ord-3170d552e9df,XXL,1,42.7,2026-10-26 11:34:43,True
c-71dea4749c2f,s-eac822330f22,u-a5cb2bc7a815,p-aeaf613d1025,v-24c7a3ad508a,,XL,1,40.84,2026-10-26 11:46:11,False
c-9f435b332518,s-e9eab413d2ac,u-569fbec7ae86,p-1d86dd171e80,v-fbf022c848ce,ord-c9afa3b52126,11,1,48.67,2026-10-26 11:50:08,True
c-7e5853ab82cd,s-e9eab413d2ac,u-569fbec7ae86,p-318c127bf50e,v-cdc6c117706c,ord-c9afa3b52126,S,1,39.38,2026-10-26 11:51:32,True
c-2ccba930519d,s-1130c28f2576,u-3bb8f51047c0,p-4f4af09568c4,v-4f7b81978843,ord-a2852e13d5ba,L,1,30.74,2026-10-26 11:51:50,True
c-b0a6a3c7ad53,s-5703e7e51cbe,u-aed49680a06b,p-97882f0f3cc1,v-8ccfa649c8aa,ord-27f26f2e30bc,S,1,56.84,2026-10-26 11:59:04,True
c-611478778a20,s-2e328a886795,u-2f1d1ab3e91b,p-7a9af4d8dfc5,v-3f8e191df007,ord-1ff9e560caff,XS,1,73.93,2026-10-26 12:01:23,True
c-0cad745b5575,s-93800f72e2d8,u-32eaf9cc866b,p-6467fc201b51,v-19dc5a56c1f4,ord-3001e7409544,S,1,63.88,2026-10-26 12:10:15,True
c-63dd6cd1f865,s-e0c9e056e2f1,u-fd253d0794b7,p-353e792b1bc4,v-87beb10df931,ord-899f4b501b2c,XL,1,42.56,2026-10-26 12:18:25,True
c-df95aa843873,s-609fbb4ac6bf,u-8d83a7e02579,p-f191fdc007ba,v-db964a832565,,6,1,96.06,2026-10-26 12:31:21,False
c-a79833928c87,s-6aee1fb7e4ae,u-8a08f834934a,p-9b85fd2b893a,v-669463b7bc44,ord-7a20abd2ed04,M,1,101.01,2026-10-26 12:31:36,True
c-e48c077bc325,s-609fbb4ac6bf,u-8d83a7e02579,p-ff0444aaaa6b,v-5cace86a1881,,XXL,1,89.87,2026-10-26 12:32:23,False
c-399136cd6d53,s-9fd23a84789e,u-6876532af330,p-f62fd4ffab90,v-9bcfbbdceb47,ord-17f62cc4f662,8,1,87.4,2026-10-26 12:34:55,True
c-da4c9d775d93,s-d2125acbc825,u-b2a464fae335,p-ee91cc692e57,v-dde11f60bdf1,,XXL,1,46.92,2026-10-26 12:50:56,False
c-0f4c86b5902f,s-42f1ccc966f8,u-0dd0b6b2c301,p-367d873527ab,v-fa6b9d2cb847,,11,1,69.67,2026-10-26 12:53:30,False
c-ab7435f811e1,s-b22802880582,u-203cb2e58130,p-6d82f2143006,v-c0d3af2c5886,,9,1,42.21,2026-10-26 13:25:32,False
c-2a72a271dba6,s-acd64008a9dc,u-6e87cab4138d,p-318c127bf50e,v-1151612aa3f2,ord-c99be08604b0,M,1,39.38,2026-10-26 13:33:20,True
c-7824e646b3f9,s-8e2ec033c2a0,u-2a5b7c91ac6c,p-cc21eb6bc6c5,v-3105856f025f,,L,1,44.16,2026-10-26 13:53:15,False
c-f8a0b58d153e,s-2d7d106ae3f1,u-84475f0af475,p-516802f10540,v-da62db9bf659,ord-faeec3d74f21,S,1,60.45,2026-10-26 13:54:10,True
c-2b61de9cc691,s-37a2d8e937af,u-553662ab826a,p-52f3ef7b086c,v-27d284d30512,,M,1,40.56,2026-10-26 14:09:10,False
c-2084a526e644,s-da184ba888e5,u-3b81155a55bb,p-0bbf536fa576,v-003619073fb9,,M,1,61.06,2026-10-26 14:21:52,False
c-57f23cd379ba,s-c40b66adb059,u-b9ca6a80d039,p-6ae741a4dceb,v-31f513aef0ce,,XS,2,85.32,2026-10-26 14:29:12,False
c-06642f0ef6a7,s-c40b66adb059,u-b9ca6a80d039,p-2d07005e8d07,v-2e0999c98282,,One Size,1,45.18,2026-10-26 14:29:47,False
c-203a76c61d5c,s-61915b6efa81,u-33e1624890f6,p-f80920541012,v-43926f820f16,ord-04e1ede1910e,S,1,31.71,2026-10-26 14:32:34,True
c-efa3d272c81a,s-4a5927952756,u-bc55a0171211,p-d8a3a827a4e5,v-8eaa54c41c9c,,XXL,1,47.44,2026-10-26 14:39:33,False
c-ef4b7ca16e90,s-813feae44cff,u-dd3a146e7b56,p-26b79f79e7d2,v-9347f7c93c8f,ord-33c6162cdab3,One Size,1,63.8,2026-10-26 14:46:39,True
c-b43207cc8926,s-3fb5e6aad788,u-d80a03355bbe,p-fcd4f1043d97,v-146714f46251,ord-63f3d2889cd5,One Size,1,119.8,2026-10-26 15:04:25,True
c-d29435ce6482,s-f9c4974f1d42,u-930c68e3a3b1,p-d21a879e435b,v-907a1aebc0b1,ord-27064528e0bb,M,1,37.04,2026-10-26 15:17:43,True
c-57a90092bd35,s-46a8360c6332,u-569c11f0184a,p-4ac4207f1aef,v-5f04d03c1e3b,ord-a2239a61f859,S,1,51.91,2026-10-26 15:19:51,True
c-0cb16938fbce,s-80b6f05783b0,u-f1bc425895fd,p-dbc16fda56c7,v-df1157aa39aa,,L,1,32.07,2026-10-26 15:21:51,False
c-87b5d216fbe6,s-46a8360c6332,u-569c11f0184a,p-53506609b939,v-041edbb18e8f,ord-a2239a61f859,XS,1,74.73,2026-10-26 15:22:37,True
c-e1d7724fd42a,s-80b6f05783b0,u-f1bc425895fd,p-4b8dbd755c9c,v-90b5ddb6c00b,,L,1,73.65,2026-10-26 15:22:52,False
c-2a666a075661,s-46a8360c6332,u-569c11f0184a,p-4b8dbd755c9c,v-ed1be0db57be,ord-a2239a61f859,M,1,73.65,2026-10-26 15:24:02,True
c-6bc11294c8b1,s-8372a863c63c,u-6e9967dcd225,p-2d943db0d05b,v-1d2cd3c9dd6d,ord-c2534f0d95b1,L,1,71.29,2026-10-26 15:30:14,True
c-de7bdcd6335e,s-6fc95d569ae6,u-4026bbb1aa88,p-744a56bb2a3a,v-7f56e910238a,ord-4eb87c141592,10,1,41.93,2026-10-26 15:38:59,True
c-34750c0d9d84,s-9440756c01c0,u-07b7c26e775f,p-bd2bf62a463b,v-e0733b62a53e,ord-b72c8f8ca7c9,XL,1,59.12,2026-10-26 16:03:23,True
c-2128bfcd4dd9,s-0ad4060d7163,u-24ce00d5661f,p-38982377b505,v-55b32dff2e6c,ord-6d19e990f15e,XS,1,106.91,2026-10-26 16:15:49,True
c-1d132c2e27e3,s-cd8264ed1504,u-2ac8b882005c,p-5c83a811708b,v-eab050da4b1f,ord-6eb69b605b6f,8,2,103.61,2026-10-26 16:20:32,True
c-d9120e68ef5e,s-591f48716b94,u-f2efac421fd4,p-d9c1704aa7ef,v-c82afc091516,,S,1,38.25,2026-10-26 16:33:55,False
c-9523ff9e4dda,s-591f48716b94,u-f2efac421fd4,p-e66bc83d3920,v-d0a49bafdfcf,,9,1,47.03,2026-10-26 16:34:57,False
c-aecc827ffee1,s-75524a1100d0,u-9481dc3a3f7b,p-fb7c95fbe64b,v-0feec370e442,,XL,1,50.48,2026-10-26 16:48:46,False
c-6bc7ebeef497,s-d728c6ba7227,u-a1ca59c4d581,p-a76e46f05208,v-58388446fbaf,,9,1,67.74,2026-10-26 17:03:32,False
c-30dc1eedde32,s-0f9995a68065,u-8da5f8661b29,p-3f391892cfcb,v-fcaf2c9f817a,ord-a3183f76b678,M,1,102.56,2026-10-26 17:08:17,True
c-6797ab4da21d,s-1b1743aad5c1,u-d0b94d079053,p-84a255bad34e,v-c64e9095c708,,XXL,1,49.33,2026-10-26 17:35:00,False
c-dfcef0fe6a1c,s-2af873750dc7,u-287422f30a0b,p-22f13aba5242,v-3759e4a99f9c,ord-e49c057363d7,L,1,61.46,2026-10-26 17:53:25,True
c-0ee3aa9fbfcf,s-80121920d1ba,u-1131f4d33c57,p-8a2d5897afe3,v-f337c3e60ce8,,M,1,71.52,2026-10-26 17:58:10,False
c-b33308461107,s-67c1595983c1,u-a3f1a1b99978,p-dc8bccb1bc01,v-c899fa5b3cb1,,XL,1,18.02,2026-10-26 18:32:36,False
c-eabf3fb4d4a6,s-81bdc373d0ee,u-c9dc9ee51aa9,p-75d8655c95a1,v-36d12f57f27a,,S,1,39.15,2026-10-26 19:01:27,False
c-228d77bcd9e9,s-30faf90347a8,u-1c929345e58c,p-2af279c6b985,v-911770a5374e,,S,1,32.28,2026-10-26 19:29:17,False
c-c1dc46ffbeb3,s-fed1c1f10955,u-3570a6d22600,p-20383bde64c0,v-8e645c9f5cfe,ord-70ba212b0763,XS,1,51.86,2026-10-26 19:47:16,True
c-64c25c604f69,s-54db48adab92,u-daaa1d9a5081,p-f9eb92cfed38,v-e993cbb2c5ba,,M,1,32.84,2026-10-26 19:51:28,False
c-cf99729dc47b,s-7c248ca6c473,u-291dfa191e01,p-46e2a518589e,v-dad47e8c7c2f,ord-d486058ab8ba,XL,1,50.51,2026-10-26 19:54:58,True
c-7debe8cf7821,s-d58350e8df27,u-090158eb0571,p-4876cf8dc405,v-2c9a2e888be0,,One Size,1,61.7,2026-10-26 19:55:49,False
c-6d8e43c23ab8,s-5e40e4795312,u-ad9420efdea0,p-f1cd7b85298c,v-fbe43a99f53a,,L,2,17.8,2026-10-26 20:08:24,False
c-82c2c03eaa07,s-6cfee4f3cb99,u-9791f5e15c61,p-f80920541012,v-83c4ce5ae0c6,,M,1,31.71,2026-10-26 20:17:13,False
c-6c05c46c4f43,s-c88c194e21b4,u-6ed6d45b8df2,p-9a9b31e9234c,v-74f288455a24,,M,1,61.25,2026-10-26 20:36:08,False
c-dfb71d3031f9,s-ed5a1d08dd36,u-f3de4538247d,p-e42dd6fdc97d,v-1fa1e54d9a4e,ord-870eaa51944d,7,1,58.83,2026-10-26 20:39:23,True
c-9863104a589f,s-e60719cc61b6,u-4aa9cfe6ffc0,p-208824be0f96,v-daf27c359b2b,,XL,2,32.95,2026-10-26 20:43:59,False
c-95ab0a815b15,s-2041f1a6d5a0,u-1f3f7f6c25b1,p-f95c1808f42d,v-3113198bab6e,ord-f57bed689763,L,1,26.45,2026-10-26 20:51:57,True
c-c590a22de21c,s-88945b8fa972,u-7a08add8df5a,p-ef64fa80d662,v-e522192730dd,,XL,1,82.66,2026-10-26 20:58:33,False
c-6c828c8aad27,s-de62fc5e7aba,u-fd31c5c2a873,p-434a1c832a8a,v-c0910c82ef42,ord-9a1ceb084e44,9,1,53.05,2026-10-26 20:59:12,True
c-3c1902550808,s-9c83061b1406,u-a88f818485c5,p-b772ae3969dd,v-3ca8006d31ba,,L,1,58.43,2026-10-26 21:28:01,False
c-74a822fc0c75,s-2567fffd0098,u-74f02d916085,p-d55b8eefb6eb,v-35c6844a910c,,L,1,45.47,2026-10-26 21:44:54,False
c-14ec0f1125d8,s-7aca1765f204,u-b244f9b127c0,p-c920f258e7da,v-67ad615031be,,XL,2,48.5,2026-10-26 21:46:41,False
c-37dc7576f9c1,s-471c1ce0765a,u-fe858ae5bebd,p-15c60adf322b,v-acea36a9c5ec,,L,1,65.64,2026-10-26 21:52:10,False
c-a7cde4a80d6a,s-827403ff561c,u-54704ab07310,p-e7986098445a,v-ed85af8e0ce6,ord-b40d84b4741d,9,1,70.75,2026-10-26 21:56:01,True
c-1210ded1f19d,s-827403ff561c,u-54704ab07310,p-cbe604326c02,v-8c5ffcc327b5,ord-b40d84b4741d,11,1,101.49,2026-10-26 21:56:29,True
c-e36a89422bee,s-1e9c2fb58c39,u-d1a65a768e51,p-e4dd61f5794a,v-2eb7fd69bf15,,S,1,49.96,2026-10-26 21:59:46,False
c-536af357478a,s-74f6869ef823,u-4c2d1476d2f0,p-cff14c01c356,v-12713033717c,,One Size,1,59.11,2026-10-26 22:08:12,False
c-1c2c05504a37,s-a7712d7778ef,u-444869ba0345,p-57fd048d27b3,v-0d01aeddc03a,,L,2,26.82,2026-10-26 22:30:49,False
c-fd8cad6487d2,s-fd1973662a8b,u-8154cf91ec13,p-4013d5e888a4,v-c4733735091f,,M,1,47.54,2026-10-26 22:45:50,False
c-4283d2d9665c,s-20bc85a5a1d6,u-10d48d66280a,p-6cbc89af68af,v-45578a1ee992,ord-9594914e8772,S,1,91.74,2026-10-26 22:57:06,True
c-f1cc2420f1e8,s-56029dbaa3fb,u-29a02c500978,p-88da2cd0834b,v-d0c9f4a0ee70,,XL,1,36.62,2026-10-26 23:04:56,False
c-03edec8b95f7,s-f01e6b5f16e8,u-f79d71e9545a,p-2dbdda970087,v-fc98ced70cb5,ord-eded01128a67,7,1,107.9,2026-10-26 23:15:18,True
c-e82751a0aa1e,s-be5ecc866c9b,u-166438f21524,p-4326e2fa04c2,v-c69d61084130,,8,1,77.41,2026-10-26 23:34:56,False
c-af36a99617b0,s-f2f3e6aec036,u-e7992fc7dabc,p-4f0489133aae,v-2caaf5504e49,,XXL,1,46.35,2026-10-26 23:39:47,False
c-317b1a2033ce,s-3a334ecf6e48,u-96837588aa41,p-48e02a9e02b7,v-dd8164e832a3,ord-95736bc92581,XS,1,112.46,2026-10-26 23:42:40,True
c-2be692e6952c,s-006973239558,u-a728e653e389,p-5559e7b5ddc0,v-8791534b3b8c,ord-fd8b53ea8732,XXL,1,36.54,2026-10-26 23:44:29,True
c-847639ba1df5,s-c17ed23ab4a0,u-588006129dbf,p-209038476ec0,v-d9ebe6c5308d,ord-cd24b543e302,6,1,104.75,2026-10-26 23:58:02,True
c-9d2708b69e6d,s-51607f186fae,u-1b935db9250f,p-f1112dc1652b,v-cfe659b8ce06,,One Size,1,39.16,2026-10-27 00:01:13,False
c-b8f285bee4c1,s-d4f73e34bb77,u-12fc45dfe7c9,p-7e33ffb1f424,v-16b658b46de8,,One Size,1,46.7,2026-10-27 00:09:27,False
c-cbb1c0a54580,s-767b90027f9b,u-27dd228bf20c,p-84e4f247c0d1,v-79fad6203d51,,XL,1,24.4,2026-10-27 00:14:16,False
c-4b3fe49a8aa0,s-cb2a2338385b,u-ddacebea961f,p-4013d5e888a4,v-46ea76e304f6,ord-a20e106b85ed,S,1,47.54,2026-10-27 00:25:49,True
c-04085c2011d3,s-91e0173bb930,u-3e2ad9afadfd,p-f92d27f00d3f,v-46bee758410b,ord-f8f8b84cbdf5,L,1,54.27,2026-10-27 00:29:09,True
c-74c8282f3c39,s-83b8ac427917,u-fa4bbd368f61,p-7270e31789a2,v-b3ed98a186a3,,7,1,92.22,2026-10-27 00:33:36,False
c-98ec8c2c63ff,s-83b8ac427917,u-fa4bbd368f61,p-405d5b99ff80,v-b757ba76004b,,S,1,39.22,2026-10-27 00:33:59,False
c-b5b404ab5a21,s-83a5ae4dca48,u-8b131ac397e1,p-be87f16ce5da,v-ac45fce47cd4,,8,1,70.84,2026-10-27 00:38:17,False
c-20717f31d9bb,s-92cf5546f574,u-92012cc8f37f,p-eecc407d3d46,v-fd9e65279cfd,ord-791eb20ee4df,XS,2,104.03,2026-10-27 00:39:18,True
c-56cece366d47,s-9a6f1489962c,u-c4b1b5490862,p-0dbf9451d1d1,v-eef914faf47e,,One Size,1,83.05,2026-10-27 00:48:38,False
c-74259922b7df,s-918fbf659129,u-1f7692b86877,p-2e1138dff55d,v-0aa16b219f31,,XS,1,53.74,2026-10-27 01:03:34,False
c-79e4e4254fcb,s-5f61e0cb01a6,u-ac2ebd74fffd,p-6560a8d6f88a,v-3c72d896bdee,,L,1,27.35,2026-10-27 01:25:43,False
c-ffa5363cbba5,s-daa84319e3c6,u-3b058826347f,p-472d80bd9fd5,v-d6bff4c6d846,ord-00e870866279,XL,1,58.17,2026-10-27 01:32:21,True
c-b036c760cfd0,s-daa84319e3c6,u-3b058826347f,p-682569b69b48,v-67f326c727ed,ord-00e870866279,XS,1,48.41,2026-10-27 01:35:57,True
c-a0c5e8eb76c6,s-6dc824f10426,u-c8ecd666acdf,p-4e60bf84efc8,v-ec33b2c7c946,,9,1,48.33,2026-10-27 01:39:13,False
c-67d6c4a48f80,s-be0f7220f2e5,u-64acca4fe96e,p-2b1acf230dda,v-2bd7779a278d,ord-fa5fc493d5a0,M,1,73.61,2026-10-27 01:42:47,True
c-96ff3a4f783e,s-eca3a559b4d8,u-232447046523,p-64de9c7bc568,v-4a1eeb6e125c,,M,1,55.1,2026-10-27 01:55:16,False
c-d3dfa3a8c993,s-cb18384c21ba,u-401cf42b92ba,p-538030e34bb1,v-7b68c138a1fe,,One Size,2,31.84,2026-10-27 02:10:49,False
c-1344ce840a05,s-b208d97b1e01,u-37b710e526a4,p-41bad0829174,v-875c2a68e560,,M,1,64.47,2026-10-27 02:16:14,False
c-378bce068966,s-b208d97b1e01,u-37b710e526a4,p-1c962a7f75aa,v-a1f9ccb14ad7,,XXL,1,38.97,2026-10-27 02:17:31,False
c-b781c5f5cd91,s-b79fe058e1ab,u-d20cfc96fe5a,p-8cb5295a338b,v-c55b40abe041,,10,1,85.64,2026-10-27 02:18:49,False
c-978726d94ca9,s-b7971c82d56d,u-175c631b70fe,p-809148084a54,v-7e00f846cfc0,,9,1,53.39,2026-10-27 02:20:28,False
c-1261eeb964d4,s-5a87abda3511,u-961d00f575e8,p-9cfb390e3093,v-29e53e4f2169,ord-0370ff28ea8d,XXL,1,85.28,2026-10-27 02:23:41,True
c-8e609f987107,s-a220882e5efb,u-38f77e4a5a5d,p-29c5ff163998,v-5a01ddd61d6a,,M,1,13.73,2026-10-27 02:30:49,False
c-5271cbe3d5f6,s-e68c2f6791e6,u-66b94547b309,p-d05a5f84d01e,v-9436eace4515,ord-ec34af9d4a6c,XL,1,39.54,2026-10-27 02:40:02,True
c-a44a7f0a8007,s-d4741906dc47,u-cb137f3c3fd9,p-3ab4f6a8dc27,v-707307edd6ba,,M,1,64.54,2026-10-27 03:13:05,False
c-b27b4fab5cec,s-a3a7d097a00e,u-9d2888c11fd1,p-d37713fb762d,v-9d08aec119e0,,L,1,47.75,2026-10-27 03:15:14,False
c-158356cc4c4a,s-8b57264138ea,u-d9f4f8359da9,p-bdbf7cfab11e,v-f518c3fbf995,ord-cc172965bb15,M,1,62.01,2026-10-27 03:20:03,True
c-2085171230d8,s-9b032475f4fd,u-1a37e3538fc0,p-125e63056034,v-2b4cf15732ee,ord-9010b5ed4cc7,XS,1,44.94,2026-10-27 03:40:14,True
c-919f09e69fb0,s-63908a847d49,u-833a45ea154e,p-1a162cf9b8c9,v-043d7d6d0243,ord-8b887aaa4c42,S,1,59.4,2026-10-27 03:59:05,True
c-d2de54de16d9,s-12794275a097,u-ddb96a814b7e,p-0f4c4521029c,v-a8e22890ba86,ord-38f95948d1df,11,1,56.87,2026-10-27 04:08:18,True
c-d4eeab186bc1,s-021c26283125,u-7a9e858a188f,p-4ed4e987ef74,v-4c1ddd0c22a6,ord-78a9fe896931,L,1,29.29,2026-10-27 04:13:07,True
c-ea2d1229c899,s-5f79aa0900c2,u-2772a83e6736,p-5bd75779ffa7,v-8a332e117540,ord-066a4bde250d,XS,1,55.25,2026-10-27 04:33:09,True
c-1f81ee202723,s-584630731e46,u-35246ee29ff7,p-24e9b1fbb200,v-bb504bb6ae00,,XS,1,35.76,2026-10-27 04:37:30,False
c-04ecf9142041,s-494e6189f646,u-c18809ea6c0b,p-9fc18e888ed7,v-05db262f95a3,ord-2aab59a9f3df,S,1,73.43,2026-10-27 04:51:19,True
c-72afc82d111d,s-90ca26cb2a70,u-98472074cfc3,p-472b66e95c70,v-8ae35eabf8d3,ord-43a772d0b5cb,S,1,61.32,2026-10-27 04:59:11,True
c-8175298d63a0,s-b1312fe880c6,u-8b7309136bee,p-2db6ca4f8bdd,v-13e115d9b8a6,ord-690232643542,7,1,106.9,2026-10-27 05:39:42,True
c-bf36e6f36246,s-b1312fe880c6,u-8b7309136bee,p-7694533ce399,v-5601bdb947af,ord-690232643542,S,2,75.12,2026-10-27 05:40:47,True
c-e70f9cb17341,s-8c221d756d83,u-288541c18c73,p-84f9ef44c2f8,v-4019fbe9bc15,,XL,1,74.04,2026-10-27 05:41:38,False
c-a781338cb5cf,s-5df412675d40,u-10da9feb4754,p-784683fcbf2c,v-8e09306c80d0,,L,1,22.73,2026-10-27 06:09:52,False
c-30f64630efd6,s-77c76bd17bab,u-abfc5012ed26,p-474a73bfaeb6,v-20b1c3fb329f,ord-b2f41f5d4965,L,1,31.02,2026-10-27 06:14:44,True
c-91088b800588,s-fe784ac6f82b,u-326303e85a6e,p-9905d291bc19,v-669de3f6cf9c,,9,1,64.03,2026-10-27 06:15:36,False
c-6068589c7c2e,s-fe784ac6f82b,u-326303e85a6e,p-3dce55a40c71,v-61695c3d138e,,L,1,50.25,2026-10-27 06:15:45,False
c-edfdde5c64be,s-95db90633420,u-ed9c8699fa29,p-95a1f7624783,v-2cd78df242f2,,XL,1,46.9,2026-10-27 06:36:04,False
c-0559cf5e3e4f,s-0a640f974022,u-0b4768fe3f1d,p-805db5e2669e,v-bbd14620fecc,ord-ec85f63c19fc,XS,1,88.26,2026-10-27 06:36:13,True
c-032e15d6b284,s-3e39fa2903ef,u-f5f7df97942a,p-fb40cb39b90b,v-fdd3c7a607fd,ord-1f07f22648f7,L,1,49.31,2026-10-27 06:58:13,True
c-973dd7ad9b53,s-fd2cb56d0c00,u-746787300023,p-8751b338486b,v-fb0782f7620e,ord-4d71aaf5aa9d,L,1,96.4,2026-10-27 07:15:02,True
c-d12d90b18bfe,s-0a53818e1760,u-e55782545933,p-78591900b440,v-22ed3d5ee5c1,ord-d26a5fb20866,M,1,75.8,2026-10-27 07:15:10,True
c-121fda964b28,s-9c92d079e133,u-934fb9270043,p-1673ab84f4ab,v-60c69743aa86,ord-e5677b17e5ab,10,1,65.29,2026-10-27 07:41:32,True
c-b6e10960694b,s-d2395fbd9e07,u-5f0d15a7245b,p-e1e74cef3ff9,v-ce2e5b02de82,ord-668c109d060c,L,1,27.07,2026-10-27 07:46:05,True
c-602dbe8eaf2e,s-700bf78e0cb0,u-ca144ec84750,p-1db2e3f66d18,v-4f67f41563cc,ord-8db7579d356a,L,1,52.04,2026-10-27 08:13:47,True
c-ac06692fa266,s-700bf78e0cb0,u-ca144ec84750,p-469de43e6121,v-30d0a9a21db7,ord-8db7579d356a,M,2,58.09,2026-10-27 08:14:37,True
c-8b4b9cb7d547,s-db8e39baf222,u-3486c2a78d6c,p-71652fbd6d8a,v-47cb735222b1,,XS,1,47.4,2026-10-27 08:15:39,False
c-001da0e24422,s-8a8e70fa8910,u-5b6722d49e47,p-18ab3b9c2366,v-46a568699646,,XL,1,83.84,2026-10-27 08:34:25,False
c-622f8dd0df88,s-e57f11bc0097,u-e3d0557aa61d,p-89f133d79724,v-ab4773ba4d7b,,S,1,43.34,2026-10-27 08:53:06,False
c-360154b30b21,s-4f14deeefd93,u-d31ed3e9fbc5,p-d2fcc92c6722,v-89d8004971a0,,XL,1,59.8,2026-10-27 09:07:44,False
c-d32276d0eb38,s-013c6c0cd806,u-98d6b241c559,p-05a2b020151f,v-419429c671db,ord-85ea9b2c0336,XL,1,41.16,2026-10-27 09:33:30,True
c-12741e30de34,s-013c6c0cd806,u-98d6b241c559,p-7e1e670c9500,v-1335ddd382e4,ord-85ea9b2c0336,L,1,40.29,2026-10-27 09:34:43,True
c-9eaf58d6add8,s-65a0551d910d,u-3435a2cee9ce,p-de5460e8db31,v-01d6e5baf102,ord-fd330179e082,XS,1,77.92,2026-10-27 09:52:12,True
c-cf5e150fb378,s-d9800d5deb72,u-43cdc3b20186,p-4b8dbd755c9c,v-5eb56b86db8d,,S,1,73.65,2026-10-27 10:06:08,False
c-abbda1eb80ee,s-ea1d78eca1a2,u-529f4960bca1,p-e6efd8eb6c71,v-9c13be20608c,,L,1,41.02,2026-10-27 10:11:02,False
c-43c0d9c818d3,s-26901b5b67bf,u-ce2040565188,p-2c17ba737ded,v-8f134ad01ffb,ord-21b4bdbb1b8d,S,1,54.53,2026-10-27 10:14:45,True
c-f0104e930194,s-27a69be3a1a0,u-9e8ae8eba500,p-27785fcb8ce9,v-de1fe16ea326,ord-3f9f15b88f45,M,1,53.72,2026-10-27 10:17:32,True
c-741fb26fee2e,s-6a126670e889,u-650698a4288f,p-18831a764f6b,v-abf335a8bda2,,XS,1,47.66,2026-10-27 10:21:08,False
c-c60a100fd563,s-b160f9611566,u-132e284ac635,p-328a7ed908d9,v-5d56ce5018e7,,XXL,1,39.22,2026-10-27 10:22:56,False
c-fafc917ef72f,s-b160f9611566,u-132e284ac635,p-f98e7488c417,v-f493914b0ec9,,M,1,47.09,2026-10-27 10:23:52,False
c-4c384e9f0990,s-95115bbe09a0,u-f50f42f9f835,p-f04a689fac6a,v-7d6cefe08a67,ord-97a11aed1f3a,XL,1,76.53,2026-10-27 10:28:49,True
c-14ad43759a24,s-cb64457ee577,u-aaa4c33373e4,p-e8bb932b349e,v-b8b048855a07,,XXL,1,33.67,2026-10-27 10:44:29,False
c-317d169191a6,s-8d5077a6e7c5,u-724ceae5d834,p-46e2a518589e,v-0775f3931de4,ord-9a52dc8ee4e2,XL,1,50.51,2026-10-27 10:49:11,True
c-d7f4332f496b,s-632a3b3bf5e8,u-5a8b163a96f7,p-bebeb3001c0b,v-a333fcee8784,ord-1e9308855c7b,One Size,1,59.26,2026-10-27 10:54:25,True
c-8c5fdd44c1e9,s-88b1a3844dab,u-3ae06bcf7a42,p-c3b1ef17c41a,v-dd1cd0a4242f,,L,1,42.32,2026-10-27 10:55:17,False
c-3b8e168d1a2e,s-4c2296780b55,u-7322a608a875,p-aee736d3ee12,v-3e3ffa1b08c8,ord-bb104e488534,XXL,2,46.11,2026-10-27 11:08:40,True
c-3009818e2e87,s-23794cc52e67,u-f103092f6f9c,p-6f9c939d4ff5,v-9044960a163b,ord-c5a3824975a7,One Size,1,23.04,2026-10-27 11:10:26,True
c-f484e3dc6aad,s-23794cc52e67,u-f103092f6f9c,p-57b3fb360f53,v-6c77425db82b,ord-c5a3824975a7,One Size,1,28.25,2026-10-27 11:11:29,True
c-a23354f6a89e,s-712e9692e529,u-28c2ef1a4046,p-26b848cb6a4d,v-f050134dcf68,ord-091c12cc7afb,XXL,2,63.57,2026-10-27 11:18:28,True
c-8bdb35b9a1b7,s-52250f500f6c,u-46cd01e19d77,p-f48777346cc1,v-3605f192bb0d,,11,1,52.61,2026-10-27 11:37:01,False
c-9193c221e731,s-d791dc00b780,u-80bf336a9302,p-ca6ed4035275,v-9dbfabce2b8c,ord-e93e6b1441d1,S,1,51.0,2026-10-27 11:46:56,True
c-659fa47314d1,s-f22e87809a79,u-3dccd7836e21,p-ec8f9ff55280,v-ad1cddbd8308,ord-ea8ee5e7c24d,6,1,89.79,2026-10-27 11:51:10,True
c-dbb380a4f7ba,s-c84ae655559d,u-a1ec1f94b6f4,p-9789e192ff3b,v-afa86160808f,,XL,1,23.52,2026-10-27 12:08:13,False
c-0b1712f49aa9,s-2a32100ad12f,u-3e354a0cfd38,p-54e981973e62,v-2c3df0f5d023,,L,1,41.73,2026-10-27 12:19:35,False
c-9f6d0b4ae8ea,s-079125ba2614,u-577de7eced5f,p-0390992dfbcc,v-6aafa977f279,,M,1,37.45,2026-10-27 12:29:42,False
c-ae9ca91a5f81,s-079125ba2614,u-577de7eced5f,p-f49125a00aae,v-68cde7fa752e,,S,1,67.89,2026-10-27 12:32:04,False
c-73684253b3da,s-60a917b662d7,u-9322a50f829e,p-46e5bb235246,v-d23317b23267,ord-bcf408b280d6,One Size,1,68.25,2026-10-27 12:32:49,True
c-3ef3dcefc9ca,s-60a917b662d7,u-9322a50f829e,p-a7056dae3b68,v-c584d8fe84e9,ord-bcf408b280d6,One Size,1,43.39,2026-10-27 12:34:09,True
c-1569a4cfd07f,s-9d6a055e08ef,u-b1c017e1a792,p-ae6aa2f6a8b7,v-4b8e16113cc9,,M,1,66.64,2026-10-27 12:37:27,False
c-69587d11722b,s-8f88653c9a61,u-e70523ffb1d6,p-c482a4bd377f,v-9c44d25bec4d,ord-dd2fede4571f,One Size,1,94.47,2026-10-27 13:00:30,True
c-dda32f806910,s-b1d5d567f858,u-f6e107847e14,p-88da2cd0834b,v-51b3b887b560,,XXL,1,36.62,2026-10-27 13:02:21,False
c-022cfa5b8b63,s-cc916bb6c6ec,u-cbf5df1178ba,p-badbb3761af6,v-ced645d6494f,,S,1,35.66,2026-10-27 13:10:55,False
c-30f33ea41d47,s-971e354028e5,u-9e0b6f7f72e2,p-47fc72087c16,v-76dde7b190de,,One Size,1,59.4,2026-10-27 14:06:29,False
c-86f811e1608b,s-01c190263441,u-52c3c782832c,p-89eeb4197e75,v-29fdd513aa92,,XS,1,70.99,2026-10-27 14:07:47,False
c-09b3ef11a216,s-8b745ab6d475,u-9c04802b2fd0,p-2e0f985ed7f5,v-c75c64699481,ord-7d0e796522a2,One Size,1,60.34,2026-10-27 14:24:55,True
c-33c727b2f2f0,s-1f5565b1eb4d,u-70ee1f2da3d9,p-402523ed70c8,v-04e2d50d76b2,ord-e2a118962b1b,8,1,57.18,2026-10-27 14:29:29,True
c-e81d1164d4a7,s-38017b970fe3,u-2a634814d8ac,p-197441774e00,v-15e3e9f9bda8,,M,1,47.03,2026-10-27 14:40:00,False
c-f9879d9dc171,s-a2a759e5eee9,u-14568cd6ad51,p-974062241d7b,v-b5e8543c707d,,XS,1,28.13,2026-10-27 14:54:55,False
c-b4e0bb0c24cc,s-04b8b5acdc29,u-34a42bcc88ec,p-0d7a22b5dfa3,v-d7a53f2753e1,ord-16b681d2fce9,XL,1,63.79,2026-10-27 15:00:07,True
c-89479d5fd611,s-2b7e7a411fea,u-0830becde895,p-3c1893db767d,v-032333b20c06,,XL,1,40.75,2026-10-27 15:00:45,False
c-03d609194b9e,s-12ed4be63117,u-409bc1f4ab9e,p-a09781a1c7da,v-3b13c0a3933a,,M,1,48.82,2026-10-27 15:02:08,False
c-13e58953e497,s-04b8b5acdc29,u-34a42bcc88ec,p-fb5df7482392,v-9a827d53ae8c,ord-16b681d2fce9,XS,2,71.84,2026-10-27 15:02:18,True
c-d9af5a650811,s-eed8583dac36,u-5dba2d59b2fb,p-5c1370534b6a,v-c060caa5b679,,L,1,43.97,2026-10-27 15:06:50,False
c-00a2c52f7bf1,s-e7b32c296858,u-bb7e29b86a04,p-5be1ceedab47,v-2aa7b7a323b9,,L,1,67.34,2026-10-27 15:18:09,False
c-8fbffe17be1b,s-e7b32c296858,u-bb7e29b86a04,p-c4b9918aac71,v-e7fe414819b7,,8,1,112.91,2026-10-27 15:18:11,False
c-0e396b9930d3,s-7b7a238642e4,u-331ec0aeb17d,p-373910a7c95a,v-0479c6b91f2e,,6,1,60.12,2026-10-27 15:28:16,False
c-205f0b871acd,s-964f1ce92a03,u-88e8e8496723,p-9cfec85a6966,v-51576e8df3af,ord-d29a941a770a,8,1,75.58,2026-10-27 15:42:48,True
c-e331a56da5e8,s-94e7a23ac871,u-2a155fec83b0,p-abffc77ec41d,v-bacd0503a261,,S,1,70.02,2026-10-27 15:54:08,False
c-412a6d8e495a,s-73e7ec8892c5,u-1182e9d2dd21,p-54e4e0c5173b,v-c0e05f52eec4,ord-9246b3ff6607,L,1,54.85,2026-10-27 15:57:58,True
c-9705a068bfbf,s-889538bdecc4,u-1edd02c5fa8e,p-983083e00ce2,v-152086b71165,,7,1,68.28,2026-10-27 16:23:32,False
c-2c8488cecf3f,s-78cc212e9ea1,u-33fb592bcf7d,p-14cbac75d7bf,v-e4c106db6586,ord-3ffd8558a861,XL,1,52.41,2026-10-27 16:28:31,True
c-de01bb6e5f33,s-bb9c212cc505,u-b1dae6d6d5ad,p-bd63dc35718e,v-11f1514f2228,,L,1,32.33,2026-10-27 16:31:12,False
c-e039cf9048c4,s-f44499907771,u-a34a4ceed8cb,p-4ec922dd60ba,v-6f66b0262105,,XXL,1,44.6,2026-10-27 16:39:41,False
c-8fa2cf145d34,s-418f5d781a4c,u-ddec25c31c8b,p-ec12488d157c,v-6c433871416a,,S,1,75.52,2026-10-27 16:43:19,False
c-dad86600291e,s-e59c705bb5df,u-49d88050916d,p-4013d5e888a4,v-7724bff7457c,,S,1,47.54,2026-10-27 16:59:15,False
c-67f29dd9a0ff,s-e59c705bb5df,u-49d88050916d,p-fd84f6a26e19,v-974ad7aee6cf,,M,1,37.41,2026-10-27 17:01:06,False
c-c60f48d17234,s-9e685b7b09ec,u-975bc080d638,p-f1b283c15a56,v-95e0ff3a4c0a,,S,2,41.02,2026-10-27 17:07:35,False
c-f491d944ec04,s-2c0dfad047ea,u-adbe64df88b0,p-699ebe9cd2ce,v-bc00c9e3f9b3,,M,1,41.74,2026-10-27 17:26:39,False
c-90e95eede9f2,s-6928bffce19a,u-a2750aca0f12,p-af28da2070e6,v-329eaf7046a7,,9,1,74.29,2026-10-27 17:49:11,False
c-fa0f2c8cf68c,s-6875dcc8678b,u-f878ac10e424,p-40b685e950bf,v-63cf0351a4f6,,One Size,1,40.34,2026-10-27 17:49:57,False
c-faf781ba8ae0,s-95f87b75119d,u-6593631f8a5d,p-1cc9a3380939,v-ced996a9ba20,,XL,1,38.5,2026-10-27 17:55:35,False
c-b8a438524c1f,s-6c30c510d22d,u-9b05ee8ea0a3,p-a96f6b41622b,v-7d8147c49282,,S,2,57.86,2026-10-27 17:59:03,False
c-37d9b3fe9590,s-5a81d0298352,u-8e2856332937,p-d6e0ba2b3cf1,v-5913ed9333c1,,XS,1,38.35,2026-10-27 18:01:22,False
c-3e0065633414,s-22182079d1d1,u-131f472c64d4,p-7bc4d08cf7ec,v-16a573ae83b1,,11,1,78.93,2026-10-27 18:18:00,False
c-7bb8eda77930,s-063e360ba5cf,u-8b945ccb5af0,p-abdb144d2fdc,v-262659b29fc3,ord-04444b4b6242,XL,1,54.3,2026-10-27 18:21:30,True
c-dd44d18b0d08,s-99a146d4354b,u-cee0a43c4e6a,p-b886e57e01a9,v-3c5fb89897b1,ord-19bfc5881a2a,XS,1,43.73,2026-10-27 18:53:40,True
c-90597fc0d79a,s-5880638dde5a,u-3fb2177dcf72,p-69daf4452ca8,v-59425314a46f,,XXL,1,23.55,2026-10-27 18:55:48,False
c-b95a787f1603,s-8b546397cba2,u-8a8b540ad6ba,p-02862d6b4dd9,v-f28c39faaf91,,10,1,66.67,2026-10-27 19:02:44,False
c-92d291e95ea1,s-9ad0ced9adc6,u-4785839fb7c5,p-71652fbd6d8a,v-33290acb7c72,,XL,1,47.4,2026-10-27 19:07:00,False
c-9ecd51ae6920,s-dc55ef8e33ea,u-2a6fdea9083d,p-fe0b26353908,v-c9e6fbf12101,ord-0fee07471bfd,L,1,22.25,2026-10-27 19:08:33,True
c-3821ba01af9d,s-11e4b88b3e73,u-b875607a424e,p-3c093e1e2d52,v-f84a9410553f,,L,1,76.72,2026-10-27 19:09:02,False
c-138f23144583,s-c638f83a175d,u-8696f3009f71,p-0e2dde105bc4,v-5ccd49757b26,ord-558e86916348,7,1,83.34,2026-10-27 19:10:22,True
c-671e0bc0fc27,s-11e4b88b3e73,u-b875607a424e,p-83f86f04f0a6,v-d0421393a432,,M,1,42.37,2026-10-27 19:12:11,False
c-b0e3c7995ea1,s-27b020956e7d,u-ea24f38421d8,p-b9f259c3ba6e,v-25a97dc03a52,ord-ca416990fbbf,XL,1,79.67,2026-10-27 20:00:39,True
c-8fc630f5f4c7,s-233d126133d7,u-d3a047d28c1c,p-4f0489133aae,v-bf5e6e825197,,XXL,1,46.35,2026-10-27 20:01:01,False
c-f1f3b79528e0,s-8991c1d20395,u-63b3c7c221e1,p-83f86f04f0a6,v-0f1b779878d4,,XL,1,42.37,2026-10-27 20:01:36,False
c-e2676ea53208,s-27b020956e7d,u-ea24f38421d8,p-2295660ccb5d,v-6df2199a0a8d,ord-ca416990fbbf,L,2,94.61,2026-10-27 20:01:53,True
c-15bd551969c9,s-09c4f647d434,u-bee2f35661b2,p-0d50a8dc2077,v-2cfffa63a075,ord-eed91df48cef,6,2,73.52,2026-10-27 20:08:35,True
c-e4ebfc47fc1d,s-bb064de141d7,u-f8198ac4870d,p-8b63f71db8fa,v-f6c07c8a34ea,ord-e2ec5b11eb4e,One Size,1,105.42,2026-10-27 20:15:55,True
c-bb156689d93c,s-ab6370233f72,u-e777fedaf590,p-209038476ec0,v-5b992251e649,ord-3669087d69a3,8,1,104.75,2026-10-27 20:27:47,True
c-31e07bd27e3b,s-22389989758f,u-415f94ed7618,p-ddf414f69e8f,v-4f36cfeaf8c3,,XL,1,71.4,2026-10-27 20:31:14,False
c-837c0326b6cb,s-243466da49fb,u-6ed098360bf7,p-ef4fd58a911d,v-e3cab7c8dddd,ord-62914e3e07bf,7,1,76.2,2026-10-27 20:34:38,True
c-13b56aa08573,s-764e3b9f1b46,u-3427dca6519c,p-1e3a15d332cc,v-aefe17a63558,,S,1,34.78,2026-10-27 20:35:59,False
c-8310ded88bc5,s-fa5d6db0c96f,u-6c2c26405880,p-e53b84b85174,v-6e00bc9b3a7b,,11,1,106.39,2026-10-27 21:01:45,False
c-dd3ef8c1ed13,s-bb138f2d5e96,u-9bb8f9309a03,p-6560a8d6f88a,v-77bbc562ede3,,XL,1,27.35,2026-10-27 21:10:35,False
c-ea93d6081e2d,s-28eb6cb7d23c,u-f8d4e0bad202,p-1c0258525d95,v-d8ab75cb90e6,,XXL,2,58.8,2026-10-27 21:20:36,False
c-bde1a1c1502a,s-5c8e283826eb,u-1b49ec1cad57,p-b489dfc0896b,v-1f44168fe1b8,,L,1,65.34,2026-10-27 21:23:56,False
c-423b8e974690,s-49084be1dcd4,u-1a2dac78dca8,p-16cc6e122e17,v-31d8144d6fe1,ord-b7e82db5a2d1,M,1,57.67,2026-10-27 21:27:52,True
c-527f647353df,s-69c730849525,u-c025893ca559,p-494e1d869247,v-cdfd00ce6e4b,,M,1,26.47,2026-10-27 21:34:52,False
c-b5cf181fd14a,s-a70482f90d06,u-c63c1d28556a,p-88b5fb620fef,v-ff4e5035fc1d,,L,1,40.39,2026-10-27 21:36:07,False
c-fb409c384855,s-bce3eb941de4,u-d308aca3c5df,p-0df148d5c5bf,v-01c7e0835981,,XL,1,57.71,2026-10-27 21:39:17,False
c-e6d6fd438efd,s-c73e2fd73e88,u-4d3ae155e534,p-0f6b99d8b4ae,v-46b333558326,ord-0926617d6617,S,1,76.49,2026-10-27 21:46:48,True
c-a5d5e467f338,s-30e662f73a99,u-47b999f95c06,p-4264354cb59a,v-05994ea8d664,ord-4519352c48d7,7,1,44.84,2026-10-27 22:16:15,True
c-fdf5bf91b796,s-30e662f73a99,u-47b999f95c06,p-22c6b923538c,v-833b6b16531b,ord-4519352c48d7,S,1,42.28,2026-10-27 22:16:49,True
c-e1f6facb4543,s-4b0b96783e77,u-2b7f781915cf,p-00c8c546f357,v-c29e62a08779,,L,1,109.84,2026-10-27 22:32:47,False
c-49303df8aa6e,s-9e40ffff28e9,u-95b3b0b988d1,p-84f9ef44c2f8,v-725de7e3419d,ord-5b877afa8092,S,1,74.04,2026-10-27 22:43:36,True
c-0dd284ffd17a,s-d8e8f14deeb3,u-3884cebcfd4d,p-8b25b835eb00,v-bd96e929da46,ord-55c6b4c10d2e,One Size,1,61.04,2026-10-27 23:07:38,True
c-9e076cb7da97,s-d8e8f14deeb3,u-3884cebcfd4d,p-29579ce98c2b,v-d7368484c531,ord-55c6b4c10d2e,XL,1,35.77,2026-10-27 23:09:12,True
c-a3e83d66e261,s-50d79e056bf2,u-4b0d8dbbc4b4,p-8493fde57fa9,v-098512f693e1,,XS,2,31.88,2026-10-27 23:22:53,False
c-5930bfe796ce,s-97e8da874c1e,u-0fc3a55acc87,p-8fd09dad4446,v-af5b6cf585e7,,XS,2,79.16,2026-10-27 23:36:29,False
c-4fcbe22d5a4e,s-a5374881585f,u-2cd1fde5ee0b,p-d3cdead1b72e,v-b81bad488515,,One Size,1,52.62,2026-10-27 23:43:26,False
c-3a2b49d9a089,s-581b34c9c9d0,u-dc4b00fc367b,p-a09781a1c7da,v-eb00b43b7d1c,,XL,1,48.82,2026-10-27 23:54:19,False
c-7e063cfce4ac,s-c4b2d68e5071,u-78db8cc88ee4,p-e1a5676dc6ed,v-a213eb8a1050,,XS,1,101.57,2026-10-28 00:04:32,False
c-475d3ce488f3,s-298fb4bb73b2,u-2dd277d37342,p-adf9d571e891,v-802ea7c060f6,ord-f5278493a6ea,L,1,68.99,2026-10-28 00:35:50,True
c-83c5610c4ed9,s-d2a3f9a2fe1a,u-c98d142b9be5,p-e37e6586069e,v-315c822314f0,,M,1,63.17,2026-10-28 01:06:04,False
c-9442c3e38c71,s-8e32e92f1568,u-d5d7b61ceeec,p-7e7e2b6abbf6,v-b63524da5ce9,ord-c09fd5fa3bf1,L,1,63.74,2026-10-28 01:06:43,True
c-e970bac0f07e,s-d2a3f9a2fe1a,u-c98d142b9be5,p-6eadf48f7814,v-2f166ab44d58,,6,1,86.92,2026-10-28 01:06:57,False
c-ff1ca7c50133,s-e46c30d8da3c,u-f228ac56d66a,p-0940c8a5ab1f,v-ff461944a517,,XL,1,45.44,2026-10-28 01:16:19,False
c-21dc6374acfc,s-e46c30d8da3c,u-f228ac56d66a,p-7edf1cca010b,v-426214b02f8f,,XL,1,53.28,2026-10-28 01:17:47,False
c-ebdeac14ca73,s-3be9af889ff8,u-dd221d27726c,p-e3a5dd7ffd71,v-91d125d67a6f,,11,1,113.09,2026-10-28 01:31:05,False
c-6c34e3c58950,s-882c0b35116a,u-37fa93366e34,p-58b28012d13f,v-fbd6718239ba,ord-51d5d94a859f,XXL,1,91.97,2026-10-28 01:41:13,True
c-1787585ca718,s-0198fba2e1cc,u-049a0cf6e3fb,p-f6f485d31c53,v-84048f92396a,,9,1,88.55,2026-10-28 02:04:49,False
c-d6fb5c07ed29,s-842ea12ffc24,u-d5bc5ace096b,p-958be5554b51,v-5453f9441cce,,S,1,55.41,2026-10-28 02:07:44,False
c-4bcde76f8ed6,s-fc208ea9b43a,u-e738c52943d2,p-fd84f6a26e19,v-23a77db49bc0,,S,1,37.41,2026-10-28 02:18:21,False
c-03bc7aac2cae,s-fb65cd0969fd,u-4567d291d6a7,p-7acfcbbb64c6,v-a9b8ac90cdda,ord-cbafcff3224d,S,1,69.95,2026-10-28 02:53:37,True
c-9414975769a0,s-955ae117e90a,u-9ce146b43358,p-ac5a3a657cfa,v-049567bd49a0,,M,2,48.83,2026-10-28 02:57:39,False
c-c906b63d2f27,s-1146b21eec17,u-dc7c6a9f4e6f,p-7a557ff146df,v-0d3b046fcef7,,S,1,44.41,2026-10-28 03:11:00,False
c-d0fbf6122f52,s-fd5f7b032ffb,u-4dc585352584,p-88ea4660c534,v-a411738655f9,,XXL,1,51.89,2026-10-28 03:31:45,False
c-244f5534967a,s-2a989a518f39,u-e280e3f96598,p-a9bf267d0008,v-6bff20671b29,,One Size,1,112.47,2026-10-28 03:38:53,False
c-7a2e7d3a9462,s-cbe3042ad280,u-8d9be691b789,p-00a8d17239df,v-a4793b91f4a3,,One Size,1,75.14,2026-10-28 03:43:39,False
c-f6156db88576,s-cbe3042ad280,u-8d9be691b789,p-7b52c1ecbb45,v-5a9c62495897,,XL,1,30.77,2026-10-28 03:45:08,False
c-075d88a864bd,s-25686b807141,u-30fbbeccdd8d,p-b1ecbc03f8f5,v-6d97f556319e,,L,1,32.22,2026-10-28 03:52:55,False
c-a6d1c1c140dc,s-adc871d6da05,u-9e317398f380,p-adb0d6a94a5a,v-100bf93912ea,ord-7e76614a9c8e,S,1,50.21,2026-10-28 03:57:05,True
c-45f2bf3c81cf,s-37aa0c557724,u-cac57fcaff14,p-4131172a7f05,v-03475b146c3c,ord-09a5095dfc7a,XL,1,80.36,2026-10-28 04:17:56,True
c-3294ae903f27,s-6947e3385f13,u-1815798c035c,p-a1c0e35d7eb4,v-bd07f7756e02,ord-78d6e221e44c,XXL,1,62.21,2026-10-28 04:20:13,True
c-c3ba3b0e62fa,s-6947e3385f13,u-1815798c035c,p-cc7695324c2a,v-2c85b0ce3d1c,ord-78d6e221e44c,XL,1,93.75,2026-10-28 04:21:25,True
c-79c429808f80,s-061b2a42dbd8,u-fe4df86fc065,p-a21a125ce712,v-5096b6117e0d,ord-5a4468f33669,XL,1,59.31,2026-10-28 04:24:09,True
c-2837d651ce6d,s-d684e6e19924,u-8d0d4fec6e42,p-e5be92dcd42e,v-d526c5112678,ord-502f8825cb5a,L,1,72.66,2026-10-28 04:30:20,True
c-379da1b59083,s-9ac09c990f6d,u-25923f5b371a,p-39e777735708,v-25046d18bfc4,,XS,1,104.83,2026-10-28 04:39:08,False
c-87f09f227637,s-3cfa36622f70,u-7d934fc7abaf,p-1e8aaed3ffff,v-6228dd8dc94f,ord-6a6551b7a567,9,1,106.06,2026-10-28 04:39:46,True
c-6d5462a658bb,s-45ae9ab61619,u-004075462b61,p-866026ab9dd8,v-e388164cee09,ord-6134264d7b25,XL,1,46.78,2026-10-28 04:46:13,True
c-5efae14fdd26,s-d3c910d41ef6,u-13ea30dab56e,p-0f4c4521029c,v-ba93d38fd1f8,,7,2,56.87,2026-10-28 04:48:02,False
c-80471e039668,s-76eb33fae0b6,u-50fb66b1440a,p-2303cf2178e4,v-e3cac52d0849,,S,1,42.12,2026-10-28 04:53:32,False
c-45b9c3eb4ad2,s-81ef2b2b8f24,u-913346c91155,p-42ade3abd0a4,v-7004fd22e159,,10,1,69.08,2026-10-28 04:54:50,False
c-8b6870167bf9,s-81ef2b2b8f24,u-913346c91155,p-f6e7a298a440,v-d895f61d242d,,11,2,134.59,2026-10-28 04:56:10,False
c-aacd550e03b8,s-0c2d9d5d0684,u-9eb9b96a9978,p-3dce55a40c71,v-e1069df333de,ord-1baef500290a,XXL,1,50.25,2026-10-28 05:13:01,True
c-174e6d13c8ff,s-0bc150275471,u-4485daa04bdd,p-0a73233a12ba,v-dfc51fc32ea9,ord-3c48af69d167,M,1,51.25,2026-10-28 05:14:02,True
c-47bdd56db451,s-a7311f4df876,u-b7de2d4c03a0,p-41c47ddd791e,v-b0804de12333,ord-f2d1a4e7e150,7,1,116.6,2026-10-28 05:18:00,True
c-d6f47e97eb65,s-e5867abd7378,u-17cfe63d2359,p-3484e06c8c9f,v-747eea1a7055,ord-d6caf5f6ea57,6,1,56.92,2026-10-28 05:22:24,True
c-ed35feb8a903,s-24a762cf492b,u-33b64d3c538e,p-12233123767c,v-86997abe0338,ord-400d5530676d,L,1,43.46,2026-10-28 05:30:07,True
c-d5e88fd34469,s-4462c84b1516,u-fe2bcc2a274e,p-8c3247d330bc,v-e046f20a8f9e,ord-93eb35d452a6,M,1,54.98,2026-10-28 05:42:37,True
c-aa992912a4d4,s-40a9539ac62d,u-e8effa55285d,p-f6078bb565ea,v-9bc1009ceee6,,One Size,1,19.82,2026-10-28 05:45:58,False
c-e31cdc152819,s-8c8d19603a29,u-a2e1ff753e70,p-a6dabcb913c6,v-4ca46bf9b5a8,,XS,1,50.6,2026-10-28 05:55:44,False
c-e3b12e83c24e,s-c97083b40aef,u-d9ff879ecb7b,p-b20bb23aee24,v-e941ef20ee7e,ord-4ebafda30ed2,L,1,51.24,2026-10-28 06:07:12,True
c-28d3399e0fab,s-83ebc160db19,u-4fd83b7e3826,p-6eadf48f7814,v-22107c2803a8,,10,1,86.92,2026-10-28 06:50:30,False
c-2cb29cbba89e,s-d167404ded84,u-64fcc452668c,p-dad82f0e4b87,v-f909a05c905c,,M,1,50.16,2026-10-28 07:00:41,False
c-79c1c92b42d6,s-041127332bfa,u-543211b667ad,p-896ee782e212,v-9b826ccbf89b,ord-88c268105a12,6,2,113.62,2026-10-28 07:09:01,True
c-57e06107b37c,s-3ee935222237,u-42c221fe95a0,p-48da289a0d6d,v-aed5f4f38794,ord-c7308dfca7f9,L,1,48.62,2026-10-28 07:55:08,True
c-749e309c5c16,s-c8d94f3e5a3c,u-60b4ef977d8e,p-29c5ff163998,v-323de9284f3a,,XXL,1,13.73,2026-10-28 08:11:54,False
c-970419e30475,s-32044808d909,u-c1cf26604b83,p-1adf07a88a4d,v-5219e566a2a2,ord-162334a248d1,XL,1,66.89,2026-10-28 08:41:59,True
c-f00f4c2cceac,s-8a46c5459c10,u-e7b017c3ff6d,p-4199a4fbd96e,v-f49f3ea22659,,L,1,37.43,2026-10-28 09:17:43,False
c-4afaf599146a,s-cb6c82f8c18f,u-0f468e687e17,p-28d63bfb0cb0,v-d1e7a59b71a2,,XS,1,34.49,2026-10-28 09:37:05,False
c-3b6060f02688,s-d273fc842e60,u-a1899d6d70d6,p-d85ea8547bbf,v-5eaa6868c8dc,,XL,1,73.17,2026-10-28 09:37:23,False
c-b387126afff0,s-d3c62486b93d,u-5fa15e996acb,p-a5a2486fd335,v-c84e72849072,,One Size,1,32.39,2026-10-28 09:48:13,False
c-05d1ee873e66,s-d3c62486b93d,u-5fa15e996acb,p-5ae742ef7d7b,v-3810e9896a3c,,One Size,1,102.14,2026-10-28 09:49:03,False
c-16bacba3d6d2,s-3cef31a00cff,u-1ba2c30bfce1,p-8fc1fc5fe9ec,v-d61c47c0f52e,ord-41a1bc128234,XL,1,31.81,2026-10-28 09:51:12,True
c-697bf72c526b,s-7743b486ce21,u-31b7bcc56037,p-addda7515b68,v-6f81de3d38e5,ord-295fcbb9c15a,XS,1,58.16,2026-10-28 10:05:08,True
c-f06c4b16f6c4,s-82dc631c33c7,u-5fc695e3d6b4,p-78156a3fd46d,v-63e41b83da02,ord-3b065d7e0ce3,XS,1,73.58,2026-10-28 10:16:19,True
c-dd373bd56bdb,s-0045d97f01ed,u-2ed877b4db49,p-7498c55d9a1d,v-2a5f3bc56a9e,,XXL,1,47.15,2026-10-28 10:44:14,False
c-92c594cfe7ea,s-0045d97f01ed,u-2ed877b4db49,p-84a46c0557b7,v-34d1a408d832,,M,1,58.54,2026-10-28 10:45:13,False
c-8d32e6019bce,s-c8a70f60c685,u-43b7df1a80d2,p-5a7ef909b8b0,v-4347c6991094,,M,1,18.89,2026-10-28 10:48:48,False
c-65c1a9e11154,s-6220ec94aa3f,u-f6729a0352f3,p-692704c5ecfd,v-e21942981aaf,,XL,1,76.89,2026-10-28 10:48:49,False
c-f613541ee008,s-88a6bd51c39d,u-9ac55eafc6f7,p-d126ff14ab1c,v-676a2e1cea14,,XXL,1,37.09,2026-10-28 11:12:47,False
c-4538ccaa652a,s-8f1dc1c95f4f,u-a0bdfc83ee86,p-2dbdda970087,v-299ed24e0b05,ord-3d4fcfb7bf67,9,1,107.9,2026-10-28 11:29:47,True
c-1b4b2af9c3cc,s-ee50b6cb1f05,u-6c4302574fa5,p-1035b5c976a9,v-e82204a927cb,,One Size,2,90.52,2026-10-28 11:42:10,False
c-0fc34d8ae91f,s-066eb819a826,u-81010d9bebe4,p-230f80de8bbf,v-ba6efb8ba187,,7,1,82.48,2026-10-28 11:50:14,False
c-33412bd255d1,s-27fdda08528b,u-cd62d659c027,p-84dbfef707f7,v-ded8c98ef44d,,L,1,39.21,2026-10-28 11:50:15,False
c-6b41f8f8d3d0,s-75d788778ef7,u-d9d7d89c4852,p-133cb97eb8d8,v-7a2c8ff3d416,,XL,1,53.8,2026-10-28 11:51:59,False
c-e5d6c60e45a6,s-27fdda08528b,u-cd62d659c027,p-5f5352523a89,v-b6403888523a,,One Size,1,42.24,2026-10-28 11:53:24,False
c-39c2faa9b87f,s-550e0e7660af,u-918b24133d20,p-d21a879e435b,v-d0832c727ff5,ord-c5455929bcb7,L,1,37.04,2026-10-28 11:54:33,True
c-41374f9f829f,s-a41424e6bfee,u-d8dc735bf667,p-4a5e11d02bd3,v-4a021259ac76,ord-554ef4f9904f,XXL,1,60.5,2026-10-28 11:55:56,True
c-c414598a5399,s-28eeb123da43,u-083a66352ff2,p-5ed70262384e,v-5fc4e834be50,ord-f711f8515673,S,1,57.14,2026-10-28 12:17:19,True
c-6c0183f62d0a,s-491dcd935a6c,u-de2b185a3df6,p-d19aae08c4dd,v-1589831c6539,,8,1,82.71,2026-10-28 12:19:39,False
c-0507950cb6b2,s-07d59c7b15a4,u-383bb13acb65,p-d660e4723d1d,v-d6b6ac02231f,ord-967ba5d7305b,One Size,1,24.7,2026-10-28 12:21:54,True
c-3f3522f988bc,s-73526cfe8b45,u-902ff97a270f,p-0e8ea9210eb0,v-3fcaf20cc909,,XXL,1,84.25,2026-10-28 12:24:38,False
c-3c63c466b77c,s-2b10cb403142,u-d3e31eee0794,p-e52004ad8f9d,v-3b0ec261d770,,S,1,103.62,2026-10-28 12:29:20,False
c-65c287e04e5e,s-70d2beb4dd75,u-e585877e459c,p-5431631a088f,v-155252e907d7,ord-6cfe5e60b3aa,XS,1,45.77,2026-10-28 12:33:12,True
c-f3bf1a726a73,s-060eb30c1845,u-bff54d50c658,p-852877299f60,v-849f1e951b63,ord-cc6c5bdb33c3,XL,1,66.77,2026-10-28 12:54:30,True
c-0cb24aec02d4,s-a1ca60ca9cf2,u-80372444713d,p-f92bac9bd3b4,v-579019abee60,ord-34e9eb7fe923,XL,1,62.0,2026-10-28 12:54:43,True
c-c9e1e0a9a1b1,s-fabbbeaefe7d,u-14bc76f8c597,p-b8d161937168,v-c9358735315e,,M,1,83.09,2026-10-28 13:23:51,False
c-abb02ba1cf3e,s-cf620c6fe397,u-6226dee2c011,p-96e765f440ff,v-4b01c03931f3,ord-2f7f0240221a,S,1,45.28,2026-10-28 13:45:03,True
c-62f646164d1b,s-cf620c6fe397,u-6226dee2c011,p-23034c55c202,v-c4f96ab26d72,ord-2f7f0240221a,L,1,57.38,2026-10-28 13:47:49,True
c-9b3a3bd9736c,s-3dd47c337edb,u-ac65e33f3d48,p-028a2ef42fb8,v-f7265648a973,ord-ea60cc93d27e,S,2,66.84,2026-10-28 13:53:25,True
c-067e50757133,s-7fe996a17709,u-b467e05862fe,p-e3a5dd7ffd71,v-4a2f5b1bd3a1,,6,1,113.09,2026-10-28 14:01:40,False
c-d2a42003dd63,s-6a49a847c94d,u-196f5bd86bfc,p-866b2965f01b,v-16b892ff6cb3,ord-c86913779614,L,1,85.81,2026-10-28 14:22:52,True
c-a5fcb2202505,s-ac7b57d38185,u-74f9a6f05b7c,p-54e981973e62,v-bd0e537ed94c,ord-63c2baad2594,XS,1,41.73,2026-10-28 14:26:10,True
c-791c18a47ddf,s-424aae19675c,u-5065b8d59f8b,p-89595b0edd0b,v-fde39045d387,ord-9ebab50e6dfa,M,1,126.99,2026-10-28 14:27:53,True
c-c7efcc754ebd,s-bab30f76d173,u-e80b93f166ea,p-70f485889dd0,v-5af6e569fff4,,10,1,49.51,2026-10-28 14:31:48,False
c-6318af7c6da6,s-b22c0ed0e166,u-4cfc95fb048a,p-45ee231a5c77,v-12b1c58e0fda,ord-e15106330bb4,XL,1,39.35,2026-10-28 14:32:42,True
c-21c4c698f147,s-e1df9bf96d22,u-0a4b9dc85b9c,p-7ee99fbdf5bc,v-42bc9bfda380,,S,1,28.55,2026-10-28 14:44:37,False
c-b2e20139dfc3,s-e559197bbf92,u-9b913945360a,p-a8513594658b,v-413bbc5f66ee,ord-3c62999b860a,L,2,53.49,2026-10-28 15:07:55,True
c-dbc9b13fbfd0,s-b5d4cfc7e341,u-824f4cb0c5d1,p-5665c5c20bfd,v-6269e3262078,ord-cbc530450219,One Size,1,46.71,2026-10-28 15:14:10,True
c-64775341d540,s-957a011ec317,u-5662e19124b0,p-3e9caf258b1b,v-f78037820699,,XXL,1,19.1,2026-10-28 15:17:28,False
c-12aaf76e23ca,s-96d7a72c8973,u-fa7c5ef4590b,p-e7cc73592ec8,v-d66cac0b4752,ord-86df2aea5458,XS,1,74.41,2026-10-28 15:26:41,True
c-525461d5cb69,s-f2599f849100,u-d889f332e308,p-2782896fc4d4,v-6d610c500fe6,ord-830ccc656cbb,L,1,71.95,2026-10-28 15:38:42,True
c-fcc5b7c14026,s-1545c71d8a94,u-5d0b4b941fe0,p-1a162cf9b8c9,v-b493b00dfa47,,S,1,59.4,2026-10-28 15:46:17,False
c-b963c18e68bb,s-90b9f0371067,u-c53de12cbab0,p-8e84ffde784e,v-b03b49579a79,ord-a8ea926e362f,XL,1,123.61,2026-10-28 16:10:27,True
c-dead4a1455f0,s-a160b8da5b2f,u-23ed637e9567,p-6095d37b40b4,v-21e3a618096c,ord-da52d829bdf3,L,1,44.58,2026-10-28 16:10:44,True
c-48fccaf0dcd7,s-b11846036caa,u-b9433a8fcb36,p-6d82f2143006,v-67adaa7be24a,ord-b17d481e1a0a,9,1,42.21,2026-10-28 16:11:26,True
c-40925a653a98,s-249c9eb6e8ca,u-1f5feb0ad10c,p-bcef39c6c763,v-27bb7e7dd6d1,,One Size,1,117.23,2026-10-28 16:16:02,False
c-d4ac3afd646a,s-072b2493f061,u-ec14ca6a52d9,p-841987c6ed6f,v-6e355e8b857b,,XS,1,64.34,2026-10-28 16:19:14,False
c-092fd37f7dd4,s-087e08e4e847,u-f4ae7e9680ee,p-269c80bc7f13,v-1f07aa1aede2,,One Size,1,66.31,2026-10-28 16:21:13,False
c-e602e501104e,s-9fa014298249,u-906e0fd1cbd4,p-699ebe9cd2ce,v-9bcbffdeaac3,,XXL,1,41.74,2026-10-28 16:29:12,False
c-82cbf5bb20b0,s-ab86b87deb68,u-a8a8186acbe6,p-c6d693e01734,v-ea9e32f4c1a2,,S,1,28.83,2026-10-28 16:32:28,False
c-d1ccc2404f7a,s-2d4d85cd139d,u-bb7f66d47cb2,p-318c127bf50e,v-2b83637f3289,ord-9961272a6a2e,M,1,39.38,2026-10-28 16:53:29,True
c-f2907880ee93,s-217a0634901e,u-034cb956e463,p-4d392a315427,v-2901398854ba,,L,1,25.35,2026-10-28 17:21:20,False
c-1252c44ca282,s-e069c8510448,u-ff279499adda,p-e141be6b6bb6,v-1f073ee5f0b3,,11,1,44.3,2026-10-28 17:43:55,False
c-db6c1355574e,s-43d99d5a26bd,u-373f8c4c0efb,p-f50e7626a11d,v-a7da9bcabcfe,ord-867ac564a7d2,XXL,1,59.83,2026-10-28 17:49:40,True
c-a5c331f88d2c,s-43d99d5a26bd,u-373f8c4c0efb,p-14e5049e38d3,v-04520e7062fc,ord-867ac564a7d2,L,1,20.14,2026-10-28 17:50:29,True
c-c5e3515d77b8,s-1a0127cb4cd9,u-7439526251a0,p-2ab57e658014,v-4fbdeae200ca,ord-6a19ecea5821,S,1,43.4,2026-10-28 17:51:18,True
c-1fee03fc24e3,s-1a0127cb4cd9,u-7439526251a0,p-89eeb4197e75,v-664e24907a55,ord-6a19ecea5821,XS,1,70.99,2026-10-28 17:51:58,True
c-6281c0173054,s-2bbd17d7a1e4,u-42a2aa985314,p-5c3cc08d1b45,v-cf1c53960b32,ord-b1d4f6394800,L,1,47.39,2026-10-28 18:11:44,True
c-1c80d0003959,s-39501a559554,u-f940462c2321,p-3d634eda5892,v-5072adeda82d,,S,1,33.76,2026-10-28 18:27:53,False
c-f86fd6d578f8,s-4dcf6d33b65e,u-6568762dc29c,p-0b126e25de6e,v-eab690dcb23a,ord-e35e29fc0f0d,XL,1,51.53,2026-10-28 18:46:22,True
c-0ae9ed5f22c7,s-9440531ddeeb,u-743c41829c2d,p-5bf2b05de330,v-1df7a7f733d9,,One Size,1,52.16,2026-10-28 18:55:49,False
c-a48d97ee3516,s-c33a817534a5,u-2b45b7ab2c30,p-99de8910c53e,v-ab5d64d16bcb,ord-0e5d4720b9c2,XL,1,70.16,2026-10-28 19:00:45,True
c-dde7dd94cae9,s-c33a817534a5,u-2b45b7ab2c30,p-1a1074fadb6e,v-a1bbef68a1e4,ord-0e5d4720b9c2,M,1,17.63,2026-10-28 19:01:45,True
c-cd1ee0230a17,s-c35716509a3f,u-2d9270502408,p-ee2e68509020,v-8930933008dd,,XS,1,44.3,2026-10-28 19:02:45,False
c-a9b7ad5c4d1d,s-5e7fe33b24ac,u-ffcdc3b412f7,p-dd29b201ad93,v-673417d90d6d,,M,1,34.57,2026-10-28 19:18:00,False
c-04ec505d8849,s-e6e7ab7a3369,u-ac2d6901d53a,p-da69d7b03c15,v-a4c1969595d2,,11,1,80.61,2026-10-28 19:33:53,False
c-5045d2d7f288,s-600290483a58,u-2def85f00d74,p-1bf042849c9f,v-8c10c87dc969,,XXL,1,72.07,2026-10-28 19:38:00,False
c-1133e86859a7,s-600290483a58,u-2def85f00d74,p-8f3a7acb8878,v-dad8438f4c72,,10,1,80.94,2026-10-28 19:39:21,False
c-bf23961f7fa3,s-0aaed03c01c8,u-291edfd4caa9,p-aba442a3dbab,v-817060a32e45,,S,1,18.98,2026-10-28 19:56:47,False
c-e2878e19017d,s-78e92fd850c9,u-3f9c713c773e,p-7413840e8b15,v-693fef32a47a,ord-48e1463617bd,XL,1,35.38,2026-10-28 20:24:41,True
c-b045a7c2c74b,s-74340f094182,u-d0908684d169,p-3d7011eb159b,v-fef903fec019,,One Size,1,103.77,2026-10-28 20:27:18,False
c-be0fb3158192,s-7f59ac8c4db1,u-dd43ebdfab03,p-af3fe8a46d18,v-6542ad3bdd03,ord-f221f7309dbe,S,1,51.43,2026-10-28 20:41:38,True
c-6a6f899950df,s-7f59ac8c4db1,u-dd43ebdfab03,p-7a0cfd5ecfbc,v-55b266b0c829,ord-f221f7309dbe,M,1,38.99,2026-10-28 20:42:54,True
c-f6a127286c73,s-7f59ac8c4db1,u-dd43ebdfab03,p-ec6683f0dabf,v-c3f67dcc2473,ord-f221f7309dbe,L,1,50.19,2026-10-28 20:43:25,True
c-ddf9108b3d9c,s-60502a58880e,u-3de9985a608c,p-d8080af38c48,v-0a4928f434db,,S,1,27.12,2026-10-28 21:06:51,False
c-ba6ebccd64f4,s-4e916ee7b53d,u-8b4a86e33d9c,p-f4e713a110d6,v-2fd8567b1357,ord-b5e9b0f3a302,8,1,104.08,2026-10-28 21:47:56,True
c-bde7c58a7284,s-6c0da56e6338,u-cbb28307aec7,p-82a722699ce1,v-e2c4958e63b8,,S,1,58.74,2026-10-28 21:49:11,False
c-126d2b65eed6,s-fd6b74d5905b,u-ed6481ffd326,p-c0f0f9b62a2e,v-f6ce0a329562,ord-e403f5885c8b,One Size,1,58.86,2026-10-28 21:57:15,True
c-4866dd2232f4,s-dd36af20247a,u-8cfdc3e52b2c,p-55f96bec8bc5,v-633e09d1fbf4,ord-dc08c6a58d83,XL,1,50.6,2026-10-28 22:04:32,True
c-c1333c0dd09c,s-4f20153c06c6,u-bf5cac7b911f,p-becd7da83732,v-2611922a4a03,,XXL,1,44.32,2026-10-28 22:06:16,False
c-bbfcc3a72314,s-fbc2febf9652,u-a76a4eb94544,p-3ff508b516dc,v-401d63e2cb6d,,M,1,33.57,2026-10-28 22:29:16,False
c-72dd1ba74b0f,s-c4d0f855c51d,u-d85c7d38de69,p-d8a811d4db82,v-13eda13ae73e,,One Size,1,42.27,2026-10-28 22:29:46,False
c-522ca38de19d,s-85953b8de8dd,u-83494f5f692e,p-682569b69b48,v-bbee5f214f2f,ord-d0cd60e1e952,M,1,48.41,2026-10-28 22:32:05,True
c-26a5a53534e5,s-417cb1c641bb,u-7f398733c4ae,p-dc4a5b5b664e,v-64ddae0351bf,,8,1,57.72,2026-10-28 22:38:39,False
c-2004129724c6,s-495b10b38e44,u-4f827a0c20dc,p-1aabf9b76068,v-27be31c50520,,XS,1,78.8,2026-10-28 23:01:51,False
c-eb0539187a07,s-6f621a28c4e2,u-4c96aaf4213d,p-c51f3af8d87c,v-e97b2f725537,,L,1,62.42,2026-10-28 23:09:24,False
c-792348030b43,s-d4f303e53ff5,u-95b052bb783c,p-aa8fd77dd49c,v-5487b1dd737b,,7,1,61.15,2026-10-28 23:12:25,False
c-b17052dfa197,s-78424d2a2aa3,u-7efe11e83cec,p-d365397ced14,v-a8fff7c00f0c,ord-803288c8f6e8,XL,1,44.09,2026-10-28 23:47:54,True
c-b093ed493b7a,s-b040f0716d3b,u-8027bbaf7aa6,p-0ea7c7498216,v-34e6575515ea,ord-59fa101505a3,S,1,29.44,2026-10-28 23:57:17,True
c-4093e7308f51,s-287cfafdeb9a,u-c2fd1fd4637c,p-7bc4d08cf7ec,v-4af86e545bdb,ord-f05cdfa3b70f,9,1,78.93,2026-10-29 00:10:56,True
c-3a0f2e3e7507,s-b0c8720cf077,u-dfcf3857ed02,p-91a2dfe06420,v-00fb190ee8ae,,6,1,62.75,2026-10-29 00:40:32,False
c-163d35beb0d3,s-ef9769bd72a1,u-2237b4d4798c,p-d7da5feef72d,v-3f8196dbaf8b,,One Size,1,85.28,2026-10-29 01:48:26,False
c-6fe8284e02b7,s-f54f66859ebd,u-6c687e8bc376,p-2b59fa33730d,v-55f5cc1eca3d,,XL,1,31.23,2026-10-29 01:49:34,False
c-89e4c29b5cf4,s-febf9091ffca,u-879828c174cc,p-5890f4110b1a,v-9a0f30a331c8,ord-e2b88c0fcfe9,XS,1,75.04,2026-10-29 01:55:25,True
c-ebbff208a0c8,s-023908ccf827,u-f3de4538247d,p-89eeb4197e75,v-9de785180e66,,S,1,70.99,2026-10-29 01:55:27,False
c-8c801d01b560,s-febf9091ffca,u-879828c174cc,p-9269837891bc,v-7dac1553563d,ord-e2b88c0fcfe9,XL,1,64.74,2026-10-29 01:56:27,True
c-a09308306491,s-db15c377e6e4,u-b944465aa2a3,p-f090c95f3446,v-bb0073454dd5,ord-da21ae970778,XXL,1,23.57,2026-10-29 02:11:35,True
c-14ae7c45d4f7,s-8c0ca880ccb5,u-ca3c1e0cf8cc,p-2373d9a8c773,v-6a15d86c614c,ord-65ac4c53be0b,L,1,54.69,2026-10-29 02:21:43,True
c-03de76b7cbd0,s-b40bb53ee899,u-0a5957679969,p-00467fe6aa89,v-74c6a365df8e,ord-a36bf8cbfa0a,6,1,104.31,2026-10-29 02:28:19,True
c-f307e5a9d61a,s-7d8208768830,u-01185aed4307,p-cff14c01c356,v-5968f0da2cf4,,One Size,1,59.11,2026-10-29 02:45:39,False
c-c0d196a14425,s-7d8208768830,u-01185aed4307,p-bce8323fbf61,v-57ddc54032c4,,One Size,1,93.71,2026-10-29 02:49:47,False
c-0303c9562ff7,s-b43b6521370a,u-210a9b22bc50,p-e5d7335642b6,v-6aa3968acbe7,,L,2,53.31,2026-10-29 02:54:58,False
c-69fab07512ad,s-9096895363cd,u-5a230b7636f9,p-b5d68534f459,v-efaa058ad0b2,ord-6e3faa63c175,S,1,34.24,2026-10-29 03:04:52,True
c-6f184420dd57,s-9096895363cd,u-5a230b7636f9,p-99de8910c53e,v-01935cbb1f4c,ord-6e3faa63c175,S,2,70.16,2026-10-29 03:06:16,True
c-402cf15238ce,s-8f8ca8eed054,u-8a8c77985c2f,p-f1112dc1652b,v-192a7b5b03c1,,One Size,1,39.16,2026-10-29 03:12:29,False
c-69b35b95655b,s-a66e3d1c7078,u-0159b5d8d613,p-31e917442efb,v-5029ba6511b5,ord-2fb5b7665125,XL,1,63.82,2026-10-29 03:27:36,True
c-8ad99e1986a3,s-a66e3d1c7078,u-0159b5d8d613,p-2db6ca4f8bdd,v-130f203bc5fd,ord-2fb5b7665125,9,1,106.9,2026-10-29 03:28:37,True
c-bf8195ff193d,s-a66e3d1c7078,u-0159b5d8d613,p-c534a809d8f6,v-92ed8076c45a,ord-2fb5b7665125,M,1,37.96,2026-10-29 03:28:38,True
c-1e3c068b848b,s-d1d9434f8351,u-6ccbf378cdc6,p-5c3584cebee6,v-aca79cbe97a7,ord-e74ec8fbaae5,6,1,141.18,2026-10-29 03:46:28,True
c-d54e497dd2ba,s-d1d9434f8351,u-6ccbf378cdc6,p-ec8f9ff55280,v-65238004e0eb,ord-e74ec8fbaae5,9,1,89.79,2026-10-29 03:48:43,True
c-47ceeb6f81f0,s-020333f6ef5c,u-603559491ea9,p-bc43eb597003,v-21c650b968e8,,6,1,54.58,2026-10-29 03:52:11,False
c-adfd586c1274,s-6ac7c0f11050,u-78d89d43b26f,p-da7cd716a2ce,v-9b637552bfc5,,S,1,32.33,2026-10-29 03:59:04,False
c-a60034c3a1af,s-6ac7c0f11050,u-78d89d43b26f,p-9d8279fd3132,v-149f87dda7c3,,One Size,1,90.62,2026-10-29 04:01:11,False
c-d19872515bf4,s-245ce45c8b8f,u-4ca7d5056d46,p-c031fdab3a99,v-9f41a298168e,ord-ed3263f89f76,XS,1,59.76,2026-10-29 04:04:58,True
c-bc1a7e4106e9,s-6ac7c0f11050,u-78d89d43b26f,p-c212f3886f35,v-48233ae2aa1a,,XXL,1,48.22,2026-10-29 04:04:59,False
c-c7b7efc570be,s-8e6d06c1a353,u-e8125acae86c,p-e1995610cd90,v-59f89896ad42,ord-dbdee17b2c80,XS,1,41.34,2026-10-29 04:11:20,True
c-6e654525251a,s-36f682d82f57,u-ddb3b901238c,p-576ae7540bd5,v-6a83dd951285,,One Size,2,37.46,2026-10-29 04:32:36,False
c-3c413411ca1e,s-d4b09e015e55,u-4b05bc621d5b,p-898d59d1d78d,v-8e9822f06966,,11,1,60.31,2026-10-29 04:36:30,False
c-a16797ce39a9,s-c1efa6153905,u-8affe3e61c50,p-8ad88363ea13,v-d0fb8ae0a3fb,,XXL,1,40.84,2026-10-29 04:37:13,False
c-388fbf0ed82c,s-68f927f8f700,u-1ba2c30bfce1,p-84e06d920009,v-38b558fb623b,ord-6ce73454b888,8,1,104.89,2026-10-29 04:45:04,True
c-3e5aa9baf29a,s-d82332dca9ba,u-72312cc4ab34,p-7df467a58029,v-fffb69b5ce77,,One Size,1,31.75,2026-10-29 04:57:16,False
c-2bd5b08c6119,s-d82332dca9ba,u-72312cc4ab34,p-0d50a8dc2077,v-75e8962cfc16,,11,1,73.52,2026-10-29 04:58:01,False
c-7e5a98a16e34,s-d82332dca9ba,u-72312cc4ab34,p-fde3dbcf8ef8,v-44ce90aed611,,One Size,1,50.15,2026-10-29 04:58:34,False
c-75dd25df9bd9,s-c151c23d53b9,u-006e306bf264,p-2d07005e8d07,v-569443c17231,,One Size,1,45.18,2026-10-29 05:19:41,False
c-5da7732d0e1f,s-c151c23d53b9,u-006e306bf264,p-bc9a17fc84aa,v-ca8103066e19,,S,2,43.45,2026-10-29 05:20:25,False
c-8f9ab9ee27ae,s-f248973ac137,u-92b5484e01f8,p-d2a3ee5d6281,v-f402fe5020e6,,6,1,103.81,2026-10-29 05:22:47,False
c-3a2753be8773,s-5d1365c1936b,u-25905618325e,p-4431e8d62547,v-601a77222f8a,,XS,1,50.61,2026-10-29 05:29:12,False
c-597446eae790,s-22ae337bf22b,u-1ff8476753ec,p-82a722699ce1,v-891fa2f18a55,,XXL,1,58.74,2026-10-29 05:35:16,False
c-9782dc24e0c0,s-d47fb13e2d36,u-b56f6eebebb8,p-26c2ae1821d6,v-fd380d7765b7,ord-99c6cfbfa402,6,1,75.28,2026-10-29 06:00:33,True
c-5146f6abaf9e,s-8e2b493fb842,u-0d12814522a5,p-6d82f2143006,v-b84d9f63338e,,7,1,42.21,2026-10-29 06:01:12,False
c-ae6c8d9504c9,s-8e2b493fb842,u-0d12814522a5,p-63dad958f079,v-66ebb93be6d9,,8,1,85.98,2026-10-29 06:03:45,False
c-677a1ccdc387,s-b756e2570aaf,u-6d4c17fb1094,p-08933952b14c,v-f6b56207363b,,S,1,60.51,2026-10-29 06:38:46,False
c-c86d0e913f43,s-d54bf16e68c9,u-4f515b8776db,p-85a2b8b3b9a0,v-57cd194f2650,,M,1,77.68,2026-10-29 06:55:33,False
c-44b67e327f13,s-9730020b0f28,u-af9a37126bf9,p-b16f3ad8ad7d,v-a29e79dcebdf,ord-542ec534cc8a,One Size,1,10.97,2026-10-29 07:31:45,True
c-8f8a7b0ba492,s-9730020b0f28,u-af9a37126bf9,p-4c4b1bbc16b7,v-f67759adbe8f,ord-542ec534cc8a,L,1,30.99,2026-10-29 07:32:13,True
c-40f22154d09d,s-97ae33e477d9,u-3487330e4a9f,p-d9c1704aa7ef,v-d1f12354438a,,XXL,1,38.25,2026-10-29 07:39:15,False
c-2eb14bb8688a,s-83419a208120,u-269ef6bad2c1,p-104e6911401a,v-699bb0f94f9b,ord-572a292fcfaa,XXL,1,39.09,2026-10-29 08:35:00,True
c-a9d90d0ffc96,s-83419a208120,u-269ef6bad2c1,p-8e50d7ba5214,v-35eda905aaa2,ord-572a292fcfaa,XL,1,32.4,2026-10-29 08:37:11,True
c-df7326f83ae3,s-3dd2120fbc33,u-721e6836b035,p-1a676faf3352,v-7ddfeed37c75,,L,1,29.96,2026-10-29 09:02:50,False
c-119ee6ea132a,s-f7cf5886566a,u-ff7384aae4cf,p-fa9435a40128,v-d4e4339eb7b5,,XXL,1,51.6,2026-10-29 09:21:09,False
c-58bc2d290dbf,s-7fa9fd6eb399,u-f30d3417e103,p-5465204dee28,v-fe1aa30f913d,ord-4e894c339c0c,XL,1,34.51,2026-10-29 09:27:30,True
c-4ad471c984c5,s-62f500e5f792,u-9fcbaff049ac,p-b9b0a9cb6161,v-b23ec14c2270,,S,1,111.42,2026-10-29 09:34:04,False
c-532fee6448d5,s-777942d2b500,u-21a044c37772,p-ee2e68509020,v-8b29754eb14c,,XL,1,44.3,2026-10-29 09:41:01,False
c-d26609a8eda3,s-28c622e37731,u-acd0f37610d6,p-f9c378302ece,v-c9a6fdeea12a,ord-aba631a92226,XL,1,49.23,2026-10-29 09:43:23,True
c-a7c77adee49c,s-950e19815798,u-10ed6b01898b,p-1dfd396785bb,v-a1e1a167396d,,7,1,73.37,2026-10-29 10:00:22,False
c-05c64409b616,s-950e19815798,u-10ed6b01898b,p-057cb88f98ac,v-810ed15e1aa1,,L,1,59.07,2026-10-29 10:02:32,False
c-78555a114259,s-31c843c4df04,u-2f9d8380c228,p-31d1b7ec41b6,v-9d9c2bf88305,,One Size,1,71.03,2026-10-29 10:21:07,False
c-54af1af8f6af,s-2e1ee2bca8b8,u-0ca86fe6bfe3,p-e1995610cd90,v-f3eb57129409,,M,1,41.34,2026-10-29 10:25:17,False
c-22882fa37b19,s-b9c08bb48882,u-8f917da7deec,p-82f9cee71a01,v-643985d1fc7f,,XXL,1,33.62,2026-10-29 10:37:01,False
c-1fdec9b44e3d,s-e063d8dc3781,u-7613e4d4fad9,p-abdb144d2fdc,v-188e455e4b77,,M,1,54.3,2026-10-29 10:40:11,False
c-e9f626ab2d62,s-b52a3c62a357,u-0b8021bb211b,p-d90e594896a1,v-80fdfec55203,ord-6d4942b66a80,M,2,76.57,2026-10-29 10:50:16,True
c-670fc96c6513,s-1c9fd243e2c9,u-a74870c2bcb1,p-9a9b31e9234c,v-dcd88cb143bf,,S,1,61.25,2026-10-29 10:55:46,False
c-776c721274a9,s-035fd0c20a60,u-0f0721a89dd4,p-3c093e1e2d52,v-717b1c57cbab,,L,1,76.72,2026-10-29 11:00:27,False
c-e26b4ad962ec,s-ba906e297b7f,u-1d827c0adfca,p-da7cd716a2ce,v-f367b3c20802,ord-88f6542e3fde,L,1,32.33,2026-10-29 11:07:48,True
c-47f2e6068402,s-6b17c03d171f,u-7cc480d74644,p-8df247c14f9a,v-95330961adff,,L,2,48.26,2026-10-29 11:17:08,False
c-86dece60ca4c,s-6b17c03d171f,u-7cc480d74644,p-e117ca90e040,v-ab5fdfc43bf8,,XXL,2,59.54,2026-10-29 11:17:38,False
c-c472c9e26362,s-68186d0c1af5,u-5e91243f8120,p-d982a166e766,v-1d5d5a8010c7,,S,1,29.81,2026-10-29 11:31:27,False
c-5168a6bf3791,s-45de38944c56,u-b5dc28a695aa,p-21b4d0423658,v-00f1716a146a,ord-995be54cb940,XL,1,30.82,2026-10-29 11:35:44,True
c-b7b9da6686f9,s-49f9fc5ca889,u-2f3c7c08e127,p-0355fccdaa84,v-1d9621ef60ca,,XL,1,72.21,2026-10-29 11:43:35,False
c-41ffa4069357,s-c9fea0480494,u-221ba0884ed8,p-48e02a9e02b7,v-1c8ec235efd3,,S,1,112.46,2026-10-29 11:46:48,False
c-669e80815dc5,s-da4d2c0c0006,u-34360f7435c1,p-65201cc33c49,v-572203430ed0,,M,1,91.68,2026-10-29 11:59:31,False
c-54766ecb853c,s-d6535d7fbb1a,u-4791af6fe4ca,p-402523ed70c8,v-af8b7f2ff50c,ord-255f8c8aaf65,8,1,57.18,2026-10-29 12:01:50,True
c-4a10e848fb7b,s-f79c9e12b038,u-e99539040532,p-e1995610cd90,v-41f871affddd,,XL,1,41.34,2026-10-29 12:02:33,False
c-6dcc61fa652c,s-b51266a161e0,u-a4017f58cb55,p-017d814d6db2,v-2e69fad14456,,M,1,53.35,2026-10-29 12:25:14,False
c-e5308d8ce8ee,s-18e985a2397a,u-4448a88c6fa4,p-88da2cd0834b,v-1a2d4a16d9ab,,XXL,1,36.62,2026-10-29 12:33:37,False
c-e30edd9d2936,s-032636ad300b,u-db594a394f70,p-b4d6f4d20ad6,v-ee598107d19a,ord-f9b713c7d0c4,S,1,41.28,2026-10-29 12:39:41,True
c-003eb74ea48e,s-99c1c675a89d,u-fdb77a85f73c,p-ec5e50e39ef1,v-1209f9f9363c,ord-4a6f4c1864d2,M,1,126.84,2026-10-29 12:39:45,True
c-52269b99c299,s-fe809cb0b07c,u-f776adceee59,p-d0b1e7d49c91,v-cef01a8e529a,,9,1,71.8,2026-10-29 12:43:27,False
c-7d311201850b,s-0d136b14303f,u-bee1f258ffce,p-89f133d79724,v-4242d3408f70,,XL,1,43.34,2026-10-29 12:48:38,False
c-2dd471023bc0,s-463b46955772,u-2c93a6b9ed8f,p-04f34dd4b281,v-0579c4f9d009,,M,1,22.91,2026-10-29 12:57:03,False
c-27eabf1aab29,s-4b8ce732d2ec,u-4476a2b92ac7,p-165c912688bd,v-8f065f195e25,ord-f6bc37bc8c89,6,1,95.29,2026-10-29 13:13:05,True
c-91bf78b5cc0f,s-a475c55b930e,u-3c5e463737aa,p-1b7e38b1e63d,v-1cba12a61411,,L,1,71.91,2026-10-29 13:38:14,False
c-a7a6e11fc563,s-0ee3d8eaca57,u-51407398bf7e,p-033cd649d948,v-88401c3a43a4,ord-19042057cb7a,M,1,28.14,2026-10-29 14:12:57,True
c-d67f1395894a,s-feeea1fbfc33,u-69d4cd736c32,p-57b3fb360f53,v-bf1627e3b213,ord-a36501984701,One Size,1,28.25,2026-10-29 14:13:48,True
c-3d08da046ab7,s-9984880e57f7,u-045a31f3afff,p-2f390b866a03,v-8ebed1d42a0d,,S,1,40.38,2026-10-29 14:16:50,False
c-8e19de062b31,s-43f8d974569b,u-1083f43783f1,p-dc4a5b5b664e,v-89ff66d1a935,,9,1,57.72,2026-10-29 14:27:55,False
c-d0737d22fb20,s-c7abe74b2246,u-2199f229bfac,p-a25d879a5db6,v-019cd69c678a,ord-a316f47f846b,XXL,1,88.66,2026-10-29 14:36:06,True
c-38db552f955f,s-d986dba9018b,u-ca8a6e822afa,p-655a61df5719,v-e098d5c32786,,One Size,1,118.74,2026-10-29 15:05:05,False
c-b60955924bbd,s-a842f1e845f5,u-a2745b38e917,p-d34313b57988,v-8d5fe690e1b2,,S,1,33.24,2026-10-29 15:07:32,False
c-f4fadd7fe04f,s-46fc058cc58c,u-949a04295794,p-d6e0ba2b3cf1,v-63226a317020,,XL,1,38.35,2026-10-29 15:15:45,False
c-0b9b68c1203e,s-46fc058cc58c,u-949a04295794,p-d22958931124,v-1131e410fba3,,L,1,63.3,2026-10-29 15:18:38,False
c-4da74e1263e6,s-0ac2e9adef9e,u-2bcbf21aaaee,p-d44a4e10ca43,v-27c1da253576,,S,1,35.45,2026-10-29 15:24:21,False
c-d45a656a706d,s-f5c324e6fb3d,u-bf113e55cf4c,p-0b1b60d9b816,v-a46ee4d289c8,ord-fd27e2b05266,M,1,30.88,2026-10-29 15:27:25,True
c-813ecba5ae8d,s-3b24a78f2737,u-c22a1985861e,p-f21e009c1eab,v-eeb39f4796b9,,L,1,38.47,2026-10-29 15:28:32,False
c-639635f9895a,s-801254a8992a,u-a83057c6f502,p-4f51d75079bc,v-c785429f334e,ord-70d790d4c57f,S,1,73.37,2026-10-29 16:00:17,True
c-5b4393995cdc,s-4cca741bf504,u-35beee6aa140,p-d3cdead1b72e,v-a99850fdc698,,One Size,1,52.62,2026-10-29 16:04:41,False
c-944f0ba30f0c,s-4cca741bf504,u-35beee6aa140,p-82a722699ce1,v-6e6bb9a4bde9,,XL,1,58.74,2026-10-29 16:04:49,False
c-899363c69607,s-f66de40556c9,u-aa9b874c370a,p-aa33493883d9,v-b7c9a1ebb2cd,,XXL,1,45.22,2026-10-29 16:06:52,False
c-bb5e623e79be,s-9b11378ffa3b,u-7d5956ddd705,p-2d023543a920,v-afca972504c8,ord-9ae0d9b3be4b,L,1,58.33,2026-10-29 16:17:37,True
c-3922e63a735e,s-d1c549562586,u-c5fa341db772,p-10a475d7adf6,v-abbbbad4fbd4,,M,1,28.35,2026-10-29 16:17:42,False
c-874d1a507e9b,s-eac0cc91e198,u-8c25f3343786,p-17fdcc2c4900,v-4d5bac3ac50e,,XXL,1,54.39,2026-10-29 16:32:05,False
c-cd0a62398561,s-eac0cc91e198,u-8c25f3343786,p-4a5e443ef588,v-090f5fa29535,,M,1,57.7,2026-10-29 16:38:20,False
c-d98da4b19bf5,s-01a40a43169b,u-ea5e24ab14c3,p-2c719e358bc2,v-4d54129d01bc,,One Size,1,36.72,2026-10-29 16:53:09,False
c-b5e703c6a5b3,s-941f73e62b7e,u-749e797b9fad,p-5ad2007efeea,v-bdc2e384eaec,ord-6867d994f67e,XL,1,24.22,2026-10-29 17:09:38,True
c-0eabe40aac4c,s-648081f60746,u-62cc8814f91f,p-a56f87aed26b,v-2d3f04045e58,ord-5df4cf4ff2a9,S,1,59.09,2026-10-29 17:10:04,True
c-49b4b06f92be,s-e83248f0f0ae,u-aa3744d0407c,p-c38221716f7e,v-f9bca174a681,,M,1,33.83,2026-10-29 17:14:13,False
c-cb8d0a592836,s-37568deeeb19,u-ab0ee7500e98,p-ec8b4c569c0b,v-0c01c27092f8,ord-c90892a60af4,One Size,1,52.97,2026-10-29 17:34:48,True
c-f5c9209af74a,s-17aada909860,u-852d6e3faf76,p-d8f4231643ac,v-9a4f836d8f6f,,XL,1,56.14,2026-10-29 17:46:53,False
c-eadf111b5b0e,s-573f39a6eebb,u-178c0d183730,p-b0bfc4aaca13,v-be1ff9aed5e1,,XL,1,66.87,2026-10-29 17:47:50,False
c-796b2dc56a3f,s-17aada909860,u-852d6e3faf76,p-f21e009c1eab,v-436c1672bc53,,L,1,38.47,2026-10-29 17:48:17,False
c-087aa36b2bcc,s-b58cf18656de,u-10677dcd76c9,p-458dcdbf035b,v-fa29bfca7cf9,,S,1,79.89,2026-10-29 17:51:35,False
c-fe115c331373,s-b58cf18656de,u-10677dcd76c9,p-aab59aee3f2c,v-0623d38b0237,,XL,1,58.19,2026-10-29 17:52:29,False
c-519464183f48,s-2c9dd5d77bcd,u-6b7ec6974e34,p-840dc3fd120f,v-b223bc539b12,,XS,1,56.29,2026-10-29 18:19:52,False
c-e00a1d666435,s-a2c17b847726,u-db3584362d4d,p-9fc18e888ed7,v-c4efccd8830e,ord-e5e8aaa78e4b,XL,1,73.43,2026-10-29 18:22:47,True
c-0978b4aa052f,s-ac00320266c5,u-4f5dda423bd5,p-6f9c939d4ff5,v-9581c56ec3c4,,One Size,1,23.04,2026-10-29 18:33:07,False
c-a53a3b93b32c,s-d54eae149afa,u-afbe2adc151e,p-aea4e5743db3,v-9015c291389f,,M,1,62.47,2026-10-29 18:37:36,False
c-9b26b29dadef,s-95261d99301e,u-8e5447ae9107,p-bc71a87c4f77,v-c3b62979c1bf,,M,1,42.64,2026-10-29 19:03:42,False
c-57a8f7dd90b0,s-fed142c8f678,u-bcb8fbdca7eb,p-2303cf2178e4,v-e5933cca6eb9,,S,2,42.12,2026-10-29 19:05:14,False
c-913dd2e5fffd,s-4c9106d47519,u-2c06b010f278,p-4ac97dc9e7e9,v-2ba60a6253b6,,XXL,2,78.61,2026-10-29 19:18:41,False
c-07290fa60120,s-ee8b388824f9,u-18c053ca1770,p-2b1acf230dda,v-f9ab11ef9a62,,L,1,73.61,2026-10-29 19:27:31,False
c-aa1696177bab,s-90021b5d5c49,u-cc3420668a85,p-125e63056034,v-36ff026cfefc,ord-cb88ee9f316f,L,1,44.94,2026-10-29 19:40:00,True
c-738dbcf8ef57,s-90021b5d5c49,u-cc3420668a85,p-b2fc3ba6a5e1,v-2abcb5737721,ord-cb88ee9f316f,One Size,1,22.18,2026-10-29 19:41:18,True
c-d615270e9a71,s-d035eff9599d,u-296a6964fa8c,p-97882f0f3cc1,v-1329eec10371,,L,2,56.84,2026-10-29 19:50:22,False
c-241828923416,s-d035eff9599d,u-296a6964fa8c,p-da7ae64b372c,v-a7f548ff4071,,M,1,30.46,2026-10-29 19:50:56,False
c-ca8b6e933bc3,s-03622a6d1447,u-0840421cb435,p-a6dabcb913c6,v-2352abbb429b,,XS,1,50.6,2026-10-29 20:19:51,False
c-dd82655d1fe1,s-248803dffa81,u-050293f2d91e,p-2782896fc4d4,v-41f125d1c831,,XL,1,71.95,2026-10-29 20:29:14,False
c-88d3be6d6d13,s-0528f03aa8ab,u-65257d74dbdf,p-04f34dd4b281,v-0cd8324e1f23,,S,1,22.91,2026-10-29 20:30:51,False
c-997585933384,s-ca60637418ba,u-08cade666889,p-649b6292f76b,v-0efc0b241d5a,,S,1,34.05,2026-10-29 20:47:52,False
c-38771beeeffa,s-bda045a4a4de,u-f40b45a94793,p-a7056dae3b68,v-90892367ae8a,ord-f38278a96422,One Size,1,43.39,2026-10-29 21:13:12,True
c-cd4445d5dfb9,s-4136441ee79b,u-24657501afd9,p-eaf01572b984,v-37218d13caff,,XL,1,41.56,2026-10-29 21:15:50,False
c-f17fa8754a71,s-0b532177c1b2,u-1b183fa25a44,p-e3bf8ed97d4c,v-4f7a316210b9,,XS,1,57.23,2026-10-29 21:15:58,False
c-0d04e220f732,s-64d98636571b,u-fe1857d26b0a,p-a21a125ce712,v-07453ae96a08,ord-197d44dd54ee,XS,1,59.31,2026-10-29 21:50:03,True
c-fd557161c72c,s-64d98636571b,u-fe1857d26b0a,p-a311310a02d1,v-531f1752cfee,ord-197d44dd54ee,L,1,27.3,2026-10-29 21:51:11,True
c-1c9d1302ae87,s-d3191b63a937,u-e4ee370753be,p-23034c55c202,v-e98330f9b23d,,L,1,57.38,2026-10-29 21:55:39,False
c-6b43c02ad471,s-28ddc6cd5204,u-4a33d3fb330d,p-9bf698265bc6,v-c9388e2569ee,,XL,1,48.03,2026-10-29 22:13:55,False
c-01c15a7261b9,s-93eb842142cb,u-2a88bbacf505,p-e803259e44af,v-61c692aae4e2,,XL,1,39.37,2026-10-29 22:24:00,False
c-54d1cee95cf0,s-93eb842142cb,u-2a88bbacf505,p-659473edc014,v-7663b70ed809,,One Size,1,40.26,2026-10-29 22:24:55,False
c-0a637fad9903,s-3440a804d988,u-fe84a6458bda,p-efaea1667ec0,v-2f44813993f4,ord-41997c5ebda2,M,1,50.14,2026-10-29 22:28:55,True
c-aae5cdc72b3c,s-d8457fa93699,u-c9f95246b38d,p-40701d415e13,v-047c2d08c710,ord-835a7883f52c,XL,2,63.18,2026-10-29 22:34:42,True
c-a739f2dc5c20,s-18d31b02c5de,u-c69670dd3cc9,p-e117ca90e040,v-4ea4608ffea0,,S,1,59.54,2026-10-29 22:37:31,False
c-4328bdb24fb4,s-493ea94d715d,u-c49eb6b9df0b,p-8e84ffde784e,v-ad6056257624,,M,1,123.61,2026-10-29 22:45:40,False
c-e954839748f5,s-1d81e8d2e097,u-326910d62557,p-6560a8d6f88a,v-f2902df61fa9,,S,1,27.35,2026-10-29 22:46:33,False
c-d8896beced46,s-1d81e8d2e097,u-326910d62557,p-af28da2070e6,v-0e93dd810491,,11,2,74.29,2026-10-29 22:47:50,False
c-787ab1043192,s-0a2d1fdf58de,u-a5a7a8256e5b,p-b16f3ad8ad7d,v-900506d7d460,ord-ee21da4c9b4e,One Size,1,10.97,2026-10-29 22:54:26,True
c-24c83d7b899e,s-0a2d1fdf58de,u-a5a7a8256e5b,p-fb40cb39b90b,v-dca84c6fe334,ord-ee21da4c9b4e,S,1,49.31,2026-10-29 22:54:52,True
c-172d7e3caa1e,s-66270f073c39,u-b8b43cb2e090,p-359791c796b9,v-d407dbccb0f2,,9,1,46.69,2026-10-29 23:05:46,False
c-e2bcdbe2226d,s-d8a946468e90,u-a3fade417f84,p-9cfec85a6966,v-345c6fa1217f,ord-7f1973afa051,11,1,75.58,2026-10-29 23:07:12,True
c-1d17fafc2ff3,s-efc9b320f314,u-868c0c22c641,p-3a792a4cb9b8,v-5b6035036af9,,L,1,34.34,2026-10-29 23:29:56,False
c-547ad0a057c8,s-efc9b320f314,u-868c0c22c641,p-c6897f3d4ebf,v-527801dc5b94,,M,1,33.31,2026-10-29 23:30:18,False
c-df5f1a768658,s-efc9b320f314,u-868c0c22c641,p-4f05571e5219,v-f0a6789936c6,,M,1,41.98,2026-10-29 23:30:56,False
c-9d2c17286f2e,s-b1cc9208e864,u-3a59253307c6,p-3c884a804d27,v-08617f688317,,One Size,1,70.98,2026-10-29 23:32:30,False
c-c9bfa942a0e9,s-e11fb643d47a,u-f2f618211fa9,p-12e34b9d24e5,v-388d9c014aac,ord-054ab2d74bbe,XS,1,116.51,2026-10-29 23:35:21,True
c-a7ea0cd3ebc1,s-e11fb643d47a,u-f2f618211fa9,p-3ead8c62aca2,v-3b269554438c,ord-054ab2d74bbe,XS,1,48.69,2026-10-29 23:36:22,True
c-f80e7f090d34,s-538448068282,u-d340d3ea4acc,p-7ce4aae10bca,v-30676309bad7,ord-60323437a860,S,2,58.05,2026-10-29 23:47:07,True
c-5b4f27e3d5d9,s-768136869825,u-6957fed73435,p-6eb2bfa906eb,v-ca12727515ba,,XL,1,40.63,2026-10-30 00:17:03,False
c-e335ae6f9027,s-a373222e43c0,u-db05e04853c5,p-5300796d576b,v-7855c78460c6,,M,1,76.64,2026-10-30 00:17:35,False
c-f426c8fc364d,s-a373222e43c0,u-db05e04853c5,p-373910a7c95a,v-ffbc8206588e,,10,1,60.12,2026-10-30 00:18:52,False
c-bf528b2a2b07,s-d97d11f6865c,u-6dd237dac611,p-893c4b2edf29,v-af2af6cece06,,XL,1,33.97,2026-10-30 00:19:51,False
c-2988efa7bd53,s-d97d11f6865c,u-6dd237dac611,p-3284a3522064,v-31a8f1473bb8,,L,1,68.21,2026-10-30 00:24:01,False
c-bb139ac96905,s-659f66d7dff3,u-d4ea1fc91483,p-d5df60ed194a,v-25ff145bea2d,ord-97006f1aed99,XXL,1,54.4,2026-10-30 01:05:32,True
c-bc2479ec4a86,s-0bdbe529c054,u-61dc86cd4a9b,p-02c6dae3bfd8,v-7445185bce10,,XXL,1,33.64,2026-10-30 01:13:29,False
c-98ed4af6a5b7,s-7ed1591df4bc,u-f92e115053ff,p-39833f233d5a,v-120e743a401d,ord-78e62b2ae658,One Size,1,35.68,2026-10-30 01:20:44,True
c-4febe38d2b35,s-7ed1591df4bc,u-f92e115053ff,p-5559e7b5ddc0,v-7ea8d83f5440,ord-78e62b2ae658,S,1,36.54,2026-10-30 01:21:00,True
c-1abcbea126ae,s-9a9ee88936b2,u-e51bb070ec98,p-983083e00ce2,v-2ece24fcfb65,ord-eb539e0e32ee,11,1,68.28,2026-10-30 01:28:39,True
c-f4c8a3527b69,s-613171b0bb2c,u-73f171bd857c,p-5a946fe521ca,v-016ad7b075b8,,XL,1,76.69,2026-10-30 01:35:38,False
c-b200b66c92b5,s-e2ccc3c2bd0d,u-c6728fd1cf24,p-ec8f9ff55280,v-5a81efbda129,,11,1,89.79,2026-10-30 01:42:17,False
c-8494982ee40e,s-e2ccc3c2bd0d,u-c6728fd1cf24,p-a03362caf13d,v-00664f8905fd,,XL,1,32.05,2026-10-30 01:43:23,False
c-e631cf5eae67,s-9c0caf18ed87,u-862f103ebd63,p-bf9915c4ef4b,v-a3803cff4d84,,XL,1,44.63,2026-10-30 01:45:49,False
c-407bb98d36d7,s-c99efaa95176,u-81cd742a0242,p-be98bdb2c708,v-8f7b2310b37f,,M,1,61.42,2026-10-30 01:48:57,False
c-2481de20e9bf,s-ef27fe574c5a,u-f19ab4f376c3,p-8aad7f3e0b70,v-669b4f5f0e84,,One Size,1,52.58,2026-10-30 01:55:15,False
c-970561541cf8,s-d69d6258e222,u-e13353e50518,p-64511032d71c,v-38abf6b5ddbd,,M,1,53.49,2026-10-30 01:56:21,False
c-0a1ea7a2deec,s-6027b2e00e96,u-29b10effc99d,p-04f34dd4b281,v-cd7ab22d3e57,,L,1,22.91,2026-10-30 02:00:05,False
c-cbee094fb5ad,s-8a293cf139fa,u-925b2b70ddab,p-5bd75779ffa7,v-ad9e8263e906,,S,1,55.25,2026-10-30 02:00:19,False
c-7e6b2c35d632,s-db764eba2bfa,u-e5d7904516a2,p-7413840e8b15,v-9d7a9635ecd3,,L,1,35.38,2026-10-30 02:01:45,False
c-be8c7d6cdc03,s-94665996fdd9,u-2168b28a3091,p-a09781a1c7da,v-ddb00561e442,ord-dc35d412b371,XL,1,48.82,2026-10-30 02:08:31,True
c-ff80b0b1f5b4,s-1005bfc999b8,u-c5ac418cddd0,p-6479e9476ef4,v-947f97031f06,,One Size,1,79.8,2026-10-30 02:14:21,False
c-3f2d79bae24a,s-95e185dd5e8b,u-e45b02f6835c,p-9cf391e4f8d9,v-f76f29bdcf16,ord-88f9b3948c63,S,1,72.33,2026-10-30 02:46:30,True
c-99f63dab8f84,s-95e185dd5e8b,u-e45b02f6835c,p-32c5c09de0c4,v-19af56d6ecc5,ord-88f9b3948c63,XL,1,21.73,2026-10-30 02:48:20,True
c-fb8276e643c8,s-e224f41b8bf0,u-4966ec14f755,p-cfb6beaf186e,v-a8e93b3c57a3,,7,1,84.12,2026-10-30 03:00:09,False
c-6262f9acbc6c,s-468655618f4e,u-1d5e3a3358b8,p-f75a1a8df595,v-b8ed937f231a,,M,1,45.79,2026-10-30 03:00:43,False
c-3898524db53a,s-9bb07c072c5c,u-ff8dd90a2f21,p-f523ce2caf30,v-1d4a98fc67f7,ord-653f34d6f486,7,1,36.37,2026-10-30 03:13:45,True
c-221e4abc304a,s-5c81ba69e690,u-9096f047c670,p-8b25b835eb00,v-3f8b5f5d970e,,One Size,1,61.04,2026-10-30 03:18:01,False
c-a16ae211a185,s-28ad21d60ff6,u-e5f941c31c17,p-c0f0f9b62a2e,v-9fe67938fd08,ord-d312526db665,One Size,2,58.86,2026-10-30 03:27:33,True
c-46ce341bb4b6,s-719dc3ce07eb,u-ae372ba7bf45,p-f271f029aa0e,v-dc3b638a306f,ord-aee1cf351711,M,1,124.3,2026-10-30 03:47:06,True
c-61702a94ff92,s-719dc3ce07eb,u-ae372ba7bf45,p-884e758908f8,v-73e9d4cc2a40,ord-aee1cf351711,S,2,40.33,2026-10-30 03:48:11,True
c-14011b606bc0,s-e978080e55a4,u-37b328a75948,p-5dae71bab7b2,v-7f012d1d9ae4,,S,1,53.5,2026-10-30 03:50:12,False
c-9ff9fc9b0fc9,s-c02ee300468f,u-872263295523,p-a25d879a5db6,v-652f4a3459de,,S,1,88.66,2026-10-30 03:53:28,False
c-a8271c6f67e7,s-0889a724cd99,u-063f51a6f7e1,p-be98bdb2c708,v-cbd2110be9fa,,M,1,61.42,2026-10-30 04:06:03,False
c-cbe98d7adcc1,s-0eed5faf9b47,u-f18c1dff61ec,p-a03362caf13d,v-81a9f27ad892,ord-0d5d9fd8ccb2,L,1,32.05,2026-10-30 04:06:34,True
c-f5d836a3e403,s-dd45e3679698,u-a1fdfd8079e0,p-2e1138dff55d,v-2fb398a458d2,ord-12d97104542a,XL,1,53.74,2026-10-30 04:27:19,True
c-e4d67452cd11,s-e63d2a845aed,u-d0882606e57b,p-b4d6f4d20ad6,v-09f83f83a290,,XXL,1,41.28,2026-10-30 04:44:05,False
c-de68371f425b,s-47bd77c57087,u-4387bc144981,p-dbc3e031de55,v-f3f069e6edf3,ord-77452400c434,One Size,1,85.58,2026-10-30 04:48:01,True
c-63334cac32de,s-884fc4ecd00a,u-909c5b439900,p-eede996438b6,v-63abd368438d,,One Size,1,39.38,2026-10-30 04:48:03,False
c-6d633f2adda8,s-1e20fd0bbad4,u-6bf63ea2d449,p-82e5a22421f6,v-a08987336b60,,M,1,53.98,2026-10-30 05:05:03,False
c-74d166b79c9c,s-b49f92ba6348,u-a15a1fb82131,p-ff0444aaaa6b,v-b6adb34503fe,,M,1,89.87,2026-10-30 05:05:25,False
c-931cf975b6a5,s-d34c1e8d45fe,u-e0f0472dd308,p-b9a3998cf0ca,v-f7851247f198,ord-f3599358b41f,L,1,30.07,2026-10-30 05:22:06,True
c-5bad0d8d5aa0,s-4666689f2f48,u-af66c99ec141,p-840dc3fd120f,v-7e7937b747a5,,XS,1,56.29,2026-10-30 05:38:39,False
c-f0420e9b0cb8,s-74e58d28b735,u-94b7b9b0c6b4,p-b79924498082,v-58f40b7e1b08,,One Size,1,39.8,2026-10-30 05:39:56,False
c-4cdfbccb078c,s-f8ab76c14552,u-cbdf9554d582,p-6b7f7e796058,v-3b2ca1fcf06a,ord-e1f1c503a00d,XS,1,42.83,2026-10-30 05:44:51,True
c-5af42d9bb29a,s-f226c9f07fdb,u-86f8695d419f,p-3e4e501a0c6e,v-a185c534818b,ord-5a6faacd194a,XL,1,38.6,2026-10-30 06:15:26,True
c-23fc75645080,s-bdb582893272,u-0fc874dfe926,p-da7ae64b372c,v-445ed2f2ea11,,L,1,30.46,2026-10-30 06:20:19,False
c-122c672bbc30,s-b76bc567d8d7,u-b6c2ca489dd8,p-6467fc201b51,v-e0b30212ce6c,ord-883b2ac338a7,XL,1,63.88,2026-10-30 06:29:03,True
c-8fa0f35c3cfc,s-c0568ff3a80d,u-80bf336a9302,p-bce8323fbf61,v-17d1c488a4a0,,One Size,1,93.71,2026-10-30 06:46:49,False
c-1c355c80f93e,s-d08fca9e2352,u-2398944d2438,p-b66e5f0d4761,v-fa9f014752e9,,M,1,21.37,2026-10-30 06:51:08,False
c-e0ec5c3ad143,s-d08fca9e2352,u-2398944d2438,p-41c47ddd791e,v-b1fcccb17a54,,7,1,116.6,2026-10-30 06:52:03,False
c-ba71adad5d37,s-484949a21c3b,u-4811107e6283,p-21e629210114,v-85ea199eec77,,9,1,46.29,2026-10-30 06:55:23,False
c-66f078ef010f,s-4e326a1707a9,u-82a86852cdab,p-8b63f71db8fa,v-2aef2b6a3f85,ord-1c44e3b7f75d,One Size,1,105.42,2026-10-30 07:01:55,True
c-b2b01645648a,s-4e326a1707a9,u-82a86852cdab,p-0d50a8dc2077,v-7679cac6f2c7,ord-1c44e3b7f75d,7,1,73.52,2026-10-30 07:03:11,True
c-03fb63d0553b,s-d15969b3569f,u-11bbc8693f42,p-da7ae64b372c,v-924b8dd9b31d,,XS,1,30.46,2026-10-30 07:21:29,False
c-d6f093b49a87,s-d660161343e4,u-ea792a46fff0,p-a37b0e22e7f3,v-9318cf39bfb8,ord-1ea27ca0ea76,M,1,28.51,2026-10-30 07:26:43,True
c-871e463f12dd,s-d660161343e4,u-ea792a46fff0,p-0a73233a12ba,v-4265496a4072,ord-1ea27ca0ea76,M,1,51.25,2026-10-30 07:27:44,True
c-352823fbb465,s-b339eb94121c,u-6f35385c7a42,p-58ea83f7cb9e,v-1ea3a32aa49b,,S,1,54.19,2026-10-30 07:29:09,False
c-9b5f08f216a3,s-ef69594c5fc6,u-e892cb3ef757,p-1a99ac9daee7,v-908ae4581103,,XS,1,88.87,2026-10-30 07:39:05,False
c-d682c965c231,s-f1da5fd72850,u-623d04ee6d88,p-87949fab40de,v-0c83bf0487c2,,XXL,1,44.21,2026-10-30 07:41:07,False
c-4094174d9e57,s-f1da5fd72850,u-623d04ee6d88,p-87ee241cd5e1,v-9d1e54c9db8e,,S,1,45.7,2026-10-30 07:41:25,False
c-f2f1009adfa6,s-b890084931c7,u-91e9b757ac84,p-749e01e728ad,v-d79501cea075,,XXL,1,37.05,2026-10-30 07:47:17,False
c-458035107125,s-45fdb783ac47,u-2b4eb3c9b9b6,p-41b36a08ff9b,v-34c733686d26,ord-d1866665dbeb,One Size,1,82.16,2026-10-30 07:47:47,True
c-fd4438c1816e,s-45fdb783ac47,u-2b4eb3c9b9b6,p-95d0f8b7ddef,v-2d8dce66fcb5,ord-d1866665dbeb,8,1,131.98,2026-10-30 07:48:02,True
c-31ec486d2b41,s-45fdb783ac47,u-2b4eb3c9b9b6,p-26b848cb6a4d,v-8d9bc992eb29,ord-d1866665dbeb,XL,1,63.57,2026-10-30 07:48:59,True
c-3685f3272180,s-45fdb783ac47,u-2b4eb3c9b9b6,p-8f3a7acb8878,v-f0ae2f42a36e,ord-d1866665dbeb,7,1,80.94,2026-10-30 07:50:02,True
c-6dd1f4deb791,s-0c700019d8ba,u-27587ded08fc,p-4a69548d1dea,v-3d5e0bea2c15,ord-3f10dbd5180b,S,1,55.29,2026-10-30 08:03:14,True
c-b26cf1364a78,s-1c3d32fe635c,u-8634b902a7cd,p-e9b9ac428b90,v-28ef94c9bc38,,XS,1,84.94,2026-10-30 08:15:14,False
c-ac9faff44ddd,s-fe0ed93b006a,u-469975a4c1e4,p-36ef66bfcddf,v-837a273dc177,ord-1e925bcb6fd1,6,1,85.32,2026-10-30 08:31:37,True
c-5ef7a77b33f6,s-23027737167b,u-28c2ef1a4046,p-79e6e95d1bcd,v-82fdc0c5e73f,,XS,1,91.63,2026-10-30 08:34:53,False
c-a60c7436aa90,s-d66317508560,u-17cc9a83ec03,p-e1e74cef3ff9,v-2ed0b8b69e01,,L,1,27.07,2026-10-30 08:41:16,False
c-b40a11a8be68,s-cce561662069,u-6bb079cacc40,p-1db2e3f66d18,v-860584be1947,,M,1,52.04,2026-10-30 08:41:41,False
c-1073bef87430,s-cce561662069,u-6bb079cacc40,p-ddf414f69e8f,v-435f1159e57d,,S,1,71.4,2026-10-30 08:44:29,False
c-72fde2bf28d1,s-560fb6b8b2a8,u-c6e4dd50227b,p-420db3363786,v-2a835664ad2b,,L,1,14.84,2026-10-30 08:52:29,False
c-670f4578a2a6,s-b7848341999e,u-d6955edcce89,p-d2a3ee5d6281,v-5749335f08b5,,7,1,103.81,2026-10-30 08:53:15,False
c-ffb80cda42dc,s-98bd540cf34f,u-7679263e5ab8,p-72c7f10f2193,v-754665a78a28,ord-69b27bc5ad78,L,1,29.1,2026-10-30 08:54:27,True
c-0f09203f19de,s-a11c089faccd,u-f3ba41555372,p-5c8bb15b8d80,v-24c94f898e36,,10,1,93.86,2026-10-30 09:09:56,False
c-0782475271bb,s-b4316411a18a,u-ae00b03ca7f7,p-633c9a580d2b,v-67e3883391ee,,L,1,45.88,2026-10-30 09:27:01,False
c-732383836d1c,s-b88da068bebc,u-ef2e063f475b,p-f9eb92cfed38,v-df6dddfc8338,,S,1,32.84,2026-10-30 09:49:47,False
c-548331676721,s-1743860efe75,u-22e6034fbce7,p-6a76551e4824,v-a46b1f002868,,L,1,56.64,2026-10-30 09:54:42,False
c-4ac4d64c7ed7,s-488a94b080d9,u-c1325dfff2c1,p-3599756ffff0,v-f6769938bb31,,XL,1,119.0,2026-10-30 09:57:48,False
c-8febacfe3fdc,s-adfa3a8bbc15,u-069319351c31,p-c5c41af6dfe7,v-0566ff211011,ord-cc3c5c2c253c,XS,1,84.67,2026-10-30 10:14:45,True
c-79089bf52ad1,s-444677e4bbc3,u-ef1850d444f1,p-fe7a6f1fcac1,v-2512f2f0f1b6,ord-00e58eacd126,XXL,1,95.83,2026-10-30 10:41:53,True
c-7e354125fb5f,s-613fbd7ee96d,u-f22d93d5698f,p-d84bd4e8729f,v-511ad0b2c91b,ord-3a72c49e0c91,One Size,1,65.25,2026-10-30 10:49:56,True
c-e20eea59242f,s-613fbd7ee96d,u-f22d93d5698f,p-86911472b493,v-56273ceb16f5,ord-3a72c49e0c91,XL,1,28.86,2026-10-30 10:52:36,True
c-cff762cc15e3,s-edb3cf708bad,u-b1455a7a8cae,p-fde3dbcf8ef8,v-985746478154,ord-7512d15726a9,One Size,1,50.15,2026-10-30 11:33:47,True
c-008e62f1b35c,s-50563a9e64c5,u-bb144b0760ad,p-47d57b9ced2c,v-136d8dfd6a41,,XL,1,61.59,2026-10-30 11:49:06,False
c-a26463cf7f04,s-50563a9e64c5,u-bb144b0760ad,p-33e3be652eb2,v-084ff52e8683,,L,1,30.38,2026-10-30 11:49:46,False
c-eb90e658b53e,s-aff1271a20a3,u-9d851603eca0,p-9cf1a10f570d,v-86c89c874237,ord-11b4513f32f4,M,1,125.58,2026-10-30 12:03:59,True
c-2b516a17d3e1,s-fdb77ecfe841,u-fe47d737a711,p-8cb78c65b913,v-cd8e591fb8e2,,S,1,57.18,2026-10-30 12:19:53,False
c-0026def22336,s-9b3b067e2e67,u-ab81af5693ed,p-a69300b85fa7,v-ee6a59ba241c,ord-7f11e4aaa8db,S,1,53.33,2026-10-30 12:38:52,True
c-4db4840a8528,s-be8fd7ab0fb9,u-c5f27f45d42f,p-f4008b82dc1c,v-ddb8d6dbce81,,9,1,91.71,2026-10-30 12:40:34,False
c-bf734a108ab4,s-63248fac50f7,u-738456b00187,p-adce4fd2f289,v-e9ed181bcc9f,,M,1,80.68,2026-10-30 12:43:30,False
c-b0d7b0432461,s-68a25e879909,u-ce79c626affe,p-95a1f7624783,v-3826a2f08bcf,,XL,1,46.9,2026-10-30 13:03:48,False
c-80c66f739a6f,s-d8fff95c988e,u-8960d9e98a94,p-8bf97a030995,v-ec5910fc3f8d,,11,1,88.98,2026-10-30 13:07:10,False
c-7ea60073b8cc,s-253c9caeb5b4,u-5e2eb96e9702,p-879607558737,v-4ae4e914ba0b,ord-feec261d6a3a,L,1,34.93,2026-10-30 13:16:26,True
c-63a756f528c9,s-253c9caeb5b4,u-5e2eb96e9702,p-ad215aa2fc1f,v-d5a814396fff,ord-feec261d6a3a,S,1,31.42,2026-10-30 13:16:50,True
c-31cedf0347e5,s-270875ef9401,u-2fbc56624678,p-8fd09dad4446,v-8fd998443725,,S,1,79.16,2026-10-30 13:37:00,False
c-9842bc72a47c,s-c25e7f7a8782,u-134397c9109c,p-513360c59966,v-99388d1d0ac8,ord-39c2ad3b3268,M,1,55.52,2026-10-30 13:43:10,True
c-94258c35da0a,s-eb90ceccca89,u-21039533fe98,p-5acec90d8a28,v-795a31fa369d,,XS,2,84.74,2026-10-30 13:43:32,False
c-0c711ea7258d,s-11b8b255f67f,u-d7b4dcf7346d,p-64511032d71c,v-591549bd6cb2,ord-7e32ba7f1e62,L,1,53.49,2026-10-30 14:08:33,True
c-dedafe6351ac,s-812431f95187,u-01d1a065cf6c,p-7ae320e92375,v-068656ed3158,,XXL,1,53.18,2026-10-30 14:09:05,False
c-69fb0acd0198,s-82e0e5c05d1a,u-2a6d9ed34a55,p-fea2fa77cfc0,v-1a3502367280,,L,1,54.19,2026-10-30 14:22:34,False
c-29030762c7c5,s-7d712ef6341d,u-b08b4e5e646a,p-65c24eb6ad62,v-1ae274f7c0c6,ord-1bb3f8ef2e76,One Size,1,60.87,2026-10-30 14:30:13,True
c-033310e13849,s-ddd1d7a1dfbc,u-c0ddc853f5af,p-f6da5c3405a0,v-c805c3dbf0ac,ord-3a4ec7761837,L,1,59.43,2026-10-30 14:41:40,True
c-8580890384c1,s-5afbc64c2d1a,u-6548ec63bc78,p-e87ed4fee08a,v-233cb98bf10b,ord-852add9df97f,M,2,33.13,2026-10-30 14:49:54,True
c-414766ac7ff6,s-0054aedf1f55,u-3a5288620b17,p-132b34f999ca,v-52b6311a3ab1,,S,1,59.04,2026-10-30 15:07:13,False
c-5bdaef2c2589,s-0054aedf1f55,u-3a5288620b17,p-434a1c832a8a,v-da0d2eebe21b,,10,1,53.05,2026-10-30 15:08:38,False
c-9cb0ea4b1e26,s-9201cd35bec8,u-afb0e904b74d,p-78156a3fd46d,v-595de5efaeeb,ord-dc8a743e1df2,L,1,73.58,2026-10-30 15:23:48,True
c-2588ae5110e8,s-9201cd35bec8,u-afb0e904b74d,p-5286e31c302e,v-ef9e30b8dd4f,ord-dc8a743e1df2,L,1,46.19,2026-10-30 15:26:26,True
c-0a1521d02cac,s-400a98fd3c23,u-56243e785898,p-e56e7fc07695,v-e333687591f3,,S,1,40.39,2026-10-30 15:29:59,False
c-7443d9427fef,s-400a98fd3c23,u-56243e785898,p-7251fe230804,v-936530f0ee5d,,S,1,62.64,2026-10-30 15:31:28,False
c-ce269a48f539,s-74975446ea67,u-9744fee980be,p-d6e0ba2b3cf1,v-918acaeb5998,,S,1,38.35,2026-10-30 15:44:52,False
c-9bc945787a44,s-a3d492e8c6a0,u-7e8877a4a56f,p-d8936a7abfdc,v-7b675068ed7b,,11,1,77.18,2026-10-30 16:10:10,False
c-2d04d2bc7e0a,s-a3d492e8c6a0,u-7e8877a4a56f,p-aab59aee3f2c,v-e2d376a3b325,,M,1,58.19,2026-10-30 16:10:36,False
c-0093a22f7ee4,s-779d2ac9e8fd,u-dcdc6a601902,p-f62fd4ffab90,v-27617696e05c,ord-f401a52cbb04,10,1,87.4,2026-10-30 16:39:44,True
c-3158f2fe48fd,s-9b09e6cbb138,u-e335fdd6d23f,p-72f4ba7dd057,v-e05cbe28c8fd,,XL,1,73.23,2026-10-30 16:52:50,False
c-9b3250e04e3c,s-9b09e6cbb138,u-e335fdd6d23f,p-420e089ce7e7,v-1fd2e686a3fb,,One Size,1,43.96,2026-10-30 16:52:56,False
c-f20dd8e75a01,s-cc5ff6168b38,u-5aecc9dc999b,p-2887da6ccf4f,v-f4876bad851c,ord-2296bad4b1fc,L,1,79.43,2026-10-30 16:57:10,True
c-e3dc2278ab86,s-255ebf2efbad,u-d0a91288e36f,p-513360c59966,v-eb976bde18cd,,M,1,55.52,2026-10-30 16:58:29,False
c-9ae80af9ec2b,s-2b016a113ac9,u-ce92988f1d79,p-dedf3979e43c,v-6e36a22a251a,,9,1,104.21,2026-10-30 17:04:23,False
c-64829eb1eb38,s-aeb892dcf80d,u-880b8d6351e9,p-474a73bfaeb6,v-92a3f4e6cd3a,,XXL,2,31.02,2026-10-30 17:31:46,False
c-27de69395e03,s-91427a71330d,u-cb00164905f1,p-b44217173b98,v-49acbb091d10,ord-5adc26551e62,M,1,36.5,2026-10-30 17:44:17,True
c-4d061578d92f,s-f883316b4327,u-5f5461cee1ae,p-8e56b4eed939,v-209c4332b94e,ord-8097dce98f72,S,1,80.74,2026-10-30 17:45:46,True
c-e09be03f7b4b,s-73b95f2345ca,u-21cb57203b86,p-49400352cbf6,v-15e059217f10,ord-4b3d8e354ee9,XXL,1,46.8,2026-10-30 17:53:16,True
c-c6a6b7766125,s-76dcba3bb503,u-b6556f972441,p-fc2d7392bb91,v-7dd7c9e35eea,,XL,1,53.78,2026-10-30 18:10:06,False
c-4d4c1faed028,s-43c5593876ea,u-dbfbe3f53c58,p-8fd825d4ccc3,v-8b260a691816,,One Size,1,64.57,2026-10-30 18:19:58,False
c-8b3ae42e1803,s-2d26393bfb49,u-dc768ac786eb,p-6eb2bfa906eb,v-17134823dfc9,,L,2,40.63,2026-10-30 18:30:09,False
c-e5d486c8ecb8,s-cfdf7cafab42,u-e33cbe06526f,p-d86d3cc2d6ec,v-94f967c047a1,,M,1,55.52,2026-10-30 18:33:02,False
c-5aa13208fb42,s-9bf4bde55cd2,u-cbcf482371cb,p-b2706ad84585,v-281e63a988a9,,10,1,114.0,2026-10-30 18:36:12,False
c-8c678a8e68ed,s-a7716f7d09f2,u-5e515b9e1055,p-bd9edc9532a7,v-507790cb2341,ord-449c893920d0,XL,1,20.11,2026-10-30 18:48:42,True
c-438cdcc6d2fb,s-2aa4108b89af,u-1e6fa27cd450,p-e53b84b85174,v-94c1d1345fc8,,9,1,106.39,2026-10-30 19:14:43,False
c-e551602346be,s-25651927cc33,u-a7004e5c9910,p-b651bf785c76,v-9c6273d6209d,,XXL,1,33.34,2026-10-30 19:20:40,False
c-090fca9463f3,s-1eb3dbbc2a73,u-962a22cf05ff,p-ba7d952cc597,v-719bea5159e2,,XL,1,46.94,2026-10-30 19:29:37,False
c-098b236efe17,s-db40a485ee1b,u-1d5ce9f1ddc2,p-cf720ea3ad1f,v-b73600f98223,,L,1,95.27,2026-10-30 19:30:37,False
c-b31ae04bced0,s-da1bea7feb96,u-470b8a4b6e24,p-2ffbba960a7a,v-5ac1626a39a4,,L,1,65.24,2026-10-30 19:32:42,False
c-63caa600bfd9,s-dcde7b42fa40,u-1019041cb221,p-bc71a87c4f77,v-c205458c1c58,,L,1,42.64,2026-10-30 19:45:46,False
c-ae35895fc34c,s-da06da72664d,u-e6b607d96a61,p-ddb05584a10e,v-49660028e7fb,ord-fbbc9991b2af,L,1,37.85,2026-10-30 19:54:25,True
c-2c753d609103,s-da06da72664d,u-e6b607d96a61,p-1e4f7041d239,v-e1f42fb2fc68,ord-fbbc9991b2af,M,1,38.81,2026-10-30 19:56:36,True
c-d9e21ceef643,s-b829c3786cea,u-6f94f88ce350,p-fc5760b292f6,v-bab78f51e237,ord-51ec4691dd82,M,1,38.24,2026-10-30 20:00:48,True
c-4cbad866b638,s-b829c3786cea,u-6f94f88ce350,p-e960be36c0f4,v-caa6ac1aa1ba,ord-51ec4691dd82,XXL,1,50.02,2026-10-30 20:01:25,True
c-c652daa7db0c,s-a0c03924ccb0,u-365efd8468ac,p-9e7de7195ad5,v-ffd80b832602,,One Size,1,112.01,2026-10-30 20:17:25,False
c-e0d779c77d5f,s-382accbef345,u-646170706f9d,p-94495595044f,v-5b9eb89cfae9,,XS,1,36.83,2026-10-30 20:36:16,False
c-152ff8ac8e6e,s-ff928c80168e,u-276c007e7eca,p-84e06d920009,v-5eb2d588b61d,,11,1,104.89,2026-10-30 20:42:55,False
c-197f2a7e3393,s-ba7aa8b9ee61,u-9d43fc5504f6,p-d46a9fafd8b0,v-f62cf7fd3363,,XL,2,59.18,2026-10-30 20:50:26,False
c-63bd27f7d467,s-c4598ced6955,u-1a3585121d5d,p-d3acf9d68782,v-ab3ff6ac2101,ord-207b39e06780,M,1,34.05,2026-10-30 21:02:43,True
c-25666207942c,s-43b96eaff457,u-586853ace874,p-c0f0f9b62a2e,v-e7f788228aec,,One Size,1,58.86,2026-10-30 21:03:09,False
c-bb9f217a7a96,s-c4598ced6955,u-1a3585121d5d,p-76ad45f309b9,v-c31bc8759ca9,ord-207b39e06780,M,1,63.61,2026-10-30 21:03:13,True
c-17c81035cd49,s-4bf509d3ad8a,u-cfc06675e305,p-08ccad08d3e3,v-7255768f1bba,ord-98dc349626e8,8,1,147.86,2026-10-30 21:27:57,True
c-af9195ec7089,s-0616b6172a44,u-769325db4370,p-7acfcbbb64c6,v-f0796cc41abe,,M,2,69.95,2026-10-30 21:29:32,False
c-ababcfc0c3de,s-dc3d7c022d24,u-577de7eced5f,p-d3cdead1b72e,v-5bb4e304e348,ord-1f349b607ecf,One Size,1,52.62,2026-10-30 21:34:57,True
c-8fb275ec19a0,s-60a9ab2defb0,u-b2890ef48ee4,p-6cbc89af68af,v-be1bc0966138,ord-82755e5eba34,L,1,91.74,2026-10-30 21:41:36,True
c-4a6767cefe14,s-94f69f1bdd9a,u-a3f74ef2c6bf,p-84a0960d0c21,v-fe4b39c23a0c,,XXL,1,45.35,2026-10-30 22:09:10,False
c-2ba7288d8cc4,s-43f2aeeda6b3,u-e174bc60a0a5,p-16a49cf4c880,v-037cab51f9e5,ord-2700ceff3ef1,One Size,1,27.34,2026-10-30 22:09:21,True
c-4394f653f0dd,s-86e1ad9815de,u-69103d8a4833,p-ec5e50e39ef1,v-d25b446b7078,,M,1,126.84,2026-10-30 22:28:03,False
c-ce2c8dcb6ac9,s-66286a8dd146,u-ae6e7fe38bde,p-5165812dac9a,v-058a208768a3,ord-900d60f9ca7d,S,2,61.72,2026-10-30 22:41:49,True
c-cf073dac19c4,s-fa2eb951fcf1,u-e3c7ed360a9c,p-9cfec85a6966,v-d1f54f848f78,,6,2,75.58,2026-10-30 22:46:01,False
c-70934ba256c8,s-7c4a74276891,u-50ea75f76f4a,p-805db5e2669e,v-6b7edbcfc64c,,M,1,88.26,2026-10-30 22:56:31,False
c-0dfdd8ee002b,s-e2266fd1e196,u-f4ad1e073376,p-0dd7e833ed25,v-3fffa6d5a449,,One Size,1,106.53,2026-10-30 22:58:28,False
c-5a1a11e6c872,s-936db4e50330,u-be377e8f0e87,p-53506609b939,v-2c1f6db9325b,,L,1,74.73,2026-10-30 23:05:57,False
c-1da5a5e26d19,s-354fc2fe8aa4,u-31e4796663e0,p-898d59d1d78d,v-39c28cdddbdb,,9,1,60.31,2026-10-30 23:23:25,False
c-863fa99f090d,s-427f94596d43,u-650698a4288f,p-05a2b020151f,v-c274413df217,,XL,1,41.16,2026-10-30 23:24:59,False
c-747c31bc81e6,s-56ee0caedfeb,u-b7cb1ce5b767,p-0df148d5c5bf,v-b75d22c9dd0b,ord-4e5ac48ba01d,XL,1,57.71,2026-10-30 23:29:40,True
c-eb0c28a5ab5a,s-190bb2c34073,u-8af65fd82fe8,p-d469a3b87ced,v-a7213528a5de,,M,2,51.28,2026-10-30 23:30:35,False
c-02090a1dc5bd,s-628a502be0e3,u-69d4cd736c32,p-5e4476a0a583,v-5d8494bdf52e,ord-2db15fe7a10f,XS,1,31.62,2026-10-30 23:32:03,True
c-a3bd981c8877,s-33633aa2ac91,u-e1f026da146a,p-3599756ffff0,v-3495deed21f5,,XL,1,119.0,2026-10-30 23:32:32,False
c-045ddd191229,s-88e3848a5a9e,u-d3f988216eb7,p-3657f8e0122a,v-c8dcd1abb648,,7,1,50.72,2026-10-30 23:50:51,False
c-34f63310ae9d,s-fad37d9a4b09,u-f469696a71b3,p-d2a785a57ed6,v-c56af40975d1,,XXL,1,51.37,2026-10-30 23:53:14,False
c-06653bd6e864,s-50859037e320,u-bd79391ffa81,p-402523ed70c8,v-4894cb7c069f,ord-927527c6d126,10,1,57.18,2026-10-30 23:54:29,True
c-35892e17db41,s-e4e3cb4e1469,u-578fe7c2e2bb,p-f9c378302ece,v-c40427c7ac15,ord-bec610dc0e31,L,1,49.23,2026-10-31 00:00:57,True
c-45eb318a2bc1,s-e4e3cb4e1469,u-578fe7c2e2bb,p-61d6c813f442,v-cc67be739037,ord-bec610dc0e31,L,1,95.45,2026-10-31 00:01:03,True
c-4ce7946a2caa,s-ab4496282183,u-6634f4afbd6c,p-218375e3f6d9,v-be03ec29b34e,,8,1,67.88,2026-10-31 00:09:55,False
c-9cea976c364d,s-eee33ca3661b,u-6c89ff551cac,p-460085e512b8,v-21c09a9d9a68,ord-9c5e23130660,XS,1,22.68,2026-10-31 00:13:54,True
c-57c109a25ae1,s-b01416afad39,u-856d6cfa5d9e,p-6d82f2143006,v-51c7cd0b1225,,11,1,42.21,2026-10-31 00:13:59,False
c-30c7ad34a3d9,s-ea36e662aa4e,u-b048dd5acc38,p-30f15b6b73b3,v-2f6eb6f7376d,,M,1,78.52,2026-10-31 00:21:22,False
c-51acc3cd3b6c,s-3ffae8cce88e,u-ad3f88faf35a,p-aeaf613d1025,v-ea2f2b7b2de7,ord-10db34712496,S,1,40.84,2026-10-31 00:40:32,True
c-ff6e1d4290f9,s-14c7ed050287,u-4c66c50b33dd,p-6467fc201b51,v-e111cccba275,,XL,1,63.88,2026-10-31 00:44:10,False
c-3fc9dffb0440,s-90093bf7c021,u-6fe4adae89d8,p-750f83e553ba,v-8b4d15626636,ord-092812ccf077,XXL,1,53.05,2026-10-31 00:51:02,True
c-1cd87ea3244f,s-c73a7df269e0,u-df584f94c162,p-89ea312cd559,v-f0da2eb2f6cb,,L,1,72.02,2026-10-31 00:53:32,False
c-da1c56a00e25,s-6ad09eaeca7d,u-68cfda4e2383,p-be8db09b6ceb,v-4ebdba3603aa,ord-77c89e82e4ca,XL,1,79.51,2026-10-31 01:26:11,True
c-768a91240687,s-e64a599d24b8,u-1a95b6e44694,p-0d76f2f69781,v-5e7219d3d68d,,L,1,34.88,2026-10-31 01:30:07,False
c-569352d211b3,s-e64a599d24b8,u-1a95b6e44694,p-d7568994dc7a,v-181d8fffa85b,,XL,1,46.87,2026-10-31 01:31:16,False
c-1872b3cf7ce9,s-e64a599d24b8,u-1a95b6e44694,p-d21a5093c235,v-d1bd0443095f,,M,1,76.75,2026-10-31 01:31:48,False
c-741c0b2e89a0,s-b0457b3b2d3b,u-5deb776d0dd3,p-26c2ae1821d6,v-fa3910a4727c,ord-f77441d7384c,9,1,75.28,2026-10-31 01:34:40,True
c-60aafe1657eb,s-b0457b3b2d3b,u-5deb776d0dd3,p-f9f787c33baa,v-c2534dca912a,ord-f77441d7384c,L,1,37.44,2026-10-31 01:35:06,True
c-5a1aff9f1437,s-5d37c037c120,u-5be175dd194c,p-ef22561c80d4,v-ad0bc92c696e,ord-999930a3bd90,L,1,82.92,2026-10-31 01:38:55,True
c-99e76e43c673,s-9c6733669a25,u-8ea637285402,p-218375e3f6d9,v-e8e4289ad346,ord-dee089369a9a,11,1,67.88,2026-10-31 01:49:57,True
c-e0451437d2a5,s-e11bd0de6d24,u-24940b61911a,p-f51b383685a9,v-68889b4cfc12,,XS,1,39.6,2026-10-31 01:58:35,False
c-3653671b2c32,s-c6cb3cd8e9e4,u-32ac852ea6c2,p-0372cfb42422,v-8191b70bddba,,XL,2,72.91,2026-10-31 02:03:20,False
c-b006d3c49a9c,s-f1755ae3b848,u-444735d75df6,p-58f09225ea43,v-0408a379161d,ord-547329334430,7,1,55.13,2026-10-31 02:20:10,True
c-3ccd4268ef54,s-f1755ae3b848,u-444735d75df6,p-a8f3089d3592,v-82fd39986f9c,ord-547329334430,S,1,50.62,2026-10-31 02:22:01,True
c-dd8f6cd793df,s-682dc59654a4,u-80aa1d773690,p-c01b41fcaef3,v-2a34262ad51b,,One Size,1,60.89,2026-10-31 02:39:14,False
c-fc00eb64e219,s-54d3c4d7480b,u-d1acc9b91dd8,p-7a9af4d8dfc5,v-4f1419f1484a,,L,1,73.93,2026-10-31 02:41:42,False
c-2bf92c794737,s-cb401bcb5469,u-379e27c87d51,p-64511032d71c,v-477c405dbdd3,ord-7c9a3d111c9c,M,1,53.49,2026-10-31 02:46:29,True
c-a70936177816,s-cb401bcb5469,u-379e27c87d51,p-9b86ccff2371,v-63ec4a3cb0ef,ord-7c9a3d111c9c,L,1,83.48,2026-10-31 02:47:31,True
c-4a649dd93c8a,s-84c26ba5fffe,u-1d2f784e791e,p-898d59d1d78d,v-4dc7f27c0f2f,,6,1,60.31,2026-10-31 03:00:59,False
c-b0649f65c6c1,s-3a639692cf63,u-567d88c0eeae,p-2623c0ae8527,v-22dc5e0f9b2b,ord-5c17666a5cb6,L,2,56.72,2026-10-31 03:12:54,True
c-8d0f2b7ea0c1,s-9bbe40c784e4,u-9385966c1f98,p-d8a811d4db82,v-b1c23b0019ec,,One Size,1,42.27,2026-10-31 03:27:52,False
c-69ac2fdf5710,s-7773d696fea9,u-c34b3e0db274,p-f21e009c1eab,v-953ecb596b79,,XL,2,38.47,2026-10-31 03:46:28,False
c-8c4043e95f40,s-7773d696fea9,u-c34b3e0db274,p-66d3930ba28f,v-7dee9454531a,,XL,1,36.36,2026-10-31 03:47:54,False
c-728a44f286b7,s-cda48797e5ef,u-1fe8406c93d4,p-ad215aa2fc1f,v-c410d13006ad,,L,1,31.42,2026-10-31 03:49:26,False
c-365db123ff1e,s-22f72fe7b573,u-184b4d1f7c74,p-670ebbe5d4a6,v-06cb99fffb23,,One Size,1,74.12,2026-10-31 03:54:32,False
c-dc43fa6f9cec,s-22f72fe7b573,u-184b4d1f7c74,p-fbd2033af83b,v-563b0e308cd9,,One Size,2,51.53,2026-10-31 03:55:27,False
c-e32d6090d7e7,s-749b63a5ac54,u-b0e6c8a4fa10,p-4199a4fbd96e,v-c7ad86378aa7,,M,1,37.43,2026-10-31 04:08:02,False
c-3c696b5f9191,s-948cc65ac31b,u-bd53db4b1a2c,p-3dce55a40c71,v-156ad212cdee,ord-5b30b8c4fbd1,XXL,1,50.25,2026-10-31 04:08:53,True
c-c85a840e5323,s-d60226df7632,u-c21914e4924c,p-5c7daba21237,v-d8aabdbb89f2,,M,1,47.54,2026-10-31 04:16:14,False
c-c31e2928d1bd,s-c9dfe30b2fa8,u-461b75b44b1d,p-bcef39c6c763,v-ad57203b570f,ord-71c803120e26,One Size,1,117.23,2026-10-31 04:20:22,True
c-753f0855ee1f,s-cd1c2be8e3ef,u-dec2131979ad,p-7fb7f84c7f18,v-638ec8429d6e,ord-429dbf53dbc9,M,1,79.19,2026-10-31 04:23:35,True
c-c62c02812819,s-8c50ed1a10ed,u-16e1309c1383,p-13d3e250b7b9,v-a9574c76c2e8,,S,1,59.03,2026-10-31 04:29:09,False
c-2bab60b7ccd0,s-5741c82f8f30,u-105f3e488320,p-3f391892cfcb,v-a79d7469a6dd,,S,1,102.56,2026-10-31 04:34:46,False
c-889faa711e1e,s-2b161c9e83eb,u-5c0868974982,p-d8f4231643ac,v-cdd827dd506b,,XL,1,56.14,2026-10-31 04:37:17,False
c-a668ed70e471,s-b0a975aaea5c,u-86f7c90f8390,p-318c127bf50e,v-3e527490e0e9,,M,1,39.38,2026-10-31 04:37:52,False
c-a78649cd7b9d,s-3f62f27395fa,u-ec48e783b66f,p-95d0f8b7ddef,v-15b77c1dd64b,ord-2b54a5fc32b6,8,1,131.98,2026-10-31 04:49:10,True
c-85f2199df05e,s-7fff9f96bf15,u-2d8734e68915,p-41aaf8ef9b1b,v-480fa375e8aa,,L,1,56.37,2026-10-31 04:55:11,False
c-e62fdaa6665f,s-4fedfc2e52b8,u-1eeb099b9a64,p-b16f3ad8ad7d,v-14d2fb38fef3,,One Size,1,10.97,2026-10-31 05:07:24,False
c-46406c7df8f0,s-66611520a09d,u-d0468fff9d0d,p-88b5fb620fef,v-4656d65bf048,,XL,1,40.39,2026-10-31 05:28:55,False
c-d34f720d6df4,s-d06f7a9c2cb9,u-3e95a3e85c30,p-78156a3fd46d,v-9a884f86a9a0,,S,1,73.58,2026-10-31 05:38:14,False
c-a8c61dde7e31,s-6ca2e4713395,u-282034420d6e,p-55abfbffd739,v-407f6f16153d,,L,1,28.34,2026-10-31 05:41:45,False
c-ca9894719a29,s-4c2079b0e1a0,u-363b2ca7362b,p-daf5cd24f22b,v-dc444c86bf8c,,11,1,61.7,2026-10-31 05:55:22,False
c-f21e06c0407c,s-6f101b1c2e02,u-f4ae7e9680ee,p-6560a8d6f88a,v-bdf2af96d887,ord-3a2b70f401aa,XS,1,27.35,2026-10-31 06:12:05,True
c-1fbf541afd3a,s-980c3577c33f,u-dffc9216ac88,p-e56e7fc07695,v-47012bdbb1f6,,L,1,40.39,2026-10-31 06:17:33,False
c-7556ebb253f7,s-7676ad1e7e91,u-4e0782005f3f,p-cfbeb3fe2196,v-f13f029e1007,,L,2,39.92,2026-10-31 06:18:06,False
c-28d86c2d93e8,s-9005ef33c615,u-1f78b6c5bf92,p-9eb4e749889d,v-b946a71188ec,,S,1,71.25,2026-10-31 06:22:19,False
c-7bd03926d220,s-b7954abd48ab,u-e6febb56a7f1,p-4d013f609f92,v-8d8c251472d7,ord-45151d449262,M,1,40.61,2026-10-31 06:33:40,True
c-a853f49be720,s-41691b5d8397,u-8f20ee175151,p-c51f3af8d87c,v-ee53fdd70e61,,S,1,62.42,2026-10-31 06:47:01,False
c-8482108b9093,s-10e01bd778b7,u-c1fc4f40036f,p-eede996438b6,v-e2947afc20e0,,One Size,1,39.38,2026-10-31 06:59:02,False
c-a52e9f06248d,s-aabf28d21c54,u-a81c18f9e2d7,p-451d35ee28e3,v-a75f834a1b47,,XS,1,61.88,2026-10-31 06:59:30,False
c-0f2960a9904d,s-d07ae7d02732,u-a9b8e982f2b2,p-633c9a580d2b,v-bca63d92ddc4,ord-68c40ceb9ba5,XXL,1,45.88,2026-10-31 07:02:44,True
c-66937d9222fc,s-8dd81f56d329,u-43b9c42221ce,p-4df44cdc7595,v-6667dbf31188,,XS,1,58.6,2026-10-31 07:16:44,False
c-1767ce4e4bd0,s-c0e928dddd78,u-98ee98fbf7a5,p-64de9c7bc568,v-cc960f96e97f,,L,1,55.1,2026-10-31 07:21:36,False
c-09deeb1b12a6,s-022fc9feb8b9,u-c2ef5a0efa1e,p-3484e06c8c9f,v-468e27f0b167,,8,1,56.92,2026-10-31 07:53:50,False
c-aff367173c36,s-4b0306d6f736,u-969e5f67097b,p-7e975cc02998,v-e9165a0660de,ord-158cf2275779,L,1,66.03,2026-10-31 08:00:15,True
c-dce9f8e19f0d,s-a08046ec27fa,u-93c9034ae53a,p-028a2ef42fb8,v-06a86db4a84c,,XS,1,66.84,2026-10-31 08:06:29,False
c-ef9907a0aa7c,s-2c435c50bbad,u-a1e6a20cd8d4,p-b9a3998cf0ca,v-669920c953d0,,S,1,30.07,2026-10-31 08:06:43,False
c-3d1fc796f083,s-e9b10834c137,u-04baa97e63fb,p-afe4cf7491e6,v-ef1f1d7e83da,ord-ae2e4f63ed66,S,1,77.78,2026-10-31 08:21:52,True
c-5d384943a95e,s-e9b10834c137,u-04baa97e63fb,p-08a5f2b72dbf,v-276f328159cb,ord-ae2e4f63ed66,L,1,67.38,2026-10-31 08:23:49,True
c-7cb8fe1dbf5f,s-1807fb7db848,u-3b8cce2b7772,p-1c3c50318000,v-dec757149cfb,,XS,1,63.85,2026-10-31 08:52:25,False
c-2f12687befef,s-8626a8de7ac9,u-92f95717faed,p-0e8ea9210eb0,v-27184ea29657,,S,1,84.25,2026-10-31 08:55:24,False
c-764f232e5ec3,s-8626a8de7ac9,u-92f95717faed,p-841e04f8cfa3,v-d7e8a28f8b03,,XS,1,89.52,2026-10-31 08:56:29,False
c-be840b112748,s-17de98f9d809,u-7dc00aee2e5c,p-567b30ed15bb,v-989d0bed07e8,ord-e7bcd790bc05,L,1,51.29,2026-10-31 09:15:23,True
c-05f03955b919,s-f85403286af1,u-33ef258b0f82,p-ff0444aaaa6b,v-f0d215bd37da,ord-164d90d0909b,S,1,89.87,2026-10-31 09:18:56,True
c-ef037b767399,s-f9fca67881a9,u-6fceb464a8e0,p-f6883b6407a9,v-77897a6fabb8,ord-7c13993388f9,S,1,50.01,2026-10-31 09:39:11,True
c-1ea358a951d2,s-f9fca67881a9,u-6fceb464a8e0,p-4e1b3dd6a395,v-b80a8638f57b,ord-7c13993388f9,M,1,27.39,2026-10-31 09:41:19,True
c-ed0ddb20df8a,s-9eb0e51dcf60,u-5c22c220323e,p-7ac887b9661c,v-2bcd84a86a27,ord-a1775751e7f1,L,1,59.36,2026-10-31 09:44:18,True
c-13450b70be6e,s-1d54fa58cdee,u-2f1a048dc07b,p-2dbe80b10a07,v-aadd8c84998c,,S,1,32.47,2026-10-31 09:53:14,False
c-2e809a752001,s-621e850fb095,u-ef861e745fdd,p-3e9caf258b1b,v-2bbd9fb21cc7,ord-fd56213cc83d,M,1,19.1,2026-10-31 09:54:33,True
c-3ddf8d40a757,s-1508cfbb7525,u-b06b8cf64790,p-634cc331ccda,v-8040ec4b87ab,,S,1,41.37,2026-10-31 10:33:53,False
c-ef9f79c3072c,s-f4d967553fbc,u-5ff0b2119dd0,p-4199a4fbd96e,v-d7d59c3ad043,,M,1,37.43,2026-10-31 10:40:52,False
c-cf76e0233166,s-5a988dc445ae,u-935d382553b6,p-ed4ac3c90d78,v-c6ba8fb531f7,,XL,1,42.1,2026-10-31 10:51:40,False
c-1383760b9d06,s-f09da095c97a,u-68d05baedeb4,p-1cb5cde3ad3d,v-4d57f8fa917a,,XXL,1,51.88,2026-10-31 11:11:17,False
c-11a1bd5e426f,s-0d7dc4a69541,u-bf561534b08f,p-bd63dc35718e,v-245e39564d68,,L,1,32.33,2026-10-31 11:13:18,False
c-40fee7945064,s-28a4563da82b,u-9baa1e96723f,p-330f0d230f44,v-edd91e6394f7,ord-c7eeb52d5e43,M,1,26.19,2026-10-31 11:13:30,True
c-5e9097661d53,s-85752daf101a,u-09c113afe26a,p-70f485889dd0,v-09e68fcc501f,,7,1,49.51,2026-10-31 11:15:33,False
c-03e9a9ef78cf,s-85752daf101a,u-09c113afe26a,p-208824be0f96,v-cdece3f9c43c,,S,2,32.95,2026-10-31 11:15:43,False
c-141395739ebf,s-de4f5ed40d45,u-f5724c10fcd2,p-e5be92dcd42e,v-2f89e0b0e817,,M,1,72.66,2026-10-31 11:18:25,False
c-3254eb797289,s-3d3bd18cb822,u-eac916208862,p-330f0d230f44,v-5eb7753a392c,ord-9e4d09939281,XL,2,26.19,2026-10-31 11:26:36,True
c-6f09bf7fd5a7,s-a984199376cb,u-6732ea54157f,p-cefb582e9ad6,v-06edd8a2e00b,ord-f8ffb3c89dde,XL,1,45.34,2026-10-31 11:28:17,True
c-cc12e0a0f598,s-ff8215066b5c,u-f592ac2f5b96,p-44bdd1dfe5ec,v-46cdb8205861,,M,1,46.95,2026-10-31 11:59:24,False
c-c90083c171ee,s-e6b61bc2ee56,u-a6d6d3c2c18f,p-8ee9b720f717,v-3a3291323a61,,11,1,65.67,2026-10-31 12:36:45,False
c-788c9135c705,s-5767a748950e,u-c9ca7af70a9f,p-a1ab09beb7f9,v-89c70dc04e0a,,7,1,43.05,2026-10-31 12:52:10,False
c-35ba01a76a89,s-aec6e79d8be4,u-103bb6dd0b37,p-866026ab9dd8,v-227be1703264,ord-a565ab18d081,S,2,46.78,2026-10-31 12:55:39,True
c-ea89115f77d9,s-875d8847e849,u-bb6bcd6d32ec,p-47627ee691eb,v-78f1ee4e0fb2,,XS,1,105.85,2026-10-31 13:31:24,False
c-77720140f83a,s-e2e86e4e045b,u-6d31c038b35a,p-c158b642b912,v-ae1385a07f5e,,7,2,65.05,2026-10-31 13:32:39,False
c-b3e423457c1c,s-08ec00f5131d,u-573eb4388d6c,p-7fb39ceb4120,v-2ce39dbbc419,,9,2,61.81,2026-10-31 13:33:37,False
c-4ca09bd34ce9,s-3683cffef511,u-b7812f5e9915,p-5843cdab26b1,v-fbe8fc1b277d,ord-f26652882fb5,XL,2,60.33,2026-10-31 13:38:18,True
c-f6b00071286b,s-55567d479b58,u-eb060ed7e93c,p-1469b9ea7277,v-17691ee25437,,S,1,77.42,2026-10-31 13:41:07,False
c-612b6da05288,s-d863e254c23d,u-4165e86be2ce,p-bc3329ef5762,v-da1b56676c2b,,M,1,54.27,2026-10-31 13:41:25,False
c-1f3667e20769,s-a345c82d2e08,u-e8773414b295,p-5639a744c9b9,v-28af6a6c7203,,XL,2,58.93,2026-10-31 13:47:41,False
c-6826eeec7c78,s-0803d3dca8c3,u-bd6b27e23ad8,p-d54ffe6701c5,v-6cf333d361ed,,M,1,76.9,2026-10-31 13:55:19,False
c-f33974f0d7e2,s-33c2edbdce72,u-83327bdbe095,p-bd9edc9532a7,v-d915c208ed10,,XL,1,20.11,2026-10-31 14:38:23,False
c-ee5f0e8c19e0,s-d51acef81199,u-ba77660ed585,p-74aadb4fff89,v-ae6c065a5691,ord-3123270e9cbc,One Size,1,113.17,2026-10-31 14:58:32,True
c-9d183bf2a91c,s-908de0d98b5a,u-9851e04f9ec0,p-5bd75779ffa7,v-be402c1e7727,,L,1,55.25,2026-10-31 15:00:01,False
c-fada92c280a6,s-908de0d98b5a,u-9851e04f9ec0,p-79e6e95d1bcd,v-46d341e2c0e5,,L,1,91.63,2026-10-31 15:00:33,False
c-49cf9f37c1d9,s-48f2e20bd8b7,u-35e75fb4228b,p-434a1c832a8a,v-8ea37a9aaea4,ord-b638b03f035b,10,1,53.05,2026-10-31 15:06:12,True
c-6306be979ae3,s-48f2e20bd8b7,u-35e75fb4228b,p-e25b3f134109,v-066756b36d9a,ord-b638b03f035b,11,1,74.66,2026-10-31 15:08:21,True
c-72dadfe02b50,s-2ae2d388e418,u-2a7d931ea24b,p-dc8bccb1bc01,v-603dce985c94,,S,1,18.02,2026-10-31 15:21:46,False
c-0fefb7e50b2d,s-99726a1e5d80,u-0dc5a8a81b6d,p-48a4b7cd6342,v-fd5a51aefe11,,XS,1,39.91,2026-10-31 15:32:58,False
c-1b1fa4bed628,s-24da2d9bac9b,u-074a80987fbc,p-7acfcbbb64c6,v-e89ac3aa3f2f,ord-d11a4942376c,L,1,69.95,2026-10-31 15:51:24,True
c-c7e790d79a21,s-8551cc599c15,u-36e1dde7a02f,p-d8cc90536f57,v-f29887c2639e,ord-1ddfd20e5b1b,One Size,1,39.04,2026-10-31 15:52:39,True
c-43b7bbb1a4ad,s-8248fb74e92c,u-cb268446cc1b,p-acd54f5e8fa1,v-3f9b1a2c44a9,ord-18f1903f7e4e,One Size,1,97.54,2026-10-31 16:27:04,True
c-8102afd12f8d,s-0cdc66e84e19,u-3505e5c746c9,p-670ebbe5d4a6,v-1437c216c822,,One Size,1,74.12,2026-10-31 16:38:53,False
c-9c9420173f32,s-0f6ed6a90d1d,u-5b1d1d508f4d,p-f191fdc007ba,v-f3377c58852c,,10,1,96.06,2026-10-31 16:46:54,False
c-74d0bdc12c24,s-8b39d4f6582f,u-ff9ce871748e,p-3afe0cf96058,v-b673cd37cd2b,,XL,1,58.9,2026-10-31 17:04:32,False
c-f955efc13542,s-771d819efaa0,u-ac08a4c387ad,p-c331eb365747,v-4f1fe7f7ebc1,,XS,1,77.1,2026-10-31 17:16:13,False
c-8e05a7afaa3b,s-48cd2542a7ac,u-bae3d020c908,p-4f6505c8e62a,v-191bf95cd847,,XL,1,34.01,2026-10-31 17:23:37,False
c-fe071550be43,s-5873e6cdb736,u-660c15ca4cfb,p-4131172a7f05,v-47d96264ac00,,XL,1,80.36,2026-10-31 17:44:42,False
c-d101f5dcbc16,s-5873e6cdb736,u-660c15ca4cfb,p-37254b519c5d,v-187b88b4186c,,S,1,43.45,2026-10-31 17:46:21,False
c-e41edf564351,s-333aedd48603,u-c08eda195610,p-032a4ca5d53c,v-bbf7d1e88139,,XXL,1,68.69,2026-10-31 17:48:23,False
c-4bc8f6b3d334,s-a3736185e119,u-1578811b5866,p-15e0a3beb610,v-61616acbf671,,L,1,33.91,2026-10-31 18:05:44,False
c-40d1300ccc19,s-e0a3f53d042f,u-71afa2786e94,p-600053fa19c7,v-92366fb083b5,ord-a115f48ff1bb,S,1,12.73,2026-10-31 18:11:47,True
c-d29d710de14a,s-b47969b995a2,u-678a57b2cc3c,p-0977157cca58,v-70c9e38a8c49,,One Size,1,106.93,2026-10-31 18:13:28,False
c-ea4bf4a6a5d0,s-af41e7599182,u-cd1f10e701fc,p-b159f3c43083,v-0104edfe6eae,,XL,1,26.19,2026-10-31 18:20:37,False
c-670412365c1d,s-143f31c6789c,u-5bebf5ebd85b,p-f51b383685a9,v-dec2f80162d5,,XS,1,39.6,2026-10-31 18:26:47,False
c-39f3f272cd56,s-b40c3a68398b,u-c5e8555d9d76,p-62367f6046fc,v-0eaccea41d0a,,One Size,2,46.19,2026-10-31 18:29:23,False
c-1ec05bda8a02,s-b2e3fa5dbc39,u-ecfd17b801c4,p-18ac482d2577,v-6647b24ad3c0,,XXL,1,43.04,2026-10-31 18:45:39,False
c-5dd3459a173a,s-f222abaac9a9,u-2ade78bd75f8,p-a25f16dde589,v-b16bdd7374d7,,M,1,78.46,2026-10-31 19:05:45,False
c-7e4a01b99a6c,s-85db0dea70e4,u-fd5a4e5803c4,p-e803259e44af,v-0fdd915c0f22,,L,1,39.37,2026-10-31 19:06:42,False
c-04209668b38b,s-f222abaac9a9,u-2ade78bd75f8,p-d7568994dc7a,v-069a8ea396b6,,XXL,1,46.87,2026-10-31 19:06:48,False
c-e870a0c79c18,s-f222abaac9a9,u-2ade78bd75f8,p-c4265027a024,v-0da2c8a2d5df,,S,1,18.86,2026-10-31 19:08:06,False
c-3d3e51cde30d,s-85db0dea70e4,u-fd5a4e5803c4,p-57fd048d27b3,v-af43bdef048f,,XL,1,26.82,2026-10-31 19:09:05,False
c-611313650c48,s-0ca697b9153d,u-1da592ef5099,p-bf9915c4ef4b,v-7cbaea524871,,S,1,44.63,2026-10-31 19:33:47,False
c-c1663338f239,s-f5267204475a,u-ec4797063a30,p-ce44c70f1845,v-7f13b17a2ae5,,XXL,1,66.67,2026-10-31 19:36:09,False
c-00bd4d1b3068,s-d0a2c2cc6eac,u-6796f0174fa0,p-fac654905491,v-c91593944cce,,8,1,67.98,2026-10-31 19:36:21,False
c-b5b87783ded9,s-4390bd323139,u-fd4e1abd948d,p-2df786ae0c97,v-fa0c0a6d1092,,S,1,43.23,2026-10-31 19:51:14,False
c-35c901301d23,s-4390bd323139,u-fd4e1abd948d,p-ee2e68509020,v-37f235687660,,L,1,44.3,2026-10-31 19:52:23,False
c-104bc7dcd2e2,s-4390bd323139,u-fd4e1abd948d,p-07d21966a89c,v-59bc168ff488,,L,1,53.76,2026-10-31 19:52:43,False
c-e0b2285fb5d1,s-04c5479f80dd,u-b42afdffcd89,p-898d59d1d78d,v-8aea8f0c4b91,ord-7fd7541db8c1,7,1,60.31,2026-10-31 20:02:51,True
c-94a586e2c94b,s-8b835bd9a364,u-8b9fab1e02e3,p-6cbc89af68af,v-249090454dcc,,M,1,91.74,2026-10-31 20:04:20,False
c-566902e1c46a,s-984ecb11f801,u-8c4854244abe,p-6a0a5ab6b0fc,v-db154f0883dc,,S,1,80.21,2026-10-31 20:34:54,False
c-d45ef59cc507,s-5d7a20599c62,u-d0d1e01f69d6,p-cb074730edd8,v-c293fd68a28b,ord-4ab3ea2d9451,XS,1,84.14,2026-10-31 20:36:30,True
c-529a44f8fd49,s-219a31c0831b,u-2902a43dca94,p-4919c4092ff5,v-f6fa90f3890f,,L,1,73.91,2026-10-31 20:39:12,False
c-2a7883e6d705,s-33e12c318b5d,u-a6615e37272e,p-9e7de7195ad5,v-5cf14dbc4e25,,One Size,2,112.01,2026-10-31 20:59:34,False
c-3f4a12bedcc1,s-ce75b453ba17,u-22a726b76d7c,p-a54a94c426b6,v-be8f8942ab95,ord-edc7a002de4f,One Size,1,30.06,2026-10-31 21:09:07,True
c-a2986c293927,s-cf019a8cfd11,u-5de2bf693d1e,p-4a39ff3d22c9,v-378130cfdf76,ord-2671250a0294,L,1,68.4,2026-10-31 21:12:35,True
c-456fa4606d36,s-32dcc08e3b85,u-f499ea14abdd,p-40701d415e13,v-37775dd9c3d1,ord-c1d6d5663605,S,1,63.18,2026-10-31 21:16:54,True
c-0d21d161e975,s-8779e28a826b,u-08c2e9b7b6a3,p-6b7f7e796058,v-e847c338c0d7,ord-a960520322a4,XS,1,42.83,2026-10-31 21:22:36,True
c-e81ed5d9d724,s-4f517c546d80,u-8650fbb8e4a1,p-06f0ecdca59e,v-551afdd9a8f0,,L,1,45.83,2026-10-31 21:51:44,False
c-e8e8f0bbda8d,s-9f3641db4ab7,u-30772d66384d,p-c2a751d47ec2,v-489ce2e18d1c,,M,1,32.36,2026-10-31 21:59:13,False
c-7a346aece6c2,s-677e119c624b,u-cf6fc53d7565,p-c1092302dd78,v-e8faac9c303f,ord-8d496bce035e,One Size,1,86.05,2026-10-31 22:06:02,True
c-b822939c3e10,s-677e119c624b,u-cf6fc53d7565,p-8f45393df75d,v-8381f0d76735,ord-8d496bce035e,XL,1,76.37,2026-10-31 22:07:30,True
c-7be1cc5744a2,s-966e06229802,u-75ccc6a84b5a,p-6535d0b8061b,v-b84bb0481006,,XL,2,92.87,2026-10-31 22:12:46,False
c-2ef699622b35,s-966e06229802,u-75ccc6a84b5a,p-2b880a84e504,v-7c5bdb8f6cf8,,XXL,1,66.55,2026-10-31 22:13:21,False
c-27708a49c49a,s-5ba5f8127d5c,u-d286356f545f,p-7ac887b9661c,v-dda36e63c1c3,ord-558081eadff6,S,1,59.36,2026-10-31 22:19:36,True
c-a7491f373dcc,s-ada6717cd0b3,u-0fe946e5f021,p-659a395522dc,v-217d63fa0622,,S,1,37.18,2026-10-31 22:25:03,False
c-007fe7191b60,s-efc223d09b69,u-bd5d3f1c20c1,p-6095d37b40b4,v-ab9298bb15c6,,S,1,44.58,2026-10-31 22:30:01,False
c-f6c80c52f6f8,s-844dcb3ce695,u-d96a8a490bf4,p-4798a77c002e,v-4cc10de2f886,,One Size,1,69.05,2026-10-31 22:40:01,False
c-7fec77b46b3d,s-37839b5cb7e4,u-06545398f86c,p-4199a4fbd96e,v-1b5499fc2a85,ord-f80864fa9165,S,1,37.43,2026-10-31 22:42:04,True
c-ceb3260e2619,s-37a31f159124,u-f8cdf3ed9694,p-0da76474eec5,v-9574e669d780,,L,1,38.98,2026-10-31 22:59:57,False
c-2e262c565cdc,s-0f8b9c8aed74,u-e65018f9ae18,p-59ce5bd8a232,v-848b899a8623,ord-0d66bcb90c8a,XL,1,52.04,2026-10-31 23:04:39,True
c-9870e8d22a63,s-eb4404771a29,u-771728341b1d,p-0dbf9451d1d1,v-070fc24c82b2,,One Size,1,83.05,2026-10-31 23:05:00,False
c-96871aca97d9,s-fe828f88b7af,u-40c783ea2c09,p-bd9edc9532a7,v-4c35822952fa,,XXL,1,20.11,2026-10-31 23:08:33,False
c-7515e268bcd8,s-fe828f88b7af,u-40c783ea2c09,p-8e60e7be8c04,v-2409a6addc9b,,XS,1,61.79,2026-10-31 23:10:15,False
c-793ff0b09804,s-0cf20d65676f,u-432bc9cb7719,p-916dad6ca62b,v-1136e5ddc731,,10,1,91.61,2026-10-31 23:17:08,False
c-351d133ec708,s-a1476a1ca726,u-1a75cff7884b,p-7f4a3a4942b1,v-4a72b0422364,ord-4d2c80139b95,M,1,79.36,2026-10-31 23:25:38,True
c-6fdfe1f525ee,s-a1476a1ca726,u-1a75cff7884b,p-22d95d57a4a4,v-ca79d6e9722a,ord-4d2c80139b95,XL,1,18.87,2026-10-31 23:27:01,True
c-c7a18515819d,s-cd84c5c4f15e,u-31396efadf81,p-5be1ceedab47,v-b009013a57b5,,L,1,67.34,2026-10-31 23:32:11,False
c-985c68b0d8fb,s-9f1f1954c4fc,u-5a78fa6dd15b,p-81b0e6a4662a,v-720bd91196f4,ord-1eee9ab300d8,XL,1,86.13,2026-10-31 23:46:13,True
c-84b0be97d7ac,s-b8e53ca2367f,u-5f5461cee1ae,p-58f09225ea43,v-26480f5ed7c5,,11,1,55.13,2026-11-01 00:02:00,False
c-dcb3e4bb525b,s-250e3dd328e7,u-f590274206f7,p-29c5ff163998,v-cd467f35449a,,XXL,1,13.73,2026-11-01 00:59:59,False
c-8558b07ee9e7,s-8b123e24a9ac,u-b73526cedf79,p-6d82f2143006,v-aa6e2689b3ee,ord-cff8f1b70819,6,1,42.21,2026-11-01 01:02:45,True
c-bf4fcea3089b,s-28d8660dbf3c,u-fa7c5ef4590b,p-6b565202eff5,v-7daadb4622eb,,XL,1,69.6,2026-11-01 01:02:53,False
c-c82de932079c,s-28d8660dbf3c,u-fa7c5ef4590b,p-bf9915c4ef4b,v-ea6aae66497a,,XS,1,44.63,2026-11-01 01:03:27,False
c-b07f93f4c060,s-10a29a12fcc0,u-bd2d1db61a02,p-bd2f2d0f3c75,v-bd5410eb604f,,XL,1,43.55,2026-11-01 01:07:51,False
c-f75e10a1f017,s-e7c9164c837e,u-0b128bd1a458,p-bd9edc9532a7,v-11d384f88b3c,,XXL,1,20.11,2026-11-01 01:14:39,False
c-8989eb52045e,s-756983ec4582,u-a69957b7749a,p-2d160337d51b,v-06c06b679876,,XXL,1,50.19,2026-11-01 01:26:33,False
c-15b948eaa6c6,s-57c260269d6f,u-00df59abaa44,p-430d42731bdb,v-6767cb58cc6b,ord-91040fe97783,S,1,38.19,2026-11-01 01:54:06,True
c-0fafd3b5f5c6,s-aa8d8043792f,u-2052efa1b954,p-7100d85bc108,v-690db3d99756,,M,1,32.96,2026-11-01 02:03:39,False
c-865e909edff7,s-a59225e4dc82,u-7712468b67d2,p-3adf185ccfa8,v-8ad1537e9940,ord-58d1befffe35,XXL,1,85.36,2026-11-01 02:04:26,True
c-9f9d26ce1207,s-941d5e519488,u-7a4a35f9e885,p-f8de2716ffdd,v-fa810d716d60,,S,1,30.34,2026-11-01 02:05:42,False
c-8b4394498505,s-aceb8335ac9c,u-7f389fbde979,p-f4e713a110d6,v-e770d8621ebd,,10,2,104.08,2026-11-01 02:12:23,False
c-ca7169a5836b,s-1ccd5b96d3d3,u-842d4041416d,p-38982377b505,v-9c7e752ba14c,ord-4bc8f3b03ac1,M,1,106.91,2026-11-01 02:17:24,True
c-f454189d8c45,s-587988df6c44,u-d889f332e308,p-d2f80fab104e,v-1d400b5708b8,,XXL,1,64.85,2026-11-01 02:22:20,False
c-1a5d8fa682e4,s-84087888a83a,u-bc450f2b46fa,p-25301b52ab6c,v-19ba23fa33be,ord-fae418cd64da,XL,1,62.25,2026-11-01 02:46:07,True
c-9f49d4117ad7,s-76ccae37b189,u-2c69b574dfb6,p-7c905332bd05,v-94b5d6a36ade,ord-1422b4fac151,7,1,63.51,2026-11-01 03:26:59,True
c-0d5bf2dcaf54,s-846594b06069,u-3000f6fea96f,p-b132ba6f0ebd,v-bb50763ffd9e,ord-d79a78b2d479,XL,1,83.14,2026-11-01 03:29:06,True
c-f4ebaa6bc4c6,s-846594b06069,u-3000f6fea96f,p-88948849304a,v-ce78d71871f5,ord-d79a78b2d479,One Size,1,121.73,2026-11-01 03:30:08,True
c-f02d3aa615cc,s-73a51778e5ab,u-b55076e41950,p-2db6ca4f8bdd,v-4694af987e2d,,7,1,106.9,2026-11-01 03:39:10,False
c-3c486dc700d0,s-ffeb7fb1e695,u-dbb2abb1ba52,p-2e1138dff55d,v-2cbbaa07c661,,L,1,53.74,2026-11-01 03:58:03,False
c-831f50331820,s-22a394542841,u-cda18c3012f0,p-5df8782b738b,v-da8c63e4de13,ord-979817b602f4,L,2,64.56,2026-11-01 04:10:04,True
c-62a8da7ebf75,s-b0d1d34de12a,u-a3fa3ccf5717,p-4919c4092ff5,v-50d3629fba05,,S,1,73.91,2026-11-01 04:29:47,False
c-9e080097be9c,s-71854a6d1ed1,u-5e86c86e08bc,p-dfdf8d04322d,v-a0925862689b,,S,1,74.22,2026-11-01 04:37:54,False
c-86b78575f770,s-51719fbfdc3a,u-49dbbd84fe8f,p-d469a3b87ced,v-71812f44cbf2,ord-489ffc71648a,L,1,51.28,2026-11-01 04:43:47,True
c-f7b580bf63a0,s-10fd7f2b045e,u-edd4f196f5cb,p-6b66312e1b57,v-5257373b8578,,XL,1,32.25,2026-11-01 04:46:59,False
c-117f7a330c7e,s-53e72542f72e,u-a4e0ac1e0961,p-c212f3886f35,v-655cd565e107,,S,1,48.22,2026-11-01 04:53:00,False
c-28a80139c3d7,s-1361ad04ab46,u-db7ab4ea55d3,p-f9eb92cfed38,v-3704a1a61c9c,,XXL,1,32.84,2026-11-01 05:04:35,False
c-15020a2b73ab,s-1361ad04ab46,u-db7ab4ea55d3,p-e63f88a31c90,v-ba2ad64644e3,,S,1,15.09,2026-11-01 05:06:30,False
c-81abb564e86c,s-5d03722c2d83,u-4ed4968a04ec,p-d29ce7dd0bd7,v-f8cdca74520b,ord-140b5ecc23b1,XXL,1,53.63,2026-11-01 05:23:45,True
c-47dcb6f8202d,s-2c9ba43f1308,u-9bcd52a45938,p-44373cf67c83,v-efc672fb50bd,ord-4c49d63dee6d,One Size,1,75.47,2026-11-01 05:31:52,True
c-97cb5492927c,s-8455430e5c45,u-6ef7286d510a,p-f92bac9bd3b4,v-f460984513b6,ord-2b273152b9e1,XXL,1,62.0,2026-11-01 05:35:38,True
c-802cc1a6cb6d,s-a70e4cff1dac,u-60beb8ca0a2d,p-f62fd4ffab90,v-8733dd300ed3,ord-5f6ba351f982,10,2,87.4,2026-11-01 05:50:19,True
c-488735d85d30,s-a70e4cff1dac,u-60beb8ca0a2d,p-3484e06c8c9f,v-9f00c20bdbca,ord-5f6ba351f982,9,1,56.92,2026-11-01 05:53:49,True
c-aba1624939c5,s-ce2185657f31,u-f1df186315c6,p-6c57e32ac2ab,v-8c4eeee64645,,XS,1,37.84,2026-11-01 05:57:04,False
c-603ddcf3661d,s-5e437a977e8d,u-9c29484815b8,p-55abfbffd739,v-d1e2370c43fe,,L,1,28.34,2026-11-01 05:58:37,False
c-071bed2a7d87,s-4984683a9da7,u-c383275697e1,p-f79e79baf494,v-9519ec2c3de0,ord-3c7eefd43d79,8,1,65.53,2026-11-01 06:09:25,True
c-a33447c2570f,s-0b6a24553a44,u-95c1d0239e2d,p-cff7bace7531,v-1d09843ab765,,S,1,53.03,2026-11-01 06:19:44,False
c-9fca418e7beb,s-e704cd7dab5e,u-35af41518b10,p-75502b831959,v-8a33d8b0e68f,,M,1,57.91,2026-11-01 06:24:02,False
c-3328dd1eb543,s-e704cd7dab5e,u-35af41518b10,p-1c0258525d95,v-433d64d0e964,,XL,1,58.8,2026-11-01 06:24:37,False
c-e70d67b61562,s-33705207fcbc,u-ef126b068ae6,p-8aa22c14c4a4,v-66c764069a3e,ord-eae1dbd6d2cb,10,2,113.1,2026-11-01 06:37:36,True
c-ed4d88872e88,s-e5bb19336e13,u-0c5f1dc0812c,p-670ebbe5d4a6,v-cdeed522c585,ord-950f3306dc17,One Size,1,74.12,2026-11-01 06:52:24,True
c-0b8015e1c850,s-56f9003980ae,u-14569e2e5d16,p-29579ce98c2b,v-d20d73417f19,,M,1,35.77,2026-11-01 07:00:02,False
c-f489c340e4f2,s-80b5e11da71b,u-30af32c5fd48,p-22d322fc42b0,v-be6c5c84e00c,,XL,1,72.49,2026-11-01 07:17:14,False
c-2c900b454399,s-1bdeda9e939b,u-9674f0277fac,p-f9d0f8a34417,v-b7bd7bc3a513,ord-aacc953cd889,One Size,1,48.25,2026-11-01 07:22:43,True
c-108a22dddabe,s-1bdeda9e939b,u-9674f0277fac,p-85a11ade5f74,v-0e4dffae4648,ord-aacc953cd889,XL,1,84.94,2026-11-01 07:23:42,True
c-1dd200f5c59a,s-1bdeda9e939b,u-9674f0277fac,p-3157e9d01d18,v-fef6ae6bda10,ord-aacc953cd889,L,1,42.64,2026-11-01 07:25:30,True
c-f6fdf0ed8da9,s-c04cdd18d59d,u-e9b4f05983f3,p-adaf9a2a1c56,v-34b576b953e6,,M,1,60.9,2026-11-01 07:35:44,False
c-c55b4944327b,s-c9ff8bb2e97b,u-b38bff33acac,p-682569b69b48,v-49bf1b1638ba,ord-8a76d73f068b,S,2,48.41,2026-11-01 08:00:45,True
c-3840aee74042,s-d1f5122653c6,u-7214769a06d4,p-c4b9a57ee21c,v-12fe53d30070,,M,1,77.51,2026-11-01 08:01:45,False
c-f80dbb279ee9,s-6f7cbc3f8e10,u-de1584721ad5,p-68cdaaf45e28,v-2714c3c8014e,,XS,1,54.99,2026-11-01 08:02:56,False
c-590352974ac5,s-d9d5ae817b16,u-85e819988a02,p-890121ca97e8,v-9d162f244e18,ord-027bb14a284a,XL,1,122.69,2026-11-01 08:09:38,True
c-1f00d375fcb9,s-8149baf36de0,u-54fb0baf8cda,p-a85ae0c9982b,v-ef502f309cbb,,XS,1,77.83,2026-11-01 08:33:09,False
c-7e77159db006,s-8149baf36de0,u-54fb0baf8cda,p-8d66035c760e,v-9e5c54afd7a0,,M,1,21.46,2026-11-01 08:33:40,False
c-209aa10f0707,s-8149baf36de0,u-54fb0baf8cda,p-6ee97d78826e,v-3e6f938cea2a,,L,1,19.72,2026-11-01 08:34:49,False
c-26528a9e1757,s-35e4cec1f0a4,u-8a3529d54344,p-dfdf8d04322d,v-f3ec35c779a5,ord-f44fc770576a,L,1,74.22,2026-11-01 09:15:31,True
c-517c0cc30c45,s-72d78bd488a0,u-5f19e42da645,p-48a4b7cd6342,v-d1bb478d26fe,,L,1,39.91,2026-11-01 09:19:07,False
c-ae300e26ebcf,s-718ce346d0cc,u-8407ddf3602a,p-d19aae08c4dd,v-6dc7af1f3655,,8,1,82.71,2026-11-01 09:22:14,False
c-f0fe29ba2b04,s-c9fc9196beb5,u-aebeab7553bd,p-8fe8d99ae27c,v-ecab3ec9800c,ord-3551e9334ad3,XS,1,37.15,2026-11-01 09:58:09,True
c-5714844296ac,s-e24304e42754,u-a2a28e59f7e9,p-692704c5ecfd,v-5defb24b04df,,XL,1,76.89,2026-11-01 10:11:15,False
c-f59bb8607a18,s-8502497398cb,u-c4b8349aa7b7,p-5df8782b738b,v-656fc62c50a3,,XL,1,64.56,2026-11-01 10:21:32,False
c-e039659db7ce,s-afaeb271a1c6,u-898c3df6f3fb,p-75dd47342387,v-4f5df1264cc1,ord-eec68add4b3c,XL,1,62.45,2026-11-01 10:29:44,True
c-6064e88c54fc,s-8bda238f8ba4,u-989db937aa13,p-b961b1023281,v-e41e06b5184f,,S,1,47.91,2026-11-01 10:42:13,False
c-f2461a059efe,s-8bda238f8ba4,u-989db937aa13,p-093f884982a5,v-ca2bdfffe124,,XL,2,40.39,2026-11-01 10:42:44,False
c-b7f17ed98797,s-4321a2d240a4,u-3af73be8e53d,p-74aadb4fff89,v-02bce4f7c25f,ord-a8bea82a5503,One Size,1,113.17,2026-11-01 10:54:22,True
c-2e82ddf37977,s-ee4bf5471dbc,u-f32658d462ed,p-1e5a4f01d985,v-00cc6ce12fe0,,One Size,1,61.91,2026-11-01 11:03:47,False
c-7ec99b896f52,s-8a6200451a36,u-a9ab8e379ec6,p-904e4033c8e6,v-a8ed58810091,,11,1,53.15,2026-11-01 11:06:29,False
c-4f333e504d4b,s-c18ba0b349db,u-7e83a0d828ab,p-0dcb0e8bfe55,v-400a78a21c4d,ord-886cb75d5fc6,XL,1,40.81,2026-11-01 11:10:32,True
c-de6b29a606a9,s-39d094c3c5b0,u-f730669475a4,p-09ed122f5ba6,v-9f5921e630a0,ord-38dc1b196e4c,M,1,102.82,2026-11-01 11:10:44,True
c-278a6ed3dcba,s-c18ba0b349db,u-7e83a0d828ab,p-d8f4231643ac,v-6fac9c4276c7,ord-886cb75d5fc6,S,1,56.14,2026-11-01 11:12:32,True
c-b33bf198765b,s-c97a3e20fd9b,u-bfb014614073,p-46e2a518589e,v-b143c717e58c,ord-548e22b5047d,XL,1,50.51,2026-11-01 11:32:47,True
c-d2d56412513a,s-ddf2d357c905,u-573ecbf4a03a,p-6ae741a4dceb,v-16b958941978,ord-65b76b3bb16f,XL,1,85.32,2026-11-01 11:37:57,True
c-1e6976675933,s-8b324071bb4f,u-b06b8cf64790,p-fe0b26353908,v-ccbc3b1cbedb,,M,1,22.25,2026-11-01 12:07:04,False
c-3e77bdb38718,s-6f01ce6f527b,u-4668beeb091c,p-46c8448b2fd1,v-a8f462e1e33d,ord-c348e2fc75ff,M,1,62.46,2026-11-01 12:11:27,True
c-f7105fb3557d,s-43543e3a76e5,u-9b9f8d7e5252,p-bfa0d5139b10,v-42ac521ddf67,ord-703ec8b1f70f,XXL,1,53.04,2026-11-01 12:22:41,True
c-2a08bcad2978,s-eddc6c9350e9,u-74efe5be0ed0,p-f50e7626a11d,v-aff006bd8c3e,ord-35106237ef9e,XL,1,59.83,2026-11-01 12:34:56,True
c-99506f6a3e68,s-2f727d0d2713,u-e26b489f5979,p-916dad6ca62b,v-dc4068d6d54d,,9,2,91.61,2026-11-01 12:35:57,False
c-b0a0922f958c,s-bc6c9011303b,u-ddc1d84b1745,p-8b349eeb10e0,v-20e4b36ed739,ord-5fc3ae54f6d6,L,1,44.51,2026-11-01 12:45:15,True
c-5dc8d336aaff,s-e0811c4b24ed,u-ab4846e6e753,p-8b349eeb10e0,v-1323f44fb681,ord-17e37b33c566,S,1,44.51,2026-11-01 12:50:21,True
c-9090918053c5,s-e0811c4b24ed,u-ab4846e6e753,p-e1ded5d2fe74,v-a04352a21b85,ord-17e37b33c566,M,2,65.17,2026-11-01 12:51:08,True
c-4720771bb965,s-3873a477bfc3,u-40840300d7b1,p-895a3c4ce119,v-212aba41be9b,,XL,1,67.17,2026-11-01 12:53:53,False
c-5e3bf76d593b,s-9214e77b59d9,u-eac2d7d72e36,p-fe0b26353908,v-e815286829de,ord-c6779f2b6f61,S,1,22.25,2026-11-01 12:59:54,True
c-e23bdfc95e63,s-ef03ac606d4b,u-d774a1dda84a,p-4326e2fa04c2,v-c2ea4eb6376b,,9,1,77.41,2026-11-01 13:48:03,False
c-6a78e2c778bc,s-ef03ac606d4b,u-d774a1dda84a,p-eecb755b0602,v-289e1bb10509,,L,1,72.95,2026-11-01 13:48:32,False
c-9eb0723dfc78,s-158e2d5b86c0,u-d465b86e87ba,p-9bf698265bc6,v-864c1162037d,ord-7ce903a78077,M,1,48.03,2026-11-01 13:57:07,True
c-0c2e82931c4d,s-e0c57a017462,u-c395f7b31b34,p-4f51d75079bc,v-6f91428906a7,ord-f12a20dab0c6,L,1,73.37,2026-11-01 13:59:20,True
c-48a7ca18654e,s-b18e83d629b2,u-87eb393fc68b,p-29c5ff163998,v-c52410f0fef1,ord-27698e16bd5d,XXL,1,13.73,2026-11-01 14:06:45,True
c-6822c4b19d61,s-6c1e05c5f6c6,u-7d487283be88,p-6771dca3a4a9,v-041a7efcb247,,L,2,92.34,2026-11-01 14:07:50,False
c-9ae203b84c12,s-961715424d47,u-52ff854f1bd7,p-c6cadc0a0d2b,v-95751f44fa6a,,XXL,1,69.42,2026-11-01 14:08:45,False
c-ae2e05bfe8d0,s-961715424d47,u-52ff854f1bd7,p-9736f1b8b5ff,v-dabb622fe7f3,,S,1,27.27,2026-11-01 14:09:28,False
c-c0b2275d2743,s-e13be5dd110d,u-5e7eecde72ec,p-c6ce6ab36cbf,v-972f425bd60a,ord-6d865c76eeb7,XS,1,48.93,2026-11-01 14:14:07,True
c-9b917fb292cb,s-986412409b5a,u-09a82114be18,p-18c684c0d8aa,v-297066613417,ord-a297e529d5d3,M,1,83.92,2026-11-01 14:19:23,True
c-de77e6aabb65,s-986412409b5a,u-09a82114be18,p-46c8448b2fd1,v-212f4955c0b5,ord-a297e529d5d3,M,1,62.46,2026-11-01 14:19:51,True
c-705473e1182e,s-db152db74a9e,u-03745ed41f45,p-4ea83f207299,v-60e692511e72,,XXL,1,78.72,2026-11-01 14:36:40,False
c-95e5ead90360,s-b814eb67dccf,u-9dd4d7939c30,p-a33736f5ad20,v-976c8d47f062,,XL,1,67.35,2026-11-01 14:38:35,False
c-99fadc781497,s-aca5ec272caa,u-4536599fabe7,p-b171f82a3aa9,v-ee3441101512,,XXL,1,73.31,2026-11-01 14:41:29,False
c-dcc5397e9f5a,s-16c094f6ddc9,u-679800a17cd8,p-b220ce285aca,v-ad1d99487f57,,M,1,28.93,2026-11-01 14:42:10,False
c-009a1b2fc0d6,s-46624c4a0272,u-24dce54a4506,p-fc5760b292f6,v-f6f851e5992e,ord-be438a4c22db,S,1,38.24,2026-11-01 14:46:32,True
c-791246aa9aa4,s-8fd845f4aac8,u-7f48a43d1c1f,p-fa4080a0a71a,v-5488a324987d,,XL,1,55.52,2026-11-01 14:58:52,False
c-acf8ca5e5164,s-d5a8933090e3,u-d66cc729e19d,p-667e7729e993,v-ee5af05fdeed,ord-21978e2c7f8a,S,1,84.91,2026-11-01 15:10:24,True
c-de93087e5d14,s-fbf305bb14ec,u-653a3131b876,p-63ad9a5b8644,v-bdc0beba263f,,S,1,59.05,2026-11-01 15:14:19,False
c-6d225823d658,s-7491fb5bd3e2,u-f0d4e2023dfa,p-0ea7c7498216,v-d72c6d58da82,ord-cb911e38a20e,S,1,29.44,2026-11-01 15:18:28,True
c-e9948c612948,s-7f14720f7246,u-7fffc4421dda,p-a69ebe2a389e,v-d6c370024919,ord-b8478784f4dc,L,2,81.43,2026-11-01 15:34:48,True
c-7b5df2d6bbd7,s-7f14720f7246,u-7fffc4421dda,p-6bb27067a2fb,v-1fd22096c697,ord-b8478784f4dc,XS,1,39.94,2026-11-01 15:35:33,True
c-5626a3ae3f1c,s-fb812cd42141,u-e6cf1e81ee1f,p-d8a811d4db82,v-3a210fb69f75,ord-7a1ef55d919f,One Size,1,42.27,2026-11-01 15:36:21,True
c-2eb89affd3ea,s-ef0490235125,u-a94ec57d1620,p-245d38ba1e94,v-5988f3ac8bff,ord-788c24df7f9d,6,1,54.12,2026-11-01 15:41:04,True
c-8cc09fd8128d,s-013f53c0d369,u-83eeb4f7934b,p-ab1bb4db7915,v-fd8847758f54,ord-17b53d599e79,One Size,1,78.22,2026-11-01 15:41:32,True
c-b1b7b1019bd5,s-147796fb9a18,u-a6c166d940d6,p-078fa0e8fc4f,v-615a5b8e58a2,,8,1,65.92,2026-11-01 15:50:28,False
c-29212614f5ea,s-09c4b19fb4af,u-4dbdc9aeb460,p-e66bc83d3920,v-e85f83a00d4a,ord-4661aa379592,9,1,47.03,2026-11-01 15:54:00,True
c-ba7921391fee,s-09c4b19fb4af,u-4dbdc9aeb460,p-066c7ca47b4a,v-8d718cbe3e4e,ord-4661aa379592,M,1,80.94,2026-11-01 15:55:16,True
c-f65d5765b6d0,s-beeb31300385,u-cf867860d1ef,p-b9a3998cf0ca,v-6ddc45eacd6b,ord-ba2517e39785,XL,1,30.07,2026-11-01 15:58:41,True
c-d47015f5e0f5,s-11073e6bd07d,u-d83100590426,p-876b3754e5f1,v-7b4949825757,,XL,1,45.49,2026-11-01 16:03:01,False
c-7d40ee802978,s-2db2d791d211,u-cc1beb66505d,p-c9da5f0d71d8,v-d09c69cbc07f,ord-5ee465fe4a2a,10,1,47.21,2026-11-01 16:09:09,True
c-f0939f713d6d,s-7b56325d43be,u-5f72b3266075,p-904e4033c8e6,v-47c9981d048d,ord-dcbbd7b368be,6,1,53.15,2026-11-01 16:10:34,True
c-7e3359822ed9,s-14dcb5f039d5,u-7ee8c7e9d236,p-d2a785a57ed6,v-9995eb0305b8,ord-1fd5350128e5,S,1,51.37,2026-11-01 16:13:22,True
c-170c9fa633c7,s-827b08cbc74b,u-46b39bf29fd1,p-fb7c95fbe64b,v-21e3031083ac,ord-4194126480f3,XS,1,50.48,2026-11-01 16:14:01,True
c-8ea8de87734f,s-14dcb5f039d5,u-7ee8c7e9d236,p-2db6ca4f8bdd,v-0e3316e33364,ord-1fd5350128e5,8,2,106.9,2026-11-01 16:16:40,True
c-7e3bc1631185,s-321c07aeb546,u-e462e1241926,p-1b3beec680d1,v-0d18c49dbd52,,S,1,54.74,2026-11-01 16:36:35,False
c-c9d481a001cc,s-d6f8cfc3f531,u-8c6a8d0c13f6,p-ec721a4ca8e0,v-354966ade22d,,L,1,53.61,2026-11-01 16:41:14,False
c-73b83e90d75a,s-d6f8cfc3f531,u-8c6a8d0c13f6,p-2c719e358bc2,v-97e8e5504ebe,,One Size,1,36.72,2026-11-01 16:41:29,False
c-99d906bdc590,s-4c6b686cb23a,u-9a6b3077d50d,p-15e0a3beb610,v-b8d17d3e8e2d,,XL,1,33.91,2026-11-01 16:45:47,False
c-25eb1b0aa94d,s-4d9f0b037902,u-8c2073201cd9,p-9129593cc0ad,v-ac15fba4d32a,ord-3f0b710cf29b,L,1,30.0,2026-11-01 16:48:53,True
c-bd55b27fff91,s-e1abf1436904,u-787903a3c7d3,p-898d59d1d78d,v-7ccab9ca8571,ord-2882bb4436b0,8,1,60.31,2026-11-01 17:36:09,True
c-0d8e3080bc61,s-5f02e0cc53f9,u-a720fcd4739f,p-750f83e553ba,v-3577a0a125d8,ord-320d2cce8dbe,S,1,53.05,2026-11-01 17:45:38,True
c-8dd0b4937ed0,s-902981405b58,u-a332d46b5991,p-4cc2225888e1,v-797b75a2eb09,,L,1,25.82,2026-11-01 18:06:42,False
c-112b5f4714ca,s-fe69161059fa,u-d0f8386894da,p-061f2358ec0e,v-df9523c2e63c,,S,1,97.59,2026-11-01 18:17:53,False
c-5f0ad5bbaba5,s-0c15b592d0b0,u-44505332a4ac,p-4e2e515c2ad6,v-48790eb77d72,,L,1,41.78,2026-11-01 18:18:34,False
c-4ab20766ad86,s-e041521b6cc9,u-727e3b4532df,p-318c127bf50e,v-bd72e25d1e00,,M,1,39.38,2026-11-01 18:25:12,False
c-47b085186dd4,s-e041521b6cc9,u-727e3b4532df,p-becd7da83732,v-860e3316dae5,,S,1,44.32,2026-11-01 18:25:15,False
c-0906b0e6e0b2,s-e041521b6cc9,u-727e3b4532df,p-85a2b8b3b9a0,v-54db6527b4ef,,XL,2,77.68,2026-11-01 18:25:37,False
c-8bc222c2820c,s-89f1eaeb67ef,u-4ba7893df78d,p-f49125a00aae,v-893a7ad46085,ord-d494aaa519c1,L,1,67.89,2026-11-01 18:40:57,True
c-bf6c80078253,s-cf130135c672,u-b8f6a00f689c,p-efaea1667ec0,v-402b5a9f871b,,XS,1,50.14,2026-11-01 18:50:09,False
c-7a2488344330,s-0dd08064a401,u-d5ef0163f630,p-a25d879a5db6,v-16bfad39e615,,M,1,88.66,2026-11-01 19:19:28,False
c-8e6c0c0c0f1e,s-ab609865f9bd,u-2f53d26b403f,p-1109fffe8a06,v-c7fbe8554eb7,,XXL,1,45.68,2026-11-01 19:21:07,False
c-21d68ec7bcd5,s-3ea757feffca,u-d7fd4d90bf8b,p-dabfff819f69,v-fc99d3fdfd3f,,S,1,34.7,2026-11-01 19:35:17,False
c-5fce0d17976f,s-9ea12e1f626c,u-831d7486e982,p-0940c8a5ab1f,v-c8c97b728cf0,ord-ba9ad071e552,S,1,45.44,2026-11-01 19:41:59,True
c-a8df7fb26785,s-0171fb9bf774,u-5e9995aaf5e7,p-eda583bc30eb,v-528299444ba1,ord-2e2bb00db4c1,XL,1,81.98,2026-11-01 19:48:11,True
c-6d54bfb57ae9,s-da4055adc7fa,u-228c5f1ae337,p-742b8331f6b3,v-75256f779d5e,ord-c778595a6289,L,2,55.81,2026-11-01 19:50:47,True
c-e02660dc5bf7,s-da4055adc7fa,u-228c5f1ae337,p-323b05a0bbdc,v-c00df60e7c0a,ord-c778595a6289,XS,1,40.86,2026-11-01 19:52:09,True
c-9380029ed398,s-7770cbc1fc44,u-04fa9b6563c6,p-e803259e44af,v-2801efa272db,ord-ddc8252ad895,XL,1,39.37,2026-11-01 19:56:03,True
c-4ec7cda7e1f6,s-652d5d7c3434,u-4033f2d3f8cd,p-7d48ea4855b8,v-b0e37699d183,,L,1,52.57,2026-11-01 20:00:25,False
c-b4403f10f753,s-75e45c6753b1,u-442499051531,p-2d07005e8d07,v-ae00e6cf6ddc,ord-0170fb543612,One Size,1,45.18,2026-11-01 20:03:18,True
c-8b8cc21f1af2,s-5bd9a6c5a94a,u-f706ba7ebcd1,p-f49125a00aae,v-a3cfe9e06580,,XS,1,67.89,2026-11-01 20:06:38,False
c-18f55d80d40e,s-d020c7397bfb,u-7a119bc3c4a1,p-0390992dfbcc,v-3b3c8d08b75a,,L,2,37.45,2026-11-01 20:35:09,False
c-5ec4b2e9c05c,s-ec07ebb9b252,u-caff0a499362,p-d776ea014330,v-4cf35d5d163c,,6,1,107.62,2026-11-01 20:41:19,False
c-64ea785d51aa,s-bc4898957a4d,u-6886210075e2,p-1c0258525d95,v-c94d1c5024db,,L,1,58.8,2026-11-01 20:56:34,False
c-2460660adc97,s-a84233fb9d4d,u-f22d93d5698f,p-9c2481cc2c49,v-fcb8d5a119f1,,XL,1,34.52,2026-11-01 21:07:47,False
c-54189f5c13d3,s-3638ed84d7a2,u-0489677b47a1,p-89fb8c6b1214,v-d6daff7eec1f,ord-94160e32158a,S,1,39.79,2026-11-01 21:21:16,True
c-4d4ed0e60967,s-1e6a131c93f2,u-1fe1ab42c618,p-9ea54d44996e,v-dc564e3e56a0,,XS,1,54.1,2026-11-01 21:36:49,False
c-571a21de2333,s-5ef715638fd2,u-43d6b94e3c82,p-3563a0dd7192,v-bf9b89de45b8,,L,1,43.66,2026-11-01 21:41:00,False
c-5c79da02f6db,s-ebe86555d6c6,u-aabc155fcc52,p-3e4e501a0c6e,v-e9b11076173b,ord-284a90efbc12,M,1,38.6,2026-11-01 21:48:04,True
c-eb404e947626,s-2b8a1591d7e0,u-b71adf50503f,p-d126ff14ab1c,v-726f1caeca5a,ord-3c4a9a8c6a4e,S,1,37.09,2026-11-01 21:48:08,True
c-1dcd1525764f,s-59bcaefa81a3,u-db0efc37b210,p-498633597065,v-4534fd1367b9,,9,1,90.36,2026-11-01 21:54:44,False
c-a7eba149d0ee,s-1bc3a08f9c23,u-f1fa9e35363e,p-af49e89bbcc1,v-68596df0f068,ord-701bc5a5e945,One Size,1,86.86,2026-11-01 21:58:03,True
c-398a0daed3f7,s-7ce3bd967f9a,u-a22a4c9ce69f,p-3d7011eb159b,v-5739b87d5073,ord-3b5dfd2ab597,One Size,1,103.77,2026-11-01 22:14:58,True
c-14998c5b5eb0,s-4088ce9e61d6,u-178b18b53b69,p-6095d37b40b4,v-f928e40cdb08,,S,1,44.58,2026-11-01 22:49:57,False
c-111bb153613f,s-4088ce9e61d6,u-178b18b53b69,p-53abd79c8023,v-9ddfea711b69,,XL,1,48.23,2026-11-01 22:51:01,False
c-79ec9844b64b,s-1118af5ac455,u-bb144b0760ad,p-f49125a00aae,v-f51d686064b4,,XL,1,67.89,2026-11-01 22:54:12,False
c-67c5657b98d3,s-31eff5294c37,u-322077c6d9e5,p-dc4a5b5b664e,v-d8adcd156a45,ord-5c5afd5ed3a5,6,2,57.72,2026-11-01 23:06:18,True
c-3d3a7c6a6010,s-81ac4b9d86ed,u-b6a13736635d,p-5c83a811708b,v-82013c73ddb9,,6,1,103.61,2026-11-01 23:29:01,False
c-466f86376966,s-22f3c051b12c,u-0ec0f0a1a058,p-87ee241cd5e1,v-46fcb11125f1,,S,2,45.7,2026-11-01 23:33:14,False
c-c7c8365a4afb,s-ca5d6dabdcbf,u-d6b08502590f,p-374cc355e453,v-48421946b800,,XS,1,33.18,2026-11-01 23:34:45,False
c-2915b9d9cd60,s-9adf99b95639,u-a7b43ae0d5ea,p-39fd7f2a7709,v-e2856f365fd8,,XL,1,31.22,2026-11-02 00:15:24,False
c-85ccb46d1b72,s-57a2d0329625,u-2c5ec7e0ae70,p-d8936a7abfdc,v-c5c2e9589f85,,11,1,77.18,2026-11-02 00:18:24,False
c-bf6875107bd1,s-a43ad52cfb0e,u-96912e507a1a,p-5fe776be577b,v-d177f96537b4,,9,1,75.95,2026-11-02 00:18:41,False
c-5594a2e05286,s-fd326a62c110,u-cfa3c4ec258c,p-2f751aaef68d,v-db9234c94774,,S,1,83.98,2026-11-02 00:24:02,False
c-6c4b45280206,s-120288442c95,u-8271b70337a0,p-547346e04cec,v-f0105cf3f973,ord-4407cf7bde11,L,1,67.91,2026-11-02 00:38:03,True
c-8018deecf2a3,s-120288442c95,u-8271b70337a0,p-e4ebc2da0d8a,v-ac466635f6eb,ord-4407cf7bde11,M,1,23.05,2026-11-02 00:39:15,True
c-7cf7c59d9572,s-012702f47beb,u-586c32575849,p-e0e09bfb3a13,v-9ddcb28cc2c2,ord-307f80ac3def,L,1,36.23,2026-11-02 00:44:47,True
c-5f0e55c6916e,s-fe126e438025,u-bc6afbb18645,p-bf48dbcd8369,v-2eaf384c402c,,XL,1,55.05,2026-11-02 00:45:57,False
c-36b0c9224c92,s-c54e94071712,u-f2a586df4562,p-2df786ae0c97,v-762b70c16b8a,,S,1,43.23,2026-11-02 01:29:09,False
c-1eeffcb31ef2,s-87d4c6225c43,u-e9a58b5d0ce3,p-b961b1023281,v-c3fd1ab4b5c7,,L,1,47.91,2026-11-02 01:32:10,False
c-91d45ede96a6,s-87d4c6225c43,u-e9a58b5d0ce3,p-dfdbf0724a4a,v-fdc84f26e851,,L,1,44.78,2026-11-02 01:32:37,False
c-9011e4374f1e,s-0e28947bc260,u-4c48e099bcf1,p-89f133d79724,v-89c7063f947f,,XL,1,43.34,2026-11-02 01:38:18,False
c-0ae4f599c072,s-23aa06ddf002,u-57fcb8cd81e7,p-ef4fd58a911d,v-7e2ce9102df2,,7,1,76.2,2026-11-02 02:02:25,False
c-55d3f33bc72f,s-eb7391a7c8f5,u-41749faa5bd1,p-c4b9918aac71,v-993f48864641,,7,1,112.91,2026-11-02 02:03:06,False
c-09186ed44756,s-53f6c04107b3,u-501c62688563,p-b20bb23aee24,v-d78ef8344940,,L,2,51.24,2026-11-02 02:17:58,False
c-6a2db7a69533,s-53f6c04107b3,u-501c62688563,p-a69300b85fa7,v-a663fa7602a3,,XXL,1,53.33,2026-11-02 02:19:10,False
c-6faf8819a16a,s-ae1600cf7b44,u-c16e55b1d306,p-89a6d1cb864c,v-4f8eddd7336a,,One Size,1,66.32,2026-11-02 02:39:46,False
c-d7aa51bc6587,s-bb9d646791eb,u-44fb039d2c00,p-960cf7793081,v-44bd3da347c0,,S,1,25.09,2026-11-02 02:43:35,False
c-ef6d9db7a09e,s-f31f8266517e,u-fe21a2d9213b,p-ef64fa80d662,v-aeca2bc8416b,,M,1,82.66,2026-11-02 02:50:38,False
c-67ab6c8693bd,s-f31f8266517e,u-fe21a2d9213b,p-9974eb3bb71d,v-fb1feb40ca08,,XL,1,85.5,2026-11-02 02:51:55,False
c-c5a10b089f0a,s-a95a68a6298f,u-8f79ef1c94f0,p-d3e3f7de1f44,v-5097dcdcd83a,,M,2,53.38,2026-11-02 02:57:50,False
c-c6611c74cdfe,s-920ab9af4028,u-8dc85801b0dd,p-9cd64f4f5ba3,v-3a6f13f99c36,,M,1,65.59,2026-11-02 03:05:55,False
c-aae021f7765d,s-f00efb9a0a4d,u-6a3b934a7b07,p-84f9ef44c2f8,v-2afffb60a729,ord-4f79a8b65f72,XL,1,74.04,2026-11-02 03:09:27,True
c-96fd016c7a77,s-9fbf6788ad26,u-801b56d40876,p-64eb1e340d62,v-c371c47493c2,ord-333d1308694e,S,1,77.62,2026-11-02 03:26:13,True
c-803ed8d8473f,s-1d6faa8578b6,u-4c71347c42f3,p-00467fe6aa89,v-a67c749c47ca,ord-13ce10351fe5,10,1,104.31,2026-11-02 03:27:28,True
c-3e811c2a1170,s-743c0be92c24,u-5228a1e5212c,p-408ce248759d,v-04f08137fa1b,,S,1,67.74,2026-11-02 03:40:20,False
c-fd0b250f4a8d,s-0b88ab0b5212,u-cd262cd0347a,p-bd9edc9532a7,v-a5426bc81233,,XXL,1,20.11,2026-11-02 03:43:12,False
c-67cfb55944cc,s-35c1a09043c1,u-070b75b6139b,p-f92d27f00d3f,v-28ea3815dd7f,ord-9633cfd8a5b4,XS,1,54.27,2026-11-02 03:58:26,True
c-02a7d736a1b7,s-8ab11cd65af9,u-4db52a428618,p-a2c268429d22,v-b6536454fcd2,,9,1,82.6,2026-11-02 03:58:43,False
c-96d8de0bd25b,s-9f6db25d8de4,u-f9596218f8fd,p-b8d161937168,v-a49566b1ee2b,ord-02008ff7b818,L,1,83.09,2026-11-02 04:09:58,True
c-ad3b19e079a1,s-304657dd03eb,u-50d0d2122ad9,p-c331eb365747,v-84973977fa20,,S,2,77.1,2026-11-02 04:11:24,False
c-5ba1dd3ff814,s-7d84847c75ef,u-4cc2b71c1c67,p-840dc3fd120f,v-45082e666381,ord-1698d4a68526,S,1,56.29,2026-11-02 04:12:06,True
c-6d384c2662b0,s-7d84847c75ef,u-4cc2b71c1c67,p-af28da2070e6,v-1fd9407a3c7e,ord-1698d4a68526,7,1,74.29,2026-11-02 04:13:02,True
c-29620aa22817,s-e8f611ac3a58,u-be05bd3c9f3d,p-04ebaa337977,v-070e9b66f8d2,,L,1,46.17,2026-11-02 04:38:44,False
c-da77f8864a18,s-a1e6d44f2582,u-caff0a499362,p-ee0f7aa9316e,v-9ae16ddbf805,ord-5b35a5bcd6b2,9,1,28.25,2026-11-02 04:39:05,True
c-eaf9a43d4112,s-d2d3f109cedb,u-5110ef17f1f9,p-4df44cdc7595,v-c738a8567998,,XS,1,58.6,2026-11-02 04:50:54,False
c-407f35a0df76,s-89fa76bca7ad,u-acf83d983f4d,p-b584ef4da333,v-93e7efd4254c,ord-c780da86b902,M,1,74.45,2026-11-02 05:15:06,True
c-298f693a5fa5,s-0d28f150a24b,u-84637a632bbd,p-d05a5f84d01e,v-c1da235a0b26,,L,1,39.54,2026-11-02 05:18:02,False
c-fd4b76aac9a9,s-64329fc8e0c6,u-2aa789acd2bb,p-23c037b1c401,v-87d539582074,ord-e077d4485e03,9,1,46.0,2026-11-02 05:47:07,True
c-83a3bd7ab63a,s-891fb3c8d6b6,u-d7592c7fe0ed,p-8aa22c14c4a4,v-4c64ada3a87a,,9,1,113.1,2026-11-02 05:51:33,False
c-959e04b859f6,s-5998de6d3a90,u-64140295490d,p-87ee241cd5e1,v-aecedbc38130,ord-1cc191c5e2fa,S,1,45.7,2026-11-02 05:55:17,True
c-2441a485518b,s-0061ed0fc2e7,u-4cb27726dad8,p-670ebbe5d4a6,v-f3d2acd697ed,,One Size,1,74.12,2026-11-02 06:02:15,False
c-349f5a2121db,s-23227487135d,u-dc458406a3ef,p-bd2bf62a463b,v-216707190d3b,,XS,1,59.12,2026-11-02 06:31:12,False
c-e6cd3f702f4b,s-c2aea3eee3d3,u-9cd3f2ef8579,p-87f693ff9abb,v-2e1e90040405,,XS,1,44.51,2026-11-02 06:40:22,False
c-12807aa1bba8,s-a0cc290f4546,u-b726ee10cbe7,p-1210a51fc32a,v-26b1be0a03a5,,S,1,43.08,2026-11-02 06:52:26,False
c-6ca0becd1cce,s-959391c6ecf0,u-0118a5decaef,p-8cfe65ec97f7,v-e0894bc03ab8,,XL,1,91.92,2026-11-02 07:04:27,False
c-68da96f42fab,s-ecdecd8dc43d,u-82d3d8e92729,p-53b683fed0ce,v-8badef87b7fb,,XL,2,87.5,2026-11-02 07:05:47,False
c-0e7a1c39dbdf,s-6003b8b4f292,u-653984c56ab6,p-523c21d56f33,v-9154e79dfdec,,XS,1,49.79,2026-11-02 07:06:20,False
c-41312e04dfd1,s-7a92a2fc4eb1,u-837a26a97196,p-5465204dee28,v-70b9ee4a0b2c,,M,1,34.51,2026-11-02 07:08:07,False
c-2dfd65d528b3,s-95863c1d2d00,u-5bc5b78187be,p-75d8655c95a1,v-d718e9e86780,,XL,2,39.15,2026-11-02 07:09:46,False
c-23d95afcbac2,s-4dc8106e9a8c,u-cf60051c3fab,p-13faef1e8ad6,v-9988963e895f,,XXL,2,50.06,2026-11-02 07:10:42,False
c-74bcb70a9e43,s-7a92a2fc4eb1,u-837a26a97196,p-5e6da6750a13,v-5e3a90b17a49,,L,1,56.2,2026-11-02 07:13:54,False
c-356e2ee7433b,s-186f1d479953,u-26af95dbe8be,p-f1b283c15a56,v-081f7e41c7ef,ord-67109e45630a,XXL,2,41.02,2026-11-02 07:25:29,True
c-c83236e75b29,s-317f2cc6b03a,u-3b6f41c6d977,p-2c780bfed55c,v-b6574ee4a7e6,ord-a981b79590f3,S,1,58.37,2026-11-02 07:53:51,True
c-779fbbad2a23,s-bf150cdb3874,u-565940df0f40,p-d3acf9d68782,v-6ac6c4ebde47,,XS,1,34.05,2026-11-02 07:56:30,False
c-d5245cdb5ea7,s-55a312f60bca,u-dd147ec1190b,p-3d285e2b54c8,v-f8c5bbca36dd,ord-5d4651a67e2f,L,2,45.87,2026-11-02 08:00:03,True
c-2ddf35a49897,s-84759a43424b,u-6527945b6979,p-eecb755b0602,v-291af44b4992,ord-0405d1c4bba0,S,1,72.95,2026-11-02 08:11:52,True
c-a1e81e8ece6c,s-2c494f2fa6e7,u-86ab27e4e4b2,p-cfb6beaf186e,v-7e7e42599b94,,9,1,84.12,2026-11-02 08:17:53,False
c-3435ca2a8ef6,s-81558511167d,u-d5bc3c27c910,p-9b0815db6310,v-1b0b0bdb1e65,,XL,1,36.06,2026-11-02 08:22:36,False
c-6d9fe4f29f2a,s-cbee20843f75,u-8d5a3a70b673,p-d21a879e435b,v-281795b4206e,,L,1,37.04,2026-11-02 08:28:11,False
c-328e1e30ab00,s-66724e78732f,u-963f29c1e80a,p-1dfd396785bb,v-0b03b1633f41,,9,1,73.37,2026-11-02 08:48:37,False
c-088674b2ec11,s-fe4811d2e15e,u-c732d7047eea,p-cde2369972d2,v-9ec6cd090af8,,M,1,49.1,2026-11-02 08:49:48,False
c-68b621a9eea9,s-f99cf2298100,u-927ed77281fd,p-38982377b505,v-4fd2b4b046eb,,M,1,106.91,2026-11-02 08:57:03,False
c-312b75f5a22d,s-9e41edb1c7aa,u-07d82da56a59,p-f49125a00aae,v-90b45b7a1035,,M,1,67.89,2026-11-02 09:14:13,False
c-c640065b4b09,s-bff193a1f91a,u-cbdf9554d582,p-ebc3cae84c7e,v-97c969a05a40,,L,1,61.69,2026-11-02 09:19:12,False
c-928cde59bd22,s-bfc2f7aa9caa,u-77ba5eaab44c,p-2c719e358bc2,v-a11401f9b48e,,One Size,1,36.72,2026-11-02 09:26:12,False
c-ab4dc4b43d7c,s-9532b71377af,u-b3c2bdd0a755,p-9ebbe0b19e30,v-4a5e97df0eeb,,XS,1,72.27,2026-11-02 09:34:40,False
c-5e89a6ebc769,s-d296ca071377,u-654bd1ec1f93,p-3561bc1d500d,v-5a99b3a03b91,ord-feb7e10708cc,XXL,1,32.02,2026-11-02 09:47:14,True
c-5e95a8873ebf,s-d296ca071377,u-654bd1ec1f93,p-e7de8f101542,v-6fb8b04685e5,ord-feb7e10708cc,One Size,1,19.39,2026-11-02 09:48:12,True
c-4813666020bb,s-b1bb13d51e37,u-b7ccaf4413cb,p-86ecada0d300,v-fb47eac98dd8,,One Size,1,50.92,2026-11-02 09:57:46,False
c-0ab90e41be50,s-4e90ac5bca61,u-08eb014fbf2d,p-2373d9a8c773,v-a7aa088fa3e2,ord-47c78501ad11,M,1,54.69,2026-11-02 10:02:29,True
c-445b0c83b8f6,s-4e90ac5bca61,u-08eb014fbf2d,p-0adbae413a84,v-1e1ff3e19ab0,ord-47c78501ad11,XL,1,29.33,2026-11-02 10:02:47,True
c-ccee6c7cd2d3,s-7b8006de9bf5,u-2d7a19320a0b,p-1673ab84f4ab,v-8b54ffb5c5a0,ord-440619949144,11,1,65.29,2026-11-02 10:14:39,True
c-f57cf088e660,s-fe32f8cc5d15,u-793bf8a3a0c6,p-d05a5f84d01e,v-dbbf04be26b3,,XS,1,39.54,2026-11-02 10:19:34,False
c-cdc24cef104b,s-3ede34e56cf2,u-2c06b010f278,p-556daaf09e6c,v-e2da2b0dafa7,,S,1,97.73,2026-11-02 10:35:29,False
c-2e02ec5ae5c6,s-4161fec8c291,u-47ad58bf445a,p-1b0b653dd8a4,v-c3a26032a0df,,XL,1,49.85,2026-11-02 10:46:02,False
c-4385513eec9a,s-6635d40f47e7,u-2288402e9f09,p-8367e39faa14,v-e14c321bc52c,,S,1,60.48,2026-11-02 10:47:36,False
c-daafbeab042c,s-dcd41301f547,u-6f22fa25400e,p-4d60c52a0c64,v-963e1359754e,ord-3d3bd9a9b895,One Size,1,25.71,2026-11-02 10:59:36,True
c-92b8a2ba6c88,s-d2122e7173cb,u-ba3441360821,p-926567b45963,v-4b7e7776589c,ord-e37d0ed9a9c7,One Size,1,66.89,2026-11-02 11:00:48,True
c-308a22365052,s-2efcac7ae92f,u-29de76a10c21,p-6a367bfb9811,v-63981f8795cd,ord-917bbb92a4fb,XS,1,59.32,2026-11-02 11:01:09,True
c-b384195c95a6,s-bef2199a3afb,u-aeabf4930f41,p-b3fcf9c9574d,v-27bf2f8b012e,,S,1,95.7,2026-11-02 11:04:15,False
c-b88f3785696f,s-14f57b8f7398,u-e88699d93cec,p-1a3e875e727e,v-921ab7962f20,ord-484de17b63e6,XL,1,75.75,2026-11-02 11:08:24,True
c-a5a3d2e457da,s-14f57b8f7398,u-e88699d93cec,p-241b1fa0c5cb,v-bc84e3c8824f,ord-484de17b63e6,XL,1,91.18,2026-11-02 11:10:31,True
c-624d183bbc30,s-2385c4c3e66f,u-14f12e68fd8a,p-3ab4f6a8dc27,v-ff78d710391a,,L,1,64.54,2026-11-02 11:14:04,False
c-88c260e2666a,s-aa1fc9a8bad7,u-53f554441d1a,p-3f391892cfcb,v-1814b93125f5,ord-38b97515b103,M,1,102.56,2026-11-02 11:16:39,True
c-44b06b6be3bd,s-00458917ac16,u-0b1327a2e97d,p-6b7f7e796058,v-27047dc5567f,,XL,1,42.83,2026-11-02 11:51:43,False
c-2d4a88f171d4,s-a75a998966b1,u-804fb6268bd5,p-3f74d079b7d4,v-d2312f56b34e,,XL,1,30.33,2026-11-02 12:05:13,False
c-e8dbeb599b7c,s-c9ea1f00baf9,u-7af60fdf5fbb,p-494e1d869247,v-c60590a88a4a,,L,1,26.47,2026-11-02 12:07:42,False
c-88a76f9b7065,s-fd70bdc6f2f7,u-dcfc379a1616,p-73c491029628,v-4fc7bcd6f48b,,XL,1,70.75,2026-11-02 12:30:17,False
c-1b3749fd20c8,s-cc82aa06efe7,u-70e8d6f84150,p-57a8417fcd12,v-60640309b5df,ord-208ce90ec61d,XS,1,40.17,2026-11-02 12:39:22,True
c-cc5f09327ee2,s-cd874a0ceee4,u-7522008c4533,p-08933952b14c,v-5a50fe2838ad,,M,1,60.51,2026-11-02 12:45:41,False
c-a717c01d157f,s-64bf961f676d,u-601bfe2dd424,p-046391d01f64,v-ae19bcf8f1de,,M,1,61.92,2026-11-02 13:03:24,False
c-d6771c703767,s-7becd1ed17d0,u-0151d72703ff,p-f090c95f3446,v-69445fd88753,ord-6186743ffddc,XXL,1,23.57,2026-11-02 13:34:33,True
c-7ba6efdd948b,s-f0c014fc7bf6,u-dbff98337228,p-63df77a65ce5,v-21095614a923,,XXL,1,58.86,2026-11-02 13:35:10,False
c-0cc290c82064,s-9b43af93c916,u-69a6c08f0a58,p-b973221e5e3d,v-b24bf0fd8233,,S,1,52.81,2026-11-02 13:40:26,False
c-b60348b42954,s-5539098f5935,u-7439526251a0,p-04c9e9b37786,v-69e765563423,,L,1,57.33,2026-11-02 13:42:07,False
c-d1e846b38ba5,s-33048a2b5688,u-d4b796f7533b,p-5dbc634cdca1,v-293b6d4aa46a,ord-f5c29c8a5985,L,1,75.65,2026-11-02 13:43:18,True
c-c4879617c481,s-5539098f5935,u-7439526251a0,p-366499dbb99d,v-df708281d89a,,XL,1,50.42,2026-11-02 13:44:24,False
c-74ba3c8019bb,s-4d5390717fb6,u-05951d5faadb,p-8f13023a489e,v-98ebf2c89d53,,M,1,71.13,2026-11-02 13:46:58,False
c-564f06670880,s-623b9aa21f07,u-f21ba54d68c6,p-21b4d0423658,v-63d9e2266914,,XXL,1,30.82,2026-11-02 14:01:20,False
c-bb55cfeb8697,s-a145fa9b3766,u-5278c880a97f,p-89dda7e1ee10,v-3b4f0752718b,ord-a193ad659990,M,1,56.34,2026-11-02 14:05:17,True
c-1d7179c2acd4,s-4401725d919f,u-ff4cc0cc9260,p-0b126e25de6e,v-77ec1f7e5e8e,ord-8574f35e6144,L,1,51.53,2026-11-02 14:11:42,True
c-ce85994d9ace,s-0b2d6476b751,u-58be1b216620,p-cde2369972d2,v-7931c8308f51,,L,1,49.1,2026-11-02 14:29:23,False
c-336ea5276594,s-8e266fef34f1,u-6876532af330,p-5452be2973d1,v-eab50a56410e,,M,1,26.78,2026-11-02 14:55:57,False
c-3e500bdc7cfe,s-75afe8509c17,u-828c263d5318,p-5fe776be577b,v-405c4ceca7f1,,8,1,75.95,2026-11-02 14:57:15,False
c-61b78d36f2fa,s-ff9dcdd0f977,u-51b8e577029c,p-3a792a4cb9b8,v-9362490b9eff,,S,1,34.34,2026-11-02 14:58:23,False
c-b731144d35a7,s-ff9dcdd0f977,u-51b8e577029c,p-3ff508b516dc,v-dd7e0e58c978,,XL,1,33.57,2026-11-02 15:00:26,False
c-ee21023d8ebe,s-258a3c8484e5,u-6aef719dff58,p-c158b642b912,v-9910dd96ead7,,9,1,65.05,2026-11-02 15:00:32,False
c-2622176fb023,s-f28788f8a78b,u-19df656873df,p-88948849304a,v-f9648cf71382,,One Size,1,121.73,2026-11-02 15:05:20,False
c-4e96ffaeb570,s-f28788f8a78b,u-19df656873df,p-ad215aa2fc1f,v-ced898647161,,XXL,2,31.42,2026-11-02 15:05:58,False
c-e6e07dc17f9a,s-e5ceae229f70,u-f3bd6775dd42,p-7bf78f1c8b4a,v-0d594193e973,,XL,1,50.21,2026-11-02 15:25:48,False
c-1434489a2a20,s-68c25856a1b3,u-5d69a14e0c13,p-c38221716f7e,v-79dc5af67bbb,,XL,1,33.83,2026-11-02 15:26:21,False
c-e9c8a3a40538,s-68c25856a1b3,u-5d69a14e0c13,p-ad215aa2fc1f,v-5349c76c5273,,L,1,31.42,2026-11-02 15:27:14,False
c-0e04d563994d,s-3f1a965a89bd,u-c5b00eec4e9e,p-3c1893db767d,v-4dd3d849fb68,,XL,1,40.75,2026-11-02 15:52:42,False
c-dfcfb4bc109b,s-9c52a965ec38,u-6ff765a9f6e3,p-0f6b99d8b4ae,v-2c2093e0a2ca,,XL,1,76.49,2026-11-02 16:20:02,False
c-13a74e26caaf,s-f7d4faa27df0,u-5b92accbbdcb,p-fcd4f1043d97,v-d4ae962aa8fe,,One Size,1,119.8,2026-11-02 16:20:21,False
c-592a83f2a698,s-8035d87a12f4,u-881c3ceccc61,p-b8a7b39d0aa6,v-17bd79b2f100,,10,1,57.7,2026-11-02 16:22:00,False
c-a07fa14c0068,s-523178b0b1ee,u-d1f0369e1e9f,p-58ea83f7cb9e,v-2e693dc1c764,ord-e8ab0d0a2057,S,1,54.19,2026-11-02 16:33:33,True
c-fded1fb7691a,s-cf63e91b8f05,u-b911fa0997ac,p-3c093e1e2d52,v-17c548b371af,,XL,1,76.72,2026-11-02 16:43:54,False
c-906aa4eea60f,s-d89ce5f757aa,u-282fce0b1ac5,p-749e01e728ad,v-192a122abff3,ord-4f14d77cc23e,XL,1,37.05,2026-11-02 16:59:16,True
c-e4487598d22d,s-0eeabaff7f80,u-a9c5dca7aa4b,p-88ea4660c534,v-89eccd8461c0,,XXL,1,51.89,2026-11-02 17:01:02,False
c-e08e3133c0e9,s-bbcf4c73ccf9,u-e4046bdefee2,p-d1899bd1e40d,v-53b521846bb4,ord-ea5801d7c7f0,L,1,81.65,2026-11-02 17:12:56,True
c-86d0c9410872,s-b88cc942e993,u-6b7ec6974e34,p-f8de2716ffdd,v-85a90de46564,,M,1,30.34,2026-11-02 17:31:30,False
c-e88c2ccdd367,s-3c7cebfe43e5,u-3d115a7d1dfb,p-0ec780797f59,v-b6d3dd4c30b1,,XL,1,53.36,2026-11-02 17:39:37,False
c-0efb69d83b95,s-6cdfcd044864,u-01c3eac2d750,p-1be80bc83ece,v-c0eb5f74bb8d,,L,1,67.33,2026-11-02 17:46:35,False
c-11ad80bb1ed0,s-a945757f7b0b,u-b45e4dfdca2b,p-b26db3a5724f,v-3758d9a51559,,M,1,55.07,2026-11-02 17:53:21,False
c-c42d371c9f65,s-bee3436f67e1,u-9cd73a2e5a4c,p-aa8fd77dd49c,v-311797044bc3,,8,1,61.15,2026-11-02 18:05:49,False
c-62af094e2b93,s-bee3436f67e1,u-9cd73a2e5a4c,p-dc4a5b5b664e,v-4c466a79c8eb,,6,1,57.72,2026-11-02 18:07:05,False
c-ea4f4cab16c9,s-b6b9e7efc9a9,u-2d2617e330bd,p-65c24eb6ad62,v-9c6f10b8f372,,One Size,1,60.87,2026-11-02 18:16:24,False
c-f0b5e1f0720e,s-3c9a45936090,u-97ebeb7b6498,p-e803259e44af,v-f2558d3a0992,,M,1,39.37,2026-11-02 18:30:22,False
c-400a433cda0c,s-7aa44a5fa0c2,u-ebf0c534e6dd,p-34ac1ff752e2,v-0182b8564d99,,L,2,96.66,2026-11-02 18:44:31,False
c-48dc35958775,s-72caf3ca02fc,u-6988e6045b0d,p-893c4b2edf29,v-4c6cf9702ff3,ord-f62f8f5510f6,S,1,33.97,2026-11-02 18:51:36,True
c-0ff7d82fc7a1,s-6d1d7599d07b,u-1b0ed00e5eb5,p-aeaed2098434,v-96f743fb0a50,ord-cc2266542f26,8,1,58.8,2026-11-02 19:31:59,True
c-405a41c0a8ac,s-cf251142e141,u-afa9af80eaf0,p-b8a7b39d0aa6,v-0a99f6c66f59,ord-b5970f9c209d,8,1,57.7,2026-11-02 19:32:21,True
c-1c48ee0416e4,s-cf251142e141,u-afa9af80eaf0,p-cefb582e9ad6,v-a353d0de43dd,ord-b5970f9c209d,XL,2,45.34,2026-11-02 19:36:44,True
c-df7821601a7d,s-eb45d7f3949d,u-86ab27e4e4b2,p-dd29b201ad93,v-e2e6e78cf07b,ord-661f1df6da41,S,1,34.57,2026-11-02 19:46:54,True
c-2e3fbc3637ca,s-5b044dcd1e6d,u-d93cdfc0e954,p-7c83cc79eb83,v-9fb23f3afbe8,,6,1,112.19,2026-11-02 19:55:02,False
c-e1b75abf723d,s-634e3df0f35f,u-779bbede39ab,p-b9a3998cf0ca,v-3c355cfd5cb0,ord-2cf7d357c440,L,1,30.07,2026-11-02 19:55:38,True
c-47a9f87c38d5,s-aa21dfc43c3d,u-07b7c26e775f,p-21b4d0423658,v-ad5379719e78,,XL,1,30.82,2026-11-02 19:56:45,False
c-6304eb76898b,s-dae219eff532,u-41a137db1bb8,p-d2f8271d7733,v-5cb23fdb8bf7,,S,1,52.56,2026-11-02 20:00:04,False
c-c6482fd31e05,s-6657f319e909,u-213dc8d7c4f5,p-be98bdb2c708,v-8531db952f93,ord-b778dc6542f1,S,1,61.42,2026-11-02 20:12:25,True
c-f5ee6559bdab,s-54b2fd9f0d04,u-1a5db1976f5b,p-fcd4f1043d97,v-988254180564,,One Size,1,119.8,2026-11-02 20:33:38,False
c-ceba62e4e4d6,s-90b5d5c9c664,u-ffd9f4a21de2,p-bd63dc35718e,v-9dffed7e5350,ord-c2323c0cec56,M,1,32.33,2026-11-02 20:37:56,True
c-28e19bdbf841,s-15f3d5d7826e,u-1fac31be898a,p-452b38072947,v-a7da21f08b90,,One Size,1,43.29,2026-11-02 20:40:54,False
c-239efc014bc0,s-2196f63ff149,u-9a4e9db950af,p-a85ae0c9982b,v-e068c2270eb7,ord-3fc25febae68,M,1,77.83,2026-11-02 20:40:55,True
c-458eaeafb60e,s-0f72d28a42e0,u-44e1ff442ec8,p-192469735051,v-f63d4227a8a5,ord-6a9c658639e0,XS,1,54.25,2026-11-02 20:49:02,True
c-1b325084b7bd,s-044b86899df3,u-5a11719810d6,p-469de43e6121,v-0e57e82b7b46,,M,1,58.09,2026-11-02 20:54:35,False
c-509ac7f7a55a,s-7111dac387b4,u-b171d8e71965,p-06d0ff181fa8,v-8bdb03a72cac,,7,1,39.57,2026-11-02 21:02:38,False
c-dca55978c43b,s-a71f5049af0c,u-53fe063b807c,p-f6f485d31c53,v-459452ff65fa,,6,1,88.55,2026-11-02 21:37:55,False
c-24a236d6af3d,s-96468f3ba792,u-843a67410429,p-6eadf48f7814,v-2c3e293b279c,ord-739fe428d384,10,1,86.92,2026-11-02 21:44:54,True
c-7c0bf893b671,s-a683c155ef21,u-3783b01ace9d,p-ff0444aaaa6b,v-1e3262314914,,S,1,89.87,2026-11-02 21:50:38,False
c-b63b664f2555,s-1d5ce0f5e299,u-9d311983ee78,p-6e65bbd6ab87,v-9363cd0c8b54,ord-71b5c43cac53,L,1,76.43,2026-11-02 22:00:33,True
c-50794fccfb3d,s-1d5ce0f5e299,u-9d311983ee78,p-d55b8eefb6eb,v-5e61bf5ab62d,ord-71b5c43cac53,S,1,45.47,2026-11-02 22:00:36,True
c-70e65e030c37,s-ea2f6ee1aa3f,u-60625cf43036,p-87903d304174,v-77cb86cc1988,,L,1,51.15,2026-11-02 22:15:41,False
c-19a78e70fb1c,s-aee3b6f744af,u-1576122c4f2e,p-779514bead33,v-9b8d241f3ea8,ord-76dc77c9d1fa,L,1,26.51,2026-11-02 22:28:30,True
c-60f2043795b1,s-df71a5adce29,u-9592d984cac5,p-be98bdb2c708,v-97dd9d7164fa,,M,1,61.42,2026-11-02 22:37:36,False
c-415e71520a5a,s-9392c820b955,u-5631c08dbfef,p-3a792a4cb9b8,v-268a8e63c0c2,ord-c48b1f085861,M,1,34.34,2026-11-02 22:41:47,True
c-5efdcf6e7208,s-0140ec8a26ba,u-12b189da462e,p-d7568994dc7a,v-74e6c457054b,,XXL,1,46.87,2026-11-02 22:51:34,False
c-3382e73dc3b4,s-4981cc8de7d0,u-efd8c62b7de0,p-4ac4207f1aef,v-94ee63ffc02f,,L,1,51.91,2026-11-02 23:01:57,False
c-06153c2e641c,s-4b7243437814,u-b1c772ec24ba,p-e9068ecfb826,v-e8bcf580c98a,ord-e41d21d1c9b4,L,1,19.26,2026-11-02 23:02:46,True
c-95e8795dd572,s-22258e685ddd,u-921405301527,p-1c962a7f75aa,v-05577ef9fae8,,XL,1,38.97,2026-11-02 23:23:43,False
c-1fa59f2f1272,s-da821956144a,u-49bfd161588f,p-318c127bf50e,v-f22e99a2fd45,,XXL,1,39.38,2026-11-02 23:31:57,False
c-365462027e85,s-e282b3dbf940,u-744269d07fef,p-0355fccdaa84,v-ec2fb3a44d63,,M,1,72.21,2026-11-02 23:52:18,False
c-eab1b9dec710,s-b8b9c346c76a,u-27532b011fd0,p-467e1dfa255a,v-29fd64b71a2f,,M,1,39.49,2026-11-02 23:58:54,False
c-f10801fe052f,s-61ace6fd32b0,u-13b12cde8844,p-367d873527ab,v-8a5d703920e2,ord-b16981d230b5,6,1,69.67,2026-11-03 00:05:21,True
c-4577695e3a2f,s-b86c52e23a7c,u-1483eef42271,p-37bfb063098f,v-3973e95d98f4,,M,1,49.84,2026-11-03 00:25:37,False
c-7ba2d41adb90,s-b86c52e23a7c,u-1483eef42271,p-9b50c67fc225,v-21fe76f52e46,,M,1,111.37,2026-11-03 00:26:55,False
c-94d5287c94d0,s-b86c52e23a7c,u-1483eef42271,p-d3acf9d68782,v-048c7b685473,,M,1,34.05,2026-11-03 00:28:51,False
c-956b34786402,s-3b5dbec5b2d8,u-585785acdb74,p-2c43249ff69c,v-54f9b090839a,,XXL,1,40.61,2026-11-03 00:32:06,False
c-dddac55aa89e,s-bec16b57c8f7,u-a31497736ab3,p-032704074e24,v-72150144ffef,,9,1,93.01,2026-11-03 00:33:45,False
c-92d875f3a2f7,s-ad47fd14d8a0,u-739a5bb56d91,p-b3c4aecb0e78,v-a8defcb5151d,,One Size,1,75.68,2026-11-03 00:34:47,False
c-9713b3bd601b,s-ad47fd14d8a0,u-739a5bb56d91,p-1e5a4f01d985,v-47bce8f5395d,,One Size,1,61.91,2026-11-03 00:36:37,False
c-edd2853ccf68,s-8b3e7fa0d792,u-a39b07318e79,p-76e09edcc4a9,v-0c4132f931f1,ord-a89a77986ba1,6,1,97.85,2026-11-03 00:39:07,True
c-3a292a52704c,s-8b4aab2ab82d,u-f4ebe9f7f31d,p-14e5049e38d3,v-1c1764e4b0b7,,S,1,20.14,2026-11-03 01:06:22,False
c-b710494cfc7a,s-5e193e9c83be,u-b16221be4ec4,p-670b70b22ff8,v-7340c0fdefbf,,L,1,41.98,2026-11-03 01:32:08,False
c-44cb5e6afed5,s-3002a60030f1,u-6ce82b222133,p-4916594c7d27,v-058e1715210b,ord-48c444815304,L,1,81.73,2026-11-03 01:33:25,True
c-f7f71214e51d,s-6403bd06124b,u-28c9b9993900,p-8e60e7be8c04,v-0e2bd922182f,,M,1,61.79,2026-11-03 01:33:35,False
c-657c9872fd15,s-04f12fcdd8fb,u-cb268446cc1b,p-9974eb3bb71d,v-b289bd7a0d86,,XS,2,85.5,2026-11-03 01:38:00,False
c-11422b1e75dd,s-b134720cb397,u-50ea75f76f4a,p-18ab3b9c2366,v-b896a30d4fc0,,S,1,83.84,2026-11-03 01:42:22,False
c-6ca7b7be4484,s-e7f8ed794769,u-e1e56f840e4c,p-f79e79baf494,v-f7d42deb557d,ord-8cad18da9073,8,1,65.53,2026-11-03 01:59:49,True
c-52ea464afec2,s-b97cc67968f4,u-0d5ab556bf27,p-6a1a14b64e20,v-6ff3f17444a2,,One Size,1,52.71,2026-11-03 02:32:20,False
c-46e7874ccf37,s-cd82da015ad8,u-19a26e4a40e8,p-430d42731bdb,v-d75c508991de,,S,1,38.19,2026-11-03 02:34:09,False
c-7cdedf36fb6a,s-8823ac4e6de2,u-74f4cb4ee2c1,p-63ad9a5b8644,v-071ca5ab3eb1,ord-cb22603cc684,L,1,59.05,2026-11-03 02:39:11,True
c-df6aaabbee99,s-483eeac9028d,u-d1706239eabc,p-75502b831959,v-d042e8e2e7ff,,XS,1,57.91,2026-11-03 02:44:09,False
c-7d0b45f40938,s-fbdb061f64f3,u-0502b80489b3,p-45ee231a5c77,v-76b4fcbd20ed,ord-2bcf54bd89b1,S,1,39.35,2026-11-03 02:50:06,True
c-4c732d4c26d2,s-fbdb061f64f3,u-0502b80489b3,p-dabfff819f69,v-d8d970fe4875,ord-2bcf54bd89b1,S,1,34.7,2026-11-03 02:51:28,True
c-303a73608257,s-37f47e9af01d,u-706d50a7513c,p-4cf131b5a7f9,v-d9d34f74c729,ord-aa356cba59e9,L,1,44.74,2026-11-03 03:03:35,True
c-aa77036205d8,s-160f10394c0a,u-7707dc1f065e,p-6771dca3a4a9,v-b31b50c424d1,ord-957cdf5dad98,XS,1,92.34,2026-11-03 03:04:28,True
c-1cb7ac8c1e4b,s-0a5efac90b39,u-9510fcfa1686,p-c55170669c89,v-057c5b720bb4,ord-4ee7e6710213,8,1,114.7,2026-11-03 03:40:27,True
c-0004803aa86a,s-2ee31c94c283,u-4c952e423c23,p-82f9cee71a01,v-d82da5110fa7,,S,1,33.62,2026-11-03 03:41:17,False
c-ff7e31b5a478,s-79d2350a39c9,u-51542cd8388d,p-4fbd9539bd6b,v-ec5cda4d7735,ord-41e226228526,XL,1,60.95,2026-11-03 03:48:05,True
c-2304ab311551,s-a622c97cd7eb,u-8fa0b0ae388e,p-4199a4fbd96e,v-324d9f94bd94,,XL,1,37.43,2026-11-03 03:52:14,False
c-037f70e20eea,s-4a2e22b30896,u-ca3220dfd42d,p-455f1e5cd6b5,v-73bbe1b533b2,,XL,1,48.61,2026-11-03 03:58:40,False
c-22ae76ab6627,s-4fbca9509b15,u-c5bb9664b495,p-1dbb64836b4a,v-c33b114cd829,,M,1,41.41,2026-11-03 04:37:23,False
c-c910491fd908,s-970a4e627b22,u-71ef6b159149,p-481aed97ecb3,v-12408eda66a1,,L,1,101.56,2026-11-03 05:02:35,False
c-7452a6727458,s-c71e09225c40,u-7fe6ed85ccc1,p-e0249788f7be,v-26f4cec4f5ee,ord-2efc2c4f937f,XL,1,36.21,2026-11-03 05:03:22,True
c-4d611e0ce95b,s-3668884f4f31,u-a9c852b30e0e,p-4af3a6de8390,v-ccbf314e257f,,L,1,89.46,2026-11-03 05:03:52,False
c-3cf2047c53bd,s-82831d804143,u-8935d967b1c0,p-682569b69b48,v-ac2a63dcced4,,XS,1,48.41,2026-11-03 05:05:03,False
c-0ba7e6f55b0d,s-e7707a8392f1,u-f0c9b320438e,p-28d371b26832,v-f9695dd84983,ord-8e5037d23e05,XL,1,59.74,2026-11-03 05:38:09,True
c-1155c802d682,s-53e819ffc2d8,u-0f4a19067b4d,p-d34313b57988,v-1d6b3db5b18d,ord-84159d430686,L,1,33.24,2026-11-03 05:44:23,True
c-572946e25576,s-5074c02bf92b,u-baf0eb610adc,p-9129593cc0ad,v-4e4fc13f8e57,,M,1,30.0,2026-11-03 06:03:22,False
c-1070edcfb116,s-dcb2e8019c7b,u-5071158a136c,p-3ec0b4087ec8,v-f35e6dfa3ff8,ord-9a37e9f7eae2,XL,1,75.65,2026-11-03 06:15:02,True
c-24204cb2d20d,s-b87b06ec6400,u-42dce387297a,p-87f337a5759c,v-d8db76827056,ord-bb92c0457b1f,8,2,85.98,2026-11-03 06:21:17,True
c-0f11f8381c82,s-afe6e0b9bd6c,u-6cc416a7e990,p-5c83a811708b,v-36a1424d6850,,10,1,103.61,2026-11-03 06:22:51,False
c-910217d56552,s-adca6d7a4996,u-c6979fd95166,p-e960be36c0f4,v-143039881c4f,,M,1,50.02,2026-11-03 06:32:34,False
c-95f509ae6cb8,s-228b009c623d,u-4421091e57b4,p-bb69ccf4de47,v-9cf1e69088a4,ord-c565c2b483c4,XXL,1,40.2,2026-11-03 06:32:37,True
c-849745428227,s-131dd65e3ff6,u-a94be456940b,p-ddd2f5bb213c,v-4c890125ff11,ord-e5135dfed03a,S,1,50.79,2026-11-03 06:32:48,True
c-9f35feea1178,s-131dd65e3ff6,u-a94be456940b,p-c6ce6ab36cbf,v-296e6ce6490a,ord-e5135dfed03a,S,1,48.93,2026-11-03 06:34:18,True
c-ad1f747e0cc9,s-0f9e2459ff42,u-90523f27de74,p-2e053a9ef55c,v-87c282a66048,,One Size,2,38.95,2026-11-03 06:36:57,False
c-0091cc051421,s-ad028a52dbee,u-f862ee225c13,p-89fb8c6b1214,v-705984350a4c,,L,1,39.79,2026-11-03 06:52:42,False
c-a391d7206fc9,s-413c676009f4,u-e141495b06a7,p-95d0f8b7ddef,v-fd58a7c76dee,ord-d6a7e6557a20,7,1,131.98,2026-11-03 07:21:49,True
c-8a48ee614915,s-f10b75b7147c,u-e0a09616004e,p-aa7905749a7d,v-ddf9973829e7,,7,1,37.88,2026-11-03 07:24:52,False
c-2df0d42c3658,s-831f8ce579ce,u-220fadae7747,p-460085e512b8,v-1fa0cd5157ad,ord-5fe5791461db,L,2,22.68,2026-11-03 07:39:10,True
c-7f2f44f6618c,s-16b7c5ccc4af,u-427b4dec0a9f,p-5c1370534b6a,v-ca2c106ed8a0,,M,1,43.97,2026-11-03 07:41:42,False
c-7d0d16de9328,s-991eb913b314,u-cedf6ea62992,p-eee69b917058,v-6be8198c73c2,,M,1,51.39,2026-11-03 07:43:34,False
c-ecd94091f062,s-991eb913b314,u-cedf6ea62992,p-aee736d3ee12,v-3bb43308e6a5,,XXL,1,46.11,2026-11-03 07:44:47,False
c-867d3fd35fc8,s-944cfd6b600b,u-ad5facaf355f,p-ff0444aaaa6b,v-ee0d22c26035,,L,1,89.87,2026-11-03 08:14:30,False
c-e41c87918eb4,s-4905c1979e21,u-56fcaa85a92f,p-39e777735708,v-d3f529f92894,ord-9436ab73c6ae,L,1,104.83,2026-11-03 08:19:43,True
c-bb9e0de5dfef,s-4144da5cea3c,u-ba44d20b0967,p-c2bb73d5a727,v-82b781bf814b,,L,1,40.66,2026-11-03 08:21:31,False
c-df6b9e3cc447,s-22ccfb86067a,u-f721e05851f5,p-98ce1e0345a2,v-09f68f9493ff,,XS,1,55.64,2026-11-03 08:36:58,False
c-d07d87d6b444,s-b62794d5d3fa,u-ef24d073809a,p-c84f91ab2f53,v-00dd7f4f8cf1,,XS,1,53.72,2026-11-03 08:37:46,False
c-a1171e9737d0,s-946d872e0b82,u-e21ca3a0976e,p-408ce248759d,v-b22516af279a,ord-8f97490c45a3,XXL,1,67.74,2026-11-03 08:40:38,True
c-69269e6eb458,s-15b435c2baef,u-0af93fa7c5b3,p-bebeb3001c0b,v-f51e91b37d3e,ord-20f07baa3a7c,One Size,1,59.26,2026-11-03 08:41:09,True
c-5e67843b9e46,s-598db3dd973d,u-da5cb431d028,p-7b52c1ecbb45,v-4b1aba9a9161,,XL,1,30.77,2026-11-03 08:42:31,False
c-1e7f977aba3b,s-e68de8845128,u-5a98baa639b5,p-b5d68534f459,v-e524bb8df272,,XL,1,34.24,2026-11-03 08:50:51,False
c-d3a4a7fe486e,s-e67c91d53b0b,u-92c72427c86f,p-d85ea8547bbf,v-8f8ef5ea4109,,XS,1,73.17,2026-11-03 08:54:00,False
c-9849431452cd,s-4c279fc6212f,u-19c1262aa64e,p-a96f6b41622b,v-61fe263e0adf,ord-d17648d68701,M,2,57.86,2026-11-03 08:57:23,True
c-7835a7295c11,s-ff76dd2227a2,u-31983712fd08,p-fd6f0e93fa03,v-a835275c7a39,,XS,1,17.27,2026-11-03 09:06:18,False
c-ef90b134bfc5,s-f2b087246f8c,u-109f3d6f25cb,p-6b66312e1b57,v-ef5a1b2ab9ab,ord-4efbbf4fee1c,L,1,32.25,2026-11-03 09:07:04,True
c-1fd7959f1912,s-668fb7899173,u-4c97d61bcfc1,p-d44a4e10ca43,v-1395a838d908,,S,1,35.45,2026-11-03 09:10:38,False
c-f0201e0c8df6,s-6f619d30cba0,u-7d9014b7b682,p-032a4ca5d53c,v-8a621827532e,ord-440531e06ddb,S,1,68.69,2026-11-03 09:11:06,True
c-045ba12f4d63,s-62c5c4701b09,u-68f78f996042,p-abb3cfb34b7a,v-df1775a34bd9,ord-d923f448c650,9,1,62.56,2026-11-03 09:26:38,True
c-e75103d9996b,s-125c87bb9b47,u-083ab6ca083d,p-21e629210114,v-0f379e47679c,,9,1,46.29,2026-11-03 09:28:38,False
c-39ecd13077ff,s-8c7729b52ba2,u-248e588c63cd,p-192469735051,v-876107ba2c36,ord-703721937138,L,1,54.25,2026-11-03 09:35:54,True
c-b8c99d734403,s-5ab520a3b9c2,u-58e71ed48ee4,p-37254b519c5d,v-aa12bc219e3f,ord-8fb9f9e21e35,XS,1,43.45,2026-11-03 09:35:59,True
c-c0c581928095,s-1cdf8e311632,u-f93621100c6b,p-88b5fb620fef,v-787358a32334,ord-74e201792673,M,1,40.39,2026-11-03 09:41:02,True
c-81076ca6167a,s-fa06a57fd69a,u-e9d425f1bea0,p-374cc355e453,v-583042c47e93,,XS,1,33.18,2026-11-03 09:56:40,False
c-9809a3ee09f1,s-50673df47428,u-deb447487687,p-5c3cc08d1b45,v-8fdeebadb891,ord-b8a17ed64d14,XL,1,47.39,2026-11-03 10:23:58,True
c-a41d421f3b57,s-b160be1c45c4,u-383d773376fd,p-f264c78411ad,v-4671f590477e,,XL,1,108.74,2026-11-03 10:36:08,False
c-0510c54223fb,s-256c1286e5e1,u-1bfa4b66ee85,p-a311310a02d1,v-da3cf69f3777,,XS,1,27.3,2026-11-03 11:04:48,False
c-7a09194b3a5b,s-a732846e61f1,u-c17f7be33455,p-b651bf785c76,v-179356e2f8d9,,XL,1,33.34,2026-11-03 11:05:52,False
c-c64233ded4b0,s-256c1286e5e1,u-1bfa4b66ee85,p-accad81e1851,v-0d661a7082de,,XL,1,39.3,2026-11-03 11:06:56,False
c-a356f50211dd,s-bf1be9689fe8,u-6fcd60216cae,p-97cc2a682767,v-b7f40debc50f,,XS,1,123.34,2026-11-03 11:07:34,False
c-e8bb339f189b,s-989fc1cf4180,u-27532b011fd0,p-4f51d75079bc,v-d09e0045a2b7,ord-2e8431569673,XS,2,73.37,2026-11-03 11:31:32,True
c-1e8e4c9fb145,s-10c16eb94753,u-a736b9dd9be9,p-bfa0d5139b10,v-21ab8418948d,,L,1,53.04,2026-11-03 11:35:37,False
c-eaefe5b7d44c,s-00b459e4ff2e,u-7b6555bf53fc,p-02d7151df481,v-dc522f89fd3c,,M,1,77.08,2026-11-03 11:39:31,False
c-79aae2784666,s-e4f81fa8d976,u-76c8eba06aea,p-fde3dbcf8ef8,v-c28f85b3aa06,ord-8a3e1e11b992,One Size,1,50.15,2026-11-03 11:49:11,True
c-81f6dcf482fa,s-4295ec2a1930,u-982d1b5ece2f,p-61d6c813f442,v-d0eff6b625e3,ord-2577335d2235,XL,1,95.45,2026-11-03 11:59:54,True
c-1f27a071746f,s-2fea9de9fcab,u-2b465d62e6e8,p-cb074730edd8,v-25a6650ced75,ord-8d5632f82602,XL,1,84.14,2026-11-03 12:28:57,True
c-bf1833e03533,s-6a9621748268,u-32bea2dce87a,p-c4265027a024,v-484e38cd43d2,,L,1,18.86,2026-11-03 12:30:14,False
c-965e963f8d50,s-6a9621748268,u-32bea2dce87a,p-4ea1ddfb4e56,v-e56b76d0f602,,One Size,2,79.52,2026-11-03 12:32:41,False
c-fb73f41fb98c,s-0db7acb2bea8,u-63b596094fa4,p-e803259e44af,v-bae36c25b258,,XL,1,39.37,2026-11-03 12:32:46,False
c-767a9d3c9609,s-4cc3517e0d4e,u-b3776b4c9bb3,p-e9068ecfb826,v-1a73dde3f759,,XL,1,19.26,2026-11-03 12:33:28,False
c-5ab24a7c3e1c,s-fae484791931,u-45b2c731cfcf,p-eaf908448f12,v-d613c21ac918,,L,1,42.46,2026-11-03 12:45:09,False
c-5d7fd4f9a2c1,s-e8e52dd35ba4,u-a56f65af969c,p-5165812dac9a,v-3fd4d6a31c19,,XL,1,61.72,2026-11-03 13:02:11,False
c-428a814ff1a9,s-d8ed7202a084,u-46a8dbf54029,p-e87ed4fee08a,v-10f72758dae0,,L,1,33.13,2026-11-03 13:09:45,False
c-7b5bd3cc473b,s-cd8be5838f3d,u-bd60a2abd0a4,p-1f10c9a09301,v-97a711fc7360,,M,1,76.05,2026-11-03 13:10:27,False
c-c627d595e714,s-812dde90ea0e,u-34a2312cb2e3,p-89a6d1cb864c,v-72e904fd3fa1,ord-ae7dac1b8cf7,One Size,1,66.32,2026-11-03 13:46:28,True
c-e506aedf0f12,s-b36dcacfee9d,u-c2843823e955,p-1b3beec680d1,v-72234a009161,,S,1,54.74,2026-11-03 13:47:19,False
c-14dde0fccb46,s-b36dcacfee9d,u-c2843823e955,p-30b66a97b2ae,v-fef8c19a94ab,,L,2,70.52,2026-11-03 13:48:43,False
c-627c0e475dfd,s-023174cfc1ba,u-e881852b5303,p-f6e7a298a440,v-986de4534bd9,,8,1,134.59,2026-11-03 13:50:56,False
c-0d34201b403c,s-023174cfc1ba,u-e881852b5303,p-8d0df50f6118,v-208f4ac5d8f6,,M,1,82.84,2026-11-03 13:52:39,False
c-abb89d8df7b6,s-6fc2588a6aaf,u-b01c9d74aeef,p-1e0d298892b0,v-33e5739b419a,,M,2,49.55,2026-11-03 13:55:20,False
c-7ac5dc2c6c4f,s-4c5cb0d8c9a2,u-a3fa473c11c8,p-e7e52e0f2d55,v-8b5fbcb9b56e,,8,1,65.09,2026-11-03 13:56:47,False
c-cd581ef5625c,s-ed5ce395c1f0,u-98041f72fee4,p-9ea0c6d804ea,v-ebd18099c773,,One Size,1,57.72,2026-11-03 14:06:36,False
c-87cb87546b81,s-c6d054eb1af6,u-f7ab61e7d31e,p-0da850cf3166,v-1dd8cb638612,ord-088a025a13de,9,1,57.04,2026-11-03 14:22:56,True
c-89d93f7d4418,s-bcba4f2cd66f,u-5a5da1808cfb,p-9f8f76359753,v-07a894565de8,,S,1,61.2,2026-11-03 14:41:02,False
c-ac072b230161,s-9d4579edeb06,u-f71ae5413fc7,p-d7da5feef72d,v-d5d2309e9f96,,One Size,1,85.28,2026-11-03 14:51:05,False
c-97e927adbf95,s-21d80e836e9d,u-6b52c2f23e33,p-07391dbb01f3,v-ac7e0525227a,,7,1,72.58,2026-11-03 14:52:59,False
c-32b8a090d229,s-21d80e836e9d,u-6b52c2f23e33,p-af1020af155a,v-71c981f325d2,,7,1,31.46,2026-11-03 14:55:02,False
c-0275587d6e93,s-62bafc0257fc,u-9929640ab017,p-c51f3af8d87c,v-b63bee27732a,,XS,1,62.42,2026-11-03 15:21:57,False
c-2a6105804055,s-62bafc0257fc,u-9929640ab017,p-0c59f552a5f3,v-5d93fc6feb06,,XXL,1,44.61,2026-11-03 15:23:03,False
c-ad66d854f948,s-54ea6ec440bc,u-a79e154b6cfe,p-addda7515b68,v-486e2ac9feab,ord-e8e5b1f0005e,L,1,58.16,2026-11-03 15:28:27,True
c-ab57958ecc72,s-4b65a34a70f2,u-525078801689,p-25301b52ab6c,v-f0765503f7fa,,XXL,1,62.25,2026-11-03 15:45:46,False
c-12ebe5084724,s-032964cad1cb,u-8b5b32f5deb0,p-5c7daba21237,v-d60f531586db,,S,1,47.54,2026-11-03 16:06:29,False
c-6ee808f5749a,s-03078acb6157,u-b78274cea4ba,p-f8de2716ffdd,v-2ea71c7b10b3,ord-b4f03275f893,XXL,1,30.34,2026-11-03 16:12:37,True
c-030b3f78dd6e,s-cd540264ea0f,u-0437c83d3e8a,p-5ae742ef7d7b,v-99386f2b42fa,ord-af75bdd29d22,One Size,1,102.14,2026-11-03 16:16:15,True
c-d4964fcd889f,s-dc0a8f94fd83,u-44cda7069ebb,p-9869710329a7,v-41144f22c653,ord-fc784c3c0930,S,1,24.21,2026-11-03 16:39:08,True
c-c108267cc931,s-2aedbe658753,u-749ab67ef4a3,p-5ba34eb81377,v-45096bd5caec,,One Size,1,77.7,2026-11-03 16:40:06,False
c-b9169c61b94e,s-2aedbe658753,u-749ab67ef4a3,p-ad4fd831757a,v-d8741f87c611,,9,1,82.81,2026-11-03 16:41:18,False
c-feeb8af7491b,s-992f48c0b1bc,u-6006913a5c4f,p-c880e79eb602,v-00b1dd61a0e4,ord-742a1276702e,XXL,1,56.71,2026-11-03 16:42:13,True
c-227e356955cc,s-e8e8420135d8,u-ea2c667c5716,p-ee0543f95663,v-54aac9e808ea,ord-cb9d6d9e2df6,XS,1,61.12,2026-11-03 16:43:39,True
c-f92c04232783,s-87de14f62df1,u-264eb793d90f,p-d0ebbd8f2c23,v-de58e523169a,ord-b743a701021b,XS,2,35.35,2026-11-03 16:43:46,True
c-ee79fa16dd29,s-f741ee237695,u-9cd9296a5b9c,p-062a5aa754a2,v-3e7444714770,ord-9f5cfb3e7c94,S,1,60.81,2026-11-03 17:00:00,True
c-16f98cbf8289,s-9a09d84d9e2a,u-3769d61000b1,p-e65964908012,v-418a2a1cafc3,,XL,1,43.03,2026-11-03 17:06:53,False
c-524c1db27e40,s-9a09d84d9e2a,u-3769d61000b1,p-fff670c8c0f2,v-b3727f225ab1,,One Size,1,49.97,2026-11-03 17:07:08,False
c-5c7ce5c8bf2a,s-edc4b9e69742,u-4997fd5cab2e,p-97cc2a682767,v-22cc701aa438,ord-4c49d2eca83f,S,1,123.34,2026-11-03 17:24:07,True
c-e25f2783b74c,s-e550feef13d4,u-356303cc1798,p-7100d85bc108,v-488bd0b60134,,XL,2,32.96,2026-11-03 17:40:54,False
c-6138b93b695d,s-e550feef13d4,u-356303cc1798,p-b1ecbc03f8f5,v-e2def00ea295,,XXL,2,32.22,2026-11-03 17:41:54,False
c-44115d3aa729,s-972b8d1eda98,u-be4f2efdc519,p-90c6661528cc,v-da01da93ed21,,XL,1,43.76,2026-11-03 17:55:26,False
c-3747d9a06dd0,s-9cb42d5605a7,u-cf573d193a82,p-b159f3c43083,v-0a02e42798de,,L,1,26.19,2026-11-03 18:24:34,False
c-b2faad44beb2,s-c07de5ab0eae,u-326083040162,p-02c6dae3bfd8,v-fe1273227f1b,,L,1,33.64,2026-11-03 18:24:52,False
c-716ab77c4c71,s-5130ae515dc2,u-5bc30fa6147a,p-82f9abd306e4,v-b8c5a0bb32b6,,L,1,54.55,2026-11-03 18:26:31,False
c-ea4998a4ef43,s-c445ed2cf3c1,u-6f44b1853fc2,p-6bcb48db7dcc,v-87e0055b3eb5,ord-f6ac89d7ab68,XXL,1,54.19,2026-11-03 18:39:47,True
c-dcf32281bd2a,s-2330e0b8c296,u-63064e5f2e4d,p-81c9b9f1418b,v-499f94a3de2a,,L,1,88.01,2026-11-03 19:04:27,False
c-aeacdb786386,s-c9dc93324103,u-848172036e75,p-e53548042d4f,v-ff15a78b6d71,,XXL,1,46.82,2026-11-03 19:09:33,False
c-c9e7bac3eca1,s-4a28864f4519,u-6df87533a85a,p-3d634eda5892,v-1b37eb7483eb,,XXL,1,33.76,2026-11-03 19:11:19,False
c-2787c5853561,s-5791d889be96,u-b547cd6bac5c,p-dedf3979e43c,v-a2cacc9998d8,,7,1,104.21,2026-11-03 19:24:13,False
c-5150f61d2b62,s-5791d889be96,u-b547cd6bac5c,p-a1ea8ac8b794,v-66e870b2091b,,6,1,65.0,2026-11-03 19:24:41,False
c-2dd1872787bb,s-ffd1bb4ccf26,u-3258763279f7,p-2e1138dff55d,v-0d645fa0567e,,XS,1,53.74,2026-11-03 19:29:14,False
c-7ffe28892a14,s-cc575d964b15,u-da80c4bf9f4c,p-feb10e6ec6dc,v-ddfe509ec5e6,ord-4e8f5bc53df1,S,1,64.32,2026-11-03 19:30:48,True
c-9615216ae1d4,s-ffd1bb4ccf26,u-3258763279f7,p-ef22561c80d4,v-c875da98841c,,XS,1,82.92,2026-11-03 19:30:58,False
c-6911013d1876,s-ffd1bb4ccf26,u-3258763279f7,p-70315f2c0057,v-a038f8ad4d7b,,XXL,1,42.67,2026-11-03 19:31:09,False
c-28116aeb6170,s-ffd1bb4ccf26,u-3258763279f7,p-3e6c2fce3bf6,v-46dc7b58b996,,L,1,34.56,2026-11-03 19:31:19,False
c-912b6c69ead0,s-da74846f2ee7,u-4f47fcb7ab66,p-ada2001c46fe,v-e7cfee3dd281,,XL,1,52.11,2026-11-03 19:45:06,False
c-3185617b3f31,s-b7465831f3b1,u-eb82d07273cd,p-f49f9a26aa05,v-2e59334e736d,,S,1,48.75,2026-11-03 19:52:48,False
c-9c5cbab866a5,s-59a8bf128106,u-b0fe780755f5,p-904e12a7997d,v-44d62a381092,,6,1,55.34,2026-11-03 19:54:17,False
c-a345b619ae44,s-e0f7bc0d240e,u-610a5c29d620,p-7240f286a853,v-14b3ba5111ee,ord-097293126a9e,XL,1,33.8,2026-11-03 19:57:35,True
c-ee809715d153,s-a4e339e30aae,u-c8f58eb357e3,p-56de52c800bf,v-7af33d913e4e,,XXL,1,45.67,2026-11-03 20:02:12,False
c-8576894e5dee,s-5e03cd86898c,u-a76bc54d3343,p-e6efd8eb6c71,v-113d77b4888e,,XS,1,41.02,2026-11-03 20:03:02,False
c-c6278c8698ea,s-a4e339e30aae,u-c8f58eb357e3,p-1dfd396785bb,v-b8ba1d47d96c,,10,1,73.37,2026-11-03 20:03:12,False
c-4d1f4f7e18bd,s-a4e339e30aae,u-c8f58eb357e3,p-29579ce98c2b,v-c2e127b0f360,,XL,2,35.77,2026-11-03 20:03:51,False
c-12ed38f6d277,s-6ba1e748309f,u-badd94fbd050,p-7ea5385571c5,v-c7e1127003b1,ord-d54119a81a5c,One Size,1,135.54,2026-11-03 20:26:27,True
c-ea4b5c961d09,s-02f3c6a0ffbe,u-5c1d220a2415,p-97efa68081c6,v-c637b19c20a8,ord-402273c8311b,M,1,40.0,2026-11-03 20:30:16,True
c-07f73fe9d4dc,s-02f3c6a0ffbe,u-5c1d220a2415,p-a56f87aed26b,v-efd5c909588d,ord-402273c8311b,XL,1,59.09,2026-11-03 20:31:23,True
c-cdc6e36f61e8,s-02f3c6a0ffbe,u-5c1d220a2415,p-0562bf94be61,v-b11ba10cc93d,ord-402273c8311b,L,1,48.61,2026-11-03 20:31:51,True
c-854455088378,s-02f3c6a0ffbe,u-5c1d220a2415,p-f1cd7b85298c,v-9dc65c4b4bdc,ord-402273c8311b,L,1,17.8,2026-11-03 20:32:48,True
c-ab9bffc0a241,s-02f3c6a0ffbe,u-5c1d220a2415,p-e87ed4fee08a,v-dc1633c57834,ord-402273c8311b,XL,1,33.13,2026-11-03 20:35:17,True
c-f972267829ad,s-0f0738c2f9a4,u-961b875f27f8,p-d96b9dc0cf18,v-c36712081bf9,,XL,1,68.79,2026-11-03 20:36:54,False
c-29c6b53f4a11,s-3a0a75281d73,u-a45e29924870,p-057cb88f98ac,v-cc8a06fdecbd,,M,1,59.07,2026-11-03 20:42:59,False
c-aa9c3b7a7d5e,s-7f7dd62927af,u-1aee4855403d,p-f9eb92cfed38,v-384aba4fec7c,ord-1cc53aa25b00,M,2,32.84,2026-11-03 20:46:04,True
c-491e2d3b3392,s-35fb89361357,u-0c73acfbfb2b,p-b9a3998cf0ca,v-dc51b424225d,ord-1808ecd60289,L,2,30.07,2026-11-03 21:00:23,True
c-45c3c8807298,s-5c49eb15a57c,u-7d8d0713f817,p-d469a3b87ced,v-e197672cc995,ord-838edbb7b2d6,XL,1,51.28,2026-11-03 21:04:56,True
c-9fe35fb5da16,s-5c49eb15a57c,u-7d8d0713f817,p-f6883b6407a9,v-22cfe4b63c1a,ord-838edbb7b2d6,XL,1,50.01,2026-11-03 21:05:13,True
c-63264a8b4b47,s-29c65c3d2530,u-c1acc4b93741,p-3c093e1e2d52,v-23b4e3be28ac,ord-1837c255e869,M,1,76.72,2026-11-03 21:21:44,True
c-5d81dc96e478,s-6ad5ca1f9a07,u-546df294a7aa,p-7acfcbbb64c6,v-c0f43e4cfaf9,,XS,1,69.95,2026-11-03 21:32:23,False
c-1cc69f5a8bd7,s-879a80933456,u-490c8f76a5ee,p-852877299f60,v-2cd9477d640a,ord-6cde0fcd0a24,XXL,1,66.77,2026-11-03 22:09:09,True
c-834b6e329136,s-5fce8f28380a,u-d9e231062c53,p-57a8417fcd12,v-070cb0b46550,ord-7df6130a3de3,XS,1,40.17,2026-11-03 22:18:41,True
c-532af37cab85,s-f84c512fd2f5,u-294fba17d0b9,p-f21e009c1eab,v-c51ed5905e68,,XS,1,38.47,2026-11-03 22:19:24,False
c-150082821bcd,s-90c4d076a609,u-5d711938f9b3,p-d8cc90536f57,v-11cc24400801,,One Size,1,39.04,2026-11-03 22:21:21,False
c-2b521b1a9fe6,s-be3295955787,u-e9c6bdf07046,p-e0249788f7be,v-0d15fa9b623c,ord-7e43d5e4c9e1,XXL,1,36.21,2026-11-03 22:22:08,True
c-2cef28683569,s-1cb9ba598c04,u-ed18378a6a62,p-39ec2a41fc32,v-07803cc281fd,,L,2,56.27,2026-11-03 22:28:27,False
c-161cdf990753,s-2d5b8566f308,u-00a5847a293e,p-4766df4614eb,v-59b5cd16587b,,10,1,68.25,2026-11-03 22:33:03,False
c-905a6c34efef,s-2d5b8566f308,u-00a5847a293e,p-3ba78bf8d9ef,v-053bbebf0c10,,L,1,30.46,2026-11-03 22:34:20,False
c-b5b63c472164,s-71cd2f14284d,u-3ac9df89191f,p-d90ddaefab66,v-9a52e6a736b0,ord-484e0a23b407,8,1,77.55,2026-11-03 22:35:59,True
c-a15d85758382,s-2fe1f239484f,u-9031b3d27c43,p-6eadf48f7814,v-6c25a42db54e,,7,1,86.92,2026-11-03 22:47:57,False
c-49ec5214f557,s-39997780c0b7,u-c705c89a349a,p-9cf1a10f570d,v-4c173f4048f0,,S,1,125.58,2026-11-03 22:57:08,False
c-e2146c8ace01,s-39997780c0b7,u-c705c89a349a,p-985447fd9822,v-e27ed94bde35,,M,2,57.04,2026-11-03 22:58:27,False
c-accfa1d9c54d,s-39997780c0b7,u-c705c89a349a,p-24eb929e6b54,v-5d711051381c,,XL,1,46.64,2026-11-03 22:58:50,False
c-019261f3fed4,s-39997780c0b7,u-c705c89a349a,p-10a475d7adf6,v-e73fe1ed6aac,,S,1,28.35,2026-11-03 22:59:36,False
c-17deebc541bb,s-e67a71fc4983,u-8ca46c3a3c0e,p-5c7daba21237,v-d6a262cb45f8,ord-8df92600f8ca,XL,1,47.54,2026-11-03 23:28:01,True
c-e7e86d296e9d,s-6f3af80379ba,u-914f33688d90,p-c920f258e7da,v-d721ef4b0325,,XXL,1,48.5,2026-11-03 23:31:18,False
c-5054b40b1c1d,s-88e821451259,u-94d7fb31d928,p-9b86ccff2371,v-2b3619d637ec,,M,1,83.48,2026-11-03 23:40:01,False
c-542f49a500db,s-76e496d2bcc7,u-ea750b2f5e21,p-29c5ff163998,v-d453ac4b8aee,ord-eeff7ac84dd7,XL,1,13.73,2026-11-03 23:40:48,True
c-75de935be1aa,s-3ee818d8ae6e,u-8c828980c6ea,p-876b3754e5f1,v-dd05783cae9f,,L,1,45.49,2026-11-03 23:45:56,False
c-0a5a68a61a3c,s-321f585f0c58,u-0de37a04abd5,p-5d4d3b7d2b44,v-f780ff2a8c9d,,One Size,1,70.34,2026-11-04 00:00:26,False
c-6e9060e73a5a,s-e7cce0d7cb56,u-93abfe608cc3,p-b21af733327a,v-32616bd71843,ord-386f887d6525,8,1,40.77,2026-11-04 00:03:00,True
c-5bd32ddd6760,s-b046553ebacf,u-5420ae4bdf05,p-7d48ea4855b8,v-46e8b108bbe9,,XS,1,52.57,2026-11-04 00:06:03,False
c-55ed02fefa36,s-b046553ebacf,u-5420ae4bdf05,p-5be1ceedab47,v-b59b3186c0e9,,XXL,1,67.34,2026-11-04 00:06:47,False
c-eae8919895d1,s-33a5f17ff96f,u-1ccaf3215c19,p-21e629210114,v-da35f05d00cd,,7,1,46.29,2026-11-04 00:24:15,False
c-47a21d8c28bb,s-73fd3cce8218,u-73896b197b3d,p-2f390b866a03,v-ed71dd2e113b,,XL,1,40.38,2026-11-04 00:43:09,False
c-73eee5a98a3d,s-ac079f8b0869,u-9ba69f6d89f5,p-0bbf536fa576,v-34d465b91211,,L,1,61.06,2026-11-04 00:43:58,False
c-49576e00ea1f,s-8d44732e6355,u-20c5246d4f1d,p-402523ed70c8,v-bab6e9c907ac,ord-785600a13f57,7,1,57.18,2026-11-04 00:45:31,True
c-b3bcd3943e9b,s-3d4c3a347554,u-3a7ef6f9a840,p-46e2a518589e,v-5ad0c794fd7d,,L,1,50.51,2026-11-04 00:48:30,False
c-71a84b940e55,s-44963b13ca61,u-b09d04d57d75,p-b68a946fa078,v-8083d7671037,,11,1,69.4,2026-11-04 01:00:57,False
c-8ba95c3fe1fe,s-ea626cf8871d,u-bf09713ca650,p-5bd75779ffa7,v-c40c924585af,,L,1,55.25,2026-11-04 01:25:56,False
c-131149003f0b,s-008587070406,u-39da1e018546,p-6a0a5ab6b0fc,v-7f696e6714ca,ord-e4129ce22f8d,XS,1,80.21,2026-11-04 01:33:12,True
c-a77af8f93738,s-82bc5b8d1c69,u-1443bd1824de,p-12e34b9d24e5,v-67bda25137df,,S,1,116.51,2026-11-04 01:34:58,False
c-de7950386670,s-af61fbd1fcdf,u-b9af5b562fe1,p-0bfe49fc1d30,v-dd8488f5fcc8,,M,2,72.72,2026-11-04 02:07:27,False
c-afca2eb48ad3,s-4424bcf14712,u-c77b2dd71344,p-e4dd61f5794a,v-e146f9402558,,XL,1,49.96,2026-11-04 02:19:04,False
c-7ddef463e519,s-9ece10d0d0f0,u-b6a144749ab0,p-d94dca8e0e6a,v-d38853180378,,XL,1,47.18,2026-11-04 02:32:02,False
c-5377c06b1d98,s-9ece10d0d0f0,u-b6a144749ab0,p-222755c29f62,v-385f59fbfadb,,L,1,43.92,2026-11-04 02:36:30,False
c-e63609baa597,s-34f8fc26083b,u-949818073383,p-206c70749a02,v-6eceec05a0b4,ord-ced6d28e9805,XXL,1,55.24,2026-11-04 02:50:11,True
c-af63bd36362d,s-0caa2efd5298,u-94e705c6cb3d,p-38016f7fa667,v-4eedf64003f7,,XXL,1,42.7,2026-11-04 02:59:41,False
c-7603d4fdf979,s-bd4aec45feb6,u-5cbfef75c409,p-4264354cb59a,v-75075520b32d,,7,1,44.84,2026-11-04 03:04:00,False
c-26cca399ec6b,s-a95fa81e964d,u-369eeb1b2d3f,p-b79924498082,v-3ba90d630079,,One Size,1,39.8,2026-11-04 03:35:25,False
c-6aef09a4dbb6,s-a95fa81e964d,u-369eeb1b2d3f,p-0ea7c7498216,v-82d028f49500,,L,1,29.44,2026-11-04 03:36:20,False
c-224a25d59dc7,s-dabcd58b7134,u-7507aed59fe5,p-4faacc36fbae,v-338b469dd700,,One Size,1,38.16,2026-11-04 03:37:05,False
c-5ddbc1d74d02,s-63f597989ca1,u-597638c21443,p-28d63bfb0cb0,v-c7a643411259,ord-aba1e9f4cbdb,XL,2,34.49,2026-11-04 03:42:29,True
c-c8e09cd5c447,s-b70cbe42de91,u-29defecb4fcc,p-1a676faf3352,v-ad94cabd5df4,ord-4ce560dd9ac0,L,1,29.96,2026-11-04 03:46:57,True
c-e78f6b4e98bf,s-a87055831016,u-fa3eafbefd2a,p-97882f0f3cc1,v-0f2714f5d698,,S,1,56.84,2026-11-04 04:01:09,False
c-38236bf2b10a,s-ff029ab74509,u-3827fe7437e2,p-5df4ecf0cd12,v-5b97c111f754,,M,1,38.21,2026-11-04 04:13:30,False
c-4ff66ccf4d6f,s-c9fe44d1469b,u-3f545cf24809,p-059cbbf643c9,v-08ee60b9f3ca,ord-a7d13816a968,S,1,68.08,2026-11-04 04:14:00,True
c-5c54cb23b342,s-4190d8699e04,u-1263a03a2f1a,p-fbd2033af83b,v-06273bf90240,ord-1d02bbcaff0e,One Size,1,51.53,2026-11-04 04:23:28,True
c-2452dcd1a869,s-a7bb680fecf0,u-160d22ce457d,p-9b86ccff2371,v-d972b70b21ea,,M,1,83.48,2026-11-04 04:30:50,False
c-33d1d1ea1d55,s-76d232a1a08a,u-5cba9066c8c8,p-4a6c951e46a7,v-0eba67c9893c,,XL,2,48.23,2026-11-04 04:57:00,False
c-9a6aff43a0ee,s-1544b5c88882,u-ded26c7333f3,p-5452be2973d1,v-321252db9c3a,,S,1,26.78,2026-11-04 05:13:40,False
c-80efa7900b96,s-f7cff42c3556,u-dbf9763f94b8,p-d8460f51709a,v-91534cc77634,,S,1,22.61,2026-11-04 05:19:11,False
c-e82ddebfc9b0,s-f7cff42c3556,u-dbf9763f94b8,p-e25b3f134109,v-74f1c708da8a,,11,1,74.66,2026-11-04 05:21:19,False
c-69ba30855708,s-8a7a0d11d4d8,u-7e0603cf7acc,p-26c2ae1821d6,v-8299e97a972a,,7,1,75.28,2026-11-04 05:36:57,False
c-beda54284476,s-8fd418728848,u-c54259db44be,p-76ad45f309b9,v-32ff83a31da4,,M,1,63.61,2026-11-04 05:43:24,False
c-0949fd5aad88,s-035938375f60,u-9d3f01799a1b,p-58d1940f8ad1,v-74b9247b8954,,L,2,47.29,2026-11-04 06:05:31,False
c-bdd806b8c64a,s-035938375f60,u-9d3f01799a1b,p-e7cc73592ec8,v-541d5be12f10,,XS,1,74.41,2026-11-04 06:05:53,False
c-35336b6de54b,s-c38caf06856c,u-a1bde835eda1,p-0359e6b03f8b,v-3d0b4166e0da,ord-7f72325f43f1,XS,1,17.08,2026-11-04 06:09:48,True
c-27a60c98cb96,s-22590d53df59,u-ed8be59de3ac,p-84a46c0557b7,v-cd41e79041e5,ord-091eff569c45,XL,1,58.54,2026-11-04 06:11:07,True
c-8f6b80b6e189,s-4edd7e4371f2,u-711aba05516c,p-acd54f5e8fa1,v-f5e8aaa93d83,ord-b988bb387808,One Size,1,97.54,2026-11-04 06:20:17,True
c-cf99f4fa8424,s-22affc57aa95,u-0e870e9ae4ca,p-0e2dde105bc4,v-3834a31ee04c,ord-c4be849da7c3,11,2,83.34,2026-11-04 06:31:31,True
c-646087967907,s-6fa65de1c0c7,u-f20f2a5ffea4,p-a599ac460f97,v-e1f0afaf7272,,L,2,54.66,2026-11-04 07:11:57,False
c-7164ec06f43e,s-b418e345db28,u-c28dd6ee03f2,p-5300796d576b,v-69b3c39ccc5c,,XXL,1,76.64,2026-11-04 07:18:19,False
c-115d0f88ab9f,s-5d1141d9ca40,u-355fbd71f75d,p-4f0489133aae,v-0eea97e7323f,,S,1,46.35,2026-11-04 07:18:52,False
c-e075cd070a05,s-14a3824ffc9d,u-7e83a0d828ab,p-d52b360e8d66,v-d446930e2f3a,,10,1,92.68,2026-11-04 07:26:07,False
c-02ad8127cfa6,s-6141e4a92eec,u-49bc40d24bd5,p-addda7515b68,v-092fd5ba17c6,,M,1,58.16,2026-11-04 07:32:26,False
c-0be6a84ff928,s-61539c1db259,u-7a306e502884,p-200ac9021b08,v-862d11d4aed9,,XXL,1,33.98,2026-11-04 07:32:52,False
c-c0255cee34f4,s-7e2093f0bf37,u-035a0c003e73,p-a33736f5ad20,v-fae3e528715a,ord-ee103efa9c05,XS,1,67.35,2026-11-04 07:34:36,True
c-345fb9dc701a,s-7e2093f0bf37,u-035a0c003e73,p-d7568994dc7a,v-50faabe81a39,ord-ee103efa9c05,M,1,46.87,2026-11-04 07:36:06,True
c-b7ddd931021a,s-e60c6bcd7a2c,u-f170efa337b8,p-ae6aa2f6a8b7,v-f7b82f1db03b,,L,1,66.64,2026-11-04 08:03:54,False
c-b6176781b915,s-781e90df5ffc,u-179bfba31b8f,p-13faef1e8ad6,v-9aab3a67873e,,S,1,50.06,2026-11-04 08:05:03,False
c-5d10dfca6298,s-d10c65d3c8b6,u-bf7e454b008e,p-a25d879a5db6,v-d1974836a9fd,,M,1,88.66,2026-11-04 08:09:35,False
c-c000b0b7682f,s-aea6c10e916b,u-7fe7fb96fa13,p-f6e7a298a440,v-23acb3cbee84,,10,1,134.59,2026-11-04 08:20:05,False
c-6b7e5106ed9c,s-acd669cb13cd,u-029c81e46b43,p-e4832c58b520,v-4a3da3a3f956,ord-f1abbd3c6e44,One Size,1,53.12,2026-11-04 08:23:41,True
c-5d9201f13088,s-ad85bf5fb51d,u-2cae60274b73,p-29579ce98c2b,v-0c1de7329686,ord-2a590167b8b8,L,1,35.77,2026-11-04 08:34:44,True
c-b67e1520fa37,s-a13ea68678ee,u-cf1733d9a2dc,p-f523ce2caf30,v-eac851da951d,,7,1,36.37,2026-11-04 08:50:12,False
c-b0b61b7503be,s-17473e7af8d1,u-bb4efdc031fa,p-1cc9a3380939,v-f625b7f0935e,,M,1,38.5,2026-11-04 08:59:06,False
c-53f301dab4c4,s-60939faa7fb2,u-44e1ff442ec8,p-c7fcb5d9d88e,v-b6ed8caaf5e2,,7,1,67.46,2026-11-04 09:16:11,False
c-f7cc0ae59b0e,s-f1dcfe024d4e,u-08eb014fbf2d,p-0df148d5c5bf,v-a93221b448c5,,L,1,57.71,2026-11-04 09:19:10,False
c-77268f502714,s-91edcda9f5c2,u-a503ff70067b,p-1b0b653dd8a4,v-60c955ac486d,,S,1,49.85,2026-11-04 09:44:55,False
c-261291d4be6e,s-91edcda9f5c2,u-a503ff70067b,p-d8460f51709a,v-26414ba9e936,,XS,2,22.61,2026-11-04 09:47:23,False
c-1538e69ea376,s-12eabcf630bd,u-a85513e86786,p-cfab23eacf23,v-078df3db5091,,M,1,31.43,2026-11-04 09:48:02,False
c-2a673ee683b7,s-ec78c7522376,u-7bd648cc7440,p-e65964908012,v-9b0e3c1895e5,ord-60b64ec007be,S,1,43.03,2026-11-04 10:17:31,True
c-fc417c2f0708,s-d36bdca59889,u-ee6602384667,p-31bc8d9d431e,v-a747f6efe97f,ord-5bc75e4bb589,XL,1,24.93,2026-11-04 10:24:07,True
c-1b25f23a4006,s-5dcd6927d145,u-97d302e68842,p-469de43e6121,v-03ac5e174fc4,,S,1,58.09,2026-11-04 10:25:12,False
c-e735ae80cacb,s-5dcd6927d145,u-97d302e68842,p-d85ea8547bbf,v-da1a6047bb10,,XS,1,73.17,2026-11-04 10:26:12,False
c-0f38cd27aeec,s-3244c5257e0b,u-f6bba59e2d2a,p-ddb05584a10e,v-8c2797a20d34,,L,1,37.85,2026-11-04 10:27:27,False
c-2806e8d87407,s-ba62c3581488,u-52da5417e6c5,p-5f11e232aa88,v-3a5b1635eb67,ord-81b9b95b6f3c,XS,1,58.13,2026-11-04 11:16:25,True
c-859c67725e92,s-f7b369e1758c,u-c2fe8c028e1b,p-58a1e2cebc25,v-3bf5205d62db,,L,1,43.87,2026-11-04 11:45:53,False
c-532ae7d3e17d,s-f51093dea025,u-d0dba6730d60,p-53506609b939,v-f960789a53d6,ord-47a7025bf40a,XL,2,74.73,2026-11-04 11:50:56,True
c-ddc4704bff37,s-a53e2745a432,u-7d3e1e74bab3,p-266a89b94259,v-bb4b9942e67d,,XXL,2,69.31,2026-11-04 12:02:17,False
c-91f38d6d8179,s-0ab5c6d4dad0,u-dd4b05eb997d,p-8e60e7be8c04,v-6435a9d331fb,,XS,1,61.79,2026-11-04 12:08:22,False
c-3d0a6f42abb5,s-21c52f57cff1,u-82c9233a9866,p-5d6fe0443525,v-47924fc18188,ord-928193cc78bc,XL,1,39.49,2026-11-04 12:15:04,True
c-12ce50b50baf,s-9ea003f6ff9e,u-c8f75dff8c66,p-b45ca2c8e47f,v-3ad89db26771,,S,1,42.09,2026-11-04 12:36:05,False
c-52cd47c1a319,s-44e9e469904d,u-4412db5455b8,p-d0b1e7d49c91,v-4561cff961ca,ord-660da576ecc0,7,1,71.8,2026-11-04 12:43:15,True
c-7e159fc0edf9,s-3c6882149ff8,u-36f17ca2ba0f,p-6771dca3a4a9,v-c3718e5c0c81,,M,1,92.34,2026-11-04 12:49:30,False
c-be38a8d71421,s-33bf72cc2f88,u-8ca87c75fb19,p-e9bb9e118091,v-74640c3596ea,,S,1,38.06,2026-11-04 12:51:19,False
c-9b7c5722fb24,s-5493fcae019e,u-b732bf8e9819,p-409ea248f923,v-11a43259dc29,,S,1,78.13,2026-11-04 12:55:30,False
c-e2a9f3cb0805,s-0bc1601be322,u-a20299ed6046,p-e141be6b6bb6,v-98b0c1116ef0,ord-f83963866934,8,1,44.3,2026-11-04 13:24:16,True
c-1e8291f881c4,s-0bc1601be322,u-a20299ed6046,p-d2a3ee5d6281,v-955cb05031c2,ord-f83963866934,9,1,103.81,2026-11-04 13:29:11,True
c-8e7ba03f142b,s-0773aa2c38ca,u-b00e33a941a2,p-41c47ddd791e,v-c6dde6bc2837,,10,1,116.6,2026-11-04 13:30:55,False
c-5692b8979a40,s-7376ead0ab11,u-603d39fa7246,p-54e981973e62,v-56f9af194d7a,,XS,1,41.73,2026-11-04 13:35:35,False
c-e13b2e214004,s-cce599018a75,u-229b067cdfd1,p-38b71c282813,v-a922957ef07d,,L,1,38.04,2026-11-04 14:01:46,False
c-aeac23735fa9,s-f48e7aeab1ba,u-44fe5d3f7451,p-87ee241cd5e1,v-73aff9968b55,,XL,1,45.7,2026-11-04 14:12:47,False
c-ae546409be3c,s-9e9f953f7bdf,u-5e7eecde72ec,p-0355fccdaa84,v-d9ff955a1927,,XL,1,72.21,2026-11-04 14:15:42,False
c-3d7ffffd5280,s-41a45846c515,u-9abf57090820,p-d3243bad23f9,v-fbba9ad1d089,,S,1,70.15,2026-11-04 14:34:10,False
c-c7da9b14259b,s-084833575201,u-0f1561df7b1c,p-474a73bfaeb6,v-b57cf0d253a4,,S,1,31.02,2026-11-04 14:35:19,False
c-92089afdbeba,s-9f535f5db8d9,u-b3df9ed64ce5,p-782f0659a084,v-c55f539bb038,,S,1,43.83,2026-11-04 14:37:31,False
c-c00365bfa9e9,s-9f535f5db8d9,u-b3df9ed64ce5,p-9869710329a7,v-dda4e246195c,,XL,1,24.21,2026-11-04 14:39:09,False
c-e7fc271bfa8d,s-0bed69140e35,u-8107fec1c4c1,p-08a5f2b72dbf,v-925ce4c93b4b,ord-6ae83b67f7ab,XS,1,67.38,2026-11-04 14:58:47,True
c-372052b322c4,s-39de7806d4e7,u-4a4e31355795,p-a56f87aed26b,v-982d0f4c59ff,,XS,1,59.09,2026-11-04 15:26:32,False
c-313cd8f0dc27,s-70cb0541ebaf,u-e2724e772b75,p-926567b45963,v-24f4a6b4684e,,One Size,1,66.89,2026-11-04 15:40:45,False
c-b857eda2232a,s-c597c510aaf3,u-1213e853aff4,p-f191fdc007ba,v-43741741a628,,10,1,96.06,2026-11-04 15:46:32,False
c-33af8595d20f,s-b2b0036eebd3,u-80b1f8022614,p-e8bb932b349e,v-ff34e3528549,,XXL,1,33.67,2026-11-04 16:01:39,False
c-4f55de9859e4,s-de549c549b73,u-e454012768a8,p-6b7f7e796058,v-a72580e4be23,ord-870af37c91b8,XL,1,42.83,2026-11-04 16:03:11,True
c-df9cfcc65c8a,s-de549c549b73,u-e454012768a8,p-c2bb73d5a727,v-49ded116f66e,ord-870af37c91b8,XL,1,40.66,2026-11-04 16:03:57,True
c-9d60aea24da4,s-27351ac6a753,u-56d1aee30517,p-e1e74cef3ff9,v-4eeed31a1171,,XXL,1,27.07,2026-11-04 16:16:52,False
c-8052ebf1977e,s-a3d4bbce81ff,u-e2ee34e6114e,p-c76e2eb74adb,v-1104c24f3b60,,S,1,97.88,2026-11-04 16:21:30,False
c-8217551eb708,s-0fcd145d089c,u-1b119d85d858,p-dfe6f0a7d5c8,v-fe34b695db53,ord-9851288c0a4e,One Size,1,58.25,2026-11-04 16:25:18,True
c-a3157ee59ba1,s-5ad739042f9f,u-6006913a5c4f,p-d776ea014330,v-60522a015f11,,6,1,107.62,2026-11-04 16:26:49,False
c-0ccf4d67c6d5,s-35cebf02e4ec,u-e892cb3ef757,p-b3c4aecb0e78,v-e8407886c06a,ord-44573da968eb,One Size,1,75.68,2026-11-04 16:35:01,True
c-df19644f577b,s-5de49a0ef44f,u-a06bef6c4d07,p-366499dbb99d,v-e2bde9a74792,,L,1,50.42,2026-11-04 16:47:56,False
c-94e9db35d935,s-5de49a0ef44f,u-a06bef6c4d07,p-5dae71bab7b2,v-cd1e49bd67fc,,XS,1,53.5,2026-11-04 16:49:12,False
c-3cdbeb2168ac,s-118855e33845,u-026886c9fff3,p-a5a2486fd335,v-2036dabdcc4a,,One Size,1,32.39,2026-11-04 17:16:11,False
c-df25ed5fa4fc,s-dca125f88a6c,u-11b4c7c38827,p-c74034bdf85e,v-657b302677c2,,L,1,36.58,2026-11-04 17:24:18,False
c-93b7fe793c26,s-9e86558c7c95,u-f844abdc8d7f,p-4e88217454e3,v-9bfc25549afa,ord-0b0929600211,M,1,61.12,2026-11-04 17:38:40,True
c-b7e6c4a29992,s-930d3bfe2e11,u-0fab8bea9203,p-4965eb79fe58,v-596fae98f1b3,,XXL,1,67.45,2026-11-04 17:42:27,False
c-4358a754de2b,s-e8ad830f2fdf,u-567a3b1df110,p-e9bb9e118091,v-1e33eb7f442c,ord-5744aaf529ce,M,1,38.06,2026-11-04 17:43:55,True
c-40c3663e1456,s-6ffc72c47b48,u-2be0231216ae,p-808c451d43cb,v-32be4bb9d48f,ord-7c412344269b,S,1,50.98,2026-11-04 17:54:56,True
c-ae6b3c4a6276,s-1c5014368f0c,u-7b49df055faa,p-d2918834cb6d,v-42da94cb86fb,,S,1,54.91,2026-11-04 18:06:31,False
c-aa394f54b532,s-92c8079c28e0,u-6cdd3d8e2098,p-4a5437e1765a,v-c765f70d853b,,One Size,1,30.0,2026-11-04 18:07:50,False
c-f1f261241be0,s-e4b1593bd21f,u-5131cc20aa46,p-5286e31c302e,v-604963f72288,ord-b450ac618c9b,S,1,46.19,2026-11-04 18:34:42,True
c-ef9b4a610aff,s-ec58ff0d5a0d,u-ae91a89c6939,p-f2ebf6882bcf,v-76775c31f68a,,XXL,1,48.74,2026-11-04 18:38:12,False
c-f469666c3b24,s-127b9cd66153,u-00aea9c84880,p-c76e2eb74adb,v-3c4b45e8075d,,L,1,97.88,2026-11-04 18:39:27,False
c-703eae69bd9d,s-21e159721c28,u-d1653432cf8e,p-ad00078432e4,v-ef83072e5a28,,XL,1,48.88,2026-11-04 18:47:09,False
c-d2796a11b781,s-ed26693cc837,u-49bfd161588f,p-56f25c14d41c,v-5428b2fa94a1,,M,1,66.84,2026-11-04 18:49:41,False
c-92865e95d0ea,s-5cd14be9c5c4,u-1182e9d2dd21,p-ebc3cae84c7e,v-1d9302050c6e,,M,1,61.69,2026-11-04 18:53:47,False
c-6b723ff37291,s-9319c2b70e34,u-176100db0cbb,p-9eb4e749889d,v-aab7715105f7,,L,1,71.25,2026-11-04 19:08:30,False
c-66bb1d173705,s-997570f4d7c9,u-66c98bef88e8,p-1adf07a88a4d,v-fa8f94b85172,,L,1,66.89,2026-11-04 19:18:12,False
c-6e91244eeaca,s-39ba8391f8e0,u-586e33e62629,p-16056459ebf0,v-955a19cd865c,,L,1,45.15,2026-11-04 19:42:03,False
c-42f4afdc3feb,s-498aa09caa2a,u-e2d15888d9b2,p-6a367bfb9811,v-40b740c88b66,,S,1,59.32,2026-11-04 19:44:19,False
c-495e54319b56,s-561c1e3844da,u-0648934bb1fb,p-809148084a54,v-2e1b251a3328,ord-9e1c57b18e81,6,1,53.39,2026-11-04 19:48:53,True
c-fc9067f10d90,s-561c1e3844da,u-0648934bb1fb,p-bc15778b8d7b,v-881c7ee81de0,ord-9e1c57b18e81,M,1,94.92,2026-11-04 19:50:01,True
c-b2b469ddab45,s-a6d413be3025,u-1a75cff7884b,p-4904d614c34b,v-c7b6ab3c77d4,,L,1,59.37,2026-11-04 19:54:28,False
c-2ddf560635b8,s-1faba6141ec9,u-4edabb857c9a,p-6ae741a4dceb,v-8ccb300e6816,,XL,1,85.32,2026-11-04 19:54:43,False
c-5902f2648597,s-2e6ef081695f,u-aeee1faff608,p-2d07005e8d07,v-85c1a8589149,,One Size,1,45.18,2026-11-04 20:07:44,False
c-a17bd1643aad,s-c014be0eb6ef,u-f55ae66f991a,p-b7155eb223a9,v-3d86fd8e6dd5,ord-a9194318a445,XL,1,109.84,2026-11-04 20:19:35,True
c-ebca6b084cff,s-41290891d878,u-9f5a324bdbdb,p-749e01e728ad,v-e4d03520fac2,,XL,1,37.05,2026-11-04 20:25:01,False
c-a3174c0c0a0f,s-5727c48760ff,u-a1d587d7df60,p-0dcb0e8bfe55,v-a05a9517e2de,ord-b0331b644f1c,S,1,40.81,2026-11-04 20:30:04,True
c-067f75ae734f,s-8e61828c4acc,u-6da0115c1621,p-3adf185ccfa8,v-178652345476,,XXL,1,85.36,2026-11-04 20:34:22,False
c-f7605e67bcfe,s-8e61828c4acc,u-6da0115c1621,p-b651bf785c76,v-8d296d43fa7e,,XL,1,33.34,2026-11-04 20:36:44,False
c-e9dd776feea2,s-af253b549065,u-62aabb815d72,p-02a748155c54,v-d0106c5a7d7a,ord-0adcce9fc90a,M,1,61.52,2026-11-04 20:37:17,True
c-9d41c18334ca,s-c5feb05b75ad,u-89f3ae414668,p-31cc2c2616e2,v-86b3e7881198,,10,1,116.53,2026-11-04 20:37:41,False
c-6c45b3bf1eb7,s-af253b549065,u-62aabb815d72,p-00dcebb17c87,v-15c93860c883,ord-0adcce9fc90a,XL,2,60.89,2026-11-04 20:39:45,True
c-be8ca7bea8fb,s-61385395a5d9,u-08e82deeaea8,p-3b2d29548063,v-17d2e03aee8c,,XL,1,103.09,2026-11-04 20:48:58,False
c-9498a70676c5,s-03ca34de0252,u-415f94ed7618,p-d94dca8e0e6a,v-a7c107514f5a,ord-dafca1b1214d,L,1,47.18,2026-11-04 21:03:27,True
c-0ac7b1cdf8ab,s-15368417c04f,u-9bb70b1722dc,p-9fc18e888ed7,v-bb2fd5f8419d,,XL,1,73.43,2026-11-04 21:05:13,False
c-f5453a4e4abe,s-32a6796b4a9b,u-7434426e6871,p-21b4d0423658,v-1c50e56da553,,XXL,1,30.82,2026-11-04 21:25:07,False
c-035798387f32,s-af750428ae73,u-bd31862e1b4e,p-48e02a9e02b7,v-1d440a60ec9f,ord-bf644c52f4e9,XS,1,112.46,2026-11-04 21:30:35,True
c-ec7b176c526c,s-20e947101a32,u-23d6374da769,p-2e1138dff55d,v-9fdbb93de3eb,,S,1,53.74,2026-11-04 21:34:18,False
c-3fd7eb4c3c80,s-2b7b6a1f855d,u-9d72b269ac03,p-d90e594896a1,v-b695a5413b4c,,L,1,76.57,2026-11-04 21:40:18,False
c-6d4bb24beed6,s-fe161d99440c,u-6ef15c3068af,p-70315f2c0057,v-058b9612b0c6,,XXL,1,42.67,2026-11-04 21:40:27,False
c-ddba483512b5,s-35d1e4ff468a,u-c088c26f7b4e,p-82f9abd306e4,v-2675c3303bcf,,XXL,1,54.55,2026-11-04 21:44:14,False
c-82e58c7c23b0,s-35d1e4ff468a,u-c088c26f7b4e,p-6769e6b598fd,v-43e01d9df555,,XL,1,33.77,2026-11-04 21:45:10,False
c-b06286d1bf0d,s-35d1e4ff468a,u-c088c26f7b4e,p-0f529b5d300d,v-c17ba0710c2b,,M,1,41.21,2026-11-04 21:46:20,False
c-58dc4b3f7a79,s-d4ca7832c393,u-849cc1370646,p-2373d9a8c773,v-f18b30ae8503,,XS,1,54.69,2026-11-04 21:50:37,False
c-04dc09e20782,s-94e25d0ece97,u-8960d9e98a94,p-7ce4aae10bca,v-c3ac81427852,,XS,1,58.05,2026-11-04 21:50:40,False
c-cd7455dc97f5,s-94e25d0ece97,u-8960d9e98a94,p-7fb39ceb4120,v-55974ff45195,,7,1,61.81,2026-11-04 21:51:01,False
c-cda915ca42fa,s-1cc55f3bf6f3,u-1fe2af161e2e,p-f48777346cc1,v-c1ccc53e33fc,ord-d09d0860bc3a,10,1,52.61,2026-11-04 22:07:35,True
c-f011017738b1,s-006dd2a3f4c2,u-02e0d835f53b,p-d365397ced14,v-024ea9c37701,ord-af922b5d3cba,XL,1,44.09,2026-11-04 22:09:50,True
c-fcb7ecc3229b,s-006dd2a3f4c2,u-02e0d835f53b,p-f6b1ad82eda2,v-84a9f0b540f1,ord-af922b5d3cba,XXL,1,45.76,2026-11-04 22:10:50,True
c-d93102a7739a,s-ef6027545e0a,u-7bbe632e803e,p-6467fc201b51,v-35831afd6465,ord-885b61702003,S,1,63.88,2026-11-04 22:11:29,True
c-579510ba4266,s-51f234b0430e,u-64d088cc22d6,p-4781eba0fded,v-de490274859b,ord-7088757ddfcd,7,2,66.32,2026-11-04 22:21:10,True
c-32602de134bf,s-33c2d3f6184a,u-67c9b5d4e5a0,p-c76e2eb74adb,v-947bb15be6b5,,L,1,97.88,2026-11-04 22:55:45,False
c-9d20d8258daa,s-c9a854bc2330,u-d74febe8ebc1,p-7bf78f1c8b4a,v-28b16008cf51,,S,1,50.21,2026-11-04 23:22:12,False
c-6bd110a5dc32,s-76f924cdfe5a,u-1832f90e4845,p-d04315cf4d71,v-68149e443dd5,,S,1,70.35,2026-11-04 23:32:03,False
c-5fb3d8c04f52,s-d1f97176a552,u-7d78a80b37df,p-b8d161937168,v-17f23a35dafb,,S,1,83.09,2026-11-04 23:36:40,False
c-f2a5d6a99a62,s-66d1ae18a262,u-76f71b195a6c,p-07391dbb01f3,v-79ef2ffbcc09,ord-9a88b8baf832,7,1,72.58,2026-11-04 23:45:50,True
c-f814dad6754d,s-5ac98b6e4473,u-474fea5c9763,p-30f15b6b73b3,v-9131e41afd82,ord-e5419791b02a,S,1,78.52,2026-11-04 23:49:52,True
c-62b56efe8988,s-5ac98b6e4473,u-474fea5c9763,p-297d37c047d6,v-e810a1788dc4,ord-e5419791b02a,One Size,1,55.26,2026-11-04 23:52:01,True
c-35879ff193d6,s-3786cbf31bb0,u-58a212b80cc4,p-aea4e5743db3,v-f2d0c280be56,ord-82a9ffdb7006,XS,1,62.47,2026-11-05 00:11:09,True
c-e6c2d3e329cf,s-7d2b7646466c,u-0ebae7f0074a,p-2e053a9ef55c,v-5710b8ea0803,,One Size,1,38.95,2026-11-05 00:15:54,False
c-b8b5bc2dafcf,s-ed84075a2938,u-7c7f6aa809e5,p-f80920541012,v-4b87152798b8,,XXL,1,31.71,2026-11-05 00:26:46,False
c-f184fd7d25f8,s-f8cf11cbbee9,u-f20c2d39d117,p-0355fccdaa84,v-69478922664f,,M,1,72.21,2026-11-05 00:34:54,False
c-9ec20ad06976,s-ce6d63caa14b,u-2fc780822aa4,p-749e01e728ad,v-df2ef56f6812,,M,1,37.05,2026-11-05 00:43:51,False
c-a58fd11b493d,s-548496145fa8,u-9692b0ea9999,p-f51b383685a9,v-2ea440e793ce,,XL,1,39.6,2026-11-05 00:50:20,False
c-27d7bd07d996,s-eeca64547f9b,u-7cf546e798ac,p-434a1c832a8a,v-5798b0a05894,,8,1,53.05,2026-11-05 00:50:41,False
c-dcf330af115a,s-ef1667885a24,u-10bd4d8d3749,p-9cfb390e3093,v-ebfadefc0cad,,XXL,1,85.28,2026-11-05 01:44:41,False
c-07d4956f2089,s-cef9ac9b2238,u-bb7d9c7d8f62,p-28d63bfb0cb0,v-05529f4728d2,,M,1,34.49,2026-11-05 01:46:41,False
c-97752e45b4f2,s-66ea139933d0,u-5a11719810d6,p-70315f2c0057,v-997fec67a401,ord-fc5f5b8c259a,S,1,42.67,2026-11-05 01:48:39,True
c-f3d8da735a4f,s-7bbbc3260714,u-e0378c4725d1,p-d7a95dcae9d7,v-a1a7876764f2,ord-7572c3209039,XL,1,25.46,2026-11-05 01:51:26,True
c-34405d0f97fc,s-7bbbc3260714,u-e0378c4725d1,p-0da850cf3166,v-4dfc43114ebf,ord-7572c3209039,10,2,57.04,2026-11-05 01:54:40,True
c-974cf0f3706a,s-5f6eacc4173e,u-2819d73b4df4,p-916dad6ca62b,v-98b4294795a8,ord-4d85bd2d3a6a,10,1,91.61,2026-11-05 02:00:17,True
c-8b2164521d09,s-5f6eacc4173e,u-2819d73b4df4,p-6fc7b487cc2a,v-725cd49e67d4,ord-4d85bd2d3a6a,M,1,59.63,2026-11-05 02:00:41,True
c-3a1f7da7baec,s-2094622cd58f,u-1590a937fbad,p-adce4fd2f289,v-3a73470d8bfb,,XL,1,80.68,2026-11-05 02:13:10,False
c-ae04d19208b5,s-0d707bf3d3a1,u-fb5b0330e20d,p-81385bda2299,v-8568d32dd376,,XL,1,69.8,2026-11-05 02:18:08,False
c-8e9adf2104ca,s-80ee2aa96cd5,u-908975d1f7f8,p-a5a2486fd335,v-40316c51a790,,One Size,1,32.39,2026-11-05 02:22:11,False
c-08349f3af849,s-2c54b60a45e8,u-b5e221b770e2,p-d7a95dcae9d7,v-0b72a777cd9e,ord-26a3f3a844b0,L,1,25.46,2026-11-05 02:29:43,True
c-bd511cb8a57c,s-2c54b60a45e8,u-b5e221b770e2,p-343c19e76099,v-7f6bee43ab14,ord-26a3f3a844b0,XL,1,44.55,2026-11-05 02:30:09,True
c-5f77ad84d96c,s-f8cfa54a37fe,u-ac1393a33f7a,p-328a7ed908d9,v-0978e191fd54,ord-18d8904a1e7a,XXL,1,39.22,2026-11-05 02:40:57,True
c-acb1437af891,s-0ba0d6d188f8,u-c22d9e0584f9,p-ec1c62770498,v-a37d87f13d11,,L,1,43.27,2026-11-05 03:03:37,False
c-4b24e679b063,s-c58f044efe44,u-1fcdd0eaa5a3,p-750f83e553ba,v-5a68ae41da7a,,XL,1,53.05,2026-11-05 03:06:33,False
c-8c70a0fd61a1,s-ae82761a1905,u-f226bab87183,p-d1c671538589,v-dc3e32ecb779,ord-affc49979d6f,M,1,29.85,2026-11-05 03:12:32,True
c-0d1bb69c1f28,s-ae82761a1905,u-f226bab87183,p-88bf4e6ca775,v-c066e2ce9c27,ord-affc49979d6f,XL,2,72.27,2026-11-05 03:14:42,True
c-4e85f9788997,s-3532197b3716,u-6111f86f10c6,p-3ab4f6a8dc27,v-535e74d70080,,XL,1,64.54,2026-11-05 03:30:02,False
c-6ea03888e369,s-2fbc6d9ce1e0,u-d48a489f6ded,p-3860bc61074f,v-674e91f4f952,,XXL,1,32.14,2026-11-05 03:36:16,False
c-377e4e9eaf49,s-2fbc6d9ce1e0,u-d48a489f6ded,p-5d690f7a8ca4,v-47225299e778,,XXL,1,58.94,2026-11-05 03:36:56,False
c-062e60c7e31d,s-bafcc0716f4e,u-904270dc5202,p-9789e192ff3b,v-9bfbec4cfbb9,,M,2,23.52,2026-11-05 03:48:33,False
c-6b061602ac82,s-e4674a32d4b0,u-6746cd36fa1d,p-093f884982a5,v-3df57c12db3a,ord-618366bd7f0b,XL,1,40.39,2026-11-05 03:56:27,True
c-9090e830c31d,s-94e4ab455a77,u-4c899c869969,p-3b3399d61104,v-8822060a8408,,XS,1,71.29,2026-11-05 04:03:53,False
c-f24c73824fba,s-13f7f425b2fd,u-14bc76f8c597,p-27785fcb8ce9,v-44fdfcac7b60,ord-db001ebcf59d,S,1,53.72,2026-11-05 04:07:14,True
c-77a01c85036c,s-95fa5cb40078,u-548d7a3f5aaa,p-e1a5676dc6ed,v-e43386f3837a,,S,1,101.57,2026-11-05 04:11:20,False
c-5e97ffeba270,s-7295c50a49d6,u-856bcdf28bad,p-266a89b94259,v-cff325bfbf92,,XXL,2,69.31,2026-11-05 04:31:04,False
c-8437e9f77b11,s-2377ea747743,u-7d934fc7abaf,p-a3ead920dd06,v-d6134b958ffd,ord-2d1d33abbf03,6,1,81.11,2026-11-05 04:35:30,True
c-a4af0a392c8d,s-7644bb58cfa9,u-bf561534b08f,p-37bfb063098f,v-b40c94dba5e2,,XS,1,49.84,2026-11-05 04:45:46,False
c-46e6543a32ce,s-a6b0d34c1baa,u-10e3bcf98593,p-16a49cf4c880,v-a953bb7a8dc2,ord-277372730143,One Size,1,27.34,2026-11-05 04:58:38,True
c-3dd97b73cd3e,s-70cfa90fb984,u-039b4902a325,p-a3a36d3830e9,v-9bb13488e060,ord-9e1a14c93bf9,XS,1,54.32,2026-11-05 04:58:42,True
c-7d6584660962,s-70cfa90fb984,u-039b4902a325,p-567b30ed15bb,v-b754d1a7abca,ord-9e1a14c93bf9,XS,1,51.29,2026-11-05 05:02:53,True
c-0497c6617957,s-e0ec16d28827,u-4859edd96c37,p-ec1c62770498,v-cdde5e9f14eb,,S,1,43.27,2026-11-05 05:27:32,False
c-eeee1516e325,s-05b5835e094d,u-01bd9a74d364,p-f2317762da57,v-7bf90559f58b,ord-e173679e2df5,M,1,72.97,2026-11-05 05:40:42,True
c-0e9931beb8b9,s-b6faaf75a2f5,u-bc8c9434fa62,p-4cf131b5a7f9,v-aa98c25b69ac,ord-e26b58cd2d7a,L,1,44.74,2026-11-05 05:46:13,True
c-b9a3b261eb38,s-c5dd7a29a2fd,u-9237e8171f03,p-41bad0829174,v-8cefc167e877,,S,1,64.47,2026-11-05 06:10:14,False
c-47c3bc41cd3a,s-b595e80740c9,u-1a2e47db84a8,p-84a0960d0c21,v-ca0aa6e757cb,,S,1,45.35,2026-11-05 06:25:29,False
c-bad25c87cf5f,s-27d3d75c1fb7,u-5bfbf0653a5d,p-b73323f92956,v-529ae499ce99,ord-68e8664a92d9,M,1,58.1,2026-11-05 06:27:52,True
c-aab45d55857b,s-ae053bad853a,u-601a699400aa,p-5665c5c20bfd,v-574755cc4841,ord-b82df66acc00,One Size,1,46.71,2026-11-05 06:45:44,True
c-2a16d28bd7c1,s-7bf8d8c1759d,u-f0c0e850b7fa,p-ee91cc692e57,v-2187231a2f36,,S,1,46.92,2026-11-05 06:57:04,False
c-2755f45dc1a9,s-9dedc85b175d,u-7dea80f54837,p-c158b642b912,v-11c59561a69b,,7,1,65.05,2026-11-05 06:58:21,False
c-97e8c1334c08,s-29c209bd067a,u-b14f6205b773,p-57fd048d27b3,v-0dfdc203d138,ord-d94ccafd2b54,XXL,2,26.82,2026-11-05 07:01:05,True
c-5fce4f48b630,s-f3d40aee496f,u-d13e28e36974,p-a69300b85fa7,v-4359cbde11db,,M,1,53.33,2026-11-05 07:08:01,False
c-edcc0b4e5bcb,s-7bb6e069856c,u-9fecc6c438c3,p-b16f3ad8ad7d,v-ddfeef172e96,,One Size,1,10.97,2026-11-05 07:45:28,False
c-093e2ce23439,s-88e81120db16,u-41c0881a6139,p-9eb4e749889d,v-f232d24e1893,ord-e87cdef2daa6,M,1,71.25,2026-11-05 07:48:49,True
c-1f6259ab6ef8,s-88e81120db16,u-41c0881a6139,p-c268f3dd934a,v-3fe6cae6baef,ord-e87cdef2daa6,9,1,48.22,2026-11-05 07:48:59,True
c-9f9eeb639140,s-83f6d800cb46,u-ec3892ad8cc4,p-200ac9021b08,v-1e7aded89ee3,,M,1,33.98,2026-11-05 07:51:19,False
c-471bdd395d71,s-4df442edb06f,u-fc5e4b6fad57,p-665832971df3,v-3716e635b762,,10,1,86.53,2026-11-05 07:53:17,False
c-ed13dcff7faf,s-2d0ec327af8e,u-46c9114de95b,p-c482a4bd377f,v-2ecce8657a0b,,One Size,1,94.47,2026-11-05 08:01:39,False
c-4f36cd9a6e0b,s-2d0ec327af8e,u-46c9114de95b,p-f090c95f3446,v-6e94bc24a020,,XL,1,23.57,2026-11-05 08:02:56,False
c-6084cbbdc502,s-2d0ec327af8e,u-46c9114de95b,p-fd6f2a3c2e45,v-2fdab542ddcd,,One Size,1,39.1,2026-11-05 08:03:06,False
c-c2beffe19ee5,s-fb40b7f7854e,u-6c659d47ba42,p-420db3363786,v-846e93aa1efa,,S,2,14.84,2026-11-05 08:09:28,False
c-4f7aaca8c8d5,s-1bcc2390e4c6,u-ad22ef2dd6df,p-4a5e11d02bd3,v-af3a8b94ffd2,,XXL,1,60.5,2026-11-05 08:19:58,False
c-418c2bbc496c,s-f5d89c0a996c,u-11f8929c807e,p-374cc355e453,v-469aeb5de815,,S,1,33.18,2026-11-05 08:21:03,False
c-5e9e9a2ca35a,s-4f1df006455f,u-5298efaf84d8,p-386a1aa3048c,v-bd3debd4b376,,S,1,44.42,2026-11-05 08:28:31,False
c-329c59b637a5,s-aed7187035f7,u-b00e847dca91,p-63c6fd02965d,v-62b8615a469d,,S,1,78.4,2026-11-05 08:32:18,False
c-5e1df5ec45ea,s-ee652e915042,u-fb5b0330e20d,p-1e5a4f01d985,v-25d16b86ac88,ord-05cb05ad3b3a,One Size,1,61.91,2026-11-05 08:33:24,True
c-055c1157dcbe,s-3d218dcefd40,u-8f5c405762dc,p-90bd6cc44bb6,v-c2b7beace729,,11,1,73.21,2026-11-05 08:34:54,False
c-1b7011f9af54,s-1ddd170e9f56,u-3dccd7836e21,p-fdd9ffa5dbe3,v-a0d2e72ac624,,10,1,38.46,2026-11-05 08:45:19,False
c-bcd1db27b00f,s-62ac565868fb,u-bc55a0171211,p-adf9d571e891,v-6f4641b0ee8c,ord-f3b803b9679d,XL,1,68.99,2026-11-05 08:46:46,True
c-6d49a2606c03,s-1ddd170e9f56,u-3dccd7836e21,p-a47dc927d05f,v-ce7e183b21b1,,One Size,1,57.58,2026-11-05 08:47:59,False
c-561a599211f1,s-93f2d097d20e,u-445760f22359,p-47e4f7e870fb,v-85259a01d305,,One Size,1,89.69,2026-11-05 08:48:57,False
c-374be2d89ae7,s-b4c19fbd7cb5,u-aa5e390c14fb,p-46e5bb235246,v-cb40e78db3af,,One Size,1,68.25,2026-11-05 08:49:44,False
c-ff8a55595f25,s-93f2d097d20e,u-445760f22359,p-6560a8d6f88a,v-64258832d04a,,XL,2,27.35,2026-11-05 08:52:54,False
c-33f6d0d7d867,s-37cc501e7372,u-2c8ccf71caa7,p-e25b3f134109,v-ef81f426a354,,10,1,74.66,2026-11-05 08:55:39,False
c-f95956b40c13,s-bc76d7d067ea,u-b1de69364ea6,p-7bc4d08cf7ec,v-408a065aeddb,,9,1,78.93,2026-11-05 09:08:49,False
c-25fd4dda133f,s-321c5c292586,u-82ac607e40b3,p-9eb4e749889d,v-143e1795c77b,,M,1,71.25,2026-11-05 09:23:51,False
c-de46ce2fed3f,s-19f01470cedc,u-234e7688353c,p-e9068ecfb826,v-febb66385b5f,,XXL,1,19.26,2026-11-05 09:41:57,False
c-c9d79aa8199a,s-19f01470cedc,u-234e7688353c,p-f4c5e6444f6f,v-3eea22dee25f,,XS,2,28.49,2026-11-05 09:43:06,False
c-a11f8547d2d9,s-e8cead018d17,u-31983712fd08,p-35302d8317b1,v-896284cf44b6,,7,1,73.5,2026-11-05 09:50:12,False
c-2505dae8f059,s-d0fa67916fc0,u-96b3eaf84851,p-d84bd4e8729f,v-fb694dd2f7a5,ord-6628c5b21f64,One Size,1,65.25,2026-11-05 09:58:07,True
c-093b94adc912,s-deda2594dd43,u-91e6daa58149,p-916dad6ca62b,v-d5f1ca8e7977,,10,1,91.61,2026-11-05 10:29:45,False
c-9793c82ddba1,s-6559015cbb83,u-d349d51fbac9,p-77002300bcd8,v-beb926daa2c9,,M,1,73.23,2026-11-05 10:30:49,False
c-06e212b031a6,s-a3eb6ab1aa86,u-0b73a9626414,p-d94dca8e0e6a,v-77608d31a960,ord-7ac52ab97762,XL,1,47.18,2026-11-05 10:30:49,True
c-d3d4eb51114d,s-5193c7c65f07,u-3ac6866d3dce,p-a1ab09beb7f9,v-2c57cacfb68d,,7,1,43.05,2026-11-05 10:43:14,False
c-e1bff3a82bf3,s-d4d08c20f45a,u-61ad0bb54b99,p-2af279c6b985,v-0b5010c1188b,,XXL,1,32.28,2026-11-05 10:50:33,False
c-44ce0e1d71b3,s-83f3f64c9de8,u-cd2464c74089,p-bd6863d05d16,v-f6b895db330e,ord-669398904332,S,1,52.18,2026-11-05 11:17:20,True
c-1586765791ab,s-83f3f64c9de8,u-cd2464c74089,p-1dfd396785bb,v-abbb6df823df,ord-669398904332,11,1,73.37,2026-11-05 11:18:20,True
c-79cd046d059c,s-7da3b24e61c6,u-23806f0195d6,p-31e917442efb,v-b31d3cee5b26,,L,1,63.82,2026-11-05 11:28:02,False
c-abd34fa28b1d,s-1067777d2b7a,u-07c2a0131130,p-e3db6ef151fb,v-571884937e67,ord-7617de57840c,XL,1,77.1,2026-11-05 11:47:03,True
c-859ac2b97484,s-ea2c1a1788c3,u-33c5857c259d,p-f92d27f00d3f,v-3ad9dd24c542,,XL,1,54.27,2026-11-05 11:52:13,False
c-c0799cf90e54,s-31710a01baf4,u-15b3063c38d6,p-bf9915c4ef4b,v-311352006140,ord-36099d0935e1,XS,1,44.63,2026-11-05 12:23:10,True
c-a117165ddb40,s-31710a01baf4,u-15b3063c38d6,p-c7fcb5d9d88e,v-88e6c06f5d0d,ord-36099d0935e1,10,1,67.46,2026-11-05 12:24:00,True
c-51ad8a74746c,s-d1ca0dba0972,u-34079f85278c,p-39fd7f2a7709,v-b9a9cd9ec0ea,ord-9a1957c7166f,XXL,1,31.22,2026-11-05 12:27:34,True
c-e457a42e6ccb,s-bf7556283dd2,u-70e2fbd214ef,p-150df58e3452,v-036e54631a1f,,M,2,24.92,2026-11-05 12:48:56,False
c-7c0209a77df0,s-c4fac16aee25,u-1726788b9cd5,p-5ad2007efeea,v-1df53dc71ebd,,M,1,24.22,2026-11-05 12:57:59,False
c-6d3d2bcf114c,s-2f2253efb847,u-5aa9f5019c44,p-72c9c1080cdf,v-07ec5bd12e13,ord-c14639c0b3a5,One Size,1,29.52,2026-11-05 13:00:11,True
c-9abcc352c179,s-9d5eb0a3d9f3,u-f8705556a860,p-9efe98b4bda5,v-4983743641bc,ord-6c394e7e7b66,XL,1,35.81,2026-11-05 13:00:29,True
c-b1b62fd8b4ee,s-ea6ad6baa30e,u-3267bd67ec2b,p-b2a3645e0b76,v-d631a71fed59,,XL,1,34.05,2026-11-05 13:06:21,False
c-620d2e8ecf62,s-3533947a11c8,u-b8e26d0fa476,p-30c803a19466,v-f36dbff47a0c,ord-f7dcc3322533,10,1,53.7,2026-11-05 13:20:38,True
c-165db0aa0bc0,s-336534ca3105,u-4fa5a9f42f88,p-4199a4fbd96e,v-0d4759f6a5ec,,XL,2,37.43,2026-11-05 13:21:45,False
c-5d5d7b453566,s-96233eab7cc7,u-ecb7a772181a,p-7acfcbbb64c6,v-b3f0dfd8ec1b,,L,1,69.95,2026-11-05 13:56:03,False
c-655358b44a5e,s-8deece9167d1,u-18f762a60e37,p-c93cf2ddec0c,v-256d5f369ad9,,L,1,81.92,2026-11-05 13:56:29,False
c-41b012cbc9f7,s-158369b664c6,u-b6c4084e67ea,p-d469a3b87ced,v-a419d697b251,,M,1,51.28,2026-11-05 13:57:32,False
c-fcab9549a487,s-158369b664c6,u-b6c4084e67ea,p-fe0b26353908,v-352d4da59313,,XL,1,22.25,2026-11-05 13:58:26,False
c-3537fb74eb16,s-5399b0a6d3e6,u-88f30c3b0a93,p-164d873d107d,v-080ed5fa03df,,S,1,61.62,2026-11-05 14:02:18,False
c-feb248b35446,s-4be0f78b58ce,u-64d6e7afcf3a,p-8493fde57fa9,v-b6428dbb36eb,ord-2678d9897acf,L,1,31.88,2026-11-05 14:05:37,True
c-6423595ce877,s-d9d9da235323,u-e2e0d32ea1a3,p-dd29b201ad93,v-ffe127d44b32,ord-2bcb4bb8f489,L,1,34.57,2026-11-05 14:28:37,True
c-b2a7500cddd5,s-b9e6f386b5fe,u-1304db568892,p-ddd2f5bb213c,v-9fa6f835c1e2,ord-e7baa5b4035b,XL,1,50.79,2026-11-05 14:29:40,True
c-e0c581ae4bbb,s-53b2d82baca3,u-bf4ed59ddd72,p-d4179c56eba7,v-e620411d5cd5,,S,1,29.33,2026-11-05 14:33:44,False
c-d051a35b4252,s-58a3da6bac2e,u-b028fdf04b38,p-434a1c832a8a,v-0f06af41f2f2,,11,1,53.05,2026-11-05 14:39:21,False
c-6ae45df790b6,s-1e1febe64596,u-04dd3acbc77b,p-70ea8249c551,v-346f91484281,,One Size,1,74.91,2026-11-05 14:41:07,False
c-38d9e0641f0e,s-81747ae06944,u-31d5c024a204,p-9789e192ff3b,v-66681a55d21f,,XL,1,23.52,2026-11-05 14:42:28,False
c-adcc88e8dd4f,s-23146e1149d8,u-ba6704d6aab7,p-8b349eeb10e0,v-8f07428d4e4a,,S,1,44.51,2026-11-05 14:44:41,False
c-bc87303e5132,s-bfd87f54bea5,u-055ce40f0533,p-5d4d3b7d2b44,v-5d014a04d427,,One Size,1,70.34,2026-11-05 14:51:23,False
c-b61557d09393,s-8b5c50bd3bd2,u-ff56ee02a434,p-81c9b9f1418b,v-4a1f86c82973,ord-e232d3a1ca77,XXL,1,88.01,2026-11-05 14:54:16,True
c-e97c10d771ab,s-925ae36153e0,u-0ece3e7cb589,p-d9c1704aa7ef,v-0b3a5f901482,,XXL,1,38.25,2026-11-05 15:21:16,False
c-d687debf5e3a,s-8ed2288693ec,u-674f4af9cc54,p-beeb8a0eb2b2,v-4aa67a9e7252,ord-235234294cad,XXL,2,33.67,2026-11-05 15:37:41,True
c-c3cca53673e2,s-c507f2e685f0,u-964058f371cd,p-55abfbffd739,v-aade211a818e,,L,1,28.34,2026-11-05 15:41:59,False
c-c9db6e45040a,s-c507f2e685f0,u-964058f371cd,p-0c14d5cb6bca,v-6b74834b3863,,9,1,52.96,2026-11-05 15:42:46,False
c-d1e432c820d8,s-41227a5ddd9a,u-f77c0ddfd2d6,p-a47dc927d05f,v-066be97694af,,One Size,2,57.58,2026-11-05 15:51:21,False
c-08598fdcdcfa,s-499638640b4a,u-0d317123ba5d,p-996d646ba63d,v-096035813dcc,ord-696f8451c061,S,1,28.82,2026-11-05 16:01:03,True
c-88fa9221809c,s-7fb1c0c796a1,u-b451fb69abf0,p-451d35ee28e3,v-9bb9f8e6ccd9,,XS,1,61.88,2026-11-05 16:16:31,False
c-103a43dd3923,s-e530c699d34f,u-7c8e126246c5,p-46c8448b2fd1,v-365c8c1232f7,ord-21f971ec18fd,M,1,62.46,2026-11-05 16:25:06,True
c-f48f17f3fe1a,s-97447ba32a93,u-29b10effc99d,p-46408a46f14e,v-c1af6909b97c,,L,1,59.96,2026-11-05 16:52:03,False
c-6c6966fe2478,s-97447ba32a93,u-29b10effc99d,p-58ea83f7cb9e,v-3acade110d68,,XL,1,54.19,2026-11-05 16:54:00,False
c-f37457074c38,s-bf4857efbd70,u-92377e9fec2d,p-9cfb390e3093,v-40c2103a2af3,ord-f74d87de35de,L,1,85.28,2026-11-05 16:54:52,True
c-56c92fde5310,s-73baca590116,u-2830eace1d52,p-4e1b3dd6a395,v-3f0a392d35dd,,M,1,27.39,2026-11-05 16:56:28,False
c-905d1a9eb4f0,s-bd7cefcea2a0,u-a93ec861d0b1,p-a6597e09b731,v-ed3761f0f402,,M,1,48.31,2026-11-05 16:59:31,False
c-62fb5b7c7507,s-0ebd412d4cd2,u-db23e5531b5a,p-c84f91ab2f53,v-15d9703bbc38,,M,1,53.72,2026-11-05 17:11:40,False
c-a58b3462e15c,s-c475a7ff3337,u-bd66bd180664,p-0e2dde105bc4,v-9d5d3fa12c2a,ord-e343ad717c83,6,2,83.34,2026-11-05 17:16:50,True
c-0673fb26657e,s-828ae3962048,u-05c0711def07,p-56d24bba0a73,v-4e72177f1796,,S,1,112.91,2026-11-05 17:27:15,False
c-131afb4ed4b4,s-413bdcd95e53,u-457f46c92242,p-a09781a1c7da,v-bcf9637fb4fb,ord-a65a87a5e857,L,1,48.82,2026-11-05 17:31:52,True
c-1087981c726b,s-250f0e8a8254,u-5e1fe1083724,p-4f0489133aae,v-b718bf7ca002,,M,1,46.35,2026-11-05 17:38:59,False
c-bdd3d01a06a9,s-350331d55171,u-5e3bdad34384,p-297d37c047d6,v-7f6c8935cb94,ord-0b194beeccff,One Size,1,55.26,2026-11-05 17:43:03,True
c-0f743a818f89,s-5a516eb6e893,u-d4e5efdd2ace,p-7413840e8b15,v-493029d92ba7,ord-33319653145e,XS,2,35.38,2026-11-05 18:08:35,True
c-a1603edc6688,s-45958792db3b,u-3fac3695767a,p-98ce1e0345a2,v-879df7348652,ord-a4ca2e760381,XS,1,55.64,2026-11-05 18:17:38,True
c-09716a9b1053,s-45958792db3b,u-3fac3695767a,p-3c093e1e2d52,v-76ff3cd09416,ord-a4ca2e760381,M,1,76.72,2026-11-05 18:18:28,True
c-eb0f9dd81598,s-2b558dead83f,u-8c6a8d0c13f6,p-fdc433c8f9e0,v-7a0c2597bb24,ord-3ad4b6a70f1d,L,1,45.92,2026-11-05 18:29:16,True
c-9ce4dab297a9,s-53864e876fed,u-47ec126add44,p-5a5a370942c3,v-9baabc95033b,ord-7413e7596ef4,XL,1,33.84,2026-11-05 18:31:29,True
c-15efc32bc44a,s-5eea48c9e299,u-de4082318f7b,p-57fd048d27b3,v-59117aede535,ord-2bce9da7ace5,L,1,26.82,2026-11-05 18:32:40,True
c-e996b70003cd,s-ff3391b7687d,u-8f5ac3fa1a22,p-02927b25cb41,v-30869184bccf,,L,1,56.55,2026-11-05 18:34:08,False
c-5a0bad3ac159,s-7e013a3a8bc2,u-f1c4300e3662,p-b9f259c3ba6e,v-6e7f1674cfce,ord-6b175f0f0e03,S,1,79.67,2026-11-05 18:40:12,True
c-302e04fed7ed,s-4b9fca74bd08,u-39d1419e37ee,p-3f74e7595220,v-9082bd515c7e,ord-9d7086316e02,S,1,50.83,2026-11-05 18:41:23,True
c-2cd2c36fafc8,s-7e013a3a8bc2,u-f1c4300e3662,p-c6cadc0a0d2b,v-05e55e839426,ord-6b175f0f0e03,XXL,1,69.42,2026-11-05 18:42:57,True
c-b4e3955430cf,s-299a81dc938f,u-1fe0d15f7abb,p-b2706ad84585,v-75bf28843000,,6,1,114.0,2026-11-05 18:44:01,False
c-f6c489f3247c,s-a8a11600abef,u-917704109324,p-805db5e2669e,v-529a101359fd,,S,1,88.26,2026-11-05 18:46:50,False
c-69fd0619c0cf,s-82ca40874296,u-1cdf5e799ccd,p-5fe776be577b,v-324a619ab83d,,7,1,75.95,2026-11-05 18:48:20,False
c-eb4d057b2e89,s-1e87226c2e46,u-26a3d3afc29d,p-0d50a8dc2077,v-802898999f79,,9,1,73.52,2026-11-05 18:55:50,False
c-5b5b222c0ff4,s-2267dc9be023,u-3e478fa029d5,p-f6883b6407a9,v-22cda52bafb1,,M,1,50.01,2026-11-05 19:05:48,False
c-74bd9418aa9e,s-0e5f7500ac33,u-5655e1c5d975,p-2af279c6b985,v-12167b55f97b,ord-739664fe3b0e,XL,1,32.28,2026-11-05 19:11:28,True
c-8c5a10ef6b18,s-fb74d1881ffb,u-479514e76dd9,p-d2fcc92c6722,v-ffd56c676ccd,,XXL,1,59.8,2026-11-05 19:18:50,False
c-0d7f431f5fe5,s-0e9ac4e656fe,u-2272c5dad030,p-d973be4b8648,v-eaf954aab876,,One Size,1,35.26,2026-11-05 19:18:58,False
c-ccc5b63b69e2,s-3672744cdefe,u-e12b308bcab8,p-6d052d0dd246,v-c8014c768874,ord-5b9cc45848b3,One Size,1,32.75,2026-11-05 19:28:28,True
c-d720e097f0ac,s-f4587f21efca,u-14f414aad7ab,p-f98e7488c417,v-de0264626d81,,XXL,1,47.09,2026-11-05 19:29:21,False
c-79f148c68801,s-38aa19808012,u-00588878ea49,p-6ee97d78826e,v-406aa1f98aab,,S,1,19.72,2026-11-05 19:34:32,False
c-f3e4fc778054,s-a5fdc927406c,u-a17ccff1dff0,p-366499dbb99d,v-1659e17785e2,ord-20ca5e394a64,XXL,1,50.42,2026-11-05 19:35:06,True
c-a7c14e224be2,s-923690fc7bd9,u-cc8b192ccb2e,p-70f485889dd0,v-de091f06a869,,8,1,49.51,2026-11-05 19:41:28,False
c-ef47d2f4ae3a,s-971321a4b8fc,u-87df9aa4c820,p-22bc2007008f,v-eca342959158,ord-5a811a126465,L,1,53.36,2026-11-05 19:44:02,True
c-11722f18603b,s-eeb842371e0e,u-74155822fa2b,p-5431631a088f,v-788b53acd68d,,M,1,45.77,2026-11-05 19:57:36,False
c-21302bbfdb5e,s-eeb842371e0e,u-74155822fa2b,p-8f45393df75d,v-219acdd133f5,,XL,1,76.37,2026-11-05 19:58:22,False
c-d325c8146400,s-2440c3f65743,u-5d3d429370cd,p-e0e09bfb3a13,v-aa12e4abbed9,,M,1,36.23,2026-11-05 20:05:00,False
c-a224c62c46d8,s-f23eb58c851f,u-ef126b068ae6,p-cfab23eacf23,v-24b0052f8f08,,XL,1,31.43,2026-11-05 20:08:31,False
c-d5af1a930a46,s-f23eb58c851f,u-ef126b068ae6,p-222755c29f62,v-b1c98ef7a68a,,XL,1,43.92,2026-11-05 20:11:14,False
c-798b366835e1,s-6e3b071856d7,u-843e1d85b0a3,p-6f9c939d4ff5,v-188bf0e92691,,One Size,1,23.04,2026-11-05 20:43:38,False
c-4c822b38ff94,s-f1e3ad68e1c3,u-89d0d80e0398,p-5ed70262384e,v-c1466ca3790a,ord-8656c72dce40,S,2,57.14,2026-11-05 21:03:04,True
c-e3055d9ad198,s-f1e3ad68e1c3,u-89d0d80e0398,p-d3cdead1b72e,v-3b0e046e0050,ord-8656c72dce40,One Size,1,52.62,2026-11-05 21:03:40,True
c-0d5c7a764b45,s-553358a5feb9,u-710f974139ed,p-9b0815db6310,v-6f77c7a78558,,L,1,36.06,2026-11-05 21:07:06,False
c-0662097925ce,s-ecab3aab21cb,u-d618630edb98,p-760bb7e89043,v-b715c8a2e161,,XL,1,42.05,2026-11-05 21:15:09,False
c-7091f78f103f,s-96c85f14c333,u-052d910e9d28,p-d422e80b330e,v-eeafc9a3e60f,,One Size,1,107.07,2026-11-05 21:15:26,False
c-a9155e9ed22a,s-f9839120283f,u-670f5faee5f2,p-e83847636e45,v-fe9b07d68408,ord-068b0a3b79ce,L,1,67.42,2026-11-05 21:16:56,True
c-25874975e764,s-ecab3aab21cb,u-d618630edb98,p-4ea1ddfb4e56,v-81e8fcfd9492,,One Size,2,79.52,2026-11-05 21:20:45,False
c-2164f8a6b994,s-3f27d67263a4,u-4dbcd8dad87e,p-e68be0178846,v-74f2b553457f,,M,1,24.06,2026-11-05 21:22:08,False
c-53b1a2415cf8,s-8fd34f503264,u-e7db982233ab,p-0b1b60d9b816,v-43b11fc2ec79,ord-124b1026d5c2,M,2,30.88,2026-11-05 21:22:16,True
c-48851f71d720,s-3f27d67263a4,u-4dbcd8dad87e,p-c55170669c89,v-eb67eca606f8,,11,1,114.7,2026-11-05 21:22:37,False
c-8dc4b64b8a9b,s-46a7016d03fa,u-dbed9b203535,p-87fca91976cb,v-355e45ea878a,,XL,1,59.11,2026-11-05 21:42:01,False
c-0a93796d8ec6,s-46a7016d03fa,u-dbed9b203535,p-18831a764f6b,v-f5845bba4308,,XS,1,47.66,2026-11-05 21:43:41,False
c-f744a0ea49eb,s-3f0428139762,u-40b0227907e5,p-71652fbd6d8a,v-826aa3172609,,XL,1,47.4,2026-11-05 21:55:28,False
c-c5c83fbdfe9a,s-a451dd0ecf2f,u-c3aedc0c4405,p-2f390b866a03,v-ed42aa564769,,XXL,1,40.38,2026-11-05 22:02:29,False
c-e4d03ca36d7d,s-ff3984062503,u-4aec4821714c,p-165c912688bd,v-808520cc07c8,,9,1,95.29,2026-11-05 22:06:25,False
c-8dc121ea910f,s-136f0f1e530b,u-a67f5870a73f,p-16115f0ed9ab,v-d37aa79ed81b,,S,1,63.21,2026-11-05 22:15:01,False
c-ad534a89e1bb,s-1047be40b16c,u-6e9908b44b9f,p-ec1c62770498,v-bbb643d16473,,XXL,1,43.27,2026-11-05 22:25:11,False
c-0b266e25871c,s-14857b9dcb53,u-65ce5c7944d5,p-0ec780797f59,v-f39db3cb0e4a,,M,1,53.36,2026-11-05 22:36:39,False
c-79f39fc90205,s-14857b9dcb53,u-65ce5c7944d5,p-1a676faf3352,v-dcd92fda4466,,XS,1,29.96,2026-11-05 22:36:45,False
c-89b52de020a1,s-51d110010d5c,u-7bc7c504f993,p-402523ed70c8,v-774aa6a91fa5,ord-3913e2ab79c2,9,1,57.18,2026-11-05 22:49:02,True
c-5252ad6320e0,s-5a2e8ed2f31d,u-8107fec1c4c1,p-aa7905749a7d,v-583b5864e0e9,,8,1,37.88,2026-11-05 22:52:34,False
c-24d1f354ae49,s-fe341678a9dd,u-13579accf8d6,p-b62a6a3681d3,v-6ea2075d856d,ord-cf3f7be09b3b,XL,1,51.8,2026-11-05 23:00:31,True
c-84baebd82142,s-bd3b1b1ff9cf,u-2199f229bfac,p-104e6911401a,v-4d8adee3e599,,XL,1,39.09,2026-11-05 23:12:01,False
c-d8f23a19ad44,s-fa0b14f2e8f5,u-b01b5fb66146,p-6daf00431a54,v-9ab6d0a4dc43,,S,1,61.1,2026-11-05 23:38:21,False
c-cdd6cbc07bd7,s-a7720532298e,u-d9b0befacdb0,p-e3bf8ed97d4c,v-50859e8497c4,ord-1461f70a1c08,XS,1,57.23,2026-11-05 23:44:11,True
c-3fda6bebb70f,s-073e9ab0bf7e,u-b64f2049616d,p-42805c44e2ab,v-52febb8debad,ord-7459219620b8,9,2,62.38,2026-11-05 23:45:09,True
c-b51f48c76709,s-b786beb7660c,u-eb515528684e,p-accad81e1851,v-3877981efd21,,M,1,39.3,2026-11-05 23:49:20,False
c-087068c5ef09,s-53308c19c48a,u-ed8be59de3ac,p-779514bead33,v-be5f7ec9995a,,XXL,1,26.51,2026-11-05 23:52:18,False
c-df3239d471f4,s-af144c51b30d,u-7e4cb9bbaf37,p-44bdd1dfe5ec,v-bb64cbe56276,ord-5cd8be2a6835,XXL,1,46.95,2026-11-06 00:28:41,True
c-7f8a2bd62b25,s-cf686f7465f2,u-01edd1159d36,p-0562bf94be61,v-3ed051668f34,ord-abbccf8d0146,XL,1,48.61,2026-11-06 00:30:32,True
c-1532a6ba7095,s-9fab58de61f0,u-c7e688233218,p-65c24eb6ad62,v-e560b54dc0b0,,One Size,1,60.87,2026-11-06 00:40:21,False
c-bb23205ea896,s-b77ae35cb1a7,u-3c516f114d66,p-fdd9ffa5dbe3,v-1b8450e38f5a,ord-e5722a7556d6,10,1,38.46,2026-11-06 00:41:07,True
c-13305a0d170b,s-c0eeec718b04,u-dc3b053d0c09,p-e87ed4fee08a,v-930faf5333bf,ord-26248a095f59,L,1,33.13,2026-11-06 00:41:43,True
c-9bd8821d6f73,s-d9be7094b99d,u-62cc8814f91f,p-b51be3a1c974,v-62dcc5a53dc3,ord-c24607ef0a28,XXL,2,36.89,2026-11-06 01:11:13,True
c-d10eb09607b2,s-983cea0096d0,u-ad651709cd44,p-be87f16ce5da,v-7b99f616a623,,9,1,70.84,2026-11-06 01:13:54,False
c-e40a69569a6b,s-983cea0096d0,u-ad651709cd44,p-c3b1ef17c41a,v-ee5078848501,,XL,1,42.32,2026-11-06 01:14:12,False
c-e774534fff0b,s-983cea0096d0,u-ad651709cd44,p-32cd89d5f78b,v-c06d666fdfc4,,9,1,81.11,2026-11-06 01:14:40,False
c-1c3ad724e2c9,s-fbbb5edd4732,u-ab91d4ba7247,p-3157e9d01d18,v-7dd869df5671,,M,1,42.64,2026-11-06 01:19:22,False
c-2bdf67ae15a4,s-fbbb5edd4732,u-ab91d4ba7247,p-2ffbba960a7a,v-0d61ca985455,,XL,1,65.24,2026-11-06 01:21:26,False
c-ff0cf117b478,s-90c4e8be2fb0,u-693083093867,p-9ebbe0b19e30,v-e30a2e32329b,ord-bc7540648a1e,XL,1,72.27,2026-11-06 01:26:56,True
c-49cf4d42ce0c,s-947889b2d5af,u-451fc399c7c3,p-d6fc17a95278,v-3ef12a14c285,,XL,1,66.87,2026-11-06 01:32:59,False
c-9d4fe589cb0b,s-a251bc3c5e7c,u-61576da249be,p-d82c452cf314,v-26d8f2c248b2,,XL,1,65.12,2026-11-06 01:40:42,False
c-1099178f36b0,s-9d4b8f50ba19,u-de2dbb8c3325,p-23034c55c202,v-2242fd490b5d,,XXL,1,57.38,2026-11-06 02:20:48,False
c-6d7a999d22b4,s-9d4b8f50ba19,u-de2dbb8c3325,p-b42d64d55d62,v-c9348d43305d,,10,1,50.86,2026-11-06 02:21:20,False
c-1a3664d880b1,s-2d4857e596dd,u-976d13d3141d,p-6560a8d6f88a,v-0fed2b9dab72,,XS,1,27.35,2026-11-06 02:38:50,False
c-ef7fc0e0ecec,s-3020889757d1,u-845bd1d56413,p-f2317762da57,v-aeac16039ea8,,XS,1,72.97,2026-11-06 02:39:37,False
c-728c4a7dad61,s-444e0c924201,u-ca837ce83e5d,p-c3b1ef17c41a,v-6f80c648861b,,L,1,42.32,2026-11-06 02:57:55,False
c-2d17bf00664f,s-223ebb1f4618,u-6447eb644996,p-0df148d5c5bf,v-9beae1e216e8,,XXL,2,57.71,2026-11-06 03:11:15,False
c-b6445992681c,s-8c9c06aed6cc,u-19bcc8134bfe,p-d8a811d4db82,v-16eb2ae73898,ord-26f6a3b5af29,One Size,1,42.27,2026-11-06 03:11:31,True
c-2228e3304ee3,s-ec706f689b69,u-a0c15281e8c6,p-c2b998a27ec0,v-96fc60e2fa62,ord-d36fa7b9d756,7,1,73.05,2026-11-06 03:22:53,True
c-93b8e5c0808d,s-fa887c727c80,u-6c44cf6ad160,p-e7cc73592ec8,v-3ce8980300af,ord-336c5ebe6139,XL,1,74.41,2026-11-06 03:26:13,True
c-3a9c35166e2b,s-fa887c727c80,u-6c44cf6ad160,p-d54ffe6701c5,v-0846ff2ef842,ord-336c5ebe6139,L,1,76.9,2026-11-06 03:27:36,True
c-45b00c5af6cb,s-47444ca7cf18,u-fa6fa6e0922f,p-f04a689fac6a,v-56db05342482,,L,1,76.53,2026-11-06 03:42:46,False
c-d34255d9caf7,s-350627cc57f3,u-9157928c1c4e,p-62b0f40a6ebe,v-9178fc22aaf4,,M,1,41.99,2026-11-06 03:43:05,False
c-01081b58a27b,s-2fc6081e70bb,u-08e82deeaea8,p-87949fab40de,v-6ef85b26e293,ord-f48517df2619,L,1,44.21,2026-11-06 03:47:55,True
c-1a30ddc61e5c,s-cfc563d8774a,u-22f47c3c1a60,p-31cc2c2616e2,v-1c91ee35d134,,11,1,116.53,2026-11-06 03:51:58,False
c-113b3ec8533f,s-8de068934b6a,u-e1fbc978322d,p-2deafd977bb7,v-e2ed7aa9d3e9,,XS,1,50.54,2026-11-06 03:55:44,False
c-67a2f884d932,s-12c89a9225d2,u-2e096fce8f9b,p-89f133d79724,v-c280b5c5e868,,L,1,43.34,2026-11-06 03:56:57,False
c-beb11234ac1a,s-ed35e579ac3e,u-72312cc4ab34,p-ce76d8da664d,v-5ea72ba48c09,,S,1,37.56,2026-11-06 04:24:32,False
c-da1256017654,s-e320f33686b2,u-5e958bbea6ec,p-4766df4614eb,v-28c5ae4dfdf2,ord-53ae6f1a14c9,8,1,68.25,2026-11-06 04:46:06,True
c-594884070bc7,s-36fe6ce3d439,u-3bb160fda46f,p-24eb929e6b54,v-982433ce75f8,,L,1,46.64,2026-11-06 04:51:18,False
c-ba59cd4d5ac2,s-8588182655b6,u-a05f3334eabd,p-8cfe65ec97f7,v-dd98c4bdcecc,,XL,1,91.92,2026-11-06 05:09:19,False
c-00577c8b7a60,s-a8677b060625,u-f77da7903ceb,p-77931ac35e65,v-5889157d4d96,ord-9edbafc1a39b,M,1,54.21,2026-11-06 05:12:14,True
c-549cc375e7e2,s-9543b74e8332,u-45bb34345d17,p-77002300bcd8,v-008eedd0ac41,,L,1,73.23,2026-11-06 05:44:37,False
c-95f42c17c621,s-258ba808c252,u-a90d839d7ec7,p-31720c9ca1de,v-bfeee4485cae,ord-a1ce79e91e3e,XXL,1,69.29,2026-11-06 05:50:47,True
c-6013176315c3,s-a5763fe541bf,u-d9d88543752a,p-b584ef4da333,v-03202f6cbccd,,M,1,74.45,2026-11-06 06:04:00,False
c-5663f84f4e38,s-44e07ec7ac08,u-fb2cfe24a0c8,p-230f80de8bbf,v-101a1b20ea2f,ord-eaa9ab1a3949,6,1,82.48,2026-11-06 06:05:25,True
c-718859a7f30d,s-c19d293a29cf,u-80a6e345ce71,p-27785fcb8ce9,v-f34cc0288252,,XXL,1,53.72,2026-11-06 06:05:42,False
c-747daba50047,s-a67cb1f46aeb,u-a2605d328838,p-3ffd65bc9d95,v-601275502adc,ord-2aa6d075de1c,11,1,126.82,2026-11-06 06:16:47,True
c-3a9c2aa676f0,s-740c3aa37423,u-f773a26a1d72,p-cbeb4644a5d2,v-689dd585d328,,M,1,32.87,2026-11-06 06:21:24,False
c-48391fb32b99,s-41882ee1cd60,u-432a50d56f18,p-0aa09e624676,v-46c8c3657334,ord-4eeacddccc7d,XXL,1,56.32,2026-11-06 06:26:23,True
c-e0e37aa5d459,s-e4db92f004f5,u-26049138588a,p-d45ed8f9f29c,v-6b26dc457adb,ord-4a6b3bd6d949,XL,1,94.2,2026-11-06 07:30:57,True
c-799b7eb2b848,s-19a045dac536,u-7536bf0b3c1b,p-a5b65e0497ac,v-ae2ccb6e2548,ord-b7c0f201d075,L,1,111.24,2026-11-06 07:36:40,True
c-d5ed3b9734d2,s-25ce020b33b7,u-e2cd0335fad0,p-1c3c50318000,v-910ae4ab4d01,ord-af07c765bcb5,XL,1,63.85,2026-11-06 07:37:54,True
c-a6256f1ce318,s-424d267930dd,u-1681f53d4a43,p-b9d2e5917fe0,v-1a687cef8808,,XL,1,48.02,2026-11-06 07:41:06,False
c-16b4d89f69ea,s-650804350cd8,u-d55aff2b37f0,p-e9068ecfb826,v-ed76fd801003,ord-878503bf6584,S,1,19.26,2026-11-06 08:09:37,True
c-ada2f3f030fe,s-534ce8c1a947,u-974373031152,p-0a73233a12ba,v-a99b1a0ad6fe,ord-ea65c760e9e1,XXL,1,51.25,2026-11-06 08:30:54,True
c-df9942868f45,s-6dec00f24215,u-c698284b1091,p-b8d161937168,v-edc25af85c63,,XL,1,83.09,2026-11-06 08:36:44,False
c-25fd15a7b6ca,s-ffacb5cfe4fe,u-9404f2468863,p-5dae71bab7b2,v-fa1075fd28df,,S,1,53.5,2026-11-06 08:50:51,False
c-6c393ba1d989,s-3d6bca39fe0d,u-391f07b7348a,p-b9f259c3ba6e,v-494915a0a4e7,,XS,1,79.67,2026-11-06 08:57:46,False
c-0bfccea84f2d,s-3d6bca39fe0d,u-391f07b7348a,p-e5896211a5f0,v-5c639ba4a441,,S,1,55.03,2026-11-06 08:58:51,False
c-6774a81c8a75,s-91bd41e39c1f,u-c90f9b90867c,p-15e0a3beb610,v-20afad3ed907,ord-693556f39d1f,M,1,33.91,2026-11-06 09:01:12,True
c-789c4f233bfc,s-65123efbcc25,u-ba70c244cce1,p-9b85fd2b893a,v-50db6b39f379,ord-36f38eaddbc3,L,1,101.01,2026-11-06 09:04:59,True
c-c6f6b6290e25,s-acc99fead979,u-dfb49ada630f,p-646999165be6,v-c92191474380,,XXL,1,53.51,2026-11-06 09:18:08,False
c-dcc2f1cca5f3,s-1138dbaf38bb,u-cbd7f3ede504,p-2f751aaef68d,v-b4babb9e3466,ord-ed3a4ae1be4c,M,1,83.98,2026-11-06 09:19:10,True
c-cfdd9eee9402,s-ba20da6cd20e,u-b5b0a98322df,p-bc9a17fc84aa,v-6d1b80c98ead,,M,1,43.45,2026-11-06 09:23:41,False
c-b6a14b18e941,s-8784d36028f7,u-22dea451d40a,p-eee69b917058,v-87d5e7120b86,ord-9fa355c05f61,M,1,51.39,2026-11-06 09:59:20,True
c-2423224d7e00,s-b64bd74c19a9,u-e0cf634552ae,p-5a946fe521ca,v-508fe8c55d7f,,S,1,76.69,2026-11-06 10:09:31,False
c-a8c64f558e82,s-6aa2da21d629,u-40370e246802,p-e051faaf68f3,v-95c7db904236,ord-ae3f385b2417,6,1,129.15,2026-11-06 10:30:08,True
c-5e668a8816b0,s-6aa2da21d629,u-40370e246802,p-13e48a6c2658,v-d5abab880699,ord-ae3f385b2417,XL,1,49.59,2026-11-06 10:31:47,True
c-d2093b0709ad,s-97b60d61d62f,u-540cadd7b11b,p-c1092302dd78,v-d8f9a12900e1,ord-462d10c4610a,One Size,1,86.05,2026-11-06 10:33:14,True
c-ddf786b35fa9,s-1b3a2dd2dfd0,u-d5c33cfc090d,p-d3243bad23f9,v-e6cc638409d2,ord-9c4bed21bdbe,S,1,70.15,2026-11-06 10:43:29,True
c-39856a1df578,s-633c7bea7e67,u-d6b2d45d536c,p-e7de8f101542,v-86529518dbdd,,One Size,1,19.39,2026-11-06 10:58:21,False
c-07b7b8262644,s-3a322c07c35d,u-f86947d4315d,p-13e48a6c2658,v-362907d09794,ord-03576e5200fd,XS,1,49.59,2026-11-06 11:02:08,True
c-7e66864414d1,s-b342fae25b32,u-89708f6ae283,p-c6ce6ab36cbf,v-90a0390c2715,,XL,1,48.93,2026-11-06 11:03:41,False
c-3de44889df48,s-b342fae25b32,u-89708f6ae283,p-d49c442eb9eb,v-4988a846f127,,XS,1,47.65,2026-11-06 11:04:00,False
c-8247db43bdbc,s-e4fed9e46cc7,u-3b3007b53325,p-68d1a9e39caf,v-df2548a6ef8f,,XS,1,60.14,2026-11-06 11:18:41,False
c-561d607496f0,s-fbf3264106dd,u-0bb2e703fc81,p-b9a3998cf0ca,v-bc58b450925a,,XXL,1,30.07,2026-11-06 11:18:42,False
c-fd5877d9bd20,s-6431dee2c103,u-761f9125e80d,p-c900d70e4047,v-56ff8e05b36f,ord-a21d0ce60db0,L,1,80.29,2026-11-06 11:21:47,True
c-6db3b2860223,s-cbe2a99c3417,u-d49144ff185c,p-5c83a811708b,v-ef25603f9f30,ord-12ec10eec2b1,8,1,103.61,2026-11-06 11:22:31,True
c-1e7c10d6e7be,s-69c150c1ec1d,u-dcb55f6f9aff,p-8e50d7ba5214,v-4bfcee430336,,M,1,32.4,2026-11-06 11:32:57,False
c-caeb23c32208,s-ba7b4604a007,u-7b99f11bceea,p-27785fcb8ce9,v-a51ab69d2e8d,ord-66098ff7783b,XXL,1,53.72,2026-11-06 11:37:09,True
c-a218108b0ea6,s-267e48565dd0,u-7974588aad6a,p-a7a5ab90083a,v-2029072a243c,,One Size,1,25.08,2026-11-06 11:52:39,False
c-ac2507903e73,s-267e48565dd0,u-7974588aad6a,p-f5dc3be5b6a6,v-8c98ff544733,,XL,1,34.23,2026-11-06 11:53:58,False
c-0383e45843a8,s-2127bf2e2a3c,u-9e65ef05e63e,p-1d5b71f5e779,v-6076f4cb41c3,ord-e8079147aef6,One Size,1,48.77,2026-11-06 12:16:11,True
c-c82fbb101386,s-7aa87fd8c1a3,u-754837d2d980,p-0dd7e833ed25,v-1bab6b2e0966,,One Size,1,106.53,2026-11-06 12:17:53,False
c-5529f2933bad,s-6d10ffb64a1c,u-72622baf67e7,p-033cd649d948,v-389653507bc4,,XL,1,28.14,2026-11-06 12:21:33,False
c-4ca2ab20efc7,s-6d10ffb64a1c,u-72622baf67e7,p-dbc3e031de55,v-21767741ff49,,One Size,1,85.58,2026-11-06 12:22:29,False
c-8ad6045effcf,s-a796034303aa,u-296a6964fa8c,p-879607558737,v-8e4588dc213a,ord-679a4bda60b0,XL,1,34.93,2026-11-06 12:30:35,True
c-b7e4b4753064,s-cd8bb417ebb9,u-71c7b0768f87,p-5bd75779ffa7,v-e49e1e0f14d8,ord-4acf8159c3aa,XS,1,55.25,2026-11-06 12:38:07,True
c-0f0c59d8591d,s-d931faedada8,u-21961bdbabba,p-cfab23eacf23,v-12c79567c8f1,,M,2,31.43,2026-11-06 12:49:48,False
c-9bc0d9f57191,s-3c31a9a78a72,u-baee498682b5,p-eb4c999b27e4,v-28fe45b775a2,,11,1,57.22,2026-11-06 12:56:49,False
c-2a6dfc31316c,s-4b73f7a5f16c,u-5139e0fa28cc,p-a8be86e6a602,v-1448c64b7d4f,,One Size,1,36.92,2026-11-06 13:18:55,False
c-f7435abe2f1d,s-377852c66321,u-abd366b9bb80,p-a8f3089d3592,v-39a8802025df,,M,1,50.62,2026-11-06 13:29:15,False
c-d0d1cedc4ce0,s-d75c4202297a,u-f50e9cad1ca1,p-e66bc83d3920,v-04e356974dea,,7,1,47.03,2026-11-06 13:52:23,False
c-125e993d84c8,s-b58ea7c68417,u-58089d1a7a12,p-667e7729e993,v-65f777aa3937,,M,1,84.91,2026-11-06 14:22:40,False
c-8b2e021313d5,s-6a596797d952,u-7a41cbf837ca,p-3e4e501a0c6e,v-96d04eae41c4,,L,1,38.6,2026-11-06 14:27:58,False
c-9f8f684b48f5,s-f6beedbd2aa5,u-2e44e89fba74,p-dad82f0e4b87,v-4d3071b44689,,S,1,50.16,2026-11-06 14:30:47,False
c-676a4ac33e6b,s-f98cc43af08c,u-98b5db9bb931,p-0dbf9451d1d1,v-27cd48d5aa4f,,One Size,1,83.05,2026-11-06 14:41:24,False
c-08c724342f43,s-7ab2e0b2ba8d,u-b466e37031c5,p-d2f8271d7733,v-4e5e51b9c6ff,ord-f8a0895b21cd,S,1,52.56,2026-11-06 14:49:53,True
c-f37a0c980ac8,s-40152745b6fd,u-b464510add1f,p-d44a4e10ca43,v-9f9b683ea3bb,,M,1,35.45,2026-11-06 15:05:52,False
c-79d2b1463fa1,s-f6e310456a0b,u-c37ce1226b4f,p-d8a811d4db82,v-e495306d4746,,One Size,1,42.27,2026-11-06 15:15:07,False
c-dec13be55dff,s-f94dd895ed12,u-9f3546a03718,p-48da289a0d6d,v-d7d84241b898,,XL,1,48.62,2026-11-06 15:24:06,False
c-7284a41a3c8f,s-c5660238af2a,u-fe4a80e74405,p-35302d8317b1,v-235a3547a08e,ord-75c0221dc099,10,1,73.5,2026-11-06 15:39:59,True
c-e4753179bb0c,s-b80108fe04ac,u-ce2040565188,p-195b9cb9d02b,v-724997f0ab0c,,XXL,1,20.5,2026-11-06 15:48:45,False
c-fde0a2729bf8,s-5fef14709acc,u-492af6aab8cd,p-3dce55a40c71,v-424ee9d44642,ord-edb76c8f3c6b,S,1,50.25,2026-11-06 16:08:10,True
c-19dbb7ee82dc,s-140c17a1eedf,u-49bd65cb5254,p-dedf3979e43c,v-e378bec7be3e,ord-0ef7ff4a67e8,10,1,104.21,2026-11-06 16:09:41,True
c-02d4c3bbac74,s-424106a04065,u-87603d97748e,p-91054fb9cc27,v-316d6ff27990,,L,1,61.69,2026-11-06 16:22:00,False
c-db696f19c59d,s-4494e2226f44,u-8d9f29719281,p-4e60bf84efc8,v-235b21410f01,,6,1,48.33,2026-11-06 16:25:24,False
c-de4ffd2bac62,s-55fca5c9c1ca,u-621949b29248,p-a8f3089d3592,v-9c448e2ec0e3,,S,1,50.62,2026-11-06 16:30:00,False
c-35de4caad012,s-a0c7f4a5be98,u-f47e2d3f93e3,p-e5d7335642b6,v-0a4f23f8efc9,,M,1,53.31,2026-11-06 16:31:02,False
c-f9b484b62197,s-f70de4a392de,u-2bb9107b471d,p-0390992dfbcc,v-2443d548f91a,,XL,1,37.45,2026-11-06 16:36:37,False
c-be23f83ff593,s-ae293ad3afb5,u-8b7421d2f86c,p-0e75db11ed53,v-05228a6e6b3e,,L,1,64.35,2026-11-06 16:44:32,False
c-5881f31dd000,s-b1ad012eb581,u-435717495383,p-e862c1b120d9,v-52fe59339add,ord-821be95fff39,10,1,46.01,2026-11-06 16:56:38,True
c-fcda48d9c45c,s-02b047ba36b6,u-4bd784834223,p-6be092c61912,v-ee8a4d9ba73e,ord-37173be15700,10,1,75.87,2026-11-06 17:05:27,True
c-0021927df6ac,s-18278e05cf5f,u-4c95c032dab0,p-ea91bab49c9a,v-0831daf9c18a,,S,1,39.27,2026-11-06 17:08:01,False
c-153c6410de1d,s-18278e05cf5f,u-4c95c032dab0,p-8a2d5897afe3,v-a2e016616adc,,XS,1,71.52,2026-11-06 17:08:23,False
c-790baa6535f1,s-6f4e19137bf9,u-875a2a92fd10,p-e1e74cef3ff9,v-4a9b1f37db93,,XL,1,27.07,2026-11-06 17:28:38,False
c-4d2506286895,s-6f4e19137bf9,u-875a2a92fd10,p-5d4d3b7d2b44,v-06aaff65a771,,One Size,1,70.34,2026-11-06 17:29:08,False
c-c671460e8ccb,s-6f4e19137bf9,u-875a2a92fd10,p-6f9c939d4ff5,v-98d20fd9dae8,,One Size,2,23.04,2026-11-06 17:30:35,False
c-736cbaa6bbb1,s-35b8d7bff5d7,u-24d8d0a46372,p-31e917442efb,v-d47f351b6042,ord-cd9b1a82373b,XS,1,63.82,2026-11-06 18:01:13,True
c-339096d6494d,s-1f48ad12cf73,u-8c9744d2a2e5,p-2785fa997306,v-7152bbac7749,ord-9688e914e57b,6,1,56.12,2026-11-06 18:03:50,True
c-9b5462770da8,s-527ad878edcb,u-954ef15e4d38,p-7ae320e92375,v-23dcc3dec544,ord-056523c4fb7f,XL,1,53.18,2026-11-06 18:12:25,True
c-5499a3c3f7f2,s-492b8d23a390,u-25281df94554,p-516802f10540,v-eeac44825c9e,,XS,1,60.45,2026-11-06 18:16:26,False
c-28aad36f92dc,s-09c58e277d78,u-1380d0b95477,p-84dbfef707f7,v-1a680b2e6f33,,L,1,39.21,2026-11-06 18:21:33,False
c-d5125b2d9525,s-e723d92cb814,u-80048bbed36b,p-4766df4614eb,v-6f478eefe1f8,,8,1,68.25,2026-11-06 18:25:30,False
c-464149e55528,s-179bd9edc1d9,u-c09c6cdbdc18,p-2ab57e658014,v-746c386f17fe,ord-5a653886bd9a,L,1,43.4,2026-11-06 18:26:34,True
c-40ee3921c661,s-b358fc47ccf1,u-b167f8d81bde,p-4583e81668f0,v-f99266d50a47,ord-da57a53d00ef,XXL,1,74.9,2026-11-06 18:35:39,True
c-3843a2a984b2,s-b9dd289785c0,u-0196230f1379,p-fb40526cd3c7,v-2221b4ad9449,,L,1,86.75,2026-11-06 18:52:03,False
c-890c55a59b84,s-adde9dd7b6ec,u-d3b57e0f8277,p-a8946063d3c5,v-26597c43690e,,S,1,40.03,2026-11-06 19:00:18,False
c-fa2f7a4ff781,s-0229c7d8714b,u-e4768ee1c044,p-e2ddfc28b42e,v-689fb17ae733,ord-3c7af0ce1a64,XXL,2,61.99,2026-11-06 19:09:20,True
c-ca3c2efdf7f9,s-f347a0219fc3,u-2b0def0ad770,p-4ea83f207299,v-94e98476672e,,M,1,78.72,2026-11-06 19:19:58,False
c-aa1eacd414da,s-f525622e62f7,u-314e83727a87,p-2db6ca4f8bdd,v-6e5aa5717550,,7,1,106.9,2026-11-06 19:22:21,False
c-22a5e061f2a2,s-537d795ca0bf,u-bdf463205fde,p-5ad2007efeea,v-1ef674c6f429,ord-5ce73cb35f66,L,1,24.22,2026-11-06 19:29:27,True
c-e1215e1911ea,s-a4c80afe3def,u-6cc416a7e990,p-8fd09dad4446,v-d1e62b5b01cd,ord-ffa4047d5189,XL,1,79.16,2026-11-06 19:33:06,True
c-6d87ac662275,s-d3d4e289aa44,u-f9c88af76679,p-beb74176f1de,v-d355f94343d7,ord-68c330cb7f1e,XXL,1,17.97,2026-11-06 19:35:23,True
c-288e9bca641c,s-d3d4e289aa44,u-f9c88af76679,p-5665c5c20bfd,v-818304433e70,ord-68c330cb7f1e,One Size,2,46.71,2026-11-06 19:36:27,True
c-43252685540d,s-6ec115640816,u-250d49eff9ee,p-330f0d230f44,v-a03f387d14a5,ord-96933dbcae5d,L,1,26.19,2026-11-06 20:00:19,True
c-a4224b3291b2,s-6501e8d54537,u-76ab44c9c3d7,p-b3ce7b54cdfb,v-c23dbec0ee70,,L,1,43.12,2026-11-06 20:02:18,False
c-e8c219e026ea,s-3c0fc9d9aba3,u-81ae25e53dad,p-38a52e8b95b2,v-3d0132aad1be,,XL,1,19.02,2026-11-06 20:03:08,False
c-fd41204f3f91,s-d789c4b9781f,u-109baa5f7aa4,p-4cf131b5a7f9,v-a6f2294e3d5d,,S,1,44.74,2026-11-06 20:09:23,False
c-2e865fd65740,s-a7d53332d871,u-9bb1d332dcd8,p-c331eb365747,v-08c6ff4ce19a,ord-ce13e1a55233,XS,1,77.1,2026-11-06 20:11:56,True
c-78902f89e781,s-31bb69140948,u-0830becde895,p-659a395522dc,v-a1ebdcfe7cca,ord-b218208d1531,S,1,37.18,2026-11-06 20:19:00,True
c-287d7802486d,s-c34cb34acd57,u-b288affc8275,p-17fdcc2c4900,v-e6c803323889,,S,1,54.39,2026-11-06 20:20:39,False
c-da19923af180,s-09524dfb99aa,u-1842aac408d1,p-e2ddfc28b42e,v-175a6551655d,,M,1,61.99,2026-11-06 20:54:28,False
c-4e906ec6fd30,s-551359c0a27b,u-c20c7be62b08,p-4f49943c70ac,v-520ece399115,,S,1,37.17,2026-11-06 20:57:50,False
c-b271106e5cd6,s-551359c0a27b,u-c20c7be62b08,p-8cb5295a338b,v-1d3813b178a6,,8,1,85.64,2026-11-06 20:58:25,False
c-2dd6bd8a7f75,s-903d2e5fdaf8,u-4699f9d850db,p-c79b3b066b3b,v-fa6d75325a88,,S,1,73.73,2026-11-06 21:06:04,False
c-aac54c0af2bb,s-32559e5f01d3,u-1182e9d2dd21,p-7df82a11550b,v-fedc60532958,ord-f11905073b07,XS,1,47.37,2026-11-06 21:06:48,True
c-7c841d9a240a,s-fba9e6c8819e,u-0d75aa263ec8,p-9e9dd3a2d06a,v-08d376260541,ord-fb99e9139521,M,1,71.88,2026-11-06 21:10:46,True
c-0275f36d813f,s-07ecb654e2fb,u-d82731a8b952,p-5d4d3b7d2b44,v-28c80cef7ee2,,One Size,1,70.34,2026-11-06 21:11:46,False
c-266bdad00a3e,s-be56b703f6cb,u-bc1007d4aadb,p-6771dca3a4a9,v-678cc60dacb9,ord-c97847c2253c,M,1,92.34,2026-11-06 21:19:29,True
c-c1a5cfe8dfd7,s-3d2b22e927d3,u-7b8b8dcba8d3,p-26cfdfc823dd,v-86aa18379313,,XXL,1,54.16,2026-11-06 21:25:56,False
c-909548f6248c,s-075c357ad0d4,u-07e4f05e0165,p-3f391892cfcb,v-86602201800c,ord-a8c2bdbd107d,S,1,102.56,2026-11-06 21:26:13,True
c-63ae7afbbace,s-075c357ad0d4,u-07e4f05e0165,p-1faea5d273c5,v-dfca4a1bf317,ord-a8c2bdbd107d,One Size,1,103.23,2026-11-06 21:27:23,True
c-0b15e36981f5,s-018e615dc810,u-5f994d8c33fe,p-af49e89bbcc1,v-f3ebb205bc0c,ord-491de2617ef2,One Size,1,86.86,2026-11-06 22:03:54,True
c-311a8b0b3bc6,s-3cfc55903b6e,u-f872cd1bb138,p-adb0d6a94a5a,v-8629cab629b0,ord-40da02b2e14d,L,1,50.21,2026-11-06 22:06:10,True
c-f14f35f2e00e,s-1cb36a6f1925,u-4b37e419a136,p-fbd049086647,v-35366681985e,ord-2047d957bf94,One Size,1,43.78,2026-11-06 22:11:37,True
c-5324bbcf21e4,s-1e39feb1bcb7,u-d31d1287a52d,p-a6ed54e18bf0,v-eba92e2d94b7,,M,1,96.76,2026-11-06 22:11:37,False
c-8c0fc159b0f5,s-01c8edd11262,u-475fdbe327be,p-734ab7205f74,v-302dc7138bc6,ord-ca79776fc83e,7,1,111.35,2026-11-06 22:13:08,True
c-1c7cb28043ff,s-a3112a7107d3,u-27dcae75b1c6,p-d49c442eb9eb,v-61b8d207c811,,XL,1,47.65,2026-11-06 22:27:47,False
c-e103622a5bfc,s-d4b284cab652,u-4811107e6283,p-87f337a5759c,v-a1ce3d5e5f45,,11,1,85.98,2026-11-06 22:30:11,False
c-a7c9f9b5872f,s-643a61ba6818,u-329990dc174d,p-22d322fc42b0,v-59b30c949ba3,,L,1,72.49,2026-11-06 22:33:29,False
c-daf7c32bb569,s-643a61ba6818,u-329990dc174d,p-2dbe80b10a07,v-053a015bb027,,M,1,32.47,2026-11-06 22:33:50,False
c-8ed5766e1f91,s-73c0c1a709d1,u-2f595973a381,p-5dae71bab7b2,v-ef7f40edea5e,ord-411b3905f8be,M,2,53.5,2026-11-06 22:35:49,True
c-dfc681d3991d,s-cf87edeff670,u-1e984cd18130,p-efaea1667ec0,v-d433bf65d0f0,,M,1,50.14,2026-11-06 22:41:24,False
c-0a0463cfc79b,s-e359c9e291d3,u-64f1d4c43fb6,p-fb1ccfd5df5d,v-4592ef315c65,,10,1,90.35,2026-11-06 22:52:44,False
c-b17e743e3a10,s-ad49aeffc688,u-4e93be280004,p-39833f233d5a,v-e49060af2e78,,One Size,1,35.68,2026-11-06 22:57:58,False
c-2fbf4fed9c7f,s-a300d87fae93,u-dead8cf06d81,p-c32c9234f5d2,v-8a9ff72fba21,,11,1,108.22,2026-11-06 23:02:06,False
c-05ba51b9062c,s-94d92a683a01,u-c2aa98cbcdc4,p-89a6d1cb864c,v-5f7f088508ea,ord-68b928c236b0,One Size,2,66.32,2026-11-06 23:16:06,True
c-c0c4396933d2,s-dd6291cc9155,u-9c00bbbf615b,p-6a1a14b64e20,v-2f38bceedf56,ord-8b73e6aa963a,One Size,1,52.71,2026-11-06 23:18:11,True
c-baf607fbfce5,s-dd6291cc9155,u-9c00bbbf615b,p-d422e80b330e,v-542c4a088068,ord-8b73e6aa963a,One Size,1,107.07,2026-11-06 23:19:15,True
c-4fa3f9f5cec7,s-dd6291cc9155,u-9c00bbbf615b,p-297d37c047d6,v-96597931d4bc,ord-8b73e6aa963a,One Size,1,55.26,2026-11-06 23:20:41,True
c-4d9e4917ab3c,s-e1ef88a8c2e0,u-36933c54cade,p-d94dca8e0e6a,v-686b0dc84b8b,,XS,1,47.18,2026-11-06 23:26:07,False
c-33fe48c08fb6,s-1e7c02aea1ab,u-73d5b92a1d20,p-0c4d4f3d3fcf,v-942b157616d9,,XS,2,66.92,2026-11-06 23:27:38,False
c-b0c47371f33c,s-3d9531c0299c,u-fa09942fa2fb,p-943262758877,v-f89435438ebc,,11,1,38.08,2026-11-06 23:28:52,False
c-5e0fc123253b,s-5a0ee13b9e64,u-42f8e4dcb6b6,p-b62a6a3681d3,v-8dbd148bd656,ord-70da54b731d8,XL,1,51.8,2026-11-06 23:32:26,True
c-dbd09a1501a5,s-32852090315f,u-2ca686d4cc28,p-b66e5f0d4761,v-0f82a3e1667e,ord-49b38945aa02,L,1,21.37,2026-11-06 23:44:31,True
c-ad8fffa3bcc2,s-da1bc6a7bc10,u-1a8ce1c644b8,p-a2c268429d22,v-941d56dec532,,10,1,82.6,2026-11-06 23:57:16,False
c-51a4a0884997,s-34d0c22da7f6,u-d71c5e5cafb0,p-4faacc36fbae,v-4c89328de057,,One Size,1,38.16,2026-11-07 00:03:58,False
c-1dff63b0a668,s-05000da935f1,u-6b62088e62e7,p-adbf5cb455f2,v-2847a1613cbb,,10,1,61.72,2026-11-07 00:09:32,False
c-b65c4defd976,s-59cb6d2d0009,u-c4958cda0fc2,p-663334a58569,v-535ed99ba19b,ord-d98804222c06,M,1,45.93,2026-11-07 00:13:32,True
c-7a5c021e5ee7,s-0bd98602ccce,u-d96a8a490bf4,p-89fb8c6b1214,v-701a04107253,,L,2,39.79,2026-11-07 00:17:23,False
c-4d2c46ae30de,s-599ec5547467,u-f01c88151fd6,p-7ee99fbdf5bc,v-f353323f1771,,XS,1,28.55,2026-11-07 00:18:38,False
c-46b9e6ea227c,s-9868cdebf61d,u-f793968dcb51,p-898d59d1d78d,v-b0b678c8e83a,ord-dbbb06ef6c75,10,1,60.31,2026-11-07 00:35:46,True
c-17b3cdda2a8e,s-143b82dac2e8,u-1f6324badbb2,p-597facd1754b,v-a61c734fabb6,,XS,1,38.22,2026-11-07 00:36:34,False
c-a03aff61b821,s-4e6a169f06b4,u-35315373fed1,p-3f74e7595220,v-754f60c984d7,,M,1,50.83,2026-11-07 00:52:19,False
c-8318c92e979e,s-6341a256d738,u-7df5908dd671,p-dabfff819f69,v-59681d62f4cb,ord-a773d6f0e1ca,XL,1,34.7,2026-11-07 00:59:01,True
c-ce641d38548d,s-3a7902f04d1d,u-1dfd0890c5fc,p-62367f6046fc,v-f6c984979722,,One Size,1,46.19,2026-11-07 01:02:05,False
c-f69b1eb2cc7b,s-c930afbc8324,u-0cdd4292c2ce,p-ba4c2d70898b,v-d23ad6dd5602,,XXL,1,58.36,2026-11-07 01:07:26,False
c-8b51da3c21ab,s-0fbd717c1902,u-908975d1f7f8,p-2f751aaef68d,v-cc69e0bf5670,ord-e5935045ea6a,L,1,83.98,2026-11-07 01:11:24,True
c-a75b8692f886,s-7100efa5248f,u-a7a3ad095005,p-2df786ae0c97,v-ee2c37b730d9,,S,1,43.23,2026-11-07 01:15:59,False
c-553130435e76,s-5b86fff29bcf,u-b64dfc82e86d,p-3484e06c8c9f,v-58125d48210d,,6,1,56.92,2026-11-07 01:21:02,False
c-a2fa403f9f58,s-aa251221bf12,u-2c21e8e57a1d,p-f79e79baf494,v-9c2d9961a5c5,,11,1,65.53,2026-11-07 01:23:39,False
c-db3eaf03c372,s-a12953d65d5f,u-49a429f1b9fe,p-31720c9ca1de,v-8f2a8703db31,,S,1,69.29,2026-11-07 01:40:34,False
c-314c5280feb7,s-2e7b59a98c6b,u-da37ca0a45de,p-78e0b2ccb6f3,v-119875d9bd84,ord-851be30c5aab,XS,1,74.89,2026-11-07 01:43:22,True
c-86e0e9c4ac9f,s-82ce0006efd8,u-56ce8ce88ffc,p-2db6ca4f8bdd,v-dcf8402add5a,,6,1,106.9,2026-11-07 01:43:46,False
c-aabf79371da5,s-82ce0006efd8,u-56ce8ce88ffc,p-904e4033c8e6,v-9be4d07d029f,,11,1,53.15,2026-11-07 01:44:17,False
c-5d2817827b84,s-4d2d4b03d4a4,u-42c74a115769,p-4131172a7f05,v-ae9fc8209aaa,,L,1,80.36,2026-11-07 01:51:59,False
c-f5f301b485bd,s-16cf7bc52fcf,u-0039b706d010,p-82e5a22421f6,v-843706e243d3,,L,1,53.98,2026-11-07 01:55:11,False
c-bdf0caf6daad,s-16cf7bc52fcf,u-0039b706d010,p-9789e192ff3b,v-b85d35aa1fa9,,XXL,1,23.52,2026-11-07 01:56:20,False
c-607e1977f795,s-9a271ed6f195,u-4387fc025b78,p-8b349eeb10e0,v-8d753a831c75,,M,1,44.51,2026-11-07 02:02:53,False
c-c87f5c59c6ef,s-9f4641a66e77,u-af1920f5bc41,p-a043de17e3f2,v-44944a229f8e,ord-e20461ee9ee5,S,1,49.91,2026-11-07 02:19:11,True
c-20255392780b,s-034d7d68c764,u-0a43bf957446,p-3a792a4cb9b8,v-76bb53ca5620,,XL,1,34.34,2026-11-07 02:26:29,False
c-c435e34f6e15,s-2622ce6f2247,u-b0ee80cce193,p-5010769d396f,v-2e541521e53d,,XXL,1,37.87,2026-11-07 02:35:53,False
c-1b575cfe7685,s-5ba5d379b8b9,u-2f1d1ab3e91b,p-a6ed54e18bf0,v-9eefc38a4272,,S,1,96.76,2026-11-07 02:38:39,False
c-be6761f4f7af,s-5ba5d379b8b9,u-2f1d1ab3e91b,p-06d0ff181fa8,v-0f5506297596,,8,1,39.57,2026-11-07 02:42:20,False
c-fb72fcc3897e,s-1e9ac3bd8668,u-44e377477cbe,p-3ff508b516dc,v-dc7f4990c56f,ord-41926ced2754,S,1,33.57,2026-11-07 02:59:55,True
c-948f895a3550,s-b3b87bc96a59,u-d07abed94979,p-4f05571e5219,v-27ea9d7850d3,,L,1,41.98,2026-11-07 03:15:14,False
c-398239abf643,s-06d78f7e60d6,u-817ba2150035,p-d05a5f84d01e,v-f9afc72eccdf,,L,1,39.54,2026-11-07 03:26:48,False
c-138b1f387dcb,s-0233c60e7c15,u-804dea81ff1c,p-d7568994dc7a,v-f213e2835f72,,XL,1,46.87,2026-11-07 03:32:29,False
c-8cff2625d36d,s-9463008c91f8,u-db8e3af398c6,p-0c59f552a5f3,v-61ba208e98c9,ord-5749131b5887,L,2,44.61,2026-11-07 03:39:58,True
c-86f8cf8fbf58,s-d98b87cc3537,u-3a80e2983ade,p-d22958931124,v-aa9a7a1adb31,,M,1,63.3,2026-11-07 04:13:43,False
c-f1b3ff04e922,s-56599790f8cf,u-280356a0c7e2,p-a09781a1c7da,v-fbb2ab4a48e7,,M,1,48.82,2026-11-07 04:17:03,False
c-5a4dd53a9544,s-68b3b43d3423,u-1039aff62616,p-bc15778b8d7b,v-b473b4c8cf90,ord-22175f26d952,XL,1,94.92,2026-11-07 04:18:51,True
c-718f78a24e59,s-68b3b43d3423,u-1039aff62616,p-af3fe8a46d18,v-398782933bdd,ord-22175f26d952,M,1,51.43,2026-11-07 04:20:17,True
c-4d0b5eb4f4b0,s-8273603e62f0,u-c7fc68875ef7,p-ea91bab49c9a,v-84157a865a73,,XL,1,39.27,2026-11-07 04:36:55,False
c-43a96bf1130e,s-eeef2f78bd10,u-c09fef95181c,p-cbeb4644a5d2,v-48409958e492,ord-42a77d3488d4,XL,1,32.87,2026-11-07 04:39:15,True
c-f4f9bef0a502,s-93c8e8ed1b23,u-7404458df085,p-abffc77ec41d,v-6dc04dd8fa0d,ord-53c86f4a9b22,S,1,70.02,2026-11-07 04:39:52,True
c-fd26b7316289,s-7b07f9883d30,u-912a0a5ac9f8,p-e5be92dcd42e,v-fa609a2abe11,ord-f34e1845b14d,M,1,72.66,2026-11-07 04:42:47,True
c-f9ef1e00958e,s-e60b419f25a1,u-4abd541e6184,p-805db5e2669e,v-a2a36ad4781a,ord-c517220da7cd,L,1,88.26,2026-11-07 05:00:45,True
c-4d8d341e7ad7,s-f02822472a5b,u-3a7ba22b3bd3,p-a7a5ab90083a,v-3416faa94fbf,,One Size,1,25.08,2026-11-07 05:09:24,False
c-8b36bbc59460,s-53816867d567,u-4f3b7a4ea878,p-3c093e1e2d52,v-9589e5699de4,,L,1,76.72,2026-11-07 05:30:14,False
c-a4de9d4bd5ff,s-53118812ac17,u-56eb25afcf41,p-b5ae9c9e0cfd,v-1850b083d039,ord-fe002d3c177c,One Size,1,74.73,2026-11-07 05:42:15,True
c-13a068c1c570,s-2c76355e8183,u-343ef6272448,p-e1df15623828,v-616f813bc3ac,,L,1,41.21,2026-11-07 05:57:32,False
c-4c19d08a39d0,s-e3ace10e9fc8,u-d0aa17dbc596,p-65666c224046,v-bb9b6b1a815e,,S,2,49.47,2026-11-07 06:04:09,False
c-7d497f6a8cd9,s-4b492ef665ba,u-7c4eba28271a,p-85a2b8b3b9a0,v-7df9749a0a44,ord-6041928a066e,XS,1,77.68,2026-11-07 06:33:26,True
c-e47e97bbf80c,s-59adad82a9a8,u-3fa1975209f7,p-481aed97ecb3,v-0d1cab622521,ord-4fe8dd769fb4,S,1,101.56,2026-11-07 06:37:31,True
c-03c1e68f16d0,s-05560dec928e,u-61b26e654a2e,p-c79b3b066b3b,v-7a76bb319ce3,,L,1,73.73,2026-11-07 06:38:23,False
c-6e0716847b52,s-232a90a253c7,u-a3fa473c11c8,p-7292cd755bbc,v-a0eecab90dd5,,10,1,38.89,2026-11-07 06:38:46,False
c-12e55fe72e37,s-11c78dd26067,u-fbe2be23d611,p-96308537609a,v-ca7f6ea94dc0,ord-bb27ffdefd53,S,1,37.38,2026-11-07 07:08:04,True
c-24924355eb90,s-f8f09078ffb0,u-be01b6a6dcff,p-f95c1808f42d,v-782cb701795c,,XS,1,26.45,2026-11-07 07:14:52,False
c-8f8562dd1856,s-e0ac19429bf7,u-14df998e0390,p-852877299f60,v-23d52517ddff,,XXL,2,66.77,2026-11-07 07:17:12,False
c-07a2ea13fe4e,s-5d6b747029a2,u-f513b4fa25f5,p-2be43ae7b0c1,v-4043b72d3163,,XXL,1,25.2,2026-11-07 07:36:53,False
c-aa2d13246262,s-c23a88720c6e,u-a6eef4123106,p-d46a9fafd8b0,v-a87bdec3a4c3,ord-d2bf8bf80366,XL,1,59.18,2026-11-07 07:37:05,True
c-686ca6d452cf,s-c23a88720c6e,u-a6eef4123106,p-e7de8f101542,v-06e3f049cf96,ord-d2bf8bf80366,One Size,1,19.39,2026-11-07 07:37:25,True
c-552ab971e265,s-f602d0394d18,u-21c9f48e8b01,p-96308537609a,v-be5afd39f050,,XL,2,37.38,2026-11-07 07:56:41,False
c-2109e7feea32,s-a158bb38df2d,u-471946f9239b,p-92c04713f1b1,v-9be491aa6f1a,,10,2,85.52,2026-11-07 08:09:00,False
c-1aa1d2c311fc,s-b3295017d931,u-e0902acc0cc8,p-5431631a088f,v-e48f560d0b88,ord-a1ba803f04f4,M,1,45.77,2026-11-07 08:11:43,True
c-afbf96a6c380,s-b3295017d931,u-e0902acc0cc8,p-56de52c800bf,v-b8b868e68ac4,ord-a1ba803f04f4,S,1,45.67,2026-11-07 08:12:07,True
c-adefa51cfb25,s-a158bb38df2d,u-471946f9239b,p-d82c452cf314,v-d7912ac9c55f,,M,1,65.12,2026-11-07 08:12:19,False
c-6b53bac9cec9,s-9bdd52c0b96d,u-1d8866ee533b,p-7a9af4d8dfc5,v-0e612c7cc1d4,,L,1,73.93,2026-11-07 08:39:52,False
c-27c06c1456d1,s-e4fd531de4ee,u-44824e07a1a6,p-866b2965f01b,v-f2dc7a5142ce,,S,1,85.81,2026-11-07 08:44:14,False
c-d54af26b3935,s-8fd8a8b8d99e,u-2b12303b60c5,p-8f45393df75d,v-2ed81b589850,,L,1,76.37,2026-11-07 08:52:50,False
c-c7d6676ce343,s-17b0a81d158b,u-32f98d2e71ee,p-3b3399d61104,v-ca426cc32de1,ord-3fabf147896a,XS,1,71.29,2026-11-07 08:53:11,True
c-d50c05d8ed65,s-45c6b1155f66,u-3bcc016fa223,p-f191fdc007ba,v-321b607d450d,,7,1,96.06,2026-11-07 08:58:45,False
c-21fbaa2a1500,s-15f811272f73,u-caa087cbe9b0,p-47fc72087c16,v-845c5cb0800a,,One Size,1,59.4,2026-11-07 09:02:41,False
c-bf8a565060df,s-f7caf7f8e4e6,u-e4c7d0ad2a56,p-f80920541012,v-e4ec1ce2fe6c,,L,1,31.71,2026-11-07 09:15:21,False
c-75cf27ef39bb,s-ad7791cf64a8,u-06d131f5bef4,p-9f91b978f184,v-1b90608772da,,L,1,31.87,2026-11-07 09:19:14,False
c-705df1502f37,s-07829f1ea3fd,u-efc8d259b9d7,p-f50e7626a11d,v-24ebd8d3c77c,,XL,1,59.83,2026-11-07 09:50:12,False
c-b74c626a8bf7,s-2682166771d1,u-953b3a3baccd,p-41c47ddd791e,v-be71c5c3b258,,6,1,116.6,2026-11-07 09:50:32,False
c-2de88d31472b,s-ba9fcf185557,u-6339bbaf8a20,p-744a56bb2a3a,v-2f923ac76680,,11,1,41.93,2026-11-07 09:55:15,False
c-72ca6dd89e18,s-ba9fcf185557,u-6339bbaf8a20,p-63dad958f079,v-1323ac5250b1,,11,1,85.98,2026-11-07 09:55:56,False
c-d25b10fb2691,s-df0238a4a4fe,u-ff0d31f91c04,p-a3ead920dd06,v-e30db5e6989a,,8,1,81.11,2026-11-07 10:03:27,False
c-26876ae12882,s-41aea07cf755,u-d785db80d5c4,p-20280bcdb1bb,v-fd2ff5a457f7,,11,1,70.58,2026-11-07 10:14:00,False
c-38b5c5b60a74,s-98f113992d24,u-eb7058e02c0b,p-3563a0dd7192,v-32d9b0b5a7d2,ord-d2c800a51a20,XXL,1,43.66,2026-11-07 10:35:17,True
c-08d32fd23a0e,s-c8b53e629010,u-27b43bdbc179,p-ef4fd58a911d,v-0bf84ecbbb2a,ord-89f2a927cac2,11,1,76.2,2026-11-07 10:47:21,True
c-5e98f38fedbd,s-40acf314206e,u-034086475eff,p-deaefd8692e3,v-2f1fd318b756,ord-bd2c58a324c9,L,1,91.39,2026-11-07 10:59:56,True
c-10c4e6d8e0d1,s-40acf314206e,u-034086475eff,p-4c4b1bbc16b7,v-f6e1ae4d49a5,ord-bd2c58a324c9,XS,1,30.99,2026-11-07 11:02:21,True
c-f42e76c15b6b,s-c417224ef625,u-08f7440c8f7a,p-1e28fb9cbf4b,v-6e7c6c0cabd3,ord-0e52f105aef4,L,1,91.55,2026-11-07 11:09:39,True
c-ed8b621b370f,s-c417224ef625,u-08f7440c8f7a,p-fb40cb39b90b,v-20f45fa48a98,ord-0e52f105aef4,L,1,49.31,2026-11-07 11:10:45,True
c-183784248c98,s-c417224ef625,u-08f7440c8f7a,p-b44217173b98,v-2232411889d5,ord-0e52f105aef4,L,1,36.5,2026-11-07 11:11:42,True
c-8d3be5e5cc26,s-986b4ddc2709,u-6217dfaba183,p-576ae7540bd5,v-5e4078825e2b,ord-d8c39bca1a63,One Size,2,37.46,2026-11-07 11:50:04,True
c-e0931144a79e,s-e6fdf9d9a9ff,u-6431da5b4201,p-e37e6586069e,v-6de7dd7d2029,,XS,1,63.17,2026-11-07 12:04:21,False
c-f3c58c00c09a,s-de7cdaca3ee2,u-8387b7b75a87,p-1ad4add74519,v-9a30c0f1adc8,ord-43e919dfcb52,XL,1,62.74,2026-11-07 12:25:03,True
c-d8969261f490,s-83192e790143,u-d0d336a7b71a,p-30c803a19466,v-d5f34f4ca644,,8,2,53.7,2026-11-07 12:29:24,False
c-08c66107b3c4,s-185536bcc0bd,u-da46f8f6410e,p-f4c36e5dbfac,v-3d2ec59a520b,,XS,1,63.42,2026-11-07 12:31:35,False
c-f91175fde6f0,s-d2e363b7d376,u-a2007f6eeb6f,p-8bb883c1d526,v-52f0410a1b3f,ord-c0bebd881151,10,1,88.95,2026-11-07 12:47:30,True
c-52fc8fc0b1ea,s-b25d774fcc97,u-a09fe0018e0e,p-be8db09b6ceb,v-03f5cd2414b5,ord-ddadfd896957,L,1,79.51,2026-11-07 13:01:39,True
c-23c37278dbca,s-b25d774fcc97,u-a09fe0018e0e,p-3b3399d61104,v-6b6e5a5a2997,ord-ddadfd896957,XL,1,71.29,2026-11-07 13:02:02,True
c-7e286f48752d,s-7e94acbed9b3,u-a97e595b1d5f,p-44f95ab2e044,v-81dbbbdecb17,ord-9c444193fae7,One Size,1,95.72,2026-11-07 13:06:36,True
c-abd79009635f,s-7e94acbed9b3,u-a97e595b1d5f,p-e4832c58b520,v-49e0742b4573,ord-9c444193fae7,One Size,1,53.12,2026-11-07 13:08:11,True
c-b253612a6c00,s-8859d8b430da,u-933d8a9d1b00,p-86aed0447318,v-3985b0a520dc,ord-2ba8da9e34b7,XL,1,67.53,2026-11-07 13:22:49,True
c-1a0da83f2ca7,s-8155d8ae98a3,u-df270884f0dd,p-742b8331f6b3,v-019c7ccdbe3d,,S,1,55.81,2026-11-07 13:23:49,False
c-0383fb5b4722,s-71359c5ff55e,u-a31a5ffafad0,p-97efa68081c6,v-3770c56917ac,,XL,1,40.0,2026-11-07 13:34:58,False
c-758bf8c7fa36,s-041b87553aa6,u-33f228940f64,p-5c8bb15b8d80,v-625fa0a99f50,,6,2,93.86,2026-11-07 13:45:30,False
c-bdcedbcd7d19,s-e7c99567029f,u-21343296154c,p-cef95ad640de,v-e7e2ab570fc3,,L,1,49.76,2026-11-07 13:46:22,False
c-b276ee22716a,s-00c7a070fe12,u-11f70110b9a4,p-ec1c62770498,v-89919db1218e,ord-43ad98aba5f5,XXL,1,43.27,2026-11-07 14:05:05,True
c-8d164aa35f1d,s-2a92e9324952,u-cbfb9022073b,p-e960be36c0f4,v-28c05757f8d4,ord-f4afa91485ca,XXL,1,50.02,2026-11-07 14:07:22,True
c-cab34ae0e31a,s-d72fd2026fc0,u-68cf4fcc1875,p-4766df4614eb,v-4c6c921dcb54,ord-328f96cd7a19,7,1,68.25,2026-11-07 14:19:04,True
c-8ff37de117dd,s-d72fd2026fc0,u-68cf4fcc1875,p-b66e5f0d4761,v-982d7e167d9d,ord-328f96cd7a19,M,1,21.37,2026-11-07 14:19:43,True
c-06bb8634fe88,s-5224d2333680,u-56243e785898,p-31cc2c2616e2,v-0f4003a21d60,ord-2477549ab2b6,11,1,116.53,2026-11-07 14:32:29,True
c-6231d42a15cb,s-c56a8e320c55,u-e4dddb76ca62,p-bdc44625f05c,v-12d9b39bfc67,ord-733c29460ba1,One Size,1,56.92,2026-11-07 14:46:02,True
c-4736477c70bb,s-7a951377494a,u-11987c5f19db,p-adbf5cb455f2,v-a5419c8f39fd,ord-3607158bce93,9,1,61.72,2026-11-07 14:55:05,True
c-57cce7d60128,s-64bc5f8c47d3,u-2d6f0503cdbf,p-88ab7b6c06c0,v-d3e19fa8c0fc,,XXL,1,45.08,2026-11-07 14:56:34,False
c-9503cb83da63,s-b1cd7aaaafb0,u-fe858ae5bebd,p-77539439f866,v-84ed965ecf8f,,XXL,1,29.15,2026-11-07 15:03:31,False
c-2de29bb9ed83,s-1b5da608c8a7,u-0a6ac231f9b2,p-9b0815db6310,v-85485eefa255,,XXL,1,36.06,2026-11-07 15:05:51,False
c-3c39087849e0,s-df30977feee4,u-0570e9e759fc,p-956db03dd047,v-30abe4e3b031,ord-5d649b98340f,S,2,101.34,2026-11-07 15:09:50,True
c-b27ab18df412,s-df30977feee4,u-0570e9e759fc,p-62c6a27674f9,v-735e0acc6d9b,ord-5d649b98340f,L,1,68.58,2026-11-07 15:10:02,True
c-6c85b2d57f21,s-b210d646c2e1,u-02bec1ed6dff,p-ad215aa2fc1f,v-a980c79cbcaf,,XXL,1,31.42,2026-11-07 15:10:48,False
c-78c2891e558f,s-b210d646c2e1,u-02bec1ed6dff,p-5e4476a0a583,v-eb677f6f436a,,XL,1,31.62,2026-11-07 15:11:35,False
c-aea2583f575a,s-363df2c2a086,u-552e2e2d0495,p-809148084a54,v-d75a3cbaa57e,ord-1e4c705d025f,10,2,53.39,2026-11-07 15:12:43,True
c-5dde517a7d7f,s-e0312e3e651e,u-16338e87bf34,p-0bfe49fc1d30,v-0fbb99daa66d,,L,1,72.72,2026-11-07 15:13:33,False
c-25b280069668,s-1c1041088165,u-03cd302250ed,p-d4179c56eba7,v-59bf744367c3,ord-d0c2e93a1594,S,1,29.33,2026-11-07 16:00:55,True
c-7900618e3daf,s-44441e8bfee8,u-4f9edc2dc00f,p-7df467a58029,v-ed1da719d0ec,ord-61f732e58000,One Size,2,31.75,2026-11-07 16:34:55,True
c-6ec6a30e7572,s-2e55f4df47e8,u-44415924bfc2,p-323b05a0bbdc,v-ecfa0372b116,,XS,1,40.86,2026-11-07 16:37:19,False
c-f299d253fc27,s-7c6befa813d9,u-d9a17eeee3fd,p-adce4fd2f289,v-502623b3e4f6,ord-c0e515d82226,S,1,80.68,2026-11-07 16:42:53,True
c-d0527464948f,s-694110fdf341,u-7074793f8f44,p-877e5322e204,v-1b3a7ebc78a1,,L,1,42.94,2026-11-07 16:44:55,False
c-5df9de44210d,s-511f96919995,u-89041ce9b3fe,p-b83c6142a2ce,v-c3e93d0b2372,ord-3633397fb3ff,XL,1,103.42,2026-11-07 16:46:54,True
c-c972e1f74dc7,s-b056bf4c9e84,u-0671bf5b1800,p-f07b208ae611,v-56baa9c9150b,ord-7dc136fa434c,S,1,19.7,2026-11-07 16:50:24,True
c-14d83520282f,s-d7a80e7ae8d1,u-f1224955ea65,p-c84f91ab2f53,v-922e8d11921b,,S,1,53.72,2026-11-07 16:52:53,False
c-3d20f2f873ec,s-cb4f7029fbb7,u-05dd4dc35f75,p-452b38072947,v-cf25249b9586,,One Size,1,43.29,2026-11-07 16:53:45,False
c-04128e83d7ff,s-e336bfc6efda,u-e4ce1fc178dc,p-4a4f8d21b565,v-9a6887e3ea30,,L,2,68.02,2026-11-07 16:59:51,False
c-aca5160f9260,s-3f3703dba288,u-b5bde0ea379a,p-7292cd755bbc,v-4c9746c07540,ord-1c5cd23d60c2,11,1,38.89,2026-11-07 17:02:24,True
c-9a5853364829,s-3f3703dba288,u-b5bde0ea379a,p-5c33e20b658f,v-8d85f8f4b7b7,ord-1c5cd23d60c2,11,2,46.87,2026-11-07 17:03:52,True
c-3ed2a0368724,s-3f6ec2e0c34f,u-522fdc4afd8a,p-208824be0f96,v-a2aca80a09bd,,XXL,1,32.95,2026-11-07 17:06:06,False
c-5c47a3ce1446,s-0796cf02e908,u-7d936df91575,p-92c04713f1b1,v-1083a03abdac,,7,1,85.52,2026-11-07 17:09:39,False
c-af695c52c04d,s-0796cf02e908,u-7d936df91575,p-62b0f40a6ebe,v-46b723cdbf25,,S,1,41.99,2026-11-07 17:10:20,False
c-b9d0cd226612,s-0796cf02e908,u-7d936df91575,p-5e354c0d5432,v-1ff3b8b6a821,,One Size,2,55.53,2026-11-07 17:10:58,False
c-73c6d4722e12,s-cfdf09d2e67b,u-daa7287368b7,p-a25f16dde589,v-ec631c087912,ord-045c187efbbc,XS,1,78.46,2026-11-07 17:11:32,True
c-0d32e57aef4d,s-59e6b7089a8f,u-8812b587bbff,p-d19aae08c4dd,v-53080829da0c,,6,1,82.71,2026-11-07 17:15:22,False
c-7fd3c5c7fb5c,s-1b735da5c2a5,u-f8feafe6820e,p-8f13023a489e,v-79af6296c870,ord-3dd36b0bb614,XL,1,71.13,2026-11-07 17:54:22,True
c-b204854ba404,s-2ce6cb3b7c8c,u-32bbb76284b8,p-1109fffe8a06,v-5e6d160dfbf4,,S,1,45.68,2026-11-07 18:06:36,False
c-ce75e47d54b8,s-bf3b8036c804,u-7bb2531227ee,p-323b05a0bbdc,v-08b86004a548,,L,1,40.86,2026-11-07 18:11:26,False
c-b2df39ce4639,s-fd179ff73b84,u-4c4d715470d0,p-409ea248f923,v-a51a0d414fe6,,S,1,78.13,2026-11-07 18:12:27,False
c-68aded923745,s-f6f199305e0f,u-fb7809f94ce5,p-5f5352523a89,v-40b4f0641761,ord-5b360a9b3590,One Size,2,42.24,2026-11-07 18:20:14,True
c-e1eb2b8345ec,s-01bc4e91f816,u-e35377102b3e,p-8050101493c3,v-2a68677ae9dc,,XXL,1,67.51,2026-11-07 18:27:18,False
c-d8b2058ef413,s-3b1a8e8419c6,u-5d7f02005e5b,p-d21a5093c235,v-a7e0cf6cffbe,ord-0b1a09331ebb,L,1,76.75,2026-11-07 18:30:49,True
c-338620129186,s-a6b14fca4a35,u-df3a44f8acd0,p-062a5aa754a2,v-95e5d7c4fa58,,S,1,60.81,2026-11-07 18:32:24,False
c-ec8e8adf06b2,s-f02986712848,u-f174a1e66cee,p-2d07005e8d07,v-80124ac9ce7d,ord-eb4104495b0e,One Size,1,45.18,2026-11-07 18:33:58,True
c-57fdd3d68728,s-b5c2c6afa9f3,u-85c6f233b211,p-16680e4b5fc4,v-ea990fe366a0,,9,1,62.98,2026-11-07 18:50:39,False
c-686b45b02ce2,s-c61a64648487,u-b2f545bbda64,p-209038476ec0,v-13bdd95247bf,ord-3d0d4ecb686c,10,1,104.75,2026-11-07 19:20:02,True
c-a910d2e110aa,s-c61a64648487,u-b2f545bbda64,p-4e60bf84efc8,v-b6d6ba6e9da1,ord-3d0d4ecb686c,9,1,48.33,2026-11-07 19:24:50,True
c-2ea7e075bf54,s-7036510c6651,u-064332c67d02,p-1b0b653dd8a4,v-358b6fe48f8f,,XS,2,49.85,2026-11-07 19:32:16,False
c-1d31a7202ea4,s-3af0554bf720,u-408740186a03,p-0bfe49fc1d30,v-b25fd8fb7646,,L,1,72.72,2026-11-07 19:39:35,False
c-8bd49e4107c0,s-3af0554bf720,u-408740186a03,p-0f8e0ab00784,v-d49bb0053795,,XL,1,32.36,2026-11-07 19:40:45,False
c-e3f1f838b08c,s-60ff340cc245,u-eba71a0aed86,p-76aa54c5428b,v-2e43afb7c109,ord-ca1c47ab5fcc,11,1,68.58,2026-11-07 19:44:44,True
c-26813173feda,s-b66ac0bd946b,u-bfc2068ba1ce,p-7fb30797d81f,v-f021aaed3cb5,,S,1,74.36,2026-11-07 19:45:52,False
c-b9cfc074ab37,s-e3329d6a4fb5,u-5c58d73335eb,p-88b5fb620fef,v-2274250ebd99,,XXL,1,40.39,2026-11-07 19:46:38,False
c-b1e452aad264,s-9ee4e529be85,u-212c48e94948,p-6a1a14b64e20,v-65630e0f2833,,One Size,1,52.71,2026-11-07 19:58:25,False
c-91c04aaa9be0,s-78a8bec50705,u-f75d14eaeefc,p-6560a8d6f88a,v-91ec13013e54,,XL,1,27.35,2026-11-07 20:08:36,False
c-3e32548093d5,s-11f63f129112,u-98250a260b64,p-f07b208ae611,v-ee5d6e8e45a2,,XL,2,19.7,2026-11-07 20:15:44,False
c-bd6441dc319d,s-c177bd176c6f,u-08ea937bc8b3,p-c84f91ab2f53,v-313c056578ff,,M,2,53.72,2026-11-07 20:21:24,False
c-9c757b39cef7,s-4ecaf8509b0f,u-528d820fe0db,p-5431631a088f,v-3cfc2d030b73,,XL,1,45.77,2026-11-07 20:22:30,False
c-2dda6371bc32,s-c177bd176c6f,u-08ea937bc8b3,p-badbb3761af6,v-c75abc74c5f2,,XS,1,35.66,2026-11-07 20:23:08,False
c-a82cee8e97e9,s-ea0c556080ed,u-330fc84f4ac4,p-dabfff819f69,v-26d7cee1681e,,L,1,34.7,2026-11-07 20:32:09,False
c-d3fb62f37ee6,s-54efd33e126c,u-e986b768bf9b,p-58b28012d13f,v-3f7f024fbc50,,S,1,91.97,2026-11-07 20:41:46,False
c-a77618a25f6d,s-adc557336481,u-4e7f02075f55,p-670ebbe5d4a6,v-095881329fb6,,One Size,1,74.12,2026-11-07 21:02:12,False
c-f4b3f3dbe8ea,s-7f9384168326,u-81cbacf55b95,p-2c780bfed55c,v-e23d0148f90d,ord-a0c191446267,XL,1,58.37,2026-11-07 21:03:15,True
c-987d12c7c105,s-e0fefc206232,u-40bfec3ac3e1,p-4e60bf84efc8,v-7eb43803aa84,,11,1,48.33,2026-11-07 21:05:46,False
c-c52046c585d4,s-619ad89b5b48,u-f63f846cb34e,p-f064d042df39,v-256637248bb2,ord-2100f6179cd1,One Size,1,39.69,2026-11-07 21:14:31,True
c-4097518a90b4,s-6bdce2b5869d,u-3582313a6a09,p-460085e512b8,v-07b1e3fe85d3,ord-ed447b7d867f,S,1,22.68,2026-11-07 21:19:34,True
c-8b21ec370062,s-b5c2c675891d,u-1504fa5a4b70,p-38a52e8b95b2,v-632a068a6b91,,XL,2,19.02,2026-11-07 21:20:52,False
c-673d30e316ef,s-d904c6a7960d,u-383d773376fd,p-2ff3c5390025,v-d28a41704128,,L,1,25.98,2026-11-07 21:38:31,False
c-7c036ada0470,s-445b5376e565,u-5827462428c5,p-eee69b917058,v-d1c69df352ba,ord-bb12b5c06a80,L,1,51.39,2026-11-07 21:43:49,True
c-62ba0edd0b9a,s-445b5376e565,u-5827462428c5,p-aab59aee3f2c,v-0cdcb1faea7b,ord-bb12b5c06a80,M,1,58.19,2026-11-07 21:44:23,True
c-97f5f2342502,s-a91c3681d1be,u-e9591ab94c31,p-402523ed70c8,v-42e9e79d03a0,,6,1,57.18,2026-11-07 22:06:41,False
c-7baf6c581e2b,s-1d9c474f29f4,u-f73575dacfe9,p-cc7695324c2a,v-52f5af6813d9,ord-90bfb7a43086,M,1,93.75,2026-11-07 22:17:54,True
c-d372b963c87c,s-a15329f06845,u-58b02e116873,p-e1995610cd90,v-53ee458b76e8,,XL,1,41.34,2026-11-07 22:30:23,False
c-7eeee20eeca6,s-a15329f06845,u-58b02e116873,p-1a3e875e727e,v-80af619b595b,,L,1,75.75,2026-11-07 22:31:05,False
c-0d37ec40cdf0,s-b472bb848b52,u-ca5846a3d12f,p-1be80bc83ece,v-bba121a58480,,M,1,67.33,2026-11-07 22:41:19,False
c-e943ccd72e65,s-b472bb848b52,u-ca5846a3d12f,p-abffc77ec41d,v-a68d6e0ce5a9,,L,1,70.02,2026-11-07 22:43:48,False
c-9168de01c118,s-e8097ecd9f2a,u-d7dc7161d5b8,p-6cbc89af68af,v-4d6bad8db925,,L,1,91.74,2026-11-07 22:45:52,False
c-3ac34f3f7d4a,s-35290f5c0aee,u-315cc9c4f9ce,p-ead53aa70431,v-ddbfc7138163,ord-c0efcc7342bc,XXL,2,47.48,2026-11-07 23:10:17,True
c-8f2ba989a623,s-820cee2a2890,u-15a07e957b3b,p-374cc355e453,v-019588f04ced,,M,1,33.18,2026-11-07 23:13:19,False
c-9d67bad24991,s-d5d1166ec230,u-781a1a31e214,p-d22958931124,v-f65f20f98aee,,XS,1,63.3,2026-11-07 23:21:02,False
c-2dc938b78cde,s-d5d1166ec230,u-781a1a31e214,p-840dc3fd120f,v-1fb484d07d1c,,L,1,56.29,2026-11-07 23:22:12,False
c-764e982940ec,s-102719c90118,u-3d5e0ea297b9,p-adce4fd2f289,v-5a9b1a1d83a8,,XL,1,80.68,2026-11-07 23:26:18,False
c-2a80ed8b0c5c,s-952e3e49e714,u-30d2a8fd55ed,p-8bcd2a3b4cb3,v-e6e37fd55044,,One Size,1,83.05,2026-11-07 23:27:46,False
c-708c00649a8f,s-c3e39f51aa2b,u-8cc917edb1ea,p-addda7515b68,v-74bcf911ed08,ord-3b15cc7c20be,M,1,58.16,2026-11-07 23:53:15,True
c-08e128687ff9,s-47f7f20bacf3,u-ed9b3f714fed,p-3afe0cf96058,v-c08677fd27fc,ord-5efbe8502db7,L,1,58.9,2026-11-08 00:05:42,True
c-604ec7f0324e,s-a5b4f6990281,u-cbf3d67bb31d,p-90c6661528cc,v-b4964860bb4d,,S,1,43.76,2026-11-08 00:05:52,False
c-75a58f2cc7d5,s-9aa05381079f,u-613fbdd1053d,p-9b608970812b,v-66688c7c1b2f,,8,1,88.12,2026-11-08 00:28:19,False
c-b1a6d26127a7,s-9aa05381079f,u-613fbdd1053d,p-9cd64f4f5ba3,v-5c98ddf60557,,XL,1,65.59,2026-11-08 00:28:47,False
c-9ebc1df448cf,s-0d3cf4f31542,u-c4b5667e46cf,p-88da2cd0834b,v-abd75d9919dd,,M,1,36.62,2026-11-08 00:39:27,False
c-0ea080ccb0d0,s-b7ad1f27a1ff,u-6f801f5f0bce,p-90bd6cc44bb6,v-0006fc37643a,ord-dfa52a9deaef,11,1,73.21,2026-11-08 00:53:22,True
c-04478e86b1d0,s-81ca14de833e,u-bd314670580a,p-72f4ba7dd057,v-6b6b8a42e365,,XS,1,73.23,2026-11-08 01:06:37,False
c-bde96c7c5b38,s-fb280691a63e,u-bcd10b32f73e,p-f49f9a26aa05,v-43a9a06a0f78,,S,1,48.75,2026-11-08 02:00:55,False
c-76eca9de9bb2,s-06d483e31d95,u-678987f03a03,p-547346e04cec,v-c61ca8215fc4,ord-e85e6314c15f,S,1,67.91,2026-11-08 02:21:24,True
c-0f047574e2df,s-5164d1ef5f0d,u-b85cf900c85a,p-74aadb4fff89,v-ae77806f8c80,,One Size,1,113.17,2026-11-08 02:24:12,False
c-351e24cc6eaa,s-087d25068f73,u-3afac4964e6a,p-a76e46f05208,v-bb077c0f3b54,,6,1,67.74,2026-11-08 02:24:57,False
c-50bf985e179d,s-2a5263a702f7,u-d0468fff9d0d,p-297d37c047d6,v-f34d1c621268,,One Size,1,55.26,2026-11-08 02:49:31,False
c-da232126a7e7,s-a5dcc480dcc7,u-929ec4a43ca9,p-5df8782b738b,v-b4a0ce5b9b02,ord-829c1dbef2c3,XL,1,64.56,2026-11-08 03:02:35,True
c-63296c2b89af,s-1812a6dc54e1,u-0159b5d8d613,p-0f6b99d8b4ae,v-d1d8e632d1d9,ord-60fcf92a153a,XL,1,76.49,2026-11-08 03:20:51,True
c-59e242cca6dd,s-cef4882b2fe7,u-1380d0b95477,p-30f15b6b73b3,v-c1b4b477c32b,,M,1,78.52,2026-11-08 03:28:44,False
c-d14af784b025,s-e59674b22185,u-36388ac1910b,p-86e3367a612f,v-9bf1b616491e,,One Size,1,31.73,2026-11-08 03:58:44,False
c-4d359aa84fa8,s-f076025745be,u-5e94f88d47fb,p-02927b25cb41,v-68ec08cf6f66,,L,1,56.55,2026-11-08 04:30:22,False
c-2d4f53a09fbd,s-745d5cbe258f,u-d5252a434a0e,p-0359e6b03f8b,v-70273ef81c48,ord-78632e4258ff,M,1,17.08,2026-11-08 04:40:51,True
c-ae5a8a5df06f,s-e4e76e73c6eb,u-fb565dd6f7a8,p-d0b1e7d49c91,v-dc80bcd19d58,ord-f9955f1ce12c,10,1,71.8,2026-11-08 04:50:49,True
c-3864812f8fa7,s-03549be50386,u-589854eebf67,p-22d95d57a4a4,v-f28bf12059ce,ord-8991ec8fa699,M,1,18.87,2026-11-08 05:08:44,True
c-203b17844126,s-338fdb189acc,u-664a17a491c1,p-eaf908448f12,v-e2f0d475ecb8,,XL,1,42.46,2026-11-08 05:22:15,False
c-ce9435077288,s-fbf8e5ac996a,u-4b5db11e7e10,p-16056459ebf0,v-308507d87e53,ord-fdb0e9becacf,M,2,45.15,2026-11-08 05:24:13,True
c-0d47ad1587ef,s-34ce4964ad72,u-8a7ea7c1318b,p-4d581a25c41a,v-ce4672ef6af1,ord-04ac89034895,7,1,87.53,2026-11-08 05:29:14,True
c-6f3e4920c792,s-00ab25719a2b,u-8e08edf8a13d,p-e9068ecfb826,v-2ed3fa0fb286,,L,1,19.26,2026-11-08 05:40:49,False
c-91d95c0c3fb5,s-7836344d89fa,u-3c6b9e52cdb9,p-579a9b3b3824,v-927ca67c0386,,XL,1,32.26,2026-11-08 05:42:30,False
c-8dc37dcedcf1,s-cfe2c28eef3f,u-2c90e7fdb3c8,p-374cc355e453,v-fadeb23fbd69,,M,1,33.18,2026-11-08 05:47:14,False
c-8cfd414c971e,s-cfe2c28eef3f,u-2c90e7fdb3c8,p-840dc3fd120f,v-a6d140fcf1e3,,S,1,56.29,2026-11-08 05:48:46,False
c-d38ba49a4de8,s-a219ed2c50cf,u-e208552bad96,p-b651bf785c76,v-bbe2659c88cb,ord-3480c6ac3ec4,XXL,1,33.34,2026-11-08 05:51:41,True
c-a95c0559fb25,s-886d8e48da16,u-3e53a773e795,p-fbd2033af83b,v-f9b07370238c,,One Size,2,51.53,2026-11-08 06:10:49,False
c-7ed131715808,s-540519d95d51,u-e5ff41ff3934,p-8ad88363ea13,v-3b7118013e06,,L,1,40.84,2026-11-08 06:44:26,False
c-a13bcca2111d,s-6f6298aad13b,u-e046be56a846,p-197441774e00,v-d82ae02cc27f,,XL,1,47.03,2026-11-08 06:50:48,False
c-5b010a51b4c3,s-1bd0b5a8fb14,u-6cef8a585c26,p-0df148d5c5bf,v-6098afe9bb46,,XXL,1,57.71,2026-11-08 06:54:45,False
c-56ebfbcce8f8,s-0c5e9848b657,u-176100db0cbb,p-4ec922dd60ba,v-8ffcb8dfd4fc,ord-4ee4f421cd3a,XL,1,44.6,2026-11-08 07:07:26,True
c-14b950f348d3,s-69097299298c,u-ab56bf16c826,p-547346e04cec,v-d4221e0e5a4e,ord-ea6dc5475ec6,XL,1,67.91,2026-11-08 07:18:44,True
c-37bfafe2c62e,s-c565a1dc5980,u-8e962319e8f6,p-4ea83f207299,v-3d128713e6b5,,XL,2,78.72,2026-11-08 07:33:21,False
c-6f41f9cfb0e9,s-e308652ea8ea,u-c45f1cdb6b05,p-017d814d6db2,v-2394756711e6,ord-f59026fa147c,M,1,53.35,2026-11-08 07:34:35,True
c-d54b06c569b8,s-b3c07f9d66d4,u-4a96245d7686,p-c30a24a4d965,v-f2f797f65e02,,L,1,65.3,2026-11-08 07:39:46,False
c-8568a99f52d1,s-b3c07f9d66d4,u-4a96245d7686,p-f49125a00aae,v-de4a8279dfad,,XS,2,67.89,2026-11-08 07:40:28,False
c-6528c370d6e5,s-88d89dcf1c48,u-01acd03162f8,p-28d371b26832,v-53eaaf4427c9,ord-14867d80b232,XL,1,59.74,2026-11-08 07:45:28,True
c-e74ab7774bdd,s-e5aabbab7273,u-e179cba9764d,p-896ee782e212,v-8ab2f937fb4b,,8,1,113.62,2026-11-08 08:22:31,False
c-3a9f9ade15f1,s-e5aabbab7273,u-e179cba9764d,p-c5c41af6dfe7,v-2bdccadc1f83,,S,1,84.67,2026-11-08 08:26:36,False
c-c9f8a180882a,s-0de9b6ec38fe,u-473fb3ec4662,p-08ccad08d3e3,v-d7e16a4dba6d,ord-67109e22a797,9,1,147.86,2026-11-08 08:27:18,True
c-b30e94026991,s-bc79372bde3f,u-1fcdd0eaa5a3,p-beb74176f1de,v-5f9f960bafb5,,XL,1,17.97,2026-11-08 08:27:26,False
c-e0f90e0ecd15,s-62a0f9bd2020,u-10eb55224fc1,p-f49f9a26aa05,v-c19805d64347,ord-f9b5f2caad8c,XL,2,48.75,2026-11-08 08:35:55,True
c-5c5fd1d2ba6f,s-b1684ff656fb,u-9b63d51807a1,p-1e28fb9cbf4b,v-0d45fcf46ff9,ord-83c6e6009e6e,XXL,1,91.55,2026-11-08 08:39:05,True
c-ce1a81e1ba15,s-2571b60aa98f,u-61ca88bb34b9,p-47d57b9ced2c,v-7eded52206d1,ord-c9a7289e9f6d,S,1,61.59,2026-11-08 08:50:19,True
c-71c546ddcfa9,s-751b2bc0c532,u-1a8f6f3eb903,p-f49125a00aae,v-bfa43d0247c5,,S,1,67.89,2026-11-08 08:50:30,False
c-d9c38f3f42f8,s-12655decef84,u-ead4044cf1a9,p-a1ea8ac8b794,v-d12b1b22a673,,8,2,65.0,2026-11-08 09:08:07,False
c-71a61547daf1,s-31ab0caf3f81,u-ffa7cbf60684,p-809148084a54,v-4d03bba7337c,ord-397291e1ca66,9,1,53.39,2026-11-08 09:53:54,True
c-5ee16b139be4,s-648d08ab0d0a,u-67ad32dffc36,p-d7568994dc7a,v-db59d3d57e57,ord-92a7bd1a623a,L,1,46.87,2026-11-08 09:55:09,True
c-00b9fb641968,s-ef98da45eddc,u-18193e729804,p-373910a7c95a,v-0e43bfbe612f,,10,1,60.12,2026-11-08 09:55:30,False
c-2fd6d0eb96f9,s-ef98da45eddc,u-18193e729804,p-284596cdedc9,v-e2cae9422796,,9,1,83.73,2026-11-08 09:57:48,False
c-b6f24f8e1294,s-0ce4a068bdba,u-50036295343c,p-94495595044f,v-c79f5cbab339,,M,1,36.83,2026-11-08 10:01:54,False
c-cb9ef81335e4,s-57a3918815e3,u-c0c1f1bb0ca4,p-22d322fc42b0,v-13665d40446b,ord-0f0c75504bed,XS,2,72.49,2026-11-08 10:03:51,True
c-58eb545e43e7,s-26a7a7b22daf,u-7b5781274eba,p-77002300bcd8,v-d5bdd51232dc,ord-86f7d4a45f77,L,1,73.23,2026-11-08 10:04:18,True
c-cb7f47da020f,s-57a3918815e3,u-c0c1f1bb0ca4,p-b0bfc4aaca13,v-56430cc61aaa,ord-0f0c75504bed,XS,1,66.87,2026-11-08 10:04:44,True
c-68707283efce,s-57a3918815e3,u-c0c1f1bb0ca4,p-56f25c14d41c,v-d8c21f143139,ord-0f0c75504bed,S,2,66.84,2026-11-08 10:05:11,True
c-2e89861bd081,s-7150a7ab0208,u-a02363870882,p-a28088e47da3,v-4922c306ce73,,8,1,91.47,2026-11-08 10:17:03,False
c-efdb744ad652,s-24b6c7b8a461,u-3476bf8c500a,p-7402450e78f9,v-189760f78a47,ord-bd59e600363e,One Size,2,92.69,2026-11-08 10:21:35,True
c-f2300532a2f9,s-80413e0400cd,u-13c2ff7dc52e,p-a2635dca46b2,v-a39b85a41306,ord-32467f7a43bd,XL,1,36.66,2026-11-08 10:59:37,True
c-bfa36565dd20,s-df1d7360d1b3,u-e47d51480bbe,p-5ad2007efeea,v-26d7643d72b8,ord-e49ac961c1ac,M,1,24.22,2026-11-08 11:15:38,True
c-ad7c09ad61f1,s-630c27078362,u-c19dbb24b3a8,p-028a2ef42fb8,v-38cae7a2225f,,XS,1,66.84,2026-11-08 11:36:33,False
c-de4f1821c135,s-5b134dc4cfcc,u-b2263a01aaf3,p-e089a9875ce3,v-fb8c8f4dd217,,S,1,66.87,2026-11-08 11:38:11,False
c-1c53f7ff81b6,s-9e2547a0b29c,u-1a11f99d5d5e,p-d2a785a57ed6,v-395b15df2a44,,M,1,51.37,2026-11-08 11:43:55,False
c-a6d0374d62e3,s-fa8d32aff9a3,u-dd0ffc068761,p-89a6d1cb864c,v-46fbabee9f4d,ord-ec38ab346677,One Size,1,66.32,2026-11-08 12:05:29,True
c-e8b6836a9468,s-fa8d32aff9a3,u-dd0ffc068761,p-a69300b85fa7,v-a3cd654a4106,ord-ec38ab346677,S,1,53.33,2026-11-08 12:06:40,True
c-dce3b264db91,s-a2a380e0527a,u-4f3e913700ff,p-ead53aa70431,v-a66c1e0643b7,ord-ea0ae945e09c,L,1,47.48,2026-11-08 12:19:40,True
c-6407e452549b,s-15fa33d226fc,u-811b6cad83f2,p-f191fdc007ba,v-90ad24e0fffd,,11,1,96.06,2026-11-08 12:23:50,False
c-164129cb2b16,s-4abe6159c7cb,u-16af5c5fed9e,p-0979a5b2807e,v-c2774e38339c,ord-1371b1a4eda9,S,1,45.04,2026-11-08 12:24:16,True
c-c3746ef116b3,s-954b7bf61eeb,u-f1fa9e35363e,p-ee91cc692e57,v-d4a1adbadc04,,M,1,46.92,2026-11-08 12:31:13,False
c-7cc5dc2f06ef,s-e5420cdbdebd,u-5f279c30686f,p-89dda7e1ee10,v-3652f18de86e,ord-8b3f7ca6c9c2,XXL,1,56.34,2026-11-08 12:33:59,True
c-b5eb20aa5607,s-e5420cdbdebd,u-5f279c30686f,p-83f86f04f0a6,v-11f3917d54ff,ord-8b3f7ca6c9c2,L,1,42.37,2026-11-08 12:35:28,True
c-80f1fbd4d283,s-e0c88ad55894,u-16ae550ab5e0,p-adb0d6a94a5a,v-59529ff6c227,ord-cf7dfda36bfd,S,1,50.21,2026-11-08 12:52:52,True
c-5184c78c84d6,s-2687b2f996c2,u-3bb6456d8371,p-699ebe9cd2ce,v-e763664822d1,,S,1,41.74,2026-11-08 13:05:00,False
c-21ccafdeaaac,s-2eca37bf7df6,u-6f7663d5e769,p-c83cd58474ae,v-f5a79cb78a5d,,One Size,1,99.26,2026-11-08 13:14:52,False
c-0653c5ab96b3,s-4d918211a8d7,u-845fe67326c4,p-0f90c26f0fe9,v-7f2c07915c3e,,XXL,1,104.62,2026-11-08 13:16:50,False
c-21de3658f38a,s-25435b093832,u-532caa6e8f01,p-cbc293ff022a,v-675ba2d924b3,,S,1,47.69,2026-11-08 13:42:05,False
c-ce0ae8daff1d,s-931eb24d1ff6,u-408def1894f7,p-d422e80b330e,v-3a22e121d9de,,One Size,1,107.07,2026-11-08 13:45:21,False
c-8ac77ca7d4df,s-d4615f3e41bf,u-c18ec99279c7,p-389061621690,v-1bc1f7f04532,ord-0bea86a76002,L,1,48.86,2026-11-08 14:14:35,True
c-3dd3b0ed94fb,s-a55165c5c57c,u-ed8db20b6131,p-badbb3761af6,v-f4dba56d455d,,XS,1,35.66,2026-11-08 14:22:23,False
c-1db77f09a3b7,s-a55165c5c57c,u-ed8db20b6131,p-09ed122f5ba6,v-c5be312a7e40,,XL,1,102.82,2026-11-08 14:23:40,False
c-da25591187d5,s-83cc143b7c65,u-cca4bd7e67bd,p-192469735051,v-a5e777cba9fe,,L,2,54.25,2026-11-08 14:30:41,False
c-398965572f94,s-fb20d5ce35ec,u-ebfe3401c405,p-f6078bb565ea,v-2a4d4569e913,ord-043cda2003c8,One Size,1,19.82,2026-11-08 14:39:10,True
c-c2050404840e,s-c40d16d59eaa,u-4e8646ebe8dc,p-eaf908448f12,v-b4c0983df088,,XL,1,42.46,2026-11-08 14:49:53,False
c-e6e32ca170c9,s-9cb804c85e6d,u-03e409b084e3,p-06d0ff181fa8,v-89c636011444,,6,1,39.57,2026-11-08 14:52:47,False
c-8ae51c0ad3d5,s-9cb804c85e6d,u-03e409b084e3,p-884e758908f8,v-d893ad6c72a0,,M,1,40.33,2026-11-08 14:53:56,False
c-7af7e577d8e3,s-2fb973e526be,u-dc5ed498101e,p-fb40526cd3c7,v-6abf2ab800e3,ord-d70f154c0cbc,M,1,86.75,2026-11-08 15:23:02,True
c-0367ea06dd8e,s-0225d07cfbf6,u-e43055c2ce6a,p-e1df15623828,v-ba0f8db03063,,XL,1,41.21,2026-11-08 15:27:19,False
c-7b95eea0d3e9,s-89f1fb0f3f33,u-77da0c6e2b14,p-f50cbec3caa8,v-83fac534147b,,L,1,61.05,2026-11-08 15:42:02,False
c-447e5eb52ee2,s-04fe9a63fb73,u-f5a13c8bbdd0,p-4e1b3dd6a395,v-2df902c6986b,ord-3047ee233db4,S,1,27.39,2026-11-08 15:43:37,True
c-dfa0f66a3519,s-ec194cf875d2,u-3d4529b25c66,p-82f9cee71a01,v-c413e377b795,ord-a1f2469af2e7,S,2,33.62,2026-11-08 15:56:30,True
c-0e9089b9ca35,s-7cafb432b833,u-5d40b720cbe8,p-d90ddaefab66,v-e79e5e022cb1,,6,1,77.55,2026-11-08 15:58:39,False
c-70735c3a6d51,s-ec194cf875d2,u-3d4529b25c66,p-ed118a7aa1b1,v-236d1c8211f7,ord-a1f2469af2e7,XXL,1,90.77,2026-11-08 16:00:13,True
c-8231e6b6f5da,s-4e66ce9e1a6f,u-af9eb438aabd,p-386a1aa3048c,v-f239aeff99a7,,S,2,44.42,2026-11-08 16:03:16,False
c-b93b7d122f87,s-7be2127f1549,u-03026484ab62,p-5dae71bab7b2,v-84e9209d9144,ord-e68084e17962,S,1,53.5,2026-11-08 16:04:25,True
c-3c0ce90623c1,s-fba60e23544a,u-2418317b1aab,p-75d8655c95a1,v-cf86cd3605f5,,M,1,39.15,2026-11-08 16:06:03,False
c-883b72c493b0,s-fba60e23544a,u-2418317b1aab,p-ff03368ad525,v-52844d808b81,,L,1,45.13,2026-11-08 16:06:25,False
c-4473abed68b0,s-8b69b4129c2b,u-b3c2bdd0a755,p-63df77a65ce5,v-b265b62246f5,,XXL,1,58.86,2026-11-08 16:15:18,False
c-e8e25467779b,s-38761af60692,u-5bf0dd983623,p-d469a3b87ced,v-5eee141e728a,ord-a01427ca6a57,S,1,51.28,2026-11-08 16:25:41,True
c-4839c5f63196,s-b074931f8ec5,u-e926db8f0361,p-4904d614c34b,v-f211ef1f8f7d,ord-0f12ea13316f,XS,1,59.37,2026-11-08 16:30:20,True
c-e5c7a066a814,s-318a861144f2,u-05aec656afe7,p-6c219b280162,v-a8108859ff09,,XL,1,44.66,2026-11-08 16:41:33,False
c-1e4a44651578,s-506fe93aabb0,u-69e433cb7c2c,p-728e9da1858a,v-8b14811643eb,ord-a9c829ed8a44,One Size,1,133.7,2026-11-08 17:04:04,True
c-0fa9865408c5,s-db1133b48c7a,u-9e317398f380,p-f8de2716ffdd,v-1a77f5eba675,ord-a9d50afad452,XL,1,30.34,2026-11-08 17:09:33,True
c-cb40061f7168,s-cfaae23c7fd0,u-329caec8af32,p-95d0f8b7ddef,v-ac3cc85dd05c,,9,1,131.98,2026-11-08 17:19:18,False
c-2afb44bd468f,s-07520d7df238,u-796a8691adce,p-46408a46f14e,v-b6d16cb59b3c,ord-fe34fa334d24,S,1,59.96,2026-11-08 17:25:05,True
c-b470027a21dc,s-6e6b1967bfd3,u-44e1d814d365,p-381c4e1cc233,v-a14370c59143,,One Size,1,57.19,2026-11-08 17:26:38,False
c-a979bcf2bba8,s-cb7f08fa05a0,u-743aa261007f,p-741faed57d14,v-ed610a8afa30,ord-80ae6bbd70fb,L,2,27.45,2026-11-08 17:35:46,True
c-ae2a4899d444,s-4f7a69127479,u-2db971c6d104,p-14cbac75d7bf,v-cdedcdd55075,ord-cec8005907ba,L,1,52.41,2026-11-08 17:36:21,True
c-b474ddbfa0f2,s-aef3f424d0ec,u-48f3f21df948,p-96ca3cfd420b,v-b3e0a983ca46,ord-fabd9a7984b8,L,1,76.85,2026-11-08 17:38:40,True
c-601e7667a0ce,s-9f9d207a52f2,u-61506c5c0145,p-c212f3886f35,v-4e207ed5bc17,,M,1,48.22,2026-11-08 17:44:54,False
c-4866c946194e,s-ebe40ee8d9a8,u-46d68aeb2f39,p-63dad958f079,v-98338bb16982,,9,1,85.98,2026-11-08 17:54:47,False
c-ee2f0d4f1ef9,s-b8dfe1147854,u-9a49e3fba7eb,p-e0249788f7be,v-a0b5ba2c7212,,XL,1,36.21,2026-11-08 17:59:14,False
c-51e50b0f0736,s-c3e97de7923b,u-0e3fcc506c45,p-8ec380555d70,v-e72c364689d6,,M,1,41.26,2026-11-08 18:00:37,False
c-8eed68ef5ae8,s-7dcaf684f3dc,u-5961862721b8,p-afb5ca535eb3,v-44425720a5cc,ord-845e2f10e597,L,1,61.88,2026-11-08 18:03:57,True
c-dfa60cf60ddb,s-521839e1de0e,u-fecc137f78e3,p-b973221e5e3d,v-dfca2ac4082e,,XS,1,52.81,2026-11-08 18:26:12,False
c-de0e22f9a994,s-73a6568196fa,u-3d19ef5703c7,p-1e0d298892b0,v-28ad1778ae0b,,XS,1,49.55,2026-11-08 18:54:56,False
c-6319c4f4fd31,s-b0664621d37e,u-8606bc171ddd,p-9789e192ff3b,v-9944ab87f022,,L,1,23.52,2026-11-08 18:56:14,False
c-49ee65138dfd,s-0605cc2bfa40,u-c3da4c7a5042,p-0f4c4521029c,v-047339f3b81d,,11,1,56.87,2026-11-08 18:58:55,False
c-9228eac6106a,s-0605cc2bfa40,u-c3da4c7a5042,p-daf5cd24f22b,v-1b87972f74c3,,7,1,61.7,2026-11-08 18:59:06,False
c-f02d574551f8,s-a3edc7b4ad58,u-f1cf20dd8ad6,p-164d873d107d,v-5cc56f46aea5,,S,1,61.62,2026-11-08 19:10:17,False
c-22a006e4a154,s-9cb04742d173,u-4e4a7ceccd9e,p-c84f91ab2f53,v-eba2a9ff8394,,XS,1,53.72,2026-11-08 19:28:28,False
c-b9a4d8514c56,s-68f015ea71df,u-3957cbb41011,p-a30b57442693,v-ab1f986ea497,,L,1,98.87,2026-11-08 19:38:54,False
c-78946eb8b652,s-3dceac6e5381,u-388de90cbb4a,p-8bf8e65bbf83,v-8dae857227be,,XL,1,56.23,2026-11-08 19:46:02,False
c-767690f9a16d,s-3dceac6e5381,u-388de90cbb4a,p-5be1ceedab47,v-46b0fe406250,,S,1,67.34,2026-11-08 19:47:30,False
c-1fcee5f850c8,s-f7ead86a8fa0,u-e2aed88969ff,p-835bf94d8a76,v-ab9d50691d80,,One Size,1,57.95,2026-11-08 19:50:11,False
c-2e32e32f8ba6,s-f7ead86a8fa0,u-e2aed88969ff,p-8751b338486b,v-3a9ddb234057,,L,1,96.4,2026-11-08 19:52:15,False
c-9aa8888cb309,s-886c5dff04c5,u-4a81f92a2f60,p-b32bd68960e3,v-127f71b878e1,,M,1,58.56,2026-11-08 19:57:57,False
c-834e2f94afd9,s-cd2ffc58573c,u-f3a0f99055e0,p-49400352cbf6,v-f924b973273a,,XL,1,46.8,2026-11-08 19:58:50,False
c-bd387d39ec5f,s-ba277bb6eb3b,u-a6157faf924b,p-474a73bfaeb6,v-a87b624fcf99,,S,2,31.02,2026-11-08 20:14:59,False
c-6bef5487210c,s-7413d129bd27,u-80b80b8fc7a3,p-4fbd9539bd6b,v-248de3ab3935,,L,2,60.95,2026-11-08 20:24:28,False
c-a76c3ccdc2a4,s-f4d5fe06eed2,u-1133fd2661f2,p-da7cd716a2ce,v-e4b4e3f92e43,ord-acf93454167c,XL,1,32.33,2026-11-08 20:27:06,True
c-11d557a7db29,s-0ec185a976f1,u-9859f2ec44d0,p-2d325fa8b68a,v-9b6a441d5899,,9,1,72.89,2026-11-08 20:27:37,False
c-7800f5797ff6,s-6160dc1322f7,u-8357a6d18928,p-e4ebc2da0d8a,v-64c88ac4f796,,L,1,23.05,2026-11-08 20:31:08,False
c-28e316d03700,s-5d74539bb61d,u-f460a93eda2c,p-40701d415e13,v-d37529aafe7c,,XXL,1,63.18,2026-11-08 20:46:33,False
c-12d341002bda,s-33a71b82486b,u-5059ea75a12f,p-21b4d0423658,v-3fea58b79a11,,XXL,1,30.82,2026-11-08 21:00:03,False
c-929706039536,s-73fe54541158,u-ef20d88a25cf,p-451d35ee28e3,v-4dce7b779fc8,,S,1,61.88,2026-11-08 21:02:24,False
c-4fa259e31232,s-da2129e438c1,u-70384382ab6c,p-d90e594896a1,v-ba9995d5ba4e,ord-060640f45c1e,L,1,76.57,2026-11-08 21:05:59,True
c-6449de7eded2,s-da2129e438c1,u-70384382ab6c,p-d8460f51709a,v-a52b826473f4,ord-060640f45c1e,L,2,22.61,2026-11-08 21:09:36,True
c-812eed00dfe6,s-da2129e438c1,u-70384382ab6c,p-29c5ff163998,v-fac76b829555,ord-060640f45c1e,XL,2,13.73,2026-11-08 21:09:59,True
c-527634495351,s-cb3aeb88cbd2,u-deb966c1db4c,p-abffc77ec41d,v-a7c491285af5,ord-9cb978a825e4,M,1,70.02,2026-11-08 21:13:20,True
c-26256211d83a,s-4789f90ac83d,u-87df9aa4c820,p-04c9e9b37786,v-a729dce995c6,ord-963d31a3bb32,S,1,57.33,2026-11-08 21:35:52,True
c-ed2b165c05d9,s-137f19a4f06a,u-1726788b9cd5,p-a5b65e0497ac,v-7093f4d715aa,,S,1,111.24,2026-11-08 21:53:18,False
c-82cbcd16f971,s-20a158a7c8b7,u-67d91d45cac2,p-69daf4452ca8,v-fbc6aabc0769,ord-84127059443c,L,1,23.55,2026-11-08 22:09:42,True
c-59eb9c00c878,s-a7ac94bd15ed,u-3f5f3211c3f7,p-3cac462524b6,v-c6376ddce7ce,ord-8e4eb0cf472a,L,1,57.56,2026-11-08 22:13:17,True
c-839081b080c3,s-ead9925e4f86,u-99a832b23c6f,p-ec8f9ff55280,v-7842388a77af,,10,1,89.79,2026-11-08 22:19:55,False
c-6a1ba3c6f720,s-a7490671900c,u-79b7fd6ac8f7,p-8493fde57fa9,v-5b16c1ebdb2b,ord-22b85d803631,M,1,31.88,2026-11-08 22:46:19,True
c-9adfddf3bc4f,s-7322efea9557,u-98c246296113,p-4a69548d1dea,v-f56e5f77601c,ord-e7720c6c8016,M,1,55.29,2026-11-08 22:52:38,True
c-7a29fa565cb8,s-7e3e36bd1381,u-5b5d95e9619e,p-ddd916ebcbbc,v-91077b9ed444,,9,1,79.61,2026-11-08 23:03:03,False
c-027b7a33a357,s-f4331ae1ead7,u-796a8691adce,p-0390992dfbcc,v-978844c00dd4,ord-5f5f809ade38,XL,1,37.45,2026-11-08 23:20:35,True
c-f139695a5e7e,s-f4331ae1ead7,u-796a8691adce,p-0be47a814aaf,v-63070343951c,ord-5f5f809ade38,S,1,66.53,2026-11-08 23:21:54,True
c-d9c5e788ff1a,s-f4331ae1ead7,u-796a8691adce,p-8072c699265e,v-4844bfd7e792,ord-5f5f809ade38,L,1,39.17,2026-11-08 23:23:23,True
c-9d7820392abd,s-6bf105f99aa1,u-51bf12bf7d73,p-d9c1704aa7ef,v-42d79d8f3ac2,,XL,2,38.25,2026-11-08 23:23:47,False
c-bf5bfde91c85,s-9cbfd63d0355,u-461f9c515d40,p-8f45393df75d,v-7a33c6d379f3,,XL,1,76.37,2026-11-08 23:41:28,False
c-b1a655b3147b,s-48fc62621ec3,u-1787bd5e2213,p-a1ea8ac8b794,v-76d3f4fdff3b,ord-694acc16229a,9,1,65.0,2026-11-09 00:21:37,True
c-212a4270bb83,s-48fc62621ec3,u-1787bd5e2213,p-21e629210114,v-609545450d67,ord-694acc16229a,8,2,46.29,2026-11-09 00:22:29,True
c-ecab1478e407,s-c3e89df50794,u-9455efb73c06,p-5300796d576b,v-6cbe86d5b685,ord-f6dbff1f5929,S,1,76.64,2026-11-09 00:25:18,True
c-f8ab3071f5dc,s-c3e89df50794,u-9455efb73c06,p-538030e34bb1,v-b8249715da36,ord-f6dbff1f5929,One Size,1,31.84,2026-11-09 00:26:24,True
c-9c82bbe88212,s-c3e89df50794,u-9455efb73c06,p-46408a46f14e,v-c0050ddff09c,ord-f6dbff1f5929,L,1,59.96,2026-11-09 00:26:32,True
c-101a20828e20,s-10ef70fa476e,u-d75e93fe3d04,p-54173e2d59cb,v-b1402bae4cd2,ord-67371f262c72,M,1,60.23,2026-11-09 00:34:49,True
c-63ed2bfe400e,s-761ef6e5fc15,u-23d388ed6732,p-f6da5c3405a0,v-8dc48184a23b,ord-64b6ff0a4ddc,S,1,59.43,2026-11-09 01:02:15,True
c-a1d6dd8b0ad2,s-4fdff8c9d0a2,u-c6c5d67beb2e,p-750f83e553ba,v-1bb32c49803d,ord-0215d9a59dfc,XL,1,53.05,2026-11-09 01:24:46,True
c-bb123ebcefb5,s-4fdff8c9d0a2,u-c6c5d67beb2e,p-04c9e9b37786,v-2d6eefccca8c,ord-0215d9a59dfc,XS,1,57.33,2026-11-09 01:27:03,True
c-ee55fa8192fb,s-1c3d9f4ee9d9,u-0232987f5cbc,p-c97e4965132f,v-e5444d138dc6,ord-6a2746cb9838,One Size,2,23.93,2026-11-09 01:31:09,True
c-f668225cacf9,s-52e215c4d402,u-e5b5c6f96438,p-2df786ae0c97,v-4da1dfb33d16,ord-0ceb5742ae43,XS,1,43.23,2026-11-09 01:32:45,True
c-eb45410b3618,s-b8fce7d882d1,u-4c783a5c159e,p-5d690f7a8ca4,v-770168eed18c,,S,1,58.94,2026-11-09 01:43:53,False
c-c6c38140808f,s-39e2d2452ada,u-200b7a0b0136,p-033cd649d948,v-0763932aaff4,ord-db237bf6057e,XL,1,28.14,2026-11-09 01:51:55,True
c-c3c9c9d32673,s-c148ec458b52,u-43b5bebe465b,p-f9c378302ece,v-c4f24ab11710,ord-21a49876c008,XL,1,49.23,2026-11-09 01:58:19,True
c-9cc26b399ae8,s-1ae4ad0af4a7,u-a8d8c48212ce,p-9869710329a7,v-d60aff8ddf80,,S,1,24.21,2026-11-09 01:58:25,False
c-cf226f829f30,s-99a5b5c16a91,u-224a7b8fb1f7,p-021b2ba00e38,v-a7444288bef4,ord-aaa58d456201,S,1,49.85,2026-11-09 02:11:40,True
c-004cf3ea5ece,s-cc19e6f5fb12,u-91f3311d3a8a,p-9ea54d44996e,v-b771e3e36a1a,,S,1,54.1,2026-11-09 02:18:11,False
c-50eb2f53b291,s-b1b4135e1186,u-82e9bc020f5b,p-86ecada0d300,v-be547a5108bf,,One Size,1,50.92,2026-11-09 02:20:06,False
c-52601a20e421,s-215cf26c2cff,u-50c975376e6b,p-a2635dca46b2,v-b68601afb43e,ord-7ef93aae1e6c,L,1,36.66,2026-11-09 02:20:15,True
c-49d60aa50046,s-2da37bb001b9,u-89e175fcf83f,p-46e2a518589e,v-f19bc75da084,ord-5a3aeb347f15,XL,2,50.51,2026-11-09 02:20:36,True
c-8726bfacd171,s-b1b4135e1186,u-82e9bc020f5b,p-4229f736eea6,v-1b2d68bc517e,,S,1,43.16,2026-11-09 02:21:07,False
c-7bbe1c5177b6,s-215cf26c2cff,u-50c975376e6b,p-23767d2fbce3,v-364ca9e6faaf,ord-7ef93aae1e6c,10,1,84.1,2026-11-09 02:21:43,True
c-b42246e1e10f,s-7e459d8c08e4,u-40fcf321817d,p-e51b31a9c2f7,v-bbcc89a08804,ord-eba3edece4aa,XL,1,24.83,2026-11-09 02:27:56,True
c-f410818686bb,s-652ca5cf27ec,u-a2750aca0f12,p-0e8ea9210eb0,v-d2039597dd92,ord-6742be32db5f,XXL,1,84.25,2026-11-09 02:30:35,True
c-2126617bd057,s-2f982dc467ae,u-e0e8db8a6a9f,p-86296d534b49,v-0a252e92d040,,XXL,1,15.51,2026-11-09 02:33:32,False
c-044a9087a038,s-34364b306e6a,u-24ba4776d80d,p-06f0ecdca59e,v-549797d69ccd,,XL,1,45.83,2026-11-09 02:47:29,False
c-c32daa15d383,s-efd3f57a4f07,u-e47d51480bbe,p-4e60bf84efc8,v-3c9022948c5e,,10,1,48.33,2026-11-09 02:47:46,False
c-cd9543416001,s-efd3f57a4f07,u-e47d51480bbe,p-6a8af370f84b,v-250bda204700,,6,1,56.35,2026-11-09 02:48:46,False
c-2867b931a26b,s-c3495b04e259,u-be504fcf7a1b,p-d514d1156c6b,v-7816b27dea74,,XL,1,72.56,2026-11-09 03:04:24,False
c-6dd7fd3ed5a9,s-7e6b0aaae7c6,u-7c514ac1c143,p-c3ce6086cea0,v-fde5791f3c9a,,M,1,28.28,2026-11-09 03:17:25,False
c-f684bc7b8714,s-5e9458e3e9c6,u-5aa9ed1c2ad9,p-c5c41af6dfe7,v-2e4ee1a0a590,ord-25767ec741a3,M,1,84.67,2026-11-09 03:19:38,True
c-bd761b79e810,s-c4f57f0d3778,u-8ba20adc059f,p-3657f8e0122a,v-00983106291e,,10,1,50.72,2026-11-09 03:42:08,False
c-04991ca6199b,s-fbfcba9a3764,u-d67069817530,p-e051faaf68f3,v-4c5c876ef3e8,,7,1,129.15,2026-11-09 03:57:28,False
c-5921c2541658,s-3617412e80a5,u-3e53a773e795,p-eaddae3dcf63,v-fb92860148bb,ord-3ca7ccff48c8,XL,1,24.23,2026-11-09 03:57:58,True
c-0bcbbd76052d,s-b0f039d1918d,u-a708fbe718d2,p-e66bc83d3920,v-2e4ed6d2c034,,8,1,47.03,2026-11-09 03:58:01,False
c-fbf39a9847bd,s-f9d4ff94531b,u-f50675937054,p-7270e31789a2,v-1129d00824dd,ord-2e2b42900333,10,1,92.22,2026-11-09 03:59:24,True
c-de5847ba5db5,s-7e5b66dd02e7,u-0b364719a9a0,p-ba1bbbe72547,v-a276ecdb5cda,,M,1,60.24,2026-11-09 04:05:25,False
c-cdac6a0c9884,s-52d9c6b252ef,u-b6c63285e0c2,p-fd5e47a00908,v-b1d884a1f3e5,,10,1,36.59,2026-11-09 04:09:34,False
c-127bff1f9057,s-a3d1944dc771,u-441b5e31db3e,p-fff670c8c0f2,v-ef76354f89d0,ord-7947f78c4d71,One Size,1,49.97,2026-11-09 04:14:30,True
c-75f86f0a32dd,s-a81bd314769e,u-f61465b43dbb,p-56de52c800bf,v-8873f5fe99a2,,M,1,45.67,2026-11-09 04:17:43,False
c-165d59d09528,s-e4461719fa29,u-4e675f941474,p-ede00ef80bbe,v-6cba6a66462e,,6,1,47.76,2026-11-09 04:38:14,False
c-8fbb730a0bd0,s-8dd320aa4ac4,u-f70ac6414d5a,p-150df58e3452,v-c3ef28e14c45,ord-d0b1d8876fea,XS,1,24.92,2026-11-09 04:45:10,True
c-22fdfff48c5f,s-f110f2174f57,u-fa0c9e9cabf1,p-7fcf75f149b1,v-041e9895b12f,,L,1,21.74,2026-11-09 05:05:57,False
c-ad1c3625d8a5,s-e50c8c0b4fc9,u-25a2aa00704d,p-cb2c7a9ffa58,v-10969c8fe1a6,ord-ab738595909b,XS,1,77.43,2026-11-09 05:11:37,True
c-3f3c3f8173bc,s-c37b3796649a,u-c60bb1b75961,p-4f25c30da2b0,v-5ff488d9c860,,XS,1,53.79,2026-11-09 05:37:26,False
c-52107055d234,s-37c81d2d21a6,u-69a6c08f0a58,p-d973be4b8648,v-45bf3aa1dcad,,One Size,1,35.26,2026-11-09 05:43:40,False
c-4ba07ee41590,s-37c81d2d21a6,u-69a6c08f0a58,p-22b0ddeac786,v-4020289cb756,,One Size,1,96.33,2026-11-09 05:44:27,False
c-4ed520718974,s-c39c715688f0,u-9e21a9e59a3e,p-d660e4723d1d,v-9f3981e32fd9,ord-2934f65a2ab3,One Size,1,24.7,2026-11-09 05:50:35,True
c-989de9cb5e36,s-8b4828de2192,u-82a41819d2d6,p-9b85fd2b893a,v-62423123e214,ord-38b2552c4889,XS,1,101.01,2026-11-09 05:50:54,True
c-30d39aa33c1e,s-c7b5c5c61992,u-7f96c56f6e1a,p-87f337a5759c,v-ef10e3001e9c,,10,1,85.98,2026-11-09 05:54:53,False
c-c3b42eb2105d,s-0716560177a1,u-1d23adc815f3,p-d7c7b870d147,v-648ad215a238,,XXL,1,46.44,2026-11-09 06:00:47,False
c-50be0aa7600c,s-46598c668ea2,u-88bca72bc5ec,p-11da1292c305,v-81da89df66aa,ord-11a273455232,One Size,1,52.3,2026-11-09 06:10:33,True
c-dbb8753b75b1,s-02d5c959ed89,u-cbd7f3ede504,p-125e63056034,v-949a16cb2fbb,,XL,1,44.94,2026-11-09 06:16:29,False
c-c5216c25d4d3,s-fe248c98207d,u-9274619a3bcf,p-808c451d43cb,v-d83e72587236,,S,1,50.98,2026-11-09 06:28:43,False
c-93f93117515a,s-fe248c98207d,u-9274619a3bcf,p-e117ca90e040,v-7bc2c5a4aaf9,,S,1,59.54,2026-11-09 06:30:58,False
c-f0e4359cad41,s-f733646b47e1,u-975a1490ff7c,p-d401d37afeef,v-26e46aebbe7d,,XL,2,53.97,2026-11-09 06:31:05,False
c-2ad4670ac9ec,s-49b843042573,u-aeee1faff608,p-590824562404,v-fd0696ff31d8,ord-4820580ba0f5,9,1,117.93,2026-11-09 06:43:42,True
c-9a4c4f959cbb,s-28a30288be1c,u-88c733613538,p-3dcd4a2ea723,v-75283a1f009d,,One Size,1,38.05,2026-11-09 06:44:39,False
c-9a33775e738e,s-a872ea26ebc8,u-8e1273b6312c,p-0f529b5d300d,v-76c48c1c1462,ord-a07064bec6fa,S,1,41.21,2026-11-09 06:52:45,True
c-f481b014927b,s-85d89ef55909,u-16b9d617443c,p-f10bb3a57be0,v-719cd63bc0b5,ord-7b5eb99aebc8,M,1,33.02,2026-11-09 06:57:11,True
c-f0cda4fae3e9,s-ee49c33e4bc3,u-34390697b45d,p-89ea312cd559,v-413680af13ce,,S,1,72.02,2026-11-09 06:59:19,False
c-70a50874eec1,s-ddf0bd7bfd7e,u-c0c6895d914b,p-366499dbb99d,v-b2dd3cf1337d,,M,2,50.42,2026-11-09 07:13:18,False
c-b3dc560ca29d,s-983299f4d368,u-a96bbfc99a2e,p-3d285e2b54c8,v-4c3a97a906ec,ord-5c590c2f6cda,L,1,45.87,2026-11-09 07:33:32,True
c-894031a58748,s-983299f4d368,u-a96bbfc99a2e,p-2b8e931b1f38,v-eb86bae1c8f1,ord-5c590c2f6cda,One Size,1,65.74,2026-11-09 07:34:42,True
c-f7b8e01b56e9,s-898cccd36b5b,u-7d65e8bfb431,p-b83c6142a2ce,v-f06640714798,ord-a76490167508,XL,1,103.42,2026-11-09 07:52:46,True
c-f8f346c8c4ca,s-8df53eeef42f,u-2aa539bd24ab,p-f9f787c33baa,v-32bc7682805f,,XXL,1,37.44,2026-11-09 08:01:32,False
c-273671ee4b18,s-a20d6acbd596,u-85a8bfef95eb,p-d05a5f84d01e,v-733f61ef9101,,S,1,39.54,2026-11-09 08:07:53,False
c-7782000e3e98,s-a20d6acbd596,u-85a8bfef95eb,p-cbeb4644a5d2,v-555deaae4b57,,S,1,32.87,2026-11-09 08:08:12,False
c-b39c93bccfde,s-99f88d02d8f0,u-d719f3cb8026,p-84e06d920009,v-9e6e9c5656e4,ord-2857efeb95e8,8,2,104.89,2026-11-09 08:12:53,True
c-48542066759c,s-01b42b196ac6,u-92e52ca47bc8,p-4e60bf84efc8,v-b20d6733a1f0,,10,1,48.33,2026-11-09 08:37:58,False
c-d0c8957c36e3,s-d73cbd7a2579,u-b33b9f720d4a,p-2d023543a920,v-a386d8267664,ord-821e59c57e43,XL,1,58.33,2026-11-09 09:06:22,True
c-e23138575a58,s-afa86370903c,u-53ce86cd1e49,p-2d839c9d3ca5,v-1084d19e29a1,,L,1,48.79,2026-11-09 09:20:20,False
c-11721d2bf823,s-2dd54e3f9675,u-476a56012119,p-f946e1d81e39,v-85a488e79044,ord-08c158209340,XS,1,77.79,2026-11-09 09:27:04,True
c-48f7c9ef5132,s-d99f8e9ebcae,u-0e9efc297316,p-19516ce35ff7,v-7a490eb9a5a4,,S,1,48.33,2026-11-09 09:29:08,False
c-b79c4baab17b,s-2dd54e3f9675,u-476a56012119,p-05a2b020151f,v-13bb3f6f8c8c,ord-08c158209340,L,1,41.16,2026-11-09 09:29:46,True
c-431be782494d,s-f5eec59a7ca9,u-4031d6b1a83e,p-de5460e8db31,v-3080c85bd95a,,XS,1,77.92,2026-11-09 09:35:07,False
c-3121c59184a4,s-57112e3782fe,u-591f0041626f,p-0c59f552a5f3,v-1ba1fe261e31,,XXL,1,44.61,2026-11-09 09:40:59,False
c-bc73a8e39ac5,s-5f33f539a240,u-7f602c394f55,p-32c5c09de0c4,v-27bd99575573,,XS,1,21.73,2026-11-09 09:58:12,False
c-2a1301bf385c,s-1e1b894a490a,u-5c98ecfdd715,p-597facd1754b,v-d607bda2e2cb,,XS,1,38.22,2026-11-09 10:07:20,False
c-ea89c6cabe6a,s-1c1832bb2ee6,u-7c6d5c43369f,p-6a7396308f22,v-71fd524bf62c,ord-7b1f12d00761,M,1,18.65,2026-11-09 10:17:10,True
c-4da61fa5f869,s-a987668dfd3c,u-2a6193e51a3e,p-af3fe8a46d18,v-f6bf26b533ce,,L,1,51.43,2026-11-09 10:17:33,False
c-e5b3851959ef,s-a987668dfd3c,u-2a6193e51a3e,p-5be1ceedab47,v-860b8d4ac67b,,XXL,1,67.34,2026-11-09 10:18:19,False
c-9f0eedff3f61,s-cc7d46071740,u-90a740e7f60b,p-1fa923dd8f7f,v-40aa21d0c6a7,,XS,1,72.5,2026-11-09 10:20:47,False
c-952524846b1c,s-36d5e5eee6b2,u-58b8291344b3,p-2782896fc4d4,v-adfba7cc910d,,XXL,1,71.95,2026-11-09 10:33:10,False
c-b7593dfb1166,s-a232c6ed1090,u-8271b70337a0,p-2373d9a8c773,v-2f1ca57b7698,,XL,1,54.69,2026-11-09 10:38:03,False
c-4dc755248c7f,s-cb7ebb66fbb9,u-2ab422e43e98,p-a80c401c9c7d,v-859cfbd43e4c,ord-2ab3ba224b6a,L,1,55.96,2026-11-09 10:50:23,True
c-6f99d4908b5c,s-2929c1ed2ab3,u-1b5eb15ea79e,p-e0dc60d0dd7f,v-dd5ae61ff1d2,ord-c84a77f50389,11,1,70.25,2026-11-09 10:50:52,True
c-102469ff3a7d,s-e3e3d6308cb9,u-a89ebb028566,p-8ef61c1d37b9,v-c5b497fddeef,,11,1,84.36,2026-11-09 11:05:45,False
c-2658c0760c92,s-989b0eac9ea6,u-081b014b40b4,p-5010769d396f,v-d91de37fa45c,,XXL,1,37.87,2026-11-09 11:15:48,False
c-32da6e4f720f,s-c000be7459b1,u-162d6671db2a,p-f92bac9bd3b4,v-981fa3cf8f99,,XXL,1,62.0,2026-11-09 11:23:05,False
c-0df324b772b4,s-f45ea1b348c3,u-75cb88a9d934,p-29c5ff163998,v-1a69fc9d5b13,,XL,1,13.73,2026-11-09 11:33:33,False
c-6d57b86472d9,s-4ccff78af179,u-0f69aa39eaeb,p-4a39ff3d22c9,v-55b2d9a61fdc,,S,1,68.4,2026-11-09 11:39:33,False
c-1cf90c8922f9,s-bdcffd3bc485,u-35e633fd374c,p-4a5e443ef588,v-3095b095b854,ord-0ba4b7350a6e,M,1,57.7,2026-11-09 11:41:05,True
c-e393d582c9ef,s-1c10b44d346f,u-99cbcfc31258,p-d82c452cf314,v-3a4e7406ea9f,,M,1,65.12,2026-11-09 11:41:23,False
c-190ca14a72b4,s-c2bb5921ae2c,u-e2f5363609c5,p-4919c4092ff5,v-102490be9f2d,ord-9c4a6c1ee765,S,1,73.91,2026-11-09 11:42:10,True
c-0d26731037a2,s-53ffef9d194d,u-619bb9a3d3c2,p-4af3a6de8390,v-354ffb7ca804,,S,1,89.46,2026-11-09 12:27:00,False
c-b6b1e1ddce6a,s-284d19ba8118,u-d7d57f71e5f8,p-579a9b3b3824,v-0a6ae3b0a57e,,S,1,32.26,2026-11-09 12:35:06,False
c-7b76f553f7c4,s-08e17e711fa6,u-035a0c003e73,p-f4e713a110d6,v-8bb0d477a8c8,ord-2f64e2ada732,10,1,104.08,2026-11-09 12:49:29,True
c-b668ef9079e3,s-077ee0acf1e5,u-a51c6a4243af,p-1a609bdefd2a,v-bd81339a4cdb,ord-d9101cf484ad,One Size,1,28.02,2026-11-09 12:50:02,True
c-b12b831313c8,s-959d2024d15a,u-db05e04853c5,p-547346e04cec,v-cdb5c4b42b5a,ord-675d5a9f3633,M,1,67.91,2026-11-09 13:16:47,True
c-cc4226ee72b3,s-183f951e9d32,u-fd7092107531,p-b1ecbc03f8f5,v-8d7adeab4980,,M,1,32.22,2026-11-09 13:52:43,False
c-77e90c4c291a,s-183f951e9d32,u-fd7092107531,p-c0f0f9b62a2e,v-3ac528d384c5,,One Size,1,58.86,2026-11-09 13:54:06,False
c-44b30b1fefeb,s-c4eac7156162,u-b44bf6a85d36,p-b7c65e346e53,v-19882e29d09a,,XS,2,97.11,2026-11-09 14:09:40,False
c-9a508dec3838,s-c4eac7156162,u-b44bf6a85d36,p-53abd79c8023,v-213ff84ef5f1,,M,1,48.23,2026-11-09 14:10:12,False
c-0192b65409d9,s-616ef2e8e937,u-ba77660ed585,p-3813b3e456f2,v-13397e2c8707,,M,2,61.27,2026-11-09 14:10:37,False
c-71e35d5c0b37,s-4bb973708270,u-ede5e5f39262,p-a8a1bc87483c,v-64c17e6961ea,ord-be12ca86e0ba,S,1,68.46,2026-11-09 14:17:32,True
c-b7cf56ecb61a,s-11a50601fbec,u-1435cce05b0d,p-d776ea014330,v-ea7a913cbd41,,6,1,107.62,2026-11-09 14:19:06,False
c-7c13e1453adf,s-11a50601fbec,u-1435cce05b0d,p-3e6c2fce3bf6,v-1a8773a59026,,L,1,34.56,2026-11-09 14:21:02,False
c-d9cd55e605aa,s-7f2c9183500e,u-dfb49ada630f,p-4ac4207f1aef,v-8d1fa7fa9e18,ord-2476647e49cd,XS,1,51.91,2026-11-09 14:23:48,True
c-bb4ea2ca63ef,s-c45ffedca60e,u-e40069badb73,p-b3c4aecb0e78,v-bc4ad6601b42,,One Size,1,75.68,2026-11-09 14:40:58,False
c-36b88dc98acf,s-7f7e6c6acf7e,u-9cd06e539613,p-2d023543a920,v-18aa50e9be46,,S,1,58.33,2026-11-09 14:48:29,False
c-442ce9ba14cd,s-7f7e6c6acf7e,u-9cd06e539613,p-7292cd755bbc,v-e89229274aea,,6,1,38.89,2026-11-09 14:50:26,False
c-a98778ad5fc5,s-95a6b3062923,u-f77e582a2927,p-b32bd68960e3,v-075296943491,,XL,1,58.56,2026-11-09 14:59:35,False
c-c983c8a583b5,s-ea9d084c8460,u-0c9dc07d1bef,p-6afba8c567e4,v-1964d7ae1a32,,M,1,28.21,2026-11-09 15:27:09,False
c-3bf08e354dd7,s-1e044bab93d9,u-72268e827080,p-44bdd1dfe5ec,v-02215adbf8dc,ord-fc84279f6263,M,1,46.95,2026-11-09 15:30:00,True
c-c07dee85ecd7,s-c96059dbdd8f,u-df676d0a828d,p-7a9259059eb9,v-2da91dd181f6,,XS,1,71.01,2026-11-09 15:42:12,False
c-1b02432f5ff1,s-c96059dbdd8f,u-df676d0a828d,p-84a255bad34e,v-0bb61a27cf4f,,S,1,49.33,2026-11-09 15:43:03,False
c-fbfd588425b7,s-c96059dbdd8f,u-df676d0a828d,p-ada2001c46fe,v-7b396f3c1e31,,L,1,52.11,2026-11-09 15:43:49,False
c-66eb636bb181,s-6eed36f508f4,u-9f4ece5aa4e6,p-879607558737,v-53c4c9cafe01,,XS,1,34.93,2026-11-09 15:59:44,False
c-bea32e2c4f17,s-f9dd7c3afdc6,u-f5e9281f0ca4,p-471ff795cc42,v-2193b84cb740,ord-b15f0c5e46e8,7,1,77.47,2026-11-09 16:00:42,True
c-1afb1fc95896,s-145780364a35,u-b5ca5b6496c5,p-b772ae3969dd,v-9abec39e4167,ord-de4d1dbaf902,S,1,58.43,2026-11-09 16:16:54,True
c-80824179ee8d,s-4cc3d17037e3,u-c3be215fd76d,p-33e3be652eb2,v-2280e812607c,ord-7a46c1ff90d5,S,1,30.38,2026-11-09 16:17:14,True
c-9d348419d0d5,s-4cc3d17037e3,u-c3be215fd76d,p-3980b2142419,v-93db1a1ae854,ord-7a46c1ff90d5,7,1,79.82,2026-11-09 16:18:50,True
c-51d33afbc161,s-8410cf7ceb0b,u-7abe6a4d165e,p-bb3692601707,v-311e7a0b03fe,ord-e7e8cd4d4e0e,8,2,67.65,2026-11-09 16:25:06,True
c-f150e57baa05,s-56db14136788,u-31806967c81c,p-2e053a9ef55c,v-1682737be21c,ord-dbdfe9af6d2d,One Size,1,38.95,2026-11-09 16:29:02,True
c-84a3d2c74626,s-6b676d6a405c,u-5b19e9ebf9a2,p-6095d37b40b4,v-7a5dd7928e1e,ord-060b3e10049c,S,2,44.58,2026-11-09 16:30:23,True
c-94fad46dc521,s-6b676d6a405c,u-5b19e9ebf9a2,p-7402450e78f9,v-c023079a29ca,ord-060b3e10049c,One Size,1,92.69,2026-11-09 16:31:40,True
c-5cb82cfe2e0a,s-054f635084c3,u-df910f4db729,p-26b79f79e7d2,v-fe9e7a59de38,ord-f31ce0a9b92a,One Size,1,63.8,2026-11-09 16:42:00,True
c-e0b1c25f2ad3,s-51eb10808e9a,u-750b12aef467,p-56de52c800bf,v-7a3845ba4334,ord-7c5707a13410,L,1,45.67,2026-11-09 16:54:32,True
c-0b884221d6aa,s-af948100cd1d,u-7fe4afd9678e,p-b4d6f4d20ad6,v-113c888d7365,,L,1,41.28,2026-11-09 16:54:51,False
c-796c0287e21b,s-35931ba6cc3c,u-8d0f05341763,p-62c6a27674f9,v-8d4e8caa7348,,L,1,68.58,2026-11-09 17:13:03,False
c-7201838547ea,s-ebc5fb64d2cc,u-796e3fd6201a,p-297d37c047d6,v-6af0ff0adf5d,,One Size,1,55.26,2026-11-09 17:16:36,False
c-49aafa99e359,s-069923956d21,u-b9433a8fcb36,p-86296d534b49,v-7a3bdd8408f8,ord-f3e05c5d61db,XL,2,15.51,2026-11-09 17:19:04,True
c-78e8052e173e,s-eed81de6f633,u-d2a234d94745,p-9b0815db6310,v-95c251af1c5b,,L,2,36.06,2026-11-09 17:19:09,False
c-228f566bce11,s-53418ac2456f,u-2c1d7af66ec7,p-f69af695985d,v-261b01c0a676,ord-83da982edc67,XL,1,48.76,2026-11-09 17:29:17,True
c-e2e895227145,s-59b29f6620be,u-b02508082ee4,p-b7155eb223a9,v-fd826b633ae8,ord-70b0c5bf0cd1,XS,1,109.84,2026-11-09 17:32:33,True
c-42684dd6cdee,s-6030fb4c6e35,u-8d8d3151304b,p-75d8655c95a1,v-1bd4ed0df20f,,XS,1,39.15,2026-11-09 18:00:34,False
c-fe1bd123f6b5,s-7a912f243a2f,u-447aad712d60,p-682569b69b48,v-2f20580bc10a,,L,1,48.41,2026-11-09 18:04:33,False
c-2846cc0563d1,s-2a3658259ed4,u-88804a0bb967,p-960cf7793081,v-6eb8c5ab6059,ord-d669bb66d431,XS,1,25.09,2026-11-09 18:39:10,True
c-27b160f00113,s-8844f9633a65,u-329363aec2c1,p-0aa09e624676,v-797a9fccf62c,ord-74fded92a2b5,XL,1,56.32,2026-11-09 18:44:43,True
c-0adf61c86f18,s-5698e764a8c0,u-273ede14b56b,p-e68b406c6948,v-d4007bc9cbb7,,One Size,1,83.45,2026-11-09 18:46:38,False
c-872315ca80c6,s-a63adf899702,u-693a6ff1c79d,p-f4008b82dc1c,v-d97918ba82b8,,11,1,91.71,2026-11-09 18:48:03,False
c-120d70afdcbe,s-a63adf899702,u-693a6ff1c79d,p-523c21d56f33,v-cc85cdf4c5da,,XL,1,49.79,2026-11-09 18:48:45,False
c-b9c1fd5d54ef,s-482e572b93a2,u-0508246a77d2,p-96ca3cfd420b,v-4929d5107d0c,,L,1,76.85,2026-11-09 18:56:30,False
c-c08034cd235b,s-149b474e6920,u-e6793229a788,p-39b141f5a83f,v-abf0e45be87f,ord-41c3a95fc2d4,M,1,54.04,2026-11-09 19:20:21,True
c-64873cff5ad5,s-ebd2df6b2031,u-03e409b084e3,p-d2fcc92c6722,v-222f9029599b,ord-9514f7faf6b8,S,1,59.8,2026-11-09 19:23:10,True
c-0a75ff0f4b36,s-7bc37e54d447,u-d0f3d9b4162a,p-b7155eb223a9,v-32934f65f0cd,,L,1,109.84,2026-11-09 19:31:49,False
c-0a7a140487ed,s-f19174a4c851,u-7ff80446ee13,p-a2c268429d22,v-7f7748c6db1e,ord-ffc7edc51c75,11,1,82.6,2026-11-09 19:35:38,True
c-f0af7db7f875,s-48fe510232ec,u-ba9c76b6e79b,p-e8d929d2dd03,v-29007138349b,,XL,1,40.24,2026-11-09 20:39:12,False
c-acbbd7d882fe,s-544e761fc709,u-9146878d4e0c,p-1faea5d273c5,v-ffe35f4ec051,ord-87668631712c,One Size,1,103.23,2026-11-09 20:39:31,True
c-abec6855c380,s-544e761fc709,u-9146878d4e0c,p-a7a5ab90083a,v-1e136fcb55b5,ord-87668631712c,One Size,1,25.08,2026-11-09 20:41:18,True
c-041fe4f48cda,s-dc4347fa309c,u-c84a285585d5,p-f87f3f31df5a,v-6497ac696d54,,L,1,45.91,2026-11-09 20:50:01,False
c-df862a123def,s-3e0c921fc872,u-3e7191e04e25,p-6437328f185a,v-e492c0ebed3e,ord-999fa137280e,XL,1,58.37,2026-11-09 20:59:13,True
c-0370b3500ad2,s-c4fc4a8e5d84,u-9bc1ee775677,p-659a395522dc,v-f375f8144fea,,XL,1,37.18,2026-11-09 21:11:14,False
c-bbe500801eda,s-c9fdefc2df33,u-4a27e660c32c,p-56ed5f521997,v-0bac727e9c33,,XL,1,102.73,2026-11-09 21:20:12,False
c-6a0c649c24a0,s-e620dd99d3d3,u-304791851a50,p-d29ce7dd0bd7,v-c1055353f187,ord-e5ca29c5ff43,L,1,53.63,2026-11-09 21:21:13,True
c-de94908e6719,s-c9fdefc2df33,u-4a27e660c32c,p-e7cc73592ec8,v-a6550a675863,,XL,1,74.41,2026-11-09 21:25:43,False
c-b8c1fc63f88d,s-c9fdefc2df33,u-4a27e660c32c,p-8b8481aac396,v-3d3417129469,,6,1,39.53,2026-11-09 21:26:21,False
c-f59ea3945062,s-c9fdefc2df33,u-4a27e660c32c,p-266a89b94259,v-ed626b221e5a,,L,1,69.31,2026-11-09 21:29:16,False
c-0da63692050c,s-3791d8cd80d6,u-817b8080b1cf,p-c51f3af8d87c,v-50679754a7a1,,XS,1,62.42,2026-11-09 21:31:56,False
c-8d3faf27f200,s-61d330e65f91,u-3f1e8495534a,p-d2918834cb6d,v-87235dfe4910,,S,1,54.91,2026-11-09 21:41:02,False
c-16b05c9088a8,s-61d330e65f91,u-3f1e8495534a,p-9869710329a7,v-d81a8c80b933,,XXL,1,24.21,2026-11-09 21:42:16,False
c-2b0e5edc038d,s-baae896c0306,u-1eb04f423c49,p-da69d7b03c15,v-abaffff0a2f9,,8,1,80.61,2026-11-09 21:49:41,False
c-343bc71b9254,s-4e587af6eb28,u-ac577b528dd4,p-7292cd755bbc,v-e50ba6d4382d,ord-a6103a8f6589,10,1,38.89,2026-11-09 21:58:02,True
c-5d9ba359ff68,s-82514fc8c595,u-202dee0f92df,p-e83847636e45,v-f5c9756b5d4c,ord-f4f6f20277d8,M,1,67.42,2026-11-09 21:58:12,True
c-438b6b997852,s-82514fc8c595,u-202dee0f92df,p-bf7ec9659550,v-31a6582a8a73,ord-f4f6f20277d8,XXL,1,92.47,2026-11-09 21:59:18,True
c-4dccdc932642,s-cb50e9bd7278,u-1ae24e5c1c42,p-d7a95dcae9d7,v-b10d22707be4,,M,1,25.46,2026-11-09 22:24:37,False
c-6560fca567b6,s-f43b4ff28433,u-d733b65fc457,p-ec19e1f4646b,v-2572621e7126,,XS,1,50.27,2026-11-09 22:29:52,False
c-ff976024e6df,s-f43b4ff28433,u-d733b65fc457,p-ec19e1f4646b,v-85d40ff145d7,,M,1,50.27,2026-11-09 22:31:08,False
c-c7c6cf8c5c20,s-95aa6f5708ec,u-f5cdbd32c49d,p-fdd9ffa5dbe3,v-235a725cd340,ord-b112b703047a,11,1,38.46,2026-11-09 22:48:28,True
c-58eca0b38dc0,s-95aa6f5708ec,u-f5cdbd32c49d,p-b4d00fcbbd62,v-fcd5a8c16550,ord-b112b703047a,M,1,24.46,2026-11-09 22:50:16,True
c-481af6a0e617,s-abf1f346ed08,u-29cd7421a637,p-89dda7e1ee10,v-a6e6cb0fae4b,,XXL,1,56.34,2026-11-09 23:08:25,False
c-a3b8fe35deb1,s-f8c4cd837b55,u-a8a0d4a8e86a,p-69e1cf85f8e3,v-c491b3688c75,,XXL,1,54.41,2026-11-09 23:09:00,False
c-13b1c4e510dd,s-030c918e298a,u-ed0c662a3870,p-3dce55a40c71,v-e6990a772306,,S,1,50.25,2026-11-09 23:13:32,False
c-c3a2d18f5a8f,s-fee6ad6f79f4,u-e9d44b733159,p-58f09225ea43,v-437a7a0b9e56,ord-eba3dbbcc569,10,1,55.13,2026-11-09 23:13:49,True
c-4850cda8cc6a,s-fee6ad6f79f4,u-e9d44b733159,p-ec93da93794b,v-e8ef6aba78e5,ord-eba3dbbcc569,11,1,68.75,2026-11-09 23:15:10,True
c-c0743e0ff8f4,s-cf5235bd2bd4,u-dd0ffc068761,p-48e02a9e02b7,v-1ea51aec268a,ord-cdc2dbe1ac65,XS,1,112.46,2026-11-09 23:26:50,True
c-b4930ece6ffd,s-eec7d57ca2aa,u-22402a234569,p-10717a3c63f8,v-eae1636ec7bb,,8,1,130.05,2026-11-09 23:38:12,False
c-cc40937646e3,s-c3a520479e8a,u-263cccd32c02,p-245d38ba1e94,v-3833e6d2591e,,10,1,54.12,2026-11-09 23:50:49,False
c-00654e5bdc98,s-c3a520479e8a,u-263cccd32c02,p-e68be0178846,v-9d22cd65917a,,M,1,24.06,2026-11-09 23:52:10,False
c-ac5e84618b5d,s-4f00e9aef082,u-318cbbc8bcb3,p-c2bb73d5a727,v-bad8abd99c8f,ord-807a16b2c9d8,M,1,40.66,2026-11-09 23:54:19,True
c-d9ae004365ae,s-db47095f4aa0,u-a581c9b5862c,p-655a61df5719,v-55217a4b657d,,One Size,1,118.74,2026-11-10 00:11:43,False
c-0fb2c2c03e63,s-d5987f14d81e,u-b288affc8275,p-95a1f7624783,v-716750d0670d,ord-2b571e6dbfad,XS,1,46.9,2026-11-10 00:19:56,True
c-d2cd7a246901,s-d5987f14d81e,u-b288affc8275,p-d7568994dc7a,v-09377b9af0c9,ord-2b571e6dbfad,XXL,1,46.87,2026-11-10 00:21:21,True
c-09deac95944b,s-d5987f14d81e,u-b288affc8275,p-d6e0ba2b3cf1,v-34a8cf5a34de,ord-2b571e6dbfad,S,1,38.35,2026-11-10 00:21:51,True
c-52637c54f2c0,s-b3ddc788d71a,u-9e002acaf885,p-65c24eb6ad62,v-360c8086a7dc,,One Size,1,60.87,2026-11-10 00:27:04,False
c-4f6e2b8bf944,s-da03e05a7fdc,u-f89af72125da,p-e68b406c6948,v-60dc0bc4c3aa,,One Size,1,83.45,2026-11-10 00:28:43,False
c-da0756907a69,s-2129ca163734,u-d69da6657cc7,p-7f4a3a4942b1,v-965dd78ba538,ord-9c01de988c69,M,1,79.36,2026-11-10 00:30:50,True
c-18132d90a9b5,s-c75dc34cea8f,u-3be96f9b106d,p-4a5437e1765a,v-9ed718e919fa,,One Size,1,30.0,2026-11-10 00:37:21,False
c-b319a27d9136,s-c75dc34cea8f,u-3be96f9b106d,p-af28da2070e6,v-feb1252ed099,,11,1,74.29,2026-11-10 00:37:22,False
c-66a0704a9480,s-d547ba21bcee,u-917fa67f64db,p-e82569cefe7b,v-d6fee8ff35cb,ord-1b660fdfffdd,S,1,28.49,2026-11-10 00:42:13,True
c-8a9031081748,s-b199cf1f970f,u-a457e5cd5c20,p-6d052d0dd246,v-79decbe53b03,,One Size,1,32.75,2026-11-10 00:45:54,False
c-233ccf88981c,s-18a4f3a30569,u-d72571811e02,p-b651bf785c76,v-f6eae7fc09cb,,L,1,33.34,2026-11-10 00:59:59,False
c-d1c75dd3c85c,s-e9988087596a,u-b6c422b485c6,p-01a702499b62,v-316a3f1e52de,ord-27bce6eabef2,One Size,1,33.13,2026-11-10 01:08:06,True
c-765f1b6ae674,s-256dd3d4dba5,u-65b3eb5a4bad,p-633c9a580d2b,v-039ad2f5c19a,ord-54f74296d623,XXL,1,45.88,2026-11-10 01:21:11,True
c-370da2495cba,s-256dd3d4dba5,u-65b3eb5a4bad,p-405d5b99ff80,v-8af0dcb2daa7,ord-54f74296d623,XXL,1,39.22,2026-11-10 01:22:03,True
c-e1988df857f3,s-e72eed539fef,u-503f22bc3086,p-27785fcb8ce9,v-96cc9eb6518c,,XXL,1,53.72,2026-11-10 01:35:02,False
c-a0010ce67a53,s-69c72d20a0dd,u-4b0b7cdf8bad,p-00dcebb17c87,v-5318619d7d82,ord-5a33d52f6ad5,XL,1,60.89,2026-11-10 01:38:22,True
c-a41f718a9ba7,s-4d5e08b39392,u-4cabecf108b5,p-cc21eb6bc6c5,v-3bc51b24b606,,M,1,44.16,2026-11-10 01:40:28,False
c-7d5d798ae086,s-92e227b0d38f,u-aaca69d886c0,p-9b0815db6310,v-05c2e5a85694,,L,1,36.06,2026-11-10 01:46:05,False
c-2ef71b01bf9c,s-d72b637f11f5,u-4e96b0f31f84,p-a7056dae3b68,v-451fdb3c34aa,,One Size,1,43.39,2026-11-10 01:48:49,False
c-1fe2d6da3df0,s-239ffc4e8821,u-064b2d98675c,p-245d38ba1e94,v-494682b50ab8,ord-d8d5acc23d26,9,1,54.12,2026-11-10 01:59:11,True
c-69ae1a49c499,s-ec402a3bcf62,u-bb7c33dce8b2,p-2ceaa39d7440,v-2869ab59b3d8,,L,1,20.57,2026-11-10 02:10:42,False
c-5712461a8f8b,s-9fdb9e4833cf,u-fd6867ae7be7,p-093f884982a5,v-060057babe63,ord-d1c862a578bb,M,1,40.39,2026-11-10 02:31:09,True
c-5fa300bc94b4,s-e1f6cc3a6ce8,u-e7df4dd0b189,p-6bcb48db7dcc,v-f6472f6eb3cd,ord-87297aded930,M,1,54.19,2026-11-10 02:34:30,True
c-5d1aeecf39b8,s-9d36fa5e0a76,u-0fea6e1a3333,p-1d8a65fdccd4,v-1b9c38ac4bf4,,XL,2,28.95,2026-11-10 02:38:40,False
c-00493b56d13e,s-810350d0d536,u-b4c30373173a,p-4a9af53a4c93,v-72c92c862a0d,,S,1,102.59,2026-11-10 02:48:05,False
c-c1a56671b6f2,s-f5615bcba692,u-4280e48e035f,p-7acfcbbb64c6,v-0ee4634aef0f,,M,1,69.95,2026-11-10 02:54:36,False
c-a8fafcadf585,s-872ee3d921cd,u-716b4d3b59a7,p-98ce1e0345a2,v-0cddf64705de,,XS,1,55.64,2026-11-10 03:07:30,False
c-571bc1e3e48e,s-286aaf976a17,u-0d6d7d378349,p-fbd049086647,v-ed27249dee6b,,One Size,1,43.78,2026-11-10 03:08:05,False
c-d4ce6a870bd8,s-4e6fd8bca17e,u-3f1b5b1c57e8,p-dad82f0e4b87,v-4ab0f75591fe,,S,1,50.16,2026-11-10 03:45:55,False
c-b970a2bd5c37,s-ad3b7681f59e,u-3665606430c5,p-63c6fd02965d,v-04c48a7035a0,ord-daafc0128e3f,M,1,78.4,2026-11-10 03:57:45,True
c-c9b53861b3e9,s-e58c0665e8b7,u-10a4a0c0f469,p-8367e39faa14,v-b422284ffab0,ord-501e55a9bf44,XL,1,60.48,2026-11-10 04:01:01,True
c-9d7f2d9fd96b,s-2581c7ef4c1a,u-6cac3999136c,p-8cfe65ec97f7,v-b35d48eb789b,ord-ea49d7437fcd,L,2,91.92,2026-11-10 04:22:41,True
c-c9702802e418,s-20742eba2a8a,u-307dd5221423,p-4cc2225888e1,v-548a643e3c57,,L,2,25.82,2026-11-10 04:24:35,False
c-e4d0e9a32f2a,s-947ff718a895,u-198b0af3587a,p-e915104f6054,v-aee7970d3a12,ord-a57a6d8fa3b2,7,1,55.66,2026-11-10 04:27:38,True
c-0c12e6a00123,s-021f6cb8d54b,u-d4a732c74bd4,p-471ff795cc42,v-1c9e850654fd,,10,1,77.47,2026-11-10 04:30:25,False
c-39d11333b379,s-021f6cb8d54b,u-d4a732c74bd4,p-e53b84b85174,v-871d056250d8,,7,1,106.39,2026-11-10 04:31:16,False
c-5d3d9284b4da,s-5e4a3ad252c1,u-fd6c8e553599,p-63ad9a5b8644,v-081bd10ed137,,XS,1,59.05,2026-11-10 04:52:46,False
c-8eaf28eda91a,s-e5419cdc8a24,u-84714ef95682,p-0de07ba903b1,v-053654f6a751,,XL,1,46.7,2026-11-10 05:04:08,False
c-b46578f602ad,s-810c3c33b50c,u-ab89e547ae31,p-6467fc201b51,v-e9887e220c71,ord-ef51fbd19b08,XL,1,63.88,2026-11-10 05:11:35,True
c-421826b77a74,s-810c3c33b50c,u-ab89e547ae31,p-0d76f2f69781,v-ce7e0e4d8df3,ord-ef51fbd19b08,L,1,34.88,2026-11-10 05:12:21,True
c-1423d1d5e965,s-05cb1cbe378f,u-c02e41959ce9,p-a76e46f05208,v-de42a962c8cf,,11,2,67.74,2026-11-10 05:41:37,False
c-7ba34d31b35c,s-2a7f04bca92a,u-7a390412ab2b,p-a69ebe2a389e,v-a06d94dbf2ec,ord-e25e6fd4cfbc,L,1,81.43,2026-11-10 05:59:10,True
c-9423ab1dbda9,s-942ae1ba3ddf,u-1312af41ee25,p-6ff6ff37d233,v-ab4a067966f1,,11,1,64.69,2026-11-10 06:02:22,False
c-3fb9c4a32676,s-baeb704b5eb6,u-f2e8ad7e68dc,p-f51b383685a9,v-5c58d012bfec,,M,1,39.6,2026-11-10 06:16:52,False
c-bd79c24e5330,s-baeb704b5eb6,u-f2e8ad7e68dc,p-7a0cfd5ecfbc,v-f3bb493572ee,,XL,1,38.99,2026-11-10 06:18:35,False
c-b6b4bd403a0f,s-31a0b5610800,u-cbf79c4322a1,p-c3b1ef17c41a,v-9d8e2bec1ae6,,S,1,42.32,2026-11-10 06:24:55,False
c-a340792ff251,s-68e310b026df,u-3afbc14575f2,p-5dbc634cdca1,v-c924fa19c725,,XL,1,75.65,2026-11-10 06:25:21,False
c-c159e078d99b,s-c0bb91400820,u-db23214783b2,p-d4179c56eba7,v-ff3f33159ecc,,M,1,29.33,2026-11-10 06:30:15,False
c-7ebcac3146ff,s-fce44f21daa2,u-44264e8dcd4c,p-adaf9a2a1c56,v-0ef6792b9cce,,L,1,60.9,2026-11-10 06:30:40,False
c-44f2675203cf,s-260a6de1d8b0,u-e09d2c0e43a3,p-f2ebf6882bcf,v-5c054151b7bf,,S,1,48.74,2026-11-10 06:31:53,False
c-70f9c3227691,s-e62dd044c250,u-d6d2573e5180,p-4a69548d1dea,v-d18495169a03,,L,1,55.29,2026-11-10 06:45:16,False
c-11afa78bf494,s-9f1970860d05,u-bc08e1bdfe42,p-c87dd249a9e4,v-e4cf48e7e7d2,,XL,2,45.76,2026-11-10 06:50:11,False
c-bd26c6a4f21b,s-9f1970860d05,u-bc08e1bdfe42,p-4a4f8d21b565,v-db4c48560ab4,,XS,1,68.02,2026-11-10 06:51:05,False
c-8022239e432d,s-1b2d5e0d1a29,u-f10845ff22b6,p-aba442a3dbab,v-ef48047a54ac,ord-b7c6c2ed7a16,M,1,18.98,2026-11-10 07:14:05,True
c-7a990c242076,s-d7a0dd9132d3,u-ba8da52c4946,p-29c5ff163998,v-788857a3aa0c,ord-b193ad0e8505,S,1,13.73,2026-11-10 07:22:34,True
c-d867018a48d2,s-b4be9f8ad0a6,u-08ef80c7d70c,p-28d63bfb0cb0,v-a87434da65fd,ord-dfc0332335f8,S,2,34.49,2026-11-10 07:25:25,True
c-2ce6924f5586,s-006b166cf993,u-c66fe2151a8c,p-c4eac54b0de6,v-358180434dd3,ord-bc0619c29668,S,1,39.17,2026-11-10 07:26:10,True
c-54852d1faeca,s-bbec824ecbad,u-34390697b45d,p-1210a51fc32a,v-4d0a41a666ae,,M,1,43.08,2026-11-10 07:32:03,False
c-1f19d6ea4508,s-fc86099c8398,u-6c7cbefc178f,p-f2e9fb14e0bf,v-6038dd60a7bb,,One Size,1,68.89,2026-11-10 07:35:43,False
c-c3154c9fc639,s-c9faf6d4c254,u-5ee279f5ad22,p-54e4e0c5173b,v-7cea7c4dd692,,XS,1,54.85,2026-11-10 07:36:23,False
c-643184b03020,s-c9faf6d4c254,u-5ee279f5ad22,p-63df77a65ce5,v-36ea40f72e92,,S,1,58.86,2026-11-10 07:37:57,False
c-ea2c7b91e27e,s-24101ea6fd50,u-0de37a04abd5,p-aab59aee3f2c,v-c047754f0754,,L,1,58.19,2026-11-10 07:45:36,False
c-b9ce58b1e4ef,s-ac366400fb4b,u-588bc76f0505,p-1b0b653dd8a4,v-9e20b30cea77,ord-da33706ce12f,XS,1,49.85,2026-11-10 07:45:46,True
c-abba010beb8a,s-3ff52a58841f,u-291edfd4caa9,p-9736f1b8b5ff,v-296bb587103b,ord-1e0d7c6aabc9,M,1,27.27,2026-11-10 08:00:39,True
c-11d420566b5b,s-4e6096f1cfbf,u-01b37f3f773a,p-430d42731bdb,v-0d7f59167150,,XL,1,38.19,2026-11-10 08:02:36,False
c-f571ea392bd3,s-5997041b43b1,u-f29a5ef19c41,p-9789e192ff3b,v-a5407018f3d6,ord-899475a9774a,XL,1,23.52,2026-11-10 08:09:50,True
c-01314fb27bab,s-83219a52f447,u-eb48118fe077,p-c55170669c89,v-90bcafc627a3,ord-53cc5ee71ccf,11,1,114.7,2026-11-10 08:13:11,True
c-8b372dcb5c8c,s-83219a52f447,u-eb48118fe077,p-06d0ff181fa8,v-61260ad6ab3d,ord-53cc5ee71ccf,8,1,39.57,2026-11-10 08:14:02,True
c-400bfb315bfa,s-35f3e3a39a6e,u-2f6589d67a42,p-9736f1b8b5ff,v-e35db11e59aa,,XS,1,27.27,2026-11-10 08:31:23,False
c-fa3a378f9872,s-1fda6ab94864,u-8a7dfdd74094,p-241b1fa0c5cb,v-240bc2397e6a,,XL,1,91.18,2026-11-10 08:34:02,False
c-e93b55c7cf33,s-806d87a12fec,u-6fb1db516692,p-03a2c2979d49,v-c1d2aee9861c,,M,1,33.05,2026-11-10 08:57:15,False
c-4c19b7fdf90a,s-7f9e3829a73f,u-58479517a8b3,p-65c24eb6ad62,v-d0b5e2baa7ba,,One Size,1,60.87,2026-11-10 08:57:40,False
c-dff7386b2e7b,s-2ece6c5f98e5,u-7608fbac08af,p-3bb32aa3accc,v-8028f7feb7b6,ord-a2a3f3d1d9fa,9,1,78.7,2026-11-10 08:57:57,True
c-94d4a645f8a3,s-806d87a12fec,u-6fb1db516692,p-ee0f7aa9316e,v-696559a5bd76,,9,1,28.25,2026-11-10 08:58:31,False
c-2d3d3c84af72,s-fae2cb467f2f,u-136695e373a3,p-cbe604326c02,v-365e2fd0fe54,ord-5ffed3a461cb,7,1,101.49,2026-11-10 09:06:56,True
c-fd1a3a3168fd,s-65fd2c520ff0,u-b29664f0341e,p-5c3e50876e96,v-2835a1029d3b,ord-5bc9d2935c49,XS,1,79.16,2026-11-10 09:10:57,True
c-90a274517e4b,s-97c6cf9fff2c,u-e24b67f873e4,p-6a1a14b64e20,v-ab8ffa986cc0,ord-87434ef20134,One Size,1,52.71,2026-11-10 09:12:29,True
c-32e9c32733ff,s-65fd2c520ff0,u-b29664f0341e,p-890121ca97e8,v-15355f3610ec,ord-5bc9d2935c49,L,1,122.69,2026-11-10 09:13:11,True
c-8a9d85942cbe,s-97c6cf9fff2c,u-e24b67f873e4,p-f87f3f31df5a,v-cdb0843006ad,ord-87434ef20134,L,1,45.91,2026-11-10 09:14:42,True
c-d704249aacd5,s-fe0ca9af8a4f,u-e30b552bbe85,p-a599ac460f97,v-3e0b80bc0ea4,,M,1,54.66,2026-11-10 09:36:06,False
c-c0b069dff08f,s-1dc93afc37f4,u-126ef488b9f5,p-e4dd61f5794a,v-eed5e31b81f3,,L,1,49.96,2026-11-10 09:44:49,False
c-4a40a3cb8c49,s-d7294377dbc6,u-dda319f9685d,p-1f10c9a09301,v-78792da2615d,ord-513d7636662a,S,1,76.05,2026-11-10 09:47:47,True
c-572a876ef90c,s-d7294377dbc6,u-dda319f9685d,p-a25d879a5db6,v-cb656d62cf55,ord-513d7636662a,M,1,88.66,2026-11-10 09:51:30,True
c-523df6f53a0c,s-fe06652dea08,u-45914e7f2294,p-125e63056034,v-9853cb15bbe2,,XL,1,44.94,2026-11-10 09:55:13,False
c-16ee666e261f,s-5b701bf44759,u-6a24eb6a3898,p-21e629210114,v-ca9a3086e665,,8,2,46.29,2026-11-10 10:11:36,False
c-e9973ca32776,s-fc97471c50da,u-96177b02ea01,p-a64ec584e2ab,v-64d3c8f87a84,,XL,1,66.34,2026-11-10 10:27:00,False
c-2f173c4676b6,s-c8384f558b10,u-ce9b03363105,p-165c912688bd,v-241819350589,,7,1,95.29,2026-11-10 10:37:47,False
c-efe972cd0474,s-574cbf994c0a,u-02c0e8148fdc,p-b3c4aecb0e78,v-5bd145ecb836,,One Size,1,75.68,2026-11-10 10:48:59,False
c-abc2a320782d,s-a64909a9d989,u-a88f818485c5,p-d6b6fcc1e8fa,v-db0b5b31e136,ord-2bca6c4208b0,XL,1,62.87,2026-11-10 11:00:42,True
c-63054ec73c7f,s-edad373543ea,u-51b8db2339bb,p-467e1dfa255a,v-e0db16c265e9,,S,1,39.49,2026-11-10 11:31:31,False
c-5f5021954668,s-1d4f74515211,u-05a42a9771bb,p-b45ca2c8e47f,v-6953b11e2aba,,M,1,42.09,2026-11-10 11:37:52,False
c-a89568c07275,s-dbe7a39cd7eb,u-06cb39acb454,p-8cb5295a338b,v-1c5ef11010b4,ord-d70f88540e80,9,1,85.64,2026-11-10 11:42:41,True
c-adc835543cd9,s-e273ebab7ab9,u-9b6c8636093c,p-2c17ba737ded,v-7573cfecbfc0,,S,1,54.53,2026-11-10 11:43:42,False
c-dbd391a19463,s-dbe7a39cd7eb,u-06cb39acb454,p-7a557ff146df,v-c096ca3f1317,ord-d70f88540e80,XXL,1,44.41,2026-11-10 11:45:01,True
c-2173c3acdcb6,s-c6383beaa2be,u-646d67267768,p-f1cd7b85298c,v-b237cd216e2e,,XS,1,17.8,2026-11-10 11:45:02,False
c-70ac0898137a,s-56d2bc3fd22e,u-dddbafdeb10c,p-cbeb4644a5d2,v-52fcb844623c,,L,1,32.87,2026-11-10 11:46:27,False
c-3069c4b10cd9,s-64f3f88309cb,u-eb9ab73c151e,p-3da33d3f90dd,v-f302e9eab90c,ord-0b36e0bc90b2,XL,1,51.9,2026-11-10 11:55:05,True
c-d5cef2e24235,s-dd1fe17c6648,u-695149ab562c,p-cefb582e9ad6,v-c12544fe31ce,ord-55bb4d7c0143,XL,1,45.34,2026-11-10 12:10:11,True
c-47e9878f2811,s-55ee5963da33,u-4cfc95fb048a,p-7251fe230804,v-e4e84cb8f909,ord-045b8eafacad,XXL,1,62.64,2026-11-10 12:14:23,True
c-b488fcbc7aa8,s-024ab9919ad7,u-cd4fdbfafd76,p-809148084a54,v-e3e3e48e8c7f,,6,1,53.39,2026-11-10 12:45:12,False
c-bbb51f74bf7a,s-db1cc72994e0,u-29f2b5ee98c6,p-bd2f2d0f3c75,v-23e981c277c3,,XS,1,43.55,2026-11-10 12:45:33,False
c-da44c4bb5133,s-534ff8ebfcf4,u-1b9650b8dfac,p-6a7396308f22,v-c07406784a24,ord-6d0e8cf0cab3,M,1,18.65,2026-11-10 12:47:41,True
c-0e137b34e265,s-024ab9919ad7,u-cd4fdbfafd76,p-209038476ec0,v-eee00975417d,,11,2,104.75,2026-11-10 12:47:51,False
c-076b76a587b2,s-21d33474f7fe,u-183682ebbdc0,p-e1995610cd90,v-6d5ed9e3e31a,,XL,1,41.34,2026-11-10 13:05:56,False
c-b96746b311f7,s-ee714f15c506,u-76d810e0c444,p-4f05571e5219,v-e5a8fe1a22c7,,XL,1,41.98,2026-11-10 13:08:30,False
c-ddbb23eea1fe,s-6fff2fd7aba8,u-43553ce3a1c6,p-4e60bf84efc8,v-ffb367411e9a,,9,1,48.33,2026-11-10 13:16:41,False
c-3a5cfdc7c7ae,s-902295801208,u-c49a35331499,p-8d66035c760e,v-0c399e4cfd41,ord-97efc44964d7,M,1,21.46,2026-11-10 13:22:56,True
c-82f0a0b202bf,s-40ef6af5704b,u-f949e72a0c5a,p-ff0444aaaa6b,v-be2a7d11e47c,ord-00b6bd3b4e15,XL,1,89.87,2026-11-10 13:26:15,True
c-6a5a885fbdf6,s-61a616231516,u-35a49e08733a,p-8b63f71db8fa,v-1d5074f9576a,,One Size,1,105.42,2026-11-10 13:27:23,False
c-5413e9e9a061,s-13e4848f2182,u-74bda7ef8eeb,p-9d8279fd3132,v-80d5b064ba22,,One Size,1,90.62,2026-11-10 14:24:41,False
c-332d2741dc1d,s-34f84769814e,u-cd717c7facaf,p-0adbae413a84,v-1710fb681a0e,,XXL,1,29.33,2026-11-10 14:27:36,False
c-1796b346cd7b,s-34f84769814e,u-cd717c7facaf,p-2be43ae7b0c1,v-e197fb16376d,,S,1,25.2,2026-11-10 14:27:48,False
c-d01cc042f95f,s-72ecc488ff3f,u-4ed417cd17e4,p-fe66ab501149,v-3457d38a9b3d,,S,1,59.39,2026-11-10 14:34:54,False
c-caaa1feff5f8,s-d1b42cab6353,u-f9c3eaff0d83,p-f064d042df39,v-0c6372a8f509,,One Size,1,39.69,2026-11-10 14:44:57,False
c-50905f7842d1,s-e9c1d8e4c86e,u-bb0251dbb3e1,p-7c905332bd05,v-a9f21e4acf1c,,9,1,63.51,2026-11-10 14:51:53,False
c-221765f8739b,s-a80a379b9150,u-b1c017e1a792,p-47640c4a2ee0,v-b07bc015fec0,ord-728c00371d30,S,1,47.59,2026-11-10 15:25:11,True
c-d426e300e9ee,s-002caa9b6f7c,u-6f35385c7a42,p-11da1292c305,v-ea46450a62ec,ord-e8d9461a060c,One Size,1,52.3,2026-11-10 15:29:26,True
c-fe82e54a4f45,s-6e92b087ec14,u-819c0c266316,p-28d371b26832,v-68d7acaecfc8,,XS,1,59.74,2026-11-10 15:30:34,False
c-322b87d5299a,s-ee9c43c819de,u-18f20d3b7039,p-367d873527ab,v-0625cef6a5e0,,6,1,69.67,2026-11-10 15:44:45,False
c-bd3428b0dc3b,s-fa10a3f60368,u-3ff89bbf433f,p-0a6513fc7071,v-a4726365dd0d,ord-58175b4274b3,L,1,78.53,2026-11-10 15:46:41,True
c-a323de175577,s-569e831b6f69,u-132f07a6a007,p-8072c699265e,v-40e7cedd5ebb,,XL,1,39.17,2026-11-10 15:54:30,False
c-9599f17f8849,s-86987f68dd6b,u-b17c97fa5c36,p-fd6f2a3c2e45,v-ca39b887e19d,,One Size,1,39.1,2026-11-10 16:07:12,False
c-611b66d061b0,s-b28b37679cfe,u-a20a4eb55354,p-f50e7626a11d,v-7e19aedc7cfe,ord-977fc43d7eb0,S,1,59.83,2026-11-10 16:10:41,True
c-814b64e4e0d4,s-d3e88659048a,u-ee584fa164fe,p-90f7cac54e1a,v-32a48db5b6f9,ord-0b850b01b3a9,6,1,73.9,2026-11-10 16:12:44,True
c-a3155b174efb,s-4171da65a2b8,u-af67c7f46f16,p-c51f3af8d87c,v-93bf7c219753,ord-e9b909f11c71,XL,1,62.42,2026-11-10 16:16:13,True
c-e93fc46e6025,s-999b0e236b07,u-090158eb0571,p-8ee2a695745a,v-4e96cb2ba957,,XL,1,33.03,2026-11-10 16:24:21,False
c-39b2b4a404c9,s-7332eeeeabc4,u-d27e15941fe3,p-3a792a4cb9b8,v-4de828477098,ord-16666c5b22cf,XXL,1,34.34,2026-11-10 16:56:41,True
c-6bae1c237333,s-72bd155bdf3b,u-21db7f856577,p-0b126e25de6e,v-9d0df7aa4d7a,ord-fdbc3305667c,XL,1,51.53,2026-11-10 16:56:43,True
c-fe94aa945ca7,s-4a8a0fa91b45,u-84e87f31fd05,p-5e4476a0a583,v-e334d4534423,,XL,1,31.62,2026-11-10 17:22:30,False
c-8ddc221cf638,s-dcbdc035f6dd,u-f5629aa73f0e,p-c30a24a4d965,v-8e5a1a1bd6f3,,S,1,65.3,2026-11-10 17:31:48,False
c-c1a2c4606553,s-77de59f6022d,u-5f2d21aa4fee,p-3a792a4cb9b8,v-fe736abc7941,,M,1,34.34,2026-11-10 17:40:50,False
c-6f0a251c500d,s-1509b9572097,u-55e94f6c1313,p-5c33e20b658f,v-de8d17cf96fb,,8,1,46.87,2026-11-10 17:41:16,False
c-01a0dad41ef3,s-e504106af0aa,u-25905618325e,p-2d160337d51b,v-6e3f53adf877,ord-216ee816469b,XXL,1,50.19,2026-11-10 17:48:46,True
c-e520bb6d1dca,s-1c4b9ab5ae2d,u-3f7871466284,p-88bf4e6ca775,v-4f5187901f45,ord-36fe6d46efeb,M,1,72.27,2026-11-10 17:51:28,True
c-535cdbe277f4,s-a2a0c94a98ae,u-13c0829ec709,p-1c0258525d95,v-751bb1e94a04,,XL,1,58.8,2026-11-10 17:53:01,False
c-4b1c7e488303,s-124194d2ec72,u-a49dabc752a2,p-0355fccdaa84,v-ffcbfe70ad40,,XXL,1,72.21,2026-11-10 17:58:26,False
c-d3829d15d967,s-ee2fac3b8998,u-9e4dd87d6321,p-62b0f40a6ebe,v-7d15472a8470,ord-310caa88a9db,XL,1,41.99,2026-11-10 18:21:13,True
c-f501ffd56612,s-36189fa28c13,u-8935d967b1c0,p-22d95d57a4a4,v-b943a9ffe1a0,ord-54abcc47ca81,M,1,18.87,2026-11-10 18:23:56,True
c-d8c70f157bd4,s-bab7b3bc7076,u-4af53b1b66b1,p-7e7e2b6abbf6,v-ace3d1966ead,ord-14f8c0302731,M,1,63.74,2026-11-10 18:27:06,True
c-28a2c782e624,s-8dee6b37dba2,u-49fd41bf3109,p-5f5352523a89,v-d9b4b09d250c,ord-c3e939056b7a,One Size,1,42.24,2026-11-10 18:52:36,True
c-7dc082bd4cea,s-8dee6b37dba2,u-49fd41bf3109,p-85a11ade5f74,v-db98417f86e2,ord-c3e939056b7a,M,2,84.94,2026-11-10 18:54:12,True
c-822fdad81e19,s-4245d5b6a03f,u-3e936c178030,p-e52004ad8f9d,v-d2722088c5c5,,S,1,103.62,2026-11-10 18:59:01,False
c-5fa877d611a9,s-18f8fa1ec2a0,u-5e3574f702a2,p-e7e52e0f2d55,v-9094616c5320,ord-de8c5e4b6abc,10,1,65.09,2026-11-10 19:28:04,True
c-67d0c320aaf2,s-ed69299c015b,u-5f8bdc05ca45,p-7c905332bd05,v-d777dd926a64,,7,1,63.51,2026-11-10 19:32:01,False
c-f8862f7bc6f0,s-737221add991,u-9564f694ea7a,p-f75a1a8df595,v-8b93038831bc,ord-6cdd12a2d3ee,S,1,45.79,2026-11-10 19:39:21,True
c-37103c244da2,s-0dec627bc30b,u-1aaf361149d4,p-32d0c21896ae,v-22272db080a5,,L,1,60.1,2026-11-10 19:48:37,False
c-36a3b12e99c6,s-b505e4647e57,u-f884a7fef0e0,p-d6e0ba2b3cf1,v-7ab967d622da,,S,1,38.35,2026-11-10 20:04:57,False
c-fe200701eb1c,s-1e6b84a137b7,u-fcf3c5befbbc,p-b886e57e01a9,v-53f1f6cbf0b4,,L,1,43.73,2026-11-10 20:05:45,False
c-2f8e7cbd0496,s-93e7e78f3452,u-ef0cc75c8819,p-9b50c67fc225,v-8a3749bddc69,,XS,2,111.37,2026-11-10 20:27:54,False
c-71e3cacb3698,s-c016d1bf9581,u-c570d658f6bb,p-d1a6d0e4d5d8,v-d411da4c78f9,ord-bb2c7a10d41d,S,1,113.81,2026-11-10 20:29:56,True
c-8640373f9c32,s-55b141a8e896,u-60aca79a4ea2,p-e1a5676dc6ed,v-b1742d937964,ord-1ae6c3d1c744,XS,1,101.57,2026-11-10 20:30:01,True
c-5343a76427ab,s-15be55b7e394,u-ae0ef689c618,p-d8a3a827a4e5,v-d273da8b654b,ord-532716f792aa,S,1,47.44,2026-11-10 20:30:50,True
c-5a959a847e39,s-49a90e97c140,u-494b5c884d21,p-1210a51fc32a,v-681f18c63b86,,L,1,43.08,2026-11-10 20:43:10,False
c-84735e34b5e8,s-b7ac8b47ceb0,u-ad614382f440,p-87f337a5759c,v-ccaf46a13ef6,,10,2,85.98,2026-11-10 20:45:27,False
c-e6cbf2a795a7,s-310d6bbf22c3,u-25b188b604f8,p-78156a3fd46d,v-d1a569bae000,ord-0f53269049ab,XL,1,73.58,2026-11-10 20:50:13,True
c-1e16bb2abd5f,s-44b683ba0d62,u-905c48f5cb1b,p-3563a0dd7192,v-c547aaf2498d,ord-f061cb4c3e5d,S,1,43.66,2026-11-10 20:51:42,True
c-d194fff08036,s-177eab52a354,u-372538a89e12,p-7a0cfd5ecfbc,v-e4fdd5e9b271,ord-3bad2f014a79,L,1,38.99,2026-11-10 21:04:37,True
c-4756df5c130e,s-a8d39008c8f9,u-fd8f7d8e2294,p-808c451d43cb,v-28aadca7e2fd,,XL,1,50.98,2026-11-10 21:30:39,False
c-5741842a99f4,s-a8d39008c8f9,u-fd8f7d8e2294,p-481aed97ecb3,v-1452817aeec0,,L,2,101.56,2026-11-10 21:31:16,False
c-7240891a1b80,s-1e75715127ab,u-7d6f5cf3233d,p-c880e79eb602,v-4eb92cd96f78,,S,1,56.71,2026-11-10 21:33:28,False
c-0564e87950b9,s-5872adf228d4,u-f82cdc004bc7,p-aba442a3dbab,v-509518a35f48,,XL,1,18.98,2026-11-10 21:41:21,False
c-2bdbfeb65ee0,s-32bb73377c86,u-b85a146ad9ff,p-9736f1b8b5ff,v-cc2775cebc25,,XL,1,27.27,2026-11-10 21:46:11,False
c-1fd00f36769c,s-a51d4f0e48c9,u-e69abaf1583e,p-d52b360e8d66,v-8394a87886c2,,6,2,92.68,2026-11-10 21:46:24,False
c-6ddb72b58ee1,s-96f11b1d0083,u-e588132da800,p-2f751aaef68d,v-4e47e3d3d7ef,,L,1,83.98,2026-11-10 21:47:47,False
c-06f498e27f3e,s-6c8ac18a2d0c,u-7ee90cd4a58a,p-168259f9ca0c,v-afead5527166,ord-4db40a84c968,9,1,90.57,2026-11-10 21:49:34,True
c-60e4a0229cd4,s-40c393c652fe,u-810977c4f570,p-84a46c0557b7,v-e51456022ba0,,M,1,58.54,2026-11-10 21:54:40,False
c-e47021b3176a,s-40c393c652fe,u-810977c4f570,p-5559e7b5ddc0,v-7e1a64acc78d,,S,1,36.54,2026-11-10 21:54:42,False
c-763d0ca85eff,s-db4c0488f729,u-88db71cfba79,p-39833f233d5a,v-67e8121604bc,ord-d94296a13e35,One Size,1,35.68,2026-11-10 22:01:26,True
c-ae3399a2b863,s-3c83da3fe405,u-e87a6c41746a,p-108c3d23435e,v-6fbc139360d1,,One Size,1,28.78,2026-11-10 22:18:12,False
c-1143a93947c8,s-90a55cf22338,u-d7fe7e4b5def,p-9cfb390e3093,v-9bc89146bd8e,,XL,1,85.28,2026-11-10 22:25:15,False
c-b211bef0bdf6,s-34797db67962,u-9f3a2abf25ef,p-01a702499b62,v-dfcfb5dc4205,,One Size,1,33.13,2026-11-10 22:41:38,False
c-28f246e530c2,s-34797db67962,u-9f3a2abf25ef,p-40b685e950bf,v-6f861dd83177,,One Size,2,40.34,2026-11-10 22:42:23,False
c-54412ba15b30,s-289525a176e2,u-47c464219102,p-bcd0992c254b,v-40306758dab1,,XL,1,85.83,2026-11-10 22:46:25,False
c-516a34847691,s-68baf5ee4096,u-1ca2b7115ca1,p-98df6b512276,v-ffcc5bebcd6e,ord-da744eda5534,XL,1,92.11,2026-11-10 23:00:06,True
c-b00b5c725f80,s-d0059968099e,u-a6ddb9a1702d,p-890121ca97e8,v-81d51c4a81ae,ord-afc1d94692f8,L,1,122.69,2026-11-10 23:28:39,True
c-17d562c711c7,s-0d78f90b27d8,u-3c783c032efc,p-f2317762da57,v-01625c5a3584,ord-e4b5c71713de,XS,1,72.97,2026-11-10 23:43:11,True
c-c75c0e5e6c3c,s-b019f0e77d4d,u-4720a57ec4d4,p-4013d5e888a4,v-6d1ae634257b,,XS,1,47.54,2026-11-10 23:43:24,False
c-d94c3f827491,s-563ab6401688,u-aaec7e77a4ab,p-b5ae9c9e0cfd,v-b917b4333bb7,ord-d483a330049a,One Size,1,74.73,2026-11-10 23:46:45,True
c-f8a1d64fc763,s-70fa2a7cabf1,u-c043712d6f71,p-e051faaf68f3,v-39ec2b04fc1e,ord-6852b43f5129,7,1,129.15,2026-11-10 23:55:08,True
c-17c952475149,s-a39156103cfa,u-3b75d2cc43ac,p-0e5254b99ded,v-90a3dc5e0d52,,L,2,39.33,2026-11-11 00:12:20,False
c-dc9a9bdf06c7,s-a39156103cfa,u-3b75d2cc43ac,p-90c6661528cc,v-71bcc6436246,,XL,1,43.76,2026-11-11 00:13:26,False
c-b2c250b252dd,s-8b8ed78a2cf1,u-1fdbd3aa5229,p-89ea312cd559,v-216fd0b585db,ord-854cb21ce07e,M,1,72.02,2026-11-11 00:17:33,True
c-b91e2d7d82ff,s-8b8ed78a2cf1,u-1fdbd3aa5229,p-b66e5f0d4761,v-6da80cb4b5e8,ord-854cb21ce07e,L,1,21.37,2026-11-11 00:18:26,True
c-b6cfd5e3114e,s-052e44380ece,u-b950d79fbb49,p-4583e81668f0,v-7f4b2a49921e,,S,1,74.9,2026-11-11 00:32:33,False
c-10f979ce3c7e,s-d5756a2fb8c0,u-80fcaa737a8e,p-9fc18e888ed7,v-03af368ba26e,ord-a10f5a512b1a,XS,1,73.43,2026-11-11 00:46:56,True
c-98f80af2c81a,s-964cbd7638ec,u-1492fb343fe1,p-cebf8bd3a1da,v-1179b0c6cd96,ord-8977d7fd8223,One Size,1,75.12,2026-11-11 01:23:21,True
c-842e9c9a2da3,s-41f6b3147774,u-554d861eda28,p-35302d8317b1,v-13c7b9160b1a,,10,1,73.5,2026-11-11 01:27:14,False
c-2d15ac522d5e,s-3ea1d340f6d8,u-2f3ea6ffad9b,p-04f34dd4b281,v-56693521118d,,XS,1,22.91,2026-11-11 01:40:44,False
c-26acc540bf2b,s-f17b4db21543,u-953b111847b9,p-37254b519c5d,v-1ea257132d9e,,M,1,43.45,2026-11-11 01:51:37,False
c-674e2eda076d,s-998375d7362a,u-3d8ef4b72c67,p-27785fcb8ce9,v-f2f7c0887a4f,ord-d3bcbf2fabd6,XXL,1,53.72,2026-11-11 01:58:42,True
c-841997f4d0ef,s-7ac62a676e6b,u-d4d96b0679e9,p-63dad958f079,v-f74836f3eee2,,9,1,85.98,2026-11-11 02:18:03,False
c-0b0585a734d1,s-7ac62a676e6b,u-d4d96b0679e9,p-1dfd396785bb,v-826f1f0455c0,,11,1,73.37,2026-11-11 02:18:06,False
c-12023312f8d1,s-8d4a6303e754,u-f195d96adac0,p-4ac4207f1aef,v-a3c38800dd5f,ord-42ec25de4ee6,XS,1,51.91,2026-11-11 02:36:57,True
c-9c556f754d70,s-988842082ec2,u-34ef278d10e0,p-b4d6f4d20ad6,v-56ead1b79342,,XL,1,41.28,2026-11-11 02:37:49,False
c-d9162d7cea76,s-0c3a4bf2d118,u-96a326c8aa78,p-badbb3761af6,v-42e36d25db50,,XS,1,35.66,2026-11-11 02:39:45,False
c-7ab8d3a7a3dc,s-aac0967e9169,u-0be39801903c,p-11dc4a6d3fca,v-c94ddf67d92d,,M,1,62.87,2026-11-11 02:45:35,False
c-e74bc404d7c0,s-aac0967e9169,u-0be39801903c,p-5d46b4dfb44a,v-e6cf9a2aaf44,,XS,2,69.03,2026-11-11 02:48:37,False
c-3cae6715a78c,s-aac0967e9169,u-0be39801903c,p-3561bc1d500d,v-ab8a723ccdd6,,S,2,32.02,2026-11-11 02:51:31,False
c-995b1465d8a7,s-cbbea8aab9c1,u-064203500c76,p-4689d86fa23b,v-93e6a3486484,ord-74a2ae9f514f,XXL,2,75.54,2026-11-11 02:53:57,True
c-24c64fc59f7b,s-cbbea8aab9c1,u-064203500c76,p-665832971df3,v-8c4f5bb511d0,ord-74a2ae9f514f,11,1,86.53,2026-11-11 02:55:36,True
c-295980b16b53,s-91fb56727302,u-eec7863b48a6,p-ab1bb4db7915,v-45f891a9c8f8,,One Size,1,78.22,2026-11-11 02:56:08,False
c-ae2db0feb41f,s-09128a5d8010,u-4e2168a3244d,p-3f74d079b7d4,v-24ce0a2670aa,,M,2,30.33,2026-11-11 03:07:55,False
c-d213ef0a2805,s-fad4ababdf5a,u-ebad22bf9e78,p-e0e09bfb3a13,v-0e574024fc73,,XXL,2,36.23,2026-11-11 03:19:55,False
c-3baba61acf23,s-63f6ef1b8833,u-87482d4c9b49,p-b21af733327a,v-30c7be0f349e,ord-3cc8c3f59411,9,1,40.77,2026-11-11 03:41:49,True
c-2b49e6850d4d,s-63f6ef1b8833,u-87482d4c9b49,p-92c04713f1b1,v-84c8815c99d7,ord-3cc8c3f59411,7,1,85.52,2026-11-11 03:43:11,True
c-dd1644265e43,s-51349d867766,u-bddf8acaab6c,p-665832971df3,v-b1072dc11df2,ord-79aa39dc0120,6,1,86.53,2026-11-11 03:54:41,True
c-24d83fe86987,s-51349d867766,u-bddf8acaab6c,p-d973be4b8648,v-87060732173d,ord-79aa39dc0120,One Size,1,35.26,2026-11-11 03:55:01,True
c-d3c7db57717d,s-59d46aab7120,u-b0f516925926,p-760bb7e89043,v-e6a6590a1463,ord-2f64aa4380ea,S,1,42.05,2026-11-11 03:55:10,True
c-39266f59d7cc,s-c24191b499b1,u-ba547bd98c01,p-b5d68534f459,v-5db4593d00eb,ord-38fa83d32daa,M,1,34.24,2026-11-11 03:56:24,True
c-f385f1e9444e,s-35203f5264d5,u-6cc4408104a8,p-37a2054ceae1,v-b567957a071b,,S,1,88.13,2026-11-11 04:00:42,False
c-601f7bce2696,s-5c06d0d26edb,u-572377efc6fd,p-1ad4add74519,v-3626f4ca8e6e,,S,1,62.74,2026-11-11 04:09:29,False
c-956d4f648882,s-39ba5f40c0ca,u-bd2d1db61a02,p-41bad0829174,v-b1b6b903d472,,S,1,64.47,2026-11-11 04:14:25,False
c-c9671c8714b9,s-83e519743bd0,u-750697e1d55e,p-a1e9998937e2,v-b28c7635c09c,,M,2,41.44,2026-11-11 04:14:26,False
c-3e4c71b446e2,s-f524a774a1a3,u-2ca340b918ff,p-3813b3e456f2,v-16bfc296d234,ord-430d235ac4fa,S,1,61.27,2026-11-11 04:42:53,True
c-6f66279754c7,s-1d0c93a1891c,u-7b6d8bbbc27b,p-bcd0992c254b,v-b18e5d2bec50,ord-8b42fc77f5ba,M,1,85.83,2026-11-11 04:49:21,True
c-33947efb1e6c,s-9839c346d345,u-800db1ce5da8,p-daf5cd24f22b,v-b2315c137e0a,,7,1,61.7,2026-11-11 04:51:54,False
c-e6a033dea9bc,s-c1c6460cfc83,u-3272882954aa,p-4a6c951e46a7,v-9dd5340e63e3,,XS,1,48.23,2026-11-11 04:53:59,False
c-7116c0174423,s-06255a8748f1,u-c8f2765be2ce,p-aab59aee3f2c,v-21662cd43a16,,XL,1,58.19,2026-11-11 05:05:47,False
c-93411df2fc35,s-90bf59d92b09,u-e6af9e26f655,p-aea4e5743db3,v-e325b531ca3c,,L,1,62.47,2026-11-11 05:07:22,False
c-da2c9cb781dc,s-e61721bf3c96,u-090fd84d4b25,p-acdc39677b42,v-1b7ee363b33d,,XL,1,28.48,2026-11-11 05:09:19,False
c-80ca4493a40d,s-1ca89ce9d33e,u-e09f005b2459,p-18ac482d2577,v-f414d13499aa,,XL,1,43.04,2026-11-11 05:56:41,False
c-3eedd5a1b4a3,s-b975f2a770df,u-6d2439dce0e7,p-fed28b28cb9d,v-ee4a24ac8d71,ord-b7859b34e321,M,2,123.73,2026-11-11 06:16:21,True
c-19c27b11c11a,s-b975f2a770df,u-6d2439dce0e7,p-cbeb4644a5d2,v-62f1c36c0e61,ord-b7859b34e321,XL,1,32.87,2026-11-11 06:17:31,True
c-ca57f443bb19,s-a4e923e27f8b,u-5a79352c6dcc,p-366499dbb99d,v-6b973d773135,ord-329131340bc7,XL,1,50.42,2026-11-11 06:51:22,True
c-12f582ed352f,s-a4e923e27f8b,u-5a79352c6dcc,p-297d37c047d6,v-7492596af366,ord-329131340bc7,One Size,1,55.26,2026-11-11 06:53:38,True
c-185d64480a5f,s-daae38d042c3,u-2ea54aff8eb0,p-7d28e2ca0722,v-b97c43bb118f,,XS,1,40.58,2026-11-11 06:54:14,False
c-4f3d51887dbf,s-8df834f807ec,u-0f5f6fff9f7e,p-d29ce7dd0bd7,v-c0f520a8e899,,XL,1,53.63,2026-11-11 06:56:46,False
c-d3c2abd92fca,s-bf88eb265d41,u-63cd1b9b87ee,p-fb5df7482392,v-fdfab57a13a5,,L,1,71.84,2026-11-11 07:09:56,False
c-b32557033bb6,s-e36eb2bfb01f,u-7fa8482ce9a7,p-89ea312cd559,v-a30d7468128f,,XL,1,72.02,2026-11-11 07:11:26,False
c-c635af97485c,s-bf88eb265d41,u-63cd1b9b87ee,p-56f25c14d41c,v-8a754af11f92,,L,1,66.84,2026-11-11 07:11:44,False
c-79b3282fa105,s-6d17d0dfaad1,u-ad7c0aadaaca,p-5f11e232aa88,v-cafdfd1c6d2b,ord-6d40047644bb,XS,1,58.13,2026-11-11 07:25:23,True
c-a169546186b5,s-2c78caabdef6,u-2acea3497a56,p-9371cb03d7a6,v-cf350d20d73b,ord-cf04dfb9ecd5,L,2,85.7,2026-11-11 07:36:52,True
c-f45474640f55,s-09b4640916a6,u-062a7909b047,p-9f91b978f184,v-a1e0f622d103,ord-1218a881e9f7,XL,1,31.87,2026-11-11 07:38:29,True
c-68433c916903,s-f134736e10b8,u-c0acbd1b40e4,p-5165812dac9a,v-9dae0d8bbc07,ord-c4fa90d87424,XS,1,61.72,2026-11-11 08:05:01,True
c-a101a2bfc68e,s-f134736e10b8,u-c0acbd1b40e4,p-a8946063d3c5,v-3d6a9e3e0740,ord-c4fa90d87424,XL,1,40.03,2026-11-11 08:06:30,True
c-b81582e380e6,s-00dcca850fb1,u-b8d5acf772a4,p-70ea8249c551,v-484815f8385c,ord-fa0ae709c953,One Size,1,74.91,2026-11-11 08:06:43,True
c-d33964243416,s-05ea976982d4,u-435717495383,p-7e7e2b6abbf6,v-1a9e7dff22b8,,M,1,63.74,2026-11-11 08:09:15,False
c-28f02a0de248,s-5f284b1f300b,u-4d554e2d023e,p-ada32c12b1fe,v-4c62e8467ce8,,S,1,30.68,2026-11-11 08:21:29,False
c-12736f6d0826,s-224f200e483a,u-0d40dc5fc9d1,p-d86d3cc2d6ec,v-a794879e1c41,ord-9fddba35c9d4,L,1,55.52,2026-11-11 08:34:58,True
c-c9e5f4d98495,s-760f454b2bf3,u-29b10effc99d,p-2f751aaef68d,v-824602244718,ord-61193dddeae4,L,1,83.98,2026-11-11 08:53:15,True
c-a139e63cdff9,s-760f454b2bf3,u-29b10effc99d,p-e3db6ef151fb,v-3cb90b36ea7b,ord-61193dddeae4,L,1,77.1,2026-11-11 08:54:49,True
c-1cdfa4a7a457,s-1b77e575bbba,u-956f18f993f4,p-b20bb23aee24,v-d5a662d38408,,XXL,1,51.24,2026-11-11 08:59:57,False
c-e06e465ea731,s-4db51918a95d,u-1414b24d07d6,p-5165812dac9a,v-82ff08d366a5,ord-3bb0cd81253f,S,1,61.72,2026-11-11 09:01:46,True
c-f18a514d7ac6,s-d06c9f7d124a,u-042501cb0918,p-31bc8d9d431e,v-62623f91f553,,XL,1,24.93,2026-11-11 09:18:51,False
c-cf6c777c96b2,s-383e05d4c756,u-0a3ed9a0d59b,p-18831a764f6b,v-fd030042fe02,,XS,1,47.66,2026-11-11 09:39:15,False
c-78cf32eed369,s-e80251275aff,u-65b625c1f534,p-7694533ce399,v-0db784a0df97,,XL,1,75.12,2026-11-11 09:40:37,False
c-aa9c5d25e1ae,s-3b4187991217,u-c28a2ac3483f,p-89d8ba853aaf,v-8cf935260701,ord-952c7a048e3d,L,1,29.07,2026-11-11 09:53:20,True
c-0feb6585e5a2,s-bad781e9aa01,u-6aec9c0334a3,p-05107b6a13bf,v-40373d83a3f8,ord-e6db0925f62b,L,1,60.73,2026-11-11 10:12:43,True
c-8d893b41a14a,s-53e098e4e1fe,u-cbfe1d24ee57,p-be534b498d8b,v-692eef268965,ord-775deb001808,XS,1,35.87,2026-11-11 10:22:57,True
c-ef7455c0870a,s-e96e404798d9,u-61f67b312b48,p-26b79f79e7d2,v-64baa163492c,ord-86044dd6f0e1,One Size,1,63.8,2026-11-11 10:36:26,True
c-5a4d885d5b3b,s-c2e3ca076acd,u-613ef42b711f,p-0a73233a12ba,v-2d3dc584d7ec,,M,1,51.25,2026-11-11 10:45:56,False
c-e70c4f1b11f2,s-472333ec1a1d,u-528d820fe0db,p-f50e7626a11d,v-2fba93770e11,ord-1fa1da96d01b,S,1,59.83,2026-11-11 11:11:18,True
c-bfe6312a3abc,s-c10ce212cdac,u-f91dd1b92a25,p-4a4f8d21b565,v-5f699beb4e0b,,S,1,68.02,2026-11-11 11:13:59,False
c-002695be66bf,s-f1ca6515804b,u-3765243923ae,p-82a722699ce1,v-2e47b65068ea,,S,1,58.74,2026-11-11 11:36:35,False
c-ed0131cec176,s-0b47977c5693,u-94f62b245f71,p-f9eab5b06d34,v-c86d4a712524,ord-a0e1ee8bc51a,XL,1,74.92,2026-11-11 12:18:09,True
c-f6dc9bbf8e96,s-fc763d31ed7e,u-bfb014614073,p-5165812dac9a,v-fb4b029505ef,ord-2a04b48e41f3,L,1,61.72,2026-11-11 12:22:11,True
c-8d9920e74639,s-0b47977c5693,u-94f62b245f71,p-1109fffe8a06,v-c968373d8cd5,ord-a0e1ee8bc51a,XL,1,45.68,2026-11-11 12:22:19,True
c-b9c5ccd260ea,s-c864a78ed61b,u-dcee0b4b0558,p-5bd75779ffa7,v-78a6584b4615,,S,1,55.25,2026-11-11 12:30:51,False
c-f9c6b09a8d50,s-69f682fc5bbd,u-40fcf321817d,p-6c219b280162,v-9fcb35d7b364,,L,1,44.66,2026-11-11 12:33:54,False
c-96f0392c8c1e,s-f6dbca181964,u-28eacd3adab8,p-e862c1b120d9,v-ea9d6fd3acf0,,6,1,46.01,2026-11-11 12:34:50,False
c-e119ce4c4386,s-598d5bf7e0ed,u-5b91e90246fb,p-5639a744c9b9,v-b00007e11298,ord-a337be091aef,XL,1,58.93,2026-11-11 13:00:31,True
c-cc46a152ff81,s-83a990b08eec,u-1151e6dc7cdc,p-47640c4a2ee0,v-514ba7b5f18b,,XS,1,47.59,2026-11-11 13:07:20,False
c-b75fa7eea023,s-e5a7c1a9542a,u-1b9051466525,p-0977157cca58,v-5453be922213,ord-ae197e7aabf7,One Size,1,106.93,2026-11-11 13:08:20,True
c-e02d83e193f0,s-b1e846d8dffb,u-ccbf334f6190,p-9d8279fd3132,v-2dec93d629eb,,One Size,1,90.62,2026-11-11 13:34:59,False
c-ac532180a097,s-93ceee9e5643,u-40a4926fc366,p-fd84f6a26e19,v-ba4e1b5eff33,ord-cfdaf219f44b,L,1,37.41,2026-11-11 13:44:31,True
c-6fc9264efd83,s-9563f92f2fa8,u-06bd71c5cff5,p-222755c29f62,v-18a5d3347c74,,XL,1,43.92,2026-11-11 13:45:06,False
c-670ac506d57e,s-345fa2534eca,u-7f444415621a,p-22d95d57a4a4,v-ba2696421e52,,XL,1,18.87,2026-11-11 13:58:55,False
c-7b3ab5c33a46,s-c6ace71dd358,u-4b33ba02c3de,p-ed39ec7addf2,v-ccf1a54f0b6c,ord-81f804ca8b75,L,1,76.67,2026-11-11 14:14:22,True
c-829549fe7cab,s-39c35c8cf3bd,u-fdb3f326fe6f,p-7ae320e92375,v-a6c36e7405b8,,M,1,53.18,2026-11-11 14:15:42,False
c-8a6dbaa8e44a,s-52854d2b3862,u-37c352507300,p-c20f0d50bc6d,v-e8a2f632c6f4,,S,1,23.36,2026-11-11 14:18:56,False
c-578963d84954,s-303dab9d2ea6,u-fa9f14403d62,p-125e782a141b,v-a89116f6dba3,ord-a07eaaa05640,M,1,46.6,2026-11-11 14:23:48,True
c-87c68a0bf348,s-850ff73168a5,u-a7b766f66185,p-e5d7335642b6,v-0cf12f9664ce,,M,1,53.31,2026-11-11 14:24:17,False
c-adc538fcd724,s-850ff73168a5,u-a7b766f66185,p-5a946fe521ca,v-10e9a3a3c4ab,,M,1,76.69,2026-11-11 14:24:24,False
c-5a0c1dd2cf71,s-63f4a8bf10f9,u-14b774e0e3b5,p-6afba8c567e4,v-58670a3ae0ee,ord-87c2b714e9cd,M,1,28.21,2026-11-11 14:29:17,True
c-b5e09b62be76,s-d9dc02b7821b,u-fd0355b64b53,p-3862b24fcaf1,v-5cdc2587184e,,One Size,1,64.09,2026-11-11 14:45:43,False
c-124546513f4e,s-efeef49ad79f,u-097a7f244b01,p-0979a5b2807e,v-df1e4efb6e83,,S,1,45.04,2026-11-11 14:59:32,False
c-d4656569b4c0,s-ecd715a466a0,u-6e87ba493ad7,p-3afe0cf96058,v-bc3e91ea7547,ord-4a06b5043f92,XL,1,58.9,2026-11-11 15:27:24,True
c-5dc021fe1805,s-ce9a7c83ee7c,u-a1e2b7bbf9f1,p-3dcd4a2ea723,v-414f31b8095b,,One Size,1,38.05,2026-11-11 15:44:17,False
c-2a169595700a,s-6e6491c5d9e7,u-ad6abe21c755,p-1e28fb9cbf4b,v-b03224c1432c,ord-898e13b93912,M,1,91.55,2026-11-11 15:56:03,True
c-99053744b172,s-a51df2da6ce8,u-966591142cbb,p-62367f6046fc,v-df33cf0ef027,ord-250ac4aa031f,One Size,1,46.19,2026-11-11 16:10:15,True
c-9fb01d7f4e09,s-4d9debabbbdb,u-7c514ac1c143,p-ddd2f5bb213c,v-50a91d10c9a6,,M,1,50.79,2026-11-11 16:10:33,False
c-2fada4da5bff,s-2066309939c8,u-0c05b121e569,p-ff63105a12a0,v-9c877c20127a,,S,1,86.59,2026-11-11 16:22:51,False
c-c731a4774ed2,s-2066309939c8,u-0c05b121e569,p-469de43e6121,v-fa2ffd8fe1b0,,S,1,58.09,2026-11-11 16:24:00,False
c-3bcca9a96eac,s-be3431b0f36f,u-0208affccf11,p-d776ea014330,v-624750029d30,ord-29060a5395df,7,1,107.62,2026-11-11 16:33:01,True
c-748b4a5e94fb,s-4d1b8d222138,u-677e44ec3be5,p-567b30ed15bb,v-81dadb69144e,,XS,2,51.29,2026-11-11 16:58:33,False
c-f1a6caaebc26,s-6832147e85de,u-91ccf053101c,p-06f0ecdca59e,v-68c9ffa79dea,,XL,1,45.83,2026-11-11 17:06:53,False
c-5587c969c9de,s-6832147e85de,u-91ccf053101c,p-7fb30797d81f,v-533b057a0008,,L,1,74.36,2026-11-11 17:07:47,False
c-04aba64cbf1e,s-ed600afb1464,u-e40069badb73,p-c68d4e68cafc,v-0a6ba94da233,,XS,1,63.16,2026-11-11 17:24:58,False
c-e2281afaa5d1,s-bb41a4bd4468,u-6634f4afbd6c,p-4904d614c34b,v-06a20cc62398,,L,1,59.37,2026-11-11 17:32:08,False
c-e34bc4382315,s-5d7e41d782b3,u-f2aa6816dd34,p-3ab4f6a8dc27,v-0e0eff0910e0,,L,1,64.54,2026-11-11 17:33:00,False
c-0893eab01911,s-b49cc98edc42,u-b759cb2e500f,p-bf48dbcd8369,v-de645a0f4c9f,,L,1,55.05,2026-11-11 17:37:16,False
c-b97abb198a37,s-0c40d3bd5820,u-1535de762ff9,p-2ff3c5390025,v-93d000df1f76,ord-766020011600,XL,1,25.98,2026-11-11 17:44:56,True
c-823c2e136ec1,s-57a3077d2f9d,u-d0e961b8cd13,p-2d160337d51b,v-881d9f32513a,ord-cf1ee6bfb51e,XL,1,50.19,2026-11-11 18:00:39,True
c-b6527a6598c8,s-5b8dc20caf50,u-f63df481c698,p-dd29b201ad93,v-65cb389fe97c,ord-0a0286ead75c,S,1,34.57,2026-11-11 18:05:37,True
c-2a36c807b840,s-23a50d7efdc3,u-0325d25ae300,p-9706d0e45f8b,v-c3d8aeed64de,ord-db721536ad99,7,1,81.31,2026-11-11 18:32:15,True
c-1d4e8eb201d1,s-d533b9a5ce6b,u-310ddeadde58,p-866026ab9dd8,v-8506b5ace4db,,XS,2,46.78,2026-11-11 18:36:51,False
c-d4bbb4564670,s-5bbdf8f3fa3a,u-ad776905510b,p-81c9b9f1418b,v-dc6c7cbfcd78,ord-be802377f45d,XXL,2,88.01,2026-11-11 18:55:51,True
c-bb55fd60c4f4,s-5bbdf8f3fa3a,u-ad776905510b,p-6535d0b8061b,v-8cb9b731396f,ord-be802377f45d,XL,1,92.87,2026-11-11 18:57:13,True
c-09dcbf8d6605,s-77b0c18815fb,u-b2f8a900eef9,p-2d839c9d3ca5,v-d8fd55d2a5e5,ord-f05f31757167,XS,1,48.79,2026-11-11 19:01:20,True
c-31410f3bfb5e,s-77b0c18815fb,u-b2f8a900eef9,p-82f9abd306e4,v-fcde86089584,ord-f05f31757167,S,1,54.55,2026-11-11 19:02:20,True
c-698d32ab2428,s-77b0c18815fb,u-b2f8a900eef9,p-75d8655c95a1,v-64ec8b290690,ord-f05f31757167,XL,1,39.15,2026-11-11 19:03:20,True
c-7872ac1f5910,s-fb8203f39814,u-34c39e921f64,p-4916594c7d27,v-1d1c3e64ed7d,ord-b4d3f6c07d66,M,1,81.73,2026-11-11 19:27:48,True
c-9deaf87a0b7a,s-73790a18584d,u-e66c6140671e,p-10a475d7adf6,v-456a596d3622,,L,1,28.35,2026-11-11 19:43:39,False
c-a94b73ead7c3,s-9ce52e5cbe76,u-f4742185dcd1,p-e3bf8ed97d4c,v-e1474baf9f33,,XL,1,57.23,2026-11-11 19:52:05,False
c-069c49424fe7,s-fa2f0fcf57e3,u-e00139604982,p-8bb883c1d526,v-fc68edb4b1bf,ord-b46de0d2803a,7,1,88.95,2026-11-11 19:54:14,True
c-1747e8a2d1b0,s-778862d0fb1e,u-398e5c6b660d,p-89595b0edd0b,v-899bd4ce414b,,L,1,126.99,2026-11-11 19:58:54,False
c-4ef731ca81c0,s-778862d0fb1e,u-398e5c6b660d,p-6095d37b40b4,v-d3d0e4f64359,,XS,1,44.58,2026-11-11 20:00:43,False
c-728a77b80ada,s-778862d0fb1e,u-398e5c6b660d,p-6771dca3a4a9,v-57bee99028ba,,L,1,92.34,2026-11-11 20:01:41,False
c-bffa2ff4850f,s-a9a1b77df927,u-8fd9adf7cd41,p-1136159ee784,v-7ccaa7fbda9c,,L,1,67.53,2026-11-11 20:02:41,False
c-51fbb9893e06,s-defe354ca784,u-8d0634c158a8,p-d0b1e7d49c91,v-1b0afbe14f7e,,9,1,71.8,2026-11-11 20:04:50,False
c-1fb2325866a7,s-f6722fbe191f,u-da33dbeb895f,p-4a6c951e46a7,v-2974a9289575,,L,2,48.23,2026-11-11 20:18:00,False
c-a41ae2d21c3a,s-d0bd6dc68495,u-c3b504e3da75,p-b961b1023281,v-cec8b3d2cdba,,M,1,47.91,2026-11-11 20:21:00,False
c-4533c1e53dad,s-f6722fbe191f,u-da33dbeb895f,p-99de8910c53e,v-21e9a1e4cb8a,,S,1,70.16,2026-11-11 20:22:09,False
c-60000cf3e1b2,s-d0bd6dc68495,u-c3b504e3da75,p-a5a2486fd335,v-8e2d5b417f63,,One Size,1,32.39,2026-11-11 20:22:25,False
c-43493b65981b,s-de2e5e6fe94a,u-aa30a6f9861d,p-734ab7205f74,v-883b8101bfe2,ord-e8665b8b0b4f,8,1,111.35,2026-11-11 20:24:26,True
c-27f25b64080b,s-de2e5e6fe94a,u-aa30a6f9861d,p-e051faaf68f3,v-b469046fef06,ord-e8665b8b0b4f,8,1,129.15,2026-11-11 20:26:10,True
c-84a273e3cade,s-e6c54acf6832,u-cd58b3ab1695,p-20383bde64c0,v-c840a6cecdcc,ord-bd58f0b93bcf,XS,1,51.86,2026-11-11 20:30:23,True
c-5619b8a9e567,s-45d3a12bbc19,u-58f2af2337a4,p-2e053a9ef55c,v-1d4619a95ab7,,One Size,1,38.95,2026-11-11 20:30:35,False
c-0fb6325e9533,s-53e0b7c2ce0d,u-39dfe93ed17b,p-25301b52ab6c,v-b883937bd6b0,,M,1,62.25,2026-11-11 20:44:08,False
c-a864e34798e6,s-e93e43c38bb6,u-a654a6b746d1,p-10a475d7adf6,v-a2353354db5e,,M,1,28.35,2026-11-11 20:49:51,False
c-5a42fa7f6f27,s-93df19fbaf0d,u-4976baf3c3df,p-804b0c4e1f09,v-e40d198061b7,ord-7d59f24b6b8a,One Size,1,78.84,2026-11-11 20:59:51,True
c-4de1a0bfed6f,s-bcb897756b49,u-bafdd38e8377,p-ddb05584a10e,v-eba105a3641f,,XS,1,37.85,2026-11-11 21:30:27,False
c-a216fcd1604a,s-dee184b809f7,u-9276d5cfaf7f,p-b3c4aecb0e78,v-3d118581fd08,,One Size,1,75.68,2026-11-11 21:30:33,False
c-3101a595233a,s-04c5ed98d28c,u-ca55ba6d8752,p-8e567d1cd7a5,v-ab49f0bffb63,ord-0ab5cb548273,M,1,21.2,2026-11-11 22:04:14,True
c-0acd5a1ebeff,s-04c5ed98d28c,u-ca55ba6d8752,p-89eeb4197e75,v-be9009e506df,ord-0ab5cb548273,XS,1,70.99,2026-11-11 22:05:53,True
c-4841e8392d5c,s-eceadbedc84e,u-0c9058b27f9c,p-659a395522dc,v-454c1ce13698,ord-5b0885adb28c,L,1,37.18,2026-11-11 22:16:44,True
c-1f69c15ea1a5,s-eceadbedc84e,u-0c9058b27f9c,p-90bd6cc44bb6,v-768d46be7094,ord-5b0885adb28c,10,1,73.21,2026-11-11 22:19:16,True
c-c5a1f4909764,s-955a8b6fb8b3,u-d748c13fd836,p-16056459ebf0,v-c2e1950df8f1,,XL,1,45.15,2026-11-11 22:29:31,False
c-5ff42b23807a,s-2f57097d5672,u-e2d15888d9b2,p-b2a3645e0b76,v-d139779c9302,ord-54a4b014bb25,XS,1,34.05,2026-11-11 22:37:44,True
c-073d60a34c72,s-94f46d600074,u-91465a80738f,p-4ed4e987ef74,v-e8142e53f34d,ord-b8b47e655bb0,XS,2,29.29,2026-11-11 22:50:26,True
c-add6620bbd51,s-30599acc136a,u-ad88b726e78a,p-3ac5e5681d91,v-4d2fd4a46640,,9,1,92.59,2026-11-11 22:54:16,False
c-3bca396efecc,s-7c940d2d3230,u-99b69c1fc5cf,p-a5a8b3e8b728,v-ee6a1984a2b7,ord-19b753a47fe6,L,1,59.33,2026-11-11 22:55:40,True
c-954b26fec25d,s-f7c0bfd98ec5,u-62d0c6ebb020,p-f6b1ad82eda2,v-5b7c9f5b63b9,ord-567de6a14f03,S,2,45.76,2026-11-11 23:23:25,True
c-9c0cf900ad21,s-f7c0bfd98ec5,u-62d0c6ebb020,p-16056459ebf0,v-a1fc860df89a,ord-567de6a14f03,M,1,45.15,2026-11-11 23:24:26,True
c-9e331cf6b849,s-291b6231af60,u-c11877a00b14,p-86ecada0d300,v-0537172c8879,,One Size,1,50.92,2026-11-11 23:33:14,False
c-f571a831182d,s-b48be48db803,u-93c40c7a19e1,p-bc9a17fc84aa,v-19f80b82fd6b,,L,1,43.45,2026-11-11 23:42:47,False
c-2bae259d4ed4,s-d23a76cb730d,u-699d83647403,p-c3aa6d3efc65,v-5efeea85e0d2,,S,1,51.97,2026-11-11 23:44:43,False
c-c157efeef60c,s-d23a76cb730d,u-699d83647403,p-c900d70e4047,v-f53a99366462,,XS,1,80.29,2026-11-11 23:45:10,False
c-8c165cecd9ef,s-173ef4f58735,u-3be96f9b106d,p-05107b6a13bf,v-6c7fe98f5126,,XL,1,60.73,2026-11-11 23:51:15,False
c-5a2b5bfaff04,s-123b091aec18,u-fef12583ffeb,p-5559e7b5ddc0,v-6bc09070ea71,ord-fc1e1d36eeb0,M,1,36.54,2026-11-12 00:23:54,True
c-5e7870442d2c,s-a473ba9ab96f,u-dd0f3a44835e,p-8d66035c760e,v-e247584e5ecb,,M,1,21.46,2026-11-12 00:30:35,False
c-7cf6f0599894,s-a473ba9ab96f,u-dd0f3a44835e,p-208824be0f96,v-fb2242904453,,XL,1,32.95,2026-11-12 00:31:16,False
c-40b1c9e15934,s-a6185080d083,u-882054f7e3af,p-451d35ee28e3,v-6d6d35ae2c7a,,XS,1,61.88,2026-11-12 00:33:25,False
c-241bc6479b23,s-46012a03ea41,u-9aaa563ff8bc,p-742b8331f6b3,v-e2c3f1b5001e,,S,1,55.81,2026-11-12 00:43:01,False
c-802bfba309af,s-9f93323ba841,u-5bc3db6882a5,p-4431e8d62547,v-5fdb18413e7c,,L,1,50.61,2026-11-12 01:03:40,False
c-3e132e0d789d,s-a1a85092e8df,u-c999518e957b,p-230f80de8bbf,v-dbbe650f0f18,,8,1,82.48,2026-11-12 01:04:47,False
c-45e11fad0ff4,s-876f79476035,u-722a0e2739f6,p-695593c4720b,v-bfd4e88fe00f,ord-2cf3da6e5cd5,L,1,53.92,2026-11-12 01:13:48,True
c-b404e4cf6a55,s-82cf1c067244,u-4ed1fbfd62b3,p-b73323f92956,v-2ad39fc7e229,ord-15abe2704183,M,1,58.1,2026-11-12 01:18:36,True
c-7075990eb2d0,s-c1cac4f75d64,u-921405301527,p-f21e009c1eab,v-8ef9d6bbbc6e,,XS,1,38.47,2026-11-12 01:22:52,False
c-bbb487d6447d,s-dfe675c6affe,u-65c26ee571a1,p-fef3c928dae9,v-40f3a6cddc2c,,XS,1,66.97,2026-11-12 01:25:08,False
c-b722e87019ee,s-8c001bb8770d,u-953b3a3baccd,p-5c83a811708b,v-90c990c02d20,ord-b7147c681cd1,6,1,103.61,2026-11-12 01:50:06,True
c-f56f51a7749d,s-198be5d67081,u-6c8cc3089a66,p-38a52e8b95b2,v-2972b375394c,ord-4a5d36d88447,XL,1,19.02,2026-11-12 01:55:56,True
c-ea8e630f3dff,s-04227655650e,u-544565528b42,p-ada32c12b1fe,v-60f57e97a582,,XL,1,30.68,2026-11-12 01:56:16,False
c-0136eba40456,s-a0ef498bc561,u-49fd41bf3109,p-3f74d079b7d4,v-1dbe63dc0d3c,ord-6cb380660122,M,1,30.33,2026-11-12 02:03:50,True
c-1bf3e666db75,s-444b62387633,u-7835d745b322,p-884e758908f8,v-0949f825b39c,,L,1,40.33,2026-11-12 02:05:06,False
c-00395a83a0ab,s-c668c8251f58,u-9c5314fcef34,p-164d873d107d,v-53ed47091a43,ord-921c70a004e1,M,1,61.62,2026-11-12 02:13:00,True
c-ac767c10e821,s-f3c82523d50c,u-208712f77dba,p-41bad0829174,v-aa0bce8290d8,ord-74ba825db5b4,XL,2,64.47,2026-11-12 02:14:36,True
c-35234a068813,s-378b0068f3f6,u-5ec1a7ac163f,p-402523ed70c8,v-ccdc3c58f811,ord-66e2fdad9e18,7,1,57.18,2026-11-12 02:48:26,True
c-68d880856b12,s-35ea973f9386,u-205d73730f33,p-c2a751d47ec2,v-b207712f99bb,,L,1,32.36,2026-11-12 02:56:10,False
c-684037ae40a3,s-c7c52fd3b977,u-507db7e71c22,p-23034c55c202,v-ecf25a0a8940,,XL,1,57.38,2026-11-12 02:58:14,False
c-1fbdeb6ec012,s-26f415efba45,u-f072bd8028fc,p-a28088e47da3,v-364efb1cb09e,,9,1,91.47,2026-11-12 03:03:48,False
c-7f75acf3fcd8,s-0d125b067bcb,u-aa3cfd9a5edc,p-f8de2716ffdd,v-9bc028932199,,M,1,30.34,2026-11-12 03:22:31,False
c-dd896b13be4a,s-0d125b067bcb,u-aa3cfd9a5edc,p-02d7151df481,v-7232958cf8b8,,L,1,77.08,2026-11-12 03:23:16,False
c-b2bcd8e7298a,s-226d9fa6061c,u-37a878cec440,p-38a52e8b95b2,v-951ca97621e9,ord-d96d4ae27577,XL,1,19.02,2026-11-12 03:28:00,True
c-50419ecf2830,s-ac21f3e5fd5d,u-4f87093af297,p-d1c671538589,v-c1ed49e16df6,,S,1,29.85,2026-11-12 03:36:44,False
c-e861f5db2867,s-896134996e4a,u-d5ef0163f630,p-1bf042849c9f,v-0976e8078bed,,XL,1,72.07,2026-11-12 03:46:31,False
c-7d8e920cc646,s-f6749fcefae5,u-4a2abd481dad,p-70ed762ad9d0,v-7c1111d7a426,,M,1,38.71,2026-11-12 04:02:37,False
c-661936ab36e2,s-7385a44d0efb,u-b9b9cafa5119,p-20383bde64c0,v-53df1f3f90a8,ord-f7a4cdb47d1a,XS,1,51.86,2026-11-12 04:05:45,True
c-2c8b83ef56af,s-1c33d069cea3,u-da37ca0a45de,p-d90e594896a1,v-08195e198183,,S,1,76.57,2026-11-12 04:21:35,False
c-940370d198a3,s-6294f4dd5abb,u-2812b05c4633,p-904e4033c8e6,v-029d83094408,ord-2b00f8f5b49b,8,1,53.15,2026-11-12 04:24:13,True
c-4587b347f0ae,s-6294f4dd5abb,u-2812b05c4633,p-0ce9649e20dd,v-0f982d925050,ord-2b00f8f5b49b,XL,1,33.55,2026-11-12 04:25:45,True
c-c172874c0fc3,s-9ffe3f82fa8a,u-b88493de86b7,p-8f13023a489e,v-c70644a0e71f,ord-6bdbc4cd1dbb,XS,1,71.13,2026-11-12 04:28:28,True
c-8625869cd0fd,s-00df5736597c,u-48103bfd3541,p-6be092c61912,v-2c6cb1b66ab2,ord-c79f9859b1bc,10,2,75.87,2026-11-12 04:29:59,True
c-28be6ad898d0,s-d3365352af33,u-aafdf4a0e9d1,p-5bf2b05de330,v-45fbb1a6f482,ord-b59961fcb787,One Size,1,52.16,2026-11-12 04:39:56,True
c-fa80bfa5e1e3,s-b8b56ab9f16f,u-a1ec1f94b6f4,p-367d873527ab,v-547f566d9bb0,,11,1,69.67,2026-11-12 04:44:57,False
c-5231ab8c1c6b,s-40c262bfda85,u-7e8877a4a56f,p-f4e713a110d6,v-75b703b3eba6,ord-df6547644ef3,8,1,104.08,2026-11-12 05:04:44,True
c-ea66522f6521,s-0e18ddf2f704,u-8131dfa1b138,p-76aa54c5428b,v-5bca78fdc596,ord-8f39f89b1222,9,1,68.58,2026-11-12 05:06:23,True
c-5d8b98b02115,s-6c49ef7f3946,u-93abfe608cc3,p-2d943db0d05b,v-9fe1abde79f5,,L,1,71.29,2026-11-12 05:09:16,False
c-13db560f0983,s-9d2b1b149c17,u-478003df3e6b,p-839e407ec203,v-50ee691a37a3,ord-819c4ceb4c6f,XS,1,80.16,2026-11-12 05:17:54,True
c-926d42c488d0,s-0c16c29f9a5c,u-a93ec861d0b1,p-7402450e78f9,v-f2ba0a9f1f78,ord-9a9f46cf4c94,One Size,2,92.69,2026-11-12 05:25:39,True
c-45128382674c,s-0766dd69cbbd,u-1258af4f1895,p-13d3e250b7b9,v-4222a086108e,,XS,1,59.03,2026-11-12 05:28:43,False
c-a853e0dde697,s-0766dd69cbbd,u-1258af4f1895,p-ae6aa2f6a8b7,v-63c468963852,,XL,1,66.64,2026-11-12 05:29:33,False
c-d60fc7da3b2b,s-105583d8fbef,u-e092156a4acc,p-f49f9a26aa05,v-a2c07a3918a2,ord-bf12ff3e5819,M,1,48.75,2026-11-12 05:34:50,True
c-a6d009fd9554,s-e420774f70bf,u-b484ac72c427,p-16cc6e122e17,v-5a594dee18ce,,XL,1,57.67,2026-11-12 05:45:13,False
c-043f2a443673,s-a5cd8d3e2df9,u-79fc2b719736,p-241b1fa0c5cb,v-d44c3d9e07da,,XS,1,91.18,2026-11-12 06:25:54,False
c-51957c2d7acb,s-d04cb50b8d81,u-03fc5c1809f4,p-f1112dc1652b,v-54019a7eb15c,ord-c4778e35d950,One Size,1,39.16,2026-11-12 06:28:37,True
c-9d135790b12b,s-5af4580f9cf7,u-dffcbb48440f,p-fb40cb39b90b,v-711f509c648b,,S,1,49.31,2026-11-12 06:46:38,False
c-45a6892592b7,s-c0e8d878f44c,u-1a7876606179,p-fdd9ffa5dbe3,v-3511068d1163,ord-762d9ae8e976,7,1,38.46,2026-11-12 07:07:14,True
c-42c8259fcf4f,s-f5a7622733be,u-d05e3f5ce611,p-866b2965f01b,v-0819e108a9c3,,L,1,85.81,2026-11-12 07:24:42,False
c-368f1e4e13d5,s-f56556f6f655,u-cc1beb66505d,p-cbeb4644a5d2,v-bdfdc8b577bd,,XL,1,32.87,2026-11-12 07:25:53,False
c-d5d824ae485b,s-9342ad5e55dc,u-c80955b12402,p-fd84f6a26e19,v-f1f0cf7d3c46,,L,1,37.41,2026-11-12 08:12:22,False
c-65040eb86115,s-da0442e55f8b,u-4b05bc621d5b,p-13b7675fbb59,v-226b6d1977f2,ord-f09bb83cda06,S,1,67.64,2026-11-12 08:16:14,True
c-f326436b2fad,s-6c1c141d9954,u-a0fb4ea4eb1f,p-2d839c9d3ca5,v-3f8b5a7aa8c4,ord-5b4544a0de11,S,1,48.79,2026-11-12 08:30:49,True
c-fc6bb633f698,s-c070d9783abe,u-7d1c8ecfea3a,p-36ef66bfcddf,v-d9d4202daf0f,ord-83554b9da0d4,6,1,85.32,2026-11-12 09:08:08,True
c-55eb6789f081,s-9c6acb7fc671,u-70903fcd8390,p-c6ce6ab36cbf,v-a2613fcbe002,ord-f28a3573e60e,XS,1,48.93,2026-11-12 09:08:40,True
c-ee4e733a44d1,s-9fc286fe2be9,u-bea7398315f2,p-d1c671538589,v-5febbd08c012,,S,1,29.85,2026-11-12 09:33:27,False
c-f211e2434bef,s-bbc3d5d80c3d,u-7203fff63048,p-eee69b917058,v-e620e54c1866,ord-602c83e3075a,XXL,1,51.39,2026-11-12 09:58:45,True
c-be5a48c45e49,s-c4ab0aecb0ec,u-03a15ad23dc6,p-9069bd38ab8e,v-d15c9833c21e,ord-f9fcfe0d5558,10,1,82.35,2026-11-12 10:17:18,True
c-fd86243d93ca,s-cb66a24df33b,u-cdab3b539862,p-fa047ef74a7a,v-07999085178e,,XS,1,46.99,2026-11-12 10:22:36,False
c-98072145d3b7,s-cb66a24df33b,u-cdab3b539862,p-d7a95dcae9d7,v-4446908773e5,,XXL,1,25.46,2026-11-12 10:23:19,False
c-116782ab8c03,s-82f5bccfaa73,u-30429665f577,p-76aa54c5428b,v-87bf70858883,ord-5fea00cc29bd,6,1,68.58,2026-11-12 10:29:02,True
c-7ee662d224fe,s-c98cb5d7ac0a,u-ca2acbc474d1,p-0b126e25de6e,v-35464af11eb0,ord-650b01cff621,S,1,51.53,2026-11-12 10:34:31,True
c-ebeaa62b8361,s-49981848430c,u-8eff9f9da53b,p-11dc4a6d3fca,v-5d35732df1fd,,XL,1,62.87,2026-11-12 10:49:16,False
c-cee6a02d46fe,s-04091db626b9,u-38d958b05b4b,p-f9c378302ece,v-c1b89243e857,,S,1,49.23,2026-11-12 11:15:20,False
c-ea1d36f3b08d,s-cd5c65e5345b,u-12e85b5df005,p-2280a8342ce9,v-96d64c41de2c,ord-475e21983668,M,1,62.67,2026-11-12 11:21:19,True
c-25b5d393141e,s-605a87075649,u-af03be7d6de9,p-91a2dfe06420,v-c544cdfbed10,,9,1,62.75,2026-11-12 11:29:25,False
c-4ced884f258a,s-5c0339ab9009,u-78c636cc8906,p-21e629210114,v-e8e9b94ddd4a,ord-4de7c8dc6a3c,7,1,46.29,2026-11-12 11:31:43,True
c-ace01539d115,s-605a87075649,u-af03be7d6de9,p-52f3ef7b086c,v-ba10b1e3da60,,XL,1,40.56,2026-11-12 11:32:20,False
c-38b3e876dcf8,s-8b9a97c293b8,u-1625267cc218,p-749e01e728ad,v-0a961a70c6e7,,XXL,2,37.05,2026-11-12 11:39:25,False
c-481cb3f91e9f,s-4a04f4984d00,u-9037ba8b46d1,p-5dbc634cdca1,v-f78a039c34b4,,XS,2,75.65,2026-11-12 11:45:10,False
c-a8a4068806cd,s-2f8b47ee4880,u-f306d90face3,p-84a46c0557b7,v-796f61cbbe16,,XL,1,58.54,2026-11-12 11:57:17,False
c-9f0ee64a010c,s-9ffdd841f483,u-f1e981342b31,p-a69ebe2a389e,v-c8ebd7d163a9,ord-709302ba8479,L,1,81.43,2026-11-12 12:05:33,True
c-7d2edbcbb813,s-8f326351da17,u-0ef97ea097ca,p-8e567d1cd7a5,v-26be1175b95f,ord-0d8254c1cb94,M,1,21.2,2026-11-12 12:13:42,True
c-dd33ef66dd66,s-0042e1e0bcd2,u-aae4a72b278d,p-78156a3fd46d,v-1836a53f991a,,XL,1,73.58,2026-11-12 12:41:27,False
c-ba48c00ca6f9,s-258697000030,u-325bab11bb8f,p-e3db6ef151fb,v-5121536dc462,ord-a07d88c6c851,XXL,1,77.1,2026-11-12 13:02:37,True
c-7f3a3ec30da7,s-696ba98c95a5,u-3676b69fb275,p-c80f16914dd9,v-0c95cfeb1d2d,ord-3ab1f8dc5f26,L,1,105.97,2026-11-12 13:23:31,True
c-2ff9c794e2b3,s-e61f2d7e9cf7,u-51298354b3ae,p-ad215aa2fc1f,v-8ef3344a3b1e,ord-b776496678b0,S,1,31.42,2026-11-12 13:28:44,True
c-6c4e6f1e8106,s-98a71750aaa2,u-3310eb17ed9c,p-8eebde052057,v-ecde80acf22d,ord-3713917763ec,XS,1,58.62,2026-11-12 13:32:20,True
c-f705780d3cc9,s-74077bac115c,u-e79b1d6051a8,p-e9b9ac428b90,v-2d6ddd3b1a69,ord-bc9f437305bb,XL,1,84.94,2026-11-12 13:33:12,True
c-737dec12b948,s-8c81d2cd0afe,u-48c4c6e68ac9,p-a8f3089d3592,v-04751092323d,,M,1,50.62,2026-11-12 13:36:24,False
c-0cd67fd766e3,s-8c81d2cd0afe,u-48c4c6e68ac9,p-0b1b60d9b816,v-c70d292f6afa,,XXL,1,30.88,2026-11-12 13:37:38,False
c-874c579e161e,s-8c81d2cd0afe,u-48c4c6e68ac9,p-0dcb0e8bfe55,v-d8bed22f56fb,,XL,1,40.81,2026-11-12 13:38:03,False
c-6002ffb3efe5,s-ea4f89e475b7,u-aa5e390c14fb,p-a2c268429d22,v-2ad2e00c7019,,6,2,82.6,2026-11-12 13:56:49,False
c-ab88d4cec934,s-813080f5a82a,u-992682463822,p-6b014e59d796,v-193215b4754b,,One Size,1,58.34,2026-11-12 13:58:41,False
c-f34339fd45a4,s-7c2e7312662b,u-2a4b7547dd5f,p-a043de17e3f2,v-95d7f4ecd187,,L,1,49.91,2026-11-12 14:04:40,False
c-e49593e250c0,s-4152460ff0a2,u-5f195d9074bd,p-2d023543a920,v-586c2ebc066f,,XS,1,58.33,2026-11-12 14:10:36,False
c-18e8aeb35d5e,s-4152460ff0a2,u-5f195d9074bd,p-ba45da140e16,v-ae4fff201b11,,XXL,1,27.33,2026-11-12 14:12:28,False
c-6211001e3eba,s-4152460ff0a2,u-5f195d9074bd,p-7100d85bc108,v-105c7505da47,,M,1,32.96,2026-11-12 14:13:31,False
c-0babcf6fb52c,s-5a42b0f3c96c,u-451fc399c7c3,p-fbd2033af83b,v-0c047d05f165,,One Size,1,51.53,2026-11-12 14:20:36,False
c-9bf5b5678e38,s-7a5c8dc3ac51,u-6d3f1b9eb3be,p-b16f3ad8ad7d,v-6c6c78fffa93,,One Size,1,10.97,2026-11-12 14:33:46,False
c-32f4248afe42,s-543df7f4ce40,u-4e5040689b9f,p-76aa54c5428b,v-2b21290787ce,ord-39dfef55f233,7,1,68.58,2026-11-12 14:40:47,True
c-4f3356724789,s-5699e819074f,u-775c75b017fd,p-30b66a97b2ae,v-83fb68cbef86,ord-6edfc542f30f,XL,1,70.52,2026-11-12 14:46:29,True
c-b475186d6890,s-b0bc5e3af6fb,u-d636c5f2a27e,p-82e5a22421f6,v-5080b12a5da4,,L,1,53.98,2026-11-12 14:47:51,False
c-6a8d154d6cef,s-b0bc5e3af6fb,u-d636c5f2a27e,p-f5dc3be5b6a6,v-cd67de2c836a,,M,2,34.23,2026-11-12 14:49:25,False
c-03d0a40afb55,s-b427f894ad53,u-ad35fcad5355,p-5bd75779ffa7,v-05010170396d,ord-96dd9d00dce7,M,1,55.25,2026-11-12 14:55:43,True
c-b04c09069f54,s-448b7f3cb7c8,u-31b013ccdaa1,p-99de8910c53e,v-e75d3ab4d22c,,XS,1,70.16,2026-11-12 15:01:53,False
c-ae4f58d85afb,s-d58a542e9833,u-23806f0195d6,p-4326e2fa04c2,v-2e26e2743fc3,ord-c5f95ea78266,11,1,77.41,2026-11-12 15:21:46,True
c-e7f26799428a,s-b2b84a480489,u-9f24321f3a8b,p-14722e1c9d2f,v-1623e7259c48,ord-7e2abc8bf02f,S,1,95.57,2026-11-12 15:22:38,True
c-5091fe8b85f9,s-e356691ccd87,u-23e7325717bb,p-4a6c951e46a7,v-03440a447873,ord-961e45b4fdd4,XS,1,48.23,2026-11-12 15:29:46,True
c-5d3a77044cff,s-b743cd52f2c2,u-a2ac7d6b28c3,p-92fc7c434a81,v-16dd2540155a,,10,2,130.98,2026-11-12 15:30:09,False
c-2a729881e0b5,s-bfba25173bf2,u-55d626a56abe,p-b68a946fa078,v-be18617dbd49,ord-511891f811cd,11,1,69.4,2026-11-12 15:32:32,True
c-7998ae4fd9a4,s-3e2e3ff44520,u-bb4cb7530dbd,p-8bcd2a3b4cb3,v-c9c5139112ef,ord-953b0950bfb6,One Size,1,83.05,2026-11-12 15:32:39,True
c-3684f8255748,s-42d4e0e89c41,u-9bd6742efa9f,p-195b9cb9d02b,v-a65a2cfdb38d,,M,1,20.5,2026-11-12 15:38:01,False
c-c003fc7e4516,s-ed4dcd4390f9,u-5b52102d7f86,p-323b05a0bbdc,v-000908a04bef,,XL,1,40.86,2026-11-12 15:39:28,False
c-3bb08c07ec9b,s-fd433689d066,u-45f1c128e6d3,p-76e09edcc4a9,v-8f6469938cde,,6,1,97.85,2026-11-12 15:46:54,False
c-9a28b9db65dc,s-7f9b776aefe0,u-ad67a950db6b,p-e63f88a31c90,v-e2a4ee7e2891,ord-b5494096eb27,S,1,15.09,2026-11-12 16:04:39,True
c-ca1cf322a734,s-41b29c298eb1,u-9f3546a03718,p-1c3c50318000,v-4740a006c693,,L,1,63.85,2026-11-12 16:05:23,False
c-893c7cbee848,s-0da9d0b1a24f,u-4e2f7d273124,p-6fc7b487cc2a,v-a3d6decdbb77,ord-62d6aaf6a282,S,1,59.63,2026-11-12 16:23:19,True
c-b08cfeaaa74f,s-f9273395d97c,u-1762f612146d,p-7ce4aae10bca,v-f3bc9a276816,,L,1,58.05,2026-11-12 16:40:03,False
c-338dcd73bf34,s-b05c44427b38,u-aef5cc5837f6,p-963d03d20f07,v-0e236ffe772f,,XL,1,24.95,2026-11-12 16:55:40,False
c-4c4464c6718d,s-cf60df577671,u-1ffcd57cfdf3,p-22bc2007008f,v-36391abfba11,,XS,1,53.36,2026-11-12 17:30:59,False
c-1fc563bdfaf7,s-09765c13b95e,u-b0d3b1e5e998,p-accad81e1851,v-b1d1bb31235d,,XS,1,39.3,2026-11-12 17:37:27,False
c-647339fd94d0,s-09765c13b95e,u-b0d3b1e5e998,p-808c451d43cb,v-d1f0666343e3,,M,1,50.98,2026-11-12 17:38:30,False
c-449e4cf76710,s-2cce7bc8b2b4,u-6e8a0059d1ce,p-5e354c0d5432,v-15d0d90cb319,,One Size,1,55.53,2026-11-12 17:40:48,False
c-819a8a3fdf55,s-b62334c98d68,u-b6a3b3904d94,p-b132ba6f0ebd,v-bffe7afdf62a,ord-100fab35c7b0,XXL,1,83.14,2026-11-12 17:42:10,True
c-798c291942fc,s-dc2ff8fdb2af,u-70c7747ec078,p-26cfdfc823dd,v-11cc97017431,,XL,1,54.16,2026-11-12 17:42:13,False
c-4fd90e4e0879,s-2e2678e0115a,u-4c564a2b5ebf,p-c7acd6517cec,v-bd56b57ac9ef,,One Size,1,49.42,2026-11-12 17:43:46,False
c-75f8fc18b3af,s-03f133e3984c,u-d13fb8aaca3f,p-7292cd755bbc,v-6a14e41a4ca4,,11,1,38.89,2026-11-12 17:43:51,False
c-9b330e307b49,s-ed9f232f2ddb,u-f6718d6f3da0,p-6560a8d6f88a,v-03fd54e501e0,,XS,1,27.35,2026-11-12 18:05:55,False
c-4ec76234a392,s-a6776e071190,u-62b5725c4a0d,p-f48777346cc1,v-c0ceca951c30,,11,1,52.61,2026-11-12 18:17:32,False
c-53b4ced5e6b5,s-312264d6443b,u-f6520db70409,p-19516ce35ff7,v-a9f1dbba5c3e,ord-6fb84914223b,XL,1,48.33,2026-11-12 18:25:14,True
c-382e0d1c646c,s-312264d6443b,u-f6520db70409,p-72c7f10f2193,v-4797ea752283,ord-6fb84914223b,S,1,29.1,2026-11-12 18:26:19,True
c-3bc359f4eb4f,s-312264d6443b,u-f6520db70409,p-46e2a518589e,v-522c397be94b,ord-6fb84914223b,XXL,1,50.51,2026-11-12 18:26:32,True
c-104bfd0e684c,s-dc443c3536a1,u-217503dce028,p-c1092302dd78,v-d6a53b148659,ord-4c86314b8a9f,One Size,1,86.05,2026-11-12 18:38:40,True
c-b26b4e478488,s-7e235b868d90,u-418cec9d16cd,p-fee372221c89,v-69525e0e9dfd,,One Size,1,69.22,2026-11-12 18:51:12,False
c-036635e89092,s-fa2c8df60004,u-5986b5240e24,p-5f5352523a89,v-9df47ce678d9,ord-fbd332ed54f9,One Size,1,42.24,2026-11-12 19:05:31,True
c-47f88d9b1166,s-d5809bde41bd,u-ae71928b2139,p-d80e9b673d75,v-b48a1d853f2f,,XL,1,55.47,2026-11-12 19:14:20,False
c-54abb0e3b265,s-5d208d9de194,u-b5413f74640c,p-f2e9fb14e0bf,v-0a540f0faba2,,One Size,1,68.89,2026-11-12 19:17:54,False
c-0183e311774f,s-5d208d9de194,u-b5413f74640c,p-4a5e11d02bd3,v-e23df57665f0,,XL,1,60.5,2026-11-12 19:19:26,False
c-1a4ef7981ab1,s-a7fa25af34cb,u-6079cbc3b7ac,p-ee0f7aa9316e,v-c49692636a59,,7,1,28.25,2026-11-12 19:30:16,False
c-ee7a9d181e11,s-a7fa25af34cb,u-6079cbc3b7ac,p-c331eb365747,v-c95ecd658c27,,XS,1,77.1,2026-11-12 19:30:44,False
c-02ad28c84f7e,s-a7fa25af34cb,u-6079cbc3b7ac,p-00467fe6aa89,v-d53a0d96512f,,9,1,104.31,2026-11-12 19:31:43,False
c-301df07997f0,s-0b89e52b20e0,u-5bdbe0076ceb,p-46e5bb235246,v-3b943027912d,ord-da12e5494224,One Size,1,68.25,2026-11-12 19:37:13,True
c-d588bdc6856d,s-0b89e52b20e0,u-5bdbe0076ceb,p-033cd649d948,v-5c7e7e633317,ord-da12e5494224,XL,1,28.14,2026-11-12 19:37:19,True
c-3a3106a8365e,s-6355e314ce07,u-e078d78fa911,p-2303cf2178e4,v-4936a44f77cc,,L,1,42.12,2026-11-12 19:37:40,False
c-551fd7a8c1b7,s-6355e314ce07,u-e078d78fa911,p-c6d693e01734,v-f9af1118586e,,S,1,28.83,2026-11-12 19:38:39,False
c-2caa928f0404,s-adc95a3b19a2,u-56ffcf6ce512,p-54e981973e62,v-07d2197ff945,,L,1,41.73,2026-11-12 19:56:10,False
c-a90b81e74ca4,s-2a1871cdb629,u-be439d2107aa,p-735437eaa8f4,v-c7e41bf5b375,ord-3c2936e6bc1a,L,1,49.55,2026-11-12 20:03:23,True
c-91f4ec4fb5dc,s-6d2c78ef5374,u-8dbf63251c0e,p-2c383945ff0e,v-2716cb7fb1c4,ord-2cde4a9ffdb2,L,1,54.69,2026-11-12 20:04:04,True
c-2c9578b06339,s-3699cae811e4,u-a22e6dcb98ce,p-547346e04cec,v-4ba2b8e8c010,,L,1,67.91,2026-11-12 20:09:59,False
c-11d13698211c,s-0f5e6ff33f7c,u-f20814134e15,p-69e1cf85f8e3,v-d0ae66e690e5,ord-473f1e232c9b,M,1,54.41,2026-11-12 20:38:22,True
c-5905e9af7e9e,s-5e50f55d5971,u-50ac1499e4d9,p-cebf8bd3a1da,v-d12c83d36abc,ord-b61a5c9b49be,One Size,1,75.12,2026-11-12 20:43:54,True
c-5ab3a4c9c4a8,s-3d604d194d0b,u-d6955edcce89,p-adce4fd2f289,v-0f36620d6d5c,,XL,1,80.68,2026-11-12 21:03:04,False
c-dd0fcc440124,s-b7dd64147eb8,u-d97116db4ba1,p-670ebbe5d4a6,v-56a132cf641a,,One Size,2,74.12,2026-11-12 21:08:21,False
c-2c8914d28e31,s-feb63c418cea,u-d0b50978c54a,p-aeaf613d1025,v-4990db9e7948,,XXL,1,40.84,2026-11-12 21:13:06,False
c-f7ee68d5a7e7,s-659355d403aa,u-f818cacf7f01,p-5d690f7a8ca4,v-b1c133fe1bda,ord-3d76e6ed8e7d,XXL,1,58.94,2026-11-12 21:24:21,True
c-51aed3311c8f,s-3deaf33cb848,u-a77fa1fafb44,p-44bdd1dfe5ec,v-7b32f74299f0,,M,1,46.95,2026-11-12 21:25:15,False
c-7f86d4dab52a,s-536c97456da3,u-aa48bf33d265,p-6afba8c567e4,v-4697ddd04741,,XL,1,28.21,2026-11-12 21:32:29,False
c-15b1d1da4009,s-afd9f7c95e65,u-64d69ee48295,p-87ee241cd5e1,v-704cb8ce2b6f,ord-b43f3f134063,M,1,45.7,2026-11-12 21:45:17,True
c-d2f6d5b48bff,s-afd9f7c95e65,u-64d69ee48295,p-982b6e892ea0,v-c6dd2c0c31f0,ord-b43f3f134063,One Size,1,75.01,2026-11-12 21:46:28,True
c-a718587bc019,s-bbbddc5fa8f8,u-0728ee481608,p-af1020af155a,v-b6f62c40080c,ord-05b66be77f6e,10,1,31.46,2026-11-12 21:56:06,True
c-65e5b41ff115,s-0ffd846c8d7c,u-3dd109dcb155,p-8cb78c65b913,v-67de2f362be5,ord-462e936e7bc9,XL,1,57.18,2026-11-12 22:00:25,True
c-8bfe11e15d78,s-06384e7b566f,u-e0be9c095218,p-2c43249ff69c,v-72e6db089d95,,S,1,40.61,2026-11-12 22:12:41,False
c-1867c0927e8c,s-747bdf4e82d4,u-5a40cde4f602,p-bcd0992c254b,v-ddc624ed8084,,S,1,85.83,2026-11-12 22:38:59,False
c-2621aa53d503,s-0633457724ae,u-1f0f1a557f65,p-fbd2033af83b,v-08bbe2ea1ca3,ord-8287fbd112d8,One Size,1,51.53,2026-11-12 22:41:11,True
c-47ef029507c4,s-177338b848a0,u-e94515f433fe,p-692704c5ecfd,v-77d0426cdeec,ord-463687b4db90,XXL,1,76.89,2026-11-12 22:41:11,True
c-c6442dc76720,s-12a9501d36b2,u-ea53f2f5aaff,p-c1092302dd78,v-2ff2c7e49c68,,One Size,1,86.05,2026-11-12 22:49:41,False
c-84897c9371d0,s-424c74e237ed,u-556557f3855d,p-15c60adf322b,v-2736b893b44d,,S,1,65.64,2026-11-12 22:56:19,False
c-5309fbd21e93,s-424c74e237ed,u-556557f3855d,p-0b242bd11b31,v-5ef2ee833d92,,L,1,52.7,2026-11-12 22:56:46,False
c-86172e6522cc,s-cde1eddcd3aa,u-0257670c43df,p-daf5cd24f22b,v-7b2b86512967,ord-a79a20755476,10,1,61.7,2026-11-12 23:00:59,True
c-cee3fde616a0,s-cde1eddcd3aa,u-0257670c43df,p-a69300b85fa7,v-c9b340066e0d,ord-a79a20755476,XL,1,53.33,2026-11-12 23:01:09,True
c-59c8e837d52d,s-2bfd7dee8e2f,u-95b3b0b988d1,p-e9bb9e118091,v-4104944f411f,ord-aa030b2f2131,L,1,38.06,2026-11-12 23:09:20,True
c-11d9899e4758,s-2bfd7dee8e2f,u-95b3b0b988d1,p-d37713fb762d,v-28dcd7630ea6,ord-aa030b2f2131,XXL,1,47.75,2026-11-12 23:10:39,True
c-5aa5fc29ac95,s-aac8bcfcb3ff,u-16972e065eb0,p-da7cd716a2ce,v-5ec23e46ff7e,ord-ed087a5837bc,S,1,32.33,2026-11-12 23:11:18,True
c-608d96011ebb,s-c471fa739a9d,u-a98c339f40c4,p-c3b1ef17c41a,v-ed4160808063,,M,1,42.32,2026-11-12 23:21:20,False
c-5c27810e44b3,s-c471fa739a9d,u-a98c339f40c4,p-3b2d29548063,v-3c999ced31ee,,XXL,1,103.09,2026-11-12 23:22:29,False
c-9cefd9ba34f2,s-e2bed371c099,u-f9dbaf30e6a8,p-5665c5c20bfd,v-0c1bf53101ad,,One Size,1,46.71,2026-11-12 23:24:38,False
c-36f9c54addbf,s-149590bb5df1,u-d686042dba2a,p-b89ac196d549,v-3488b0707aa0,ord-bb41ae7b7800,S,1,53.67,2026-11-12 23:24:52,True
c-05032e5ec359,s-6b1bb34542c0,u-63111535b065,p-39b141f5a83f,v-80af25c6c618,ord-2883f41babd4,L,2,54.04,2026-11-12 23:35:55,True
c-b8e2d352a79f,s-59354dc4a43a,u-576e1ad8ef38,p-893c4b2edf29,v-6a58a833ae7f,,XL,1,33.97,2026-11-12 23:36:45,False
c-42abc274a1c5,s-59354dc4a43a,u-576e1ad8ef38,p-b2fc3ba6a5e1,v-2cafe8e4b243,,One Size,1,22.18,2026-11-12 23:38:05,False
c-daaec0c0381a,s-38bf53384d34,u-b8585fb2a690,p-7559726b91cb,v-3ff1d69cf962,ord-95ebc5760dda,XL,1,68.75,2026-11-12 23:38:47,True
c-3e1b1cdabe9d,s-bb5898ae5a9e,u-5e94c906bd90,p-2d023543a920,v-dce105dce1e5,ord-e16796165521,L,1,58.33,2026-11-12 23:54:25,True
c-509c3635bad5,s-c9dbe5bd2ddd,u-60cc484a21ac,p-da7ae64b372c,v-0663702431dc,,XL,1,30.46,2026-11-12 23:59:36,False
c-0b5858829e5e,s-e63ceb252d2a,u-65319d020210,p-974062241d7b,v-01cdbb442811,ord-7233de0fa053,XL,1,28.13,2026-11-13 00:08:26,True
c-221e7012d618,s-842174df5492,u-2ab430303618,p-f62fd4ffab90,v-c2e39d4fc84e,,8,1,87.4,2026-11-13 00:21:41,False
c-e045fd8d930b,s-842174df5492,u-2ab430303618,p-bbae84071c94,v-22267f970ffd,,XL,1,66.49,2026-11-13 00:22:43,False
c-41bd4c80ddb8,s-e9231e41b183,u-140a08c241aa,p-1bf042849c9f,v-cf734eedb6c4,,L,1,72.07,2026-11-13 00:30:24,False
c-04c7861baa0f,s-e9231e41b183,u-140a08c241aa,p-451d35ee28e3,v-aedcf35fd05a,,XL,1,61.88,2026-11-13 00:35:38,False
c-eb9c1ff9e400,s-a69da822d123,u-d50c4beafdf1,p-4da78da982ea,v-05a4e5a51e14,ord-1c2eaf07b204,M,1,67.26,2026-11-13 00:43:41,True
c-618807568939,s-fd9eac798209,u-3d92de9f8f57,p-ac5a3a657cfa,v-e055ffebe05c,,XL,1,48.83,2026-11-13 00:50:41,False
c-e2e360bc29d5,s-db852965fd2d,u-8050dc027daf,p-c76e2eb74adb,v-9cd284f7121e,,XS,1,97.88,2026-11-13 01:11:56,False
c-b381a255217e,s-26c60ab204a3,u-0bc789eb28b9,p-e9bb9e118091,v-bcbcf378e543,ord-f0ac6565d715,XS,1,38.06,2026-11-13 01:17:01,True
c-2729379a4483,s-3146fcd43239,u-e35b69cfa637,p-14722e1c9d2f,v-df100a2a99df,,M,1,95.57,2026-11-13 01:18:25,False
c-b21ac2614af8,s-159b98c6764c,u-53f554441d1a,p-88ea4660c534,v-70291cb7f9e7,,S,1,51.89,2026-11-13 01:22:28,False
c-5e364df2a4f9,s-70e5977a884d,u-0cb3d58b92ad,p-00c8c546f357,v-c3e07e5643b0,,L,1,109.84,2026-11-13 01:25:55,False
c-caa70f19de61,s-ee8cf084040b,u-775c75b017fd,p-682569b69b48,v-01d4d7fa53c0,ord-eadca0b56ea2,M,1,48.41,2026-11-13 01:36:21,True
c-8c1b45fceaca,s-942a5a656064,u-4e4a7ceccd9e,p-017d814d6db2,v-cf3dd3097e52,,M,1,53.35,2026-11-13 01:55:03,False
c-ef8a706a0b0f,s-c5aa0e63fd9b,u-f77369d52a4f,p-d3243bad23f9,v-01d5f6dca2e0,ord-aeae20917707,XXL,1,70.15,2026-11-13 01:58:15,True
c-10c9ed3b34e5,s-4b30aeb531f4,u-556ef8366669,p-866b2965f01b,v-f1e32a4b9370,ord-7d2ed181fbe3,S,1,85.81,2026-11-13 02:06:17,True
c-78691ef48200,s-e6da774292a1,u-e17be3dade0b,p-dc4a5b5b664e,v-8c9070bc640e,,6,1,57.72,2026-11-13 02:31:39,False
c-f2661a5203e2,s-2dcb90852b03,u-51fb76b6c56c,p-88948849304a,v-b1a12afadaa1,ord-037c59128905,One Size,1,121.73,2026-11-13 02:34:43,True
c-1b087305b2b7,s-2dcb90852b03,u-51fb76b6c56c,p-08a5f2b72dbf,v-273d68aca80a,ord-037c59128905,M,1,67.38,2026-11-13 02:35:11,True
c-e4e54e75a27b,s-d2dd199db838,u-a497db6c3631,p-21d4d7d48c86,v-af57d3416cea,,L,1,47.12,2026-11-13 02:40:58,False
c-d2605c5df304,s-b0b13857b72f,u-f0c7dbd53d27,p-d365397ced14,v-aeac42870ea3,,XXL,1,44.09,2026-11-13 03:14:44,False
c-4176825391ec,s-4a12ff174c8c,u-1ff891d2bf76,p-0359e6b03f8b,v-94db8784dbc7,,XS,2,17.08,2026-11-13 03:44:55,False
c-f00e24ac1bb7,s-95016ef879e4,u-0a5957679969,p-eaf01572b984,v-973c662d8808,ord-c198e55b019f,L,1,41.56,2026-11-13 03:55:00,True
c-9d6a37855f96,s-b77d828b5b4f,u-4a00d873f68e,p-498633597065,v-6b4aa0ecb285,,7,1,90.36,2026-11-13 03:55:19,False
c-ee63d4a63cf9,s-4fa2bc4d6ce6,u-688e401e9711,p-d55b8eefb6eb,v-b8a84b16cfa7,,XXL,1,45.47,2026-11-13 04:02:29,False
c-b2be4a3aa1cc,s-099ca86ace63,u-5208b457115b,p-4ab4f9810284,v-261bf539ff9a,,M,1,112.35,2026-11-13 04:15:08,False
c-2b4da1b2c4de,s-ede87f921010,u-e07056055ac5,p-aab59aee3f2c,v-2c9bb8f43165,ord-04e2ff6406ec,XS,1,58.19,2026-11-13 04:16:41,True
c-980436ebc175,s-ae1fcb033eac,u-5e63ae263298,p-04ebaa337977,v-d2903621a221,,L,1,46.17,2026-11-13 04:23:55,False
c-360638644e55,s-634a75cfc156,u-7b60fb9af54c,p-84a255bad34e,v-49e64fd51c18,ord-8ffc533256f6,S,1,49.33,2026-11-13 05:00:38,True
c-384b065e7d86,s-2a2c3a4c9c2c,u-e888d151a557,p-cd24b097e4eb,v-0c915644dfc9,ord-2851890af169,S,1,55.79,2026-11-13 05:02:18,True
c-f4bcdb03ee7b,s-3d0ba4336721,u-55384ad838d3,p-68d1a9e39caf,v-becb6313c0c6,,L,1,60.14,2026-11-13 05:05:56,False
c-016d35cc27f7,s-3d0ba4336721,u-55384ad838d3,p-eecb755b0602,v-53abe734f001,,S,1,72.95,2026-11-13 05:06:18,False
c-78990581221e,s-a01e9fbce55b,u-74a177cbf43a,p-92fc7c434a81,v-0b5fb6c49fb4,,8,1,130.98,2026-11-13 05:46:05,False
c-31e0d7bf2fe1,s-85276c3596e2,u-3ad7f5513c51,p-c7fcb5d9d88e,v-9794429d1c58,ord-9c00bab196cb,10,1,67.46,2026-11-13 05:53:21,True
c-a3287da2b476,s-85276c3596e2,u-3ad7f5513c51,p-d19aae08c4dd,v-03ccb04ab70b,ord-9c00bab196cb,6,1,82.71,2026-11-13 05:54:05,True
c-4782bf67c879,s-90bf32d1b911,u-0ec3766f55a8,p-7a0cfd5ecfbc,v-d9d0273cff7b,,M,2,38.99,2026-11-13 05:57:22,False
c-6e004057767f,s-068ab7db1af5,u-a3bb1c774db7,p-d3cdead1b72e,v-06a8703d6b16,,One Size,2,52.62,2026-11-13 06:04:42,False
c-6ca7355f5657,s-175e8062b3d0,u-ab137b0042c2,p-02c6dae3bfd8,v-8cf054d3d3fc,ord-c78f40ccb500,S,1,33.64,2026-11-13 06:49:01,True
c-7f29cfcba2d5,s-f9335aa89258,u-01238caaf862,p-88ab7b6c06c0,v-1367d48da2e0,ord-8a7fc1f5b887,XL,1,45.08,2026-11-13 07:03:23,True
c-c9427d078b1c,s-f9335aa89258,u-01238caaf862,p-735437eaa8f4,v-d8ac390712da,ord-8a7fc1f5b887,XS,2,49.55,2026-11-13 07:04:01,True
c-e5bd35cfa8c4,s-24c5343d3575,u-726f3f28c482,p-4904d614c34b,v-38dbf9c3831c,,L,1,59.37,2026-11-13 07:06:55,False
c-4668aeb893ad,s-abf159f0ad53,u-8d21a740db70,p-1fdff0a8af45,v-9d3a95cb5fbe,ord-8c312b286671,L,1,83.82,2026-11-13 07:08:29,True
c-faae2a3fa870,s-fd33dc2eac16,u-258ed607ab46,p-a96f6b41622b,v-61298cd428a4,ord-2c0cfbdd73a4,M,1,57.86,2026-11-13 07:49:37,True
c-6d27875f478b,s-da0716605b69,u-38f306696c2d,p-3157e9d01d18,v-af49887bffb2,ord-0608972938e2,XL,2,42.64,2026-11-13 08:16:10,True
c-45931a9526c4,s-da0716605b69,u-38f306696c2d,p-43b6090e4f63,v-8ca50c5e1ebc,ord-0608972938e2,11,1,87.06,2026-11-13 08:18:00,True
c-2c969cdf8341,s-e7612176f9e5,u-f18c1dff61ec,p-744a56bb2a3a,v-e59889fa5651,,7,1,41.93,2026-11-13 08:23:51,False
c-3f8553bac3f3,s-b10c9fb628cb,u-6b5c8459e280,p-af49e89bbcc1,v-3d7313fb0c59,ord-6631dafd36a7,One Size,1,86.86,2026-11-13 08:29:40,True
c-308dc3f04766,s-b10c9fb628cb,u-6b5c8459e280,p-a54a94c426b6,v-3e12659627a2,ord-6631dafd36a7,One Size,1,30.06,2026-11-13 08:31:14,True
c-d451c487891d,s-515ff1a157b5,u-3acdb984f9d4,p-6d052d0dd246,v-118c11527cde,,One Size,1,32.75,2026-11-13 08:34:44,False
c-ddebae7e7b80,s-028f35d18550,u-9314ef0ad2d8,p-49400352cbf6,v-00cf2b837503,,M,1,46.8,2026-11-13 08:48:29,False
c-caaccaa8450f,s-1f09933d809f,u-ee94e970939f,p-d55b8eefb6eb,v-d2d7b2e4fc6d,,S,2,45.47,2026-11-13 09:11:58,False
c-138bca07a7bf,s-1b0303c493a2,u-e5b5c6f96438,p-472b66e95c70,v-83f8c3de66a6,ord-216b0012346c,XXL,1,61.32,2026-11-13 09:20:35,True
c-6ad704f4520d,s-5dfd4493ca91,u-232950b4a235,p-24e9b1fbb200,v-9ed5cc5251f2,ord-fb5d97e05f78,L,1,35.76,2026-11-13 09:39:04,True
c-198f795a67a9,s-c1db6261b4e4,u-175eec1e4682,p-0e5254b99ded,v-20cb21cbf7e2,,XS,1,39.33,2026-11-13 09:39:21,False
c-f48362454051,s-77a71d576a53,u-0552d395f4a0,p-6c219b280162,v-84a0ddc7bf95,ord-23120ec03f56,L,1,44.66,2026-11-13 09:39:33,True
c-97600dcd6fa5,s-05bbf10607c3,u-02e377a41baa,p-fde3dbcf8ef8,v-a76947d3dc12,,One Size,1,50.15,2026-11-13 09:44:25,False
c-4c825b8d9dae,s-df229f5e5ea8,u-486fb6186980,p-3e3d78193945,v-56ed637f1604,,One Size,1,92.53,2026-11-13 09:52:17,False
c-abf93f767769,s-1ac92820fb12,u-3c5eebb74672,p-0db9fb087595,v-fe37bef8830b,,XL,1,62.9,2026-11-13 09:52:23,False
c-007858da663a,s-1ac92820fb12,u-3c5eebb74672,p-b7c65e346e53,v-4a4198a4a467,,XS,1,97.11,2026-11-13 09:52:42,False
c-ed93a63d737e,s-710e3c2462a2,u-53012eef9498,p-e960be36c0f4,v-700a6a4bf61f,,XL,1,50.02,2026-11-13 09:53:14,False
c-5bdc7d7204e8,s-1903a888ef39,u-39b880c21572,p-8aad7f3e0b70,v-451bd64d0604,ord-b510f49266a7,One Size,1,52.58,2026-11-13 09:58:29,True
c-643099fb9ab4,s-48e618bc11c1,u-d4fdb83f9fae,p-4d581a25c41a,v-6b712ad68f8d,ord-f091d4faf18b,8,1,87.53,2026-11-13 10:07:28,True
c-a90e97ceb89b,s-369748bef34d,u-89e175fcf83f,p-84a0960d0c21,v-9a1fd761dfc4,,XL,1,45.35,2026-11-13 10:10:53,False
c-e7256e7784c3,s-fcaa6aa279df,u-f33286bf0fb1,p-150df58e3452,v-956b6ed0d588,,L,1,24.92,2026-11-13 10:20:43,False
c-fec2ebcaa6f6,s-086db2c7a555,u-ae21d42c220e,p-02d7151df481,v-babcff033061,,L,1,77.08,2026-11-13 10:26:40,False
c-702aad604663,s-2cb529c7120d,u-ba3441360821,p-87949fab40de,v-452439b01a7c,ord-5a15557087df,M,2,44.21,2026-11-13 10:36:22,True
c-25838aca135f,s-6313efc99c51,u-66509cf30f39,p-b73323f92956,v-d9d1d11473d0,,S,1,58.1,2026-11-13 10:47:39,False
c-ae82ba752444,s-6313efc99c51,u-66509cf30f39,p-1a1074fadb6e,v-f3ee0641a3e1,,S,1,17.63,2026-11-13 10:49:04,False
c-ba15edb1155e,s-a2aa2fd5e98d,u-cc16c9c2bd47,p-c20f0d50bc6d,v-7dab9ac8efb6,,XXL,1,23.36,2026-11-13 10:55:21,False
c-0f2c8e7678f9,s-f7bd2636d987,u-82178ea3e7c3,p-a5a8b3e8b728,v-9fa058fdadb5,,S,2,59.33,2026-11-13 11:15:36,False
c-51b0224453c2,s-bae425b4455f,u-a95267b7133f,p-5165812dac9a,v-e1fef409c9ae,,XL,1,61.72,2026-11-13 11:19:30,False
c-10e672829d73,s-e570a7b9cc07,u-7b8105ee53eb,p-fef3c928dae9,v-9e8aec464704,ord-c84f4149a9b4,XL,1,66.97,2026-11-13 11:22:21,True
c-2af8254a0beb,s-a150e721d8d4,u-86e86736ceca,p-9b608970812b,v-3b3cce7730e1,,10,1,88.12,2026-11-13 11:36:31,False
c-c756db8e9990,s-a150e721d8d4,u-86e86736ceca,p-9b0815db6310,v-95337d631fee,,S,1,36.06,2026-11-13 11:37:50,False
c-1931e2ee109d,s-88e51155b1a3,u-0ea535547441,p-a568227c58d0,v-9564923e03a2,ord-1b037185179c,XL,1,57.81,2026-11-13 11:55:53,True
c-b4b8d2782545,s-60ba6c487a83,u-c528a57f2c31,p-3657f8e0122a,v-c68ec92478da,,10,1,50.72,2026-11-13 12:00:50,False
c-11722c5fd9a3,s-573d0790ed6f,u-1a9b6da580b9,p-1dd9234e5d10,v-57e1b3bb42ff,,One Size,1,45.58,2026-11-13 12:30:35,False
c-efea28795c91,s-acb8cc86cd4b,u-486fb6186980,p-409ea248f923,v-e95b27855d75,ord-6b6c55513d3b,S,1,78.13,2026-11-13 12:45:19,True
c-f8ef33d1824e,s-054fe4ba11a7,u-e79cb08ba510,p-89f133d79724,v-46c2f073af97,,S,1,43.34,2026-11-13 12:49:44,False
c-af09e9632ef0,s-9b5e7de94136,u-3bca2b6ffbd2,p-cf720ea3ad1f,v-3f7642505f8e,ord-e18920c019eb,XS,1,95.27,2026-11-13 13:10:47,True
c-0510e94012dd,s-9b5e7de94136,u-3bca2b6ffbd2,p-a8946063d3c5,v-936ac32eadea,ord-e18920c019eb,L,1,40.03,2026-11-13 13:11:08,True
c-1b0245dd5f05,s-ee3f823eca53,u-0ed4c25b2bd2,p-6b39d2f3e1f7,v-e9d8a35cab9f,ord-3f2a1ee4aa27,XL,1,71.94,2026-11-13 13:13:35,True
c-71173f7f6249,s-dbd9ec02a2a0,u-10b55848ff95,p-7fb39ceb4120,v-64f607000d11,ord-62dc23afeefd,8,1,61.81,2026-11-13 13:47:08,True
c-5ccba7c8f2fd,s-ae5b824c0783,u-c6167d0ddcdf,p-9557ff65aac4,v-9d5230729c37,,XL,1,60.6,2026-11-13 13:57:58,False
c-38e199eb1e63,s-15ea3d30b750,u-2168b28a3091,p-9069bd38ab8e,v-7c00c54d44bc,ord-9ef8aaac8f14,10,1,82.35,2026-11-13 13:59:55,True
c-e6a2612174aa,s-481632f0a873,u-c4fab071e9b6,p-ef1fcd893528,v-2425edc2a2b4,,M,1,47.54,2026-11-13 14:07:57,False
c-239e8e15a262,s-c142a5831f25,u-2ea4e3212090,p-5286e31c302e,v-fb624f1997c9,,XL,1,46.19,2026-11-13 14:20:52,False
c-a12e8344d1d2,s-058402dfae7d,u-d29abc776f16,p-11da1292c305,v-ba42a8f60ecb,,One Size,1,52.3,2026-11-13 14:35:33,False
c-472620facd28,s-e032186869f5,u-f5e6b3412c9f,p-0b242bd11b31,v-146463340855,,XL,2,52.7,2026-11-13 14:35:56,False
c-9c261228953c,s-c36ca3e8af91,u-b171d8e71965,p-c88e3fd42ff3,v-c573840f5c54,ord-666c55325d3b,XL,1,33.42,2026-11-13 14:51:11,True
c-b5c429e788d4,s-4cbe6764a073,u-c7e81650824e,p-88da2cd0834b,v-022a9bf0ad9c,ord-182497713c3a,L,1,36.62,2026-11-13 15:02:21,True
c-c775ef60e79b,s-1f8e2c84c5c0,u-6006913a5c4f,p-218375e3f6d9,v-cd927878ceed,,10,1,67.88,2026-11-13 15:04:37,False
c-a0e50701ca3e,s-f68bc645e4d6,u-d0904ecaa1f6,p-2ceaa39d7440,v-bceae4f8d496,,L,1,20.57,2026-11-13 15:05:06,False
c-c2d294c00e47,s-655e2cd04c80,u-58a217a93be2,p-e56e7fc07695,v-fd26e888a93b,,XL,1,40.39,2026-11-13 15:40:56,False
c-8f9397fcbb07,s-cbe7b5110997,u-be90e2b5f6e3,p-89eeb4197e75,v-d86d4f9f3a74,ord-cb2e8162488a,XS,1,70.99,2026-11-13 15:46:46,True
c-459e9eb9d6fe,s-5efc8e025b69,u-49791c306dd7,p-d8936a7abfdc,v-5400266e399b,ord-7c5148d6b7cc,7,1,77.18,2026-11-13 15:50:03,True
c-b1f134504299,s-386a0a974923,u-f773a26a1d72,p-b3c4aecb0e78,v-0529a7754a12,ord-a1484d7857b4,One Size,1,75.68,2026-11-13 15:51:48,True
c-298367f992f8,s-386a0a974923,u-f773a26a1d72,p-bebeb3001c0b,v-853a5c70aefc,ord-a1484d7857b4,One Size,1,59.26,2026-11-13 15:52:54,True
c-1e57274e5119,s-c6f6cbd04a30,u-7094139f8d1f,p-1c0258525d95,v-de76f4271556,,XL,1,58.8,2026-11-13 15:55:08,False
c-05f86bbe42ff,s-a91bad5f63d8,u-ab2987801432,p-fdc433c8f9e0,v-08f75fc10f0b,,S,1,45.92,2026-11-13 16:14:11,False
c-926282ee8549,s-aaf844f9520d,u-8606bc171ddd,p-d54ffe6701c5,v-352f905fdb5d,,L,1,76.9,2026-11-13 16:18:41,False
c-5634e069187d,s-cd84227b5f56,u-0971a3dbb667,p-0df148d5c5bf,v-19c17b1cb721,ord-adabe73f2bb4,XL,1,57.71,2026-11-13 16:18:48,True
c-97f5e92d8f83,s-aaf844f9520d,u-8606bc171ddd,p-46e5bb235246,v-f649f8ffa8f2,,One Size,1,68.25,2026-11-13 16:20:47,False
c-c0d99d8edd9d,s-88af1dcc932a,u-329a3d1137c8,p-cb074730edd8,v-55c9e36c2ed2,,L,1,84.14,2026-11-13 16:29:08,False
c-da115d1c22d6,s-87520ef8664c,u-71f50dd7ff0b,p-9b0815db6310,v-eb381d55577c,ord-44fbbe0ecbae,L,1,36.06,2026-11-13 17:10:50,True
c-b71122c520b3,s-2498eef35385,u-a76f2706817e,p-4cc2225888e1,v-035dc3af31f2,,L,1,25.82,2026-11-13 17:19:41,False
c-5a503f81fe77,s-2498eef35385,u-a76f2706817e,p-5890f4110b1a,v-3f3c269d21e6,,M,1,75.04,2026-11-13 17:21:00,False
c-59aeab69c544,s-d8a63248c111,u-9e0cd6265e20,p-4f25c30da2b0,v-d0e56fcf6931,,S,1,53.79,2026-11-13 17:49:34,False
c-b321f555082a,s-99d57c93f0ed,u-62e74a0472ae,p-af28da2070e6,v-d406015c3649,,6,1,74.29,2026-11-13 18:16:35,False
c-a73a189e40da,s-86cbb2439316,u-b28b28bd7f59,p-1dbb64836b4a,v-bba7d55ff92a,,L,1,41.41,2026-11-13 18:32:41,False
c-5160eeaa051b,s-b112967ac5b4,u-b88dc00d2f90,p-bc2625482332,v-1fe179bc925f,ord-500ac61e6c9a,6,1,81.56,2026-11-13 18:32:50,True
c-8e89a37d5f1e,s-ffe8ba41c857,u-a247a55a0fa3,p-adbf5cb455f2,v-b18b2dcb4230,ord-2252f26a1b62,8,2,61.72,2026-11-13 18:41:01,True
c-3367e46ba4f4,s-ee308ce5fd5b,u-c9d76c8c8e74,p-0390992dfbcc,v-516f55c8f19f,,XS,1,37.45,2026-11-13 18:48:50,False
c-072f1e552555,s-1fe628e6718f,u-42c74a115769,p-01a702499b62,v-7a0914111810,ord-46613af588f4,One Size,1,33.13,2026-11-13 18:52:00,True
c-35e2f41ef3e5,s-1fe628e6718f,u-42c74a115769,p-3afe0cf96058,v-dbbdfa0cabf5,ord-46613af588f4,XS,2,58.9,2026-11-13 18:53:17,True
c-742faae42443,s-1fe628e6718f,u-42c74a115769,p-e9bb9e118091,v-a7ec687b6138,ord-46613af588f4,XL,1,38.06,2026-11-13 18:53:44,True
c-481d498e9122,s-99b04bc8017d,u-00066485b21e,p-e66bc83d3920,v-6c0d56c42fd8,,11,1,47.03,2026-11-13 18:56:12,False
c-ac5a70bc0c54,s-cfbd1d73f065,u-7294d991cc78,p-b3c4aecb0e78,v-ae04c99bf71d,,One Size,1,75.68,2026-11-13 18:58:38,False
c-814576ed14bf,s-2ee199f2d9a2,u-ffe8673b1295,p-a64ec584e2ab,v-3683e687b1ee,,S,1,66.34,2026-11-13 19:03:15,False
c-a8cd6a8d3487,s-bfc2baa6593b,u-fa49c20a3ed4,p-209038476ec0,v-504624b7fef1,,7,1,104.75,2026-11-13 19:05:23,False
c-ec125a4faac1,s-bfc2baa6593b,u-fa49c20a3ed4,p-fa4080a0a71a,v-a9c8bb658c1c,,XXL,1,55.52,2026-11-13 19:08:47,False
c-592c9146eed0,s-826957cde2bb,u-6724323904d2,p-c6cadc0a0d2b,v-20b6d0605c61,ord-e05a17dcec10,M,2,69.42,2026-11-13 19:29:57,True
c-e0fabddb22b2,s-f54cf5064613,u-80cb1c0bc70d,p-0c14d5cb6bca,v-e34503c1b825,,6,1,52.96,2026-11-13 19:31:35,False
c-963bae3c72a1,s-f80c7d371c53,u-591f0041626f,p-be96c5f1a3c6,v-b1b19d04f73a,,9,1,70.69,2026-11-13 19:34:52,False
c-6b73f76bd0f6,s-faafe6d20b1c,u-a557b6f1bda4,p-8aad7f3e0b70,v-5005af318ca0,,One Size,1,52.58,2026-11-13 19:46:13,False
c-0a899f521cb4,s-567eef4c3378,u-96f6a4642df6,p-a80c401c9c7d,v-974d9bf81844,ord-8f3221d9282b,M,1,55.96,2026-11-13 19:50:56,True
c-112ae4bb7820,s-30c9b793d92b,u-bfe4baf6b66a,p-469de43e6121,v-840806a5a93c,ord-0a356ce6dbe7,M,1,58.09,2026-11-13 19:56:47,True
c-2a1425cc9fc7,s-30c9b793d92b,u-bfe4baf6b66a,p-22f13aba5242,v-deb9903a3a2c,ord-0a356ce6dbe7,XL,1,61.46,2026-11-13 19:57:23,True
c-93747a3d32aa,s-e27b44cb9595,u-337f52a693a8,p-6fc7b487cc2a,v-73f5b938f655,,XL,1,59.63,2026-11-13 20:47:42,False
c-156d7cfd5f48,s-54988ec0ddcc,u-b692fec85a95,p-fc317284f08c,v-1196546c3ceb,ord-397a5e009951,L,1,58.85,2026-11-13 20:50:41,True
c-c2db541fd84d,s-274de5de7398,u-0155d813a5e7,p-61d6c813f442,v-b6cda222e8d8,ord-6986463ef2e9,XXL,1,95.45,2026-11-13 20:53:56,True
c-ea3fa51ed5c1,s-e01867c6324a,u-0e1d5d744e04,p-893c4b2edf29,v-4e20c72ec8ff,ord-950e4b9eb87c,XXL,1,33.97,2026-11-13 21:04:15,True
c-8b566ef52bb8,s-ff4609598117,u-13db1ccec6e2,p-e67e1a1154a7,v-27468a486a22,,6,1,84.65,2026-11-13 21:18:09,False
c-c1ee80113482,s-d38e89fe38bb,u-058ce33baa57,p-513360c59966,v-5714050dc08b,,XS,1,55.52,2026-11-13 21:33:40,False
c-dc10427e4e0d,s-b5664993b168,u-af46664b3aa9,p-89dda7e1ee10,v-8874b302c0d3,,L,1,56.34,2026-11-13 21:34:39,False
c-d990a8c15ca7,s-44db1e9fe787,u-e2c4ac7a7911,p-87903d304174,v-2ee8ed0f9d42,,S,2,51.15,2026-11-13 21:37:30,False
c-ae206e2d6e6b,s-ff664d6d9a49,u-f0c2679e36b0,p-f4f11faeb9e4,v-5effbe153a8e,,XXL,1,41.44,2026-11-13 21:43:19,False
c-12b852d0dec7,s-8c2bc6f9c6c9,u-c82d186aa6ef,p-1b3beec680d1,v-ac07f9113697,,S,1,54.74,2026-11-13 21:46:18,False
c-95e99ffad949,s-14840392ca12,u-163dd1cd0bf3,p-adf9d571e891,v-a0f12cb09077,,M,1,68.99,2026-11-13 21:50:03,False
c-1758a7de01cb,s-48c0a73996b2,u-6f2d87f1de5d,p-fbd2033af83b,v-e0d23e886005,ord-abb61a59d555,One Size,1,51.53,2026-11-13 22:00:28,True
c-fecf408097b0,s-3aa4626bf360,u-c5e2e128a201,p-538c0ac0c657,v-9baf778ee4a3,ord-ae734bc4ea36,7,1,61.01,2026-11-13 22:03:09,True
c-dc2fba89af3b,s-23253fa13b77,u-36d31d8d6587,p-72c9c1080cdf,v-16cc87808fd1,ord-bf612dabd59d,One Size,1,29.52,2026-11-13 22:06:24,True
c-d8b4afd78cb9,s-fe71aa31d72d,u-589854eebf67,p-0359e6b03f8b,v-5d622fa51003,ord-c8f791f09838,L,1,17.08,2026-11-13 22:20:49,True
c-596eed48d1c1,s-5ded4a70cd19,u-83ab8932b638,p-5ccd18ae15c9,v-5304f159205c,,S,1,64.18,2026-11-13 22:27:45,False
c-0b64292c91eb,s-7ad88262a8d6,u-793cab657040,p-2eb7e7ef5330,v-936c43390c9e,,S,1,59.01,2026-11-13 22:37:24,False
c-6d952796ef45,s-7ad88262a8d6,u-793cab657040,p-1ace3b3216ec,v-840d2259b9bb,,10,1,54.65,2026-11-13 22:38:04,False
c-a0faed64ba1e,s-729194b34562,u-bd7aff88fea8,p-4a5e443ef588,v-73c03895426f,,XS,1,57.7,2026-11-13 22:43:20,False
c-22274d49134c,s-ded9727a3ae8,u-1b2bf6adf62e,p-0df148d5c5bf,v-5876a0b7bbec,,XL,1,57.71,2026-11-13 22:50:07,False
c-06387f0bcd03,s-2391718f230f,u-0b18557450a1,p-60f7acdd8fe0,v-fd5b883a9ac3,,XS,1,50.81,2026-11-13 23:04:34,False
c-ff5788d8e890,s-385e29853361,u-1909f472c5d6,p-dbc16fda56c7,v-8616c815ed2d,,S,1,32.07,2026-11-13 23:06:37,False
c-7ebc20b5730d,s-6ecdc0909b6a,u-91cca68c1d6b,p-078fa0e8fc4f,v-7eca0d991e04,,11,1,65.92,2026-11-13 23:25:06,False
c-a0d15ad79b0d,s-73bfa068de49,u-6f2228702eaf,p-d8a811d4db82,v-0afb56b7acf2,,One Size,1,42.27,2026-11-13 23:36:57,False
c-60298b088700,s-9f87ddf3b5da,u-3799b9490ec4,p-d85ea8547bbf,v-be5e2a0742fb,,XS,1,73.17,2026-11-13 23:40:14,False
c-d81a2b14a562,s-f15437eac7d3,u-a61a5c8d8a71,p-ae660ae5771e,v-97c687b38ad3,,XS,1,54.94,2026-11-13 23:40:33,False
c-8024bd2d7314,s-77c10a63362c,u-7a26a1704ba0,p-5f5352523a89,v-934bd464a285,,One Size,1,42.24,2026-11-14 00:14:07,False
c-14803d0b497f,s-2c1d9368a898,u-dff0c157e249,p-961fa73c3061,v-c251dcdfd86f,,S,1,95.11,2026-11-14 00:14:28,False
c-9d7046f69157,s-8e687f7ee93f,u-299d6ba96e38,p-69e1cf85f8e3,v-a884a42fdd17,,XL,1,54.41,2026-11-14 00:17:15,False
c-24c8759815ff,s-a1fc3c3de789,u-c07a226bba33,p-56de52c800bf,v-fec78b1de7a1,,XL,1,45.67,2026-11-14 00:21:17,False
c-690ad1d7e41f,s-d5cb10475698,u-427348eb2960,p-9bf698265bc6,v-d448d8956d99,,M,1,48.03,2026-11-14 00:59:48,False
c-9d2602eb94e1,s-7e2c6b0fba85,u-18c797d905ad,p-22bd6d13a2ad,v-8b36246018e3,,S,1,30.86,2026-11-14 01:11:19,False
c-024574e1092f,s-b50d277cec42,u-1a15520f35cf,p-ee0543f95663,v-f28ab9e924a9,ord-5dbe0481e860,XS,2,61.12,2026-11-14 01:20:15,True
c-f7f9db5f8d26,s-65b71d15059c,u-3258763279f7,p-8df247c14f9a,v-8488345f08c5,ord-e489aa15d56d,XL,1,48.26,2026-11-14 01:31:08,True
c-43cd6171b4f4,s-974aed5b907a,u-e3c3f66c867f,p-2ad0afd20576,v-afa221e54965,ord-ced0be310b32,XXL,1,68.85,2026-11-14 01:40:15,True
c-dd5324073c28,s-5f00a4c6fa26,u-1ac5192b9fc3,p-ee318ec74db4,v-b5cd1d2a47a2,ord-882d3cbc6b08,XL,1,38.01,2026-11-14 01:49:38,True
c-bc0dac5648d1,s-098024a356bd,u-ecd37f71220d,p-872f9b7928b1,v-cfe821941f92,ord-9e3a1c69e060,XL,1,85.34,2026-11-14 01:51:28,True
c-f675a11a33d7,s-afe5ef01de71,u-6bca834d2c30,p-69e1cf85f8e3,v-29d2f4a7cf8c,,XXL,1,54.41,2026-11-14 02:05:44,False
c-78d0ddc9cc05,s-3a6bf8743347,u-19ee5f55ab94,p-adaf9a2a1c56,v-b6f8a87daab5,ord-2281bd8f7c77,L,1,60.9,2026-11-14 02:38:23,True
c-60363e08b29a,s-04ae6a71db4b,u-16831b50052b,p-a54a94c426b6,v-447f0a0d9597,,One Size,1,30.06,2026-11-14 03:00:57,False
c-8323310ae1d8,s-586301577e50,u-a31a5ffafad0,p-9943eb6fd99b,v-debcf4456467,,XS,1,62.88,2026-11-14 03:02:23,False
c-2d00e321aa69,s-bb7340470007,u-01f3541f42e3,p-29579ce98c2b,v-5f36422324c9,,XL,1,35.77,2026-11-14 03:16:09,False
c-ca1fa3d2e109,s-a30360cc9f3d,u-5a342c29a991,p-8d2ab9d7c471,v-5a5461d6f3d9,,XXL,1,71.08,2026-11-14 03:16:15,False
c-28fc95cf7ec1,s-dbd6952bb9db,u-718f6e0d8c05,p-62b0f40a6ebe,v-a9bf8b2dc5b0,,S,1,41.99,2026-11-14 03:21:41,False
c-443191d9d459,s-4852e53fcf69,u-ac491639e22a,p-e1973ed20a00,v-48632e71dfff,,L,1,34.07,2026-11-14 03:38:40,False
c-7a001f1e7c4c,s-00a1345bf557,u-a92d4aa1d603,p-4919c4092ff5,v-6f79403d8b04,,M,1,73.91,2026-11-14 03:53:40,False
c-a2dca87fbe03,s-98c1eabb6917,u-ed082c9585e6,p-c30a24a4d965,v-15e5b2c12c9b,ord-ae4c532df3c9,XL,1,65.3,2026-11-14 03:57:44,True
c-9a7bfdb74375,s-13fc46f5cf4b,u-52c8aa91be3a,p-2c43249ff69c,v-7aad33906571,,XL,1,40.61,2026-11-14 04:01:58,False
c-74515f0c7818,s-cbcdcdac8bfb,u-2ef49bf87cdd,p-37254b519c5d,v-8833c6d9bd59,ord-7f48dbd5b927,S,1,43.45,2026-11-14 04:34:48,True
c-596fef209f85,s-a36fa0846094,u-80eec9754763,p-dfdbf0724a4a,v-621cb8c1c976,,M,1,44.78,2026-11-14 04:57:16,False
c-1691bbb7227c,s-d845532337b3,u-c42e61afcc9e,p-866b2965f01b,v-3047b8dc2307,,XS,1,85.81,2026-11-14 05:40:31,False
c-8842ad1ec6f7,s-0e92ede0000b,u-1a2e47db84a8,p-bd2bf62a463b,v-b493c3021c70,ord-81fd270971b8,L,1,59.12,2026-11-14 05:57:57,True
c-f940f34185d1,s-56bff0b65213,u-cb8e43a95253,p-f2ebf6882bcf,v-48891a60b078,,XXL,1,48.74,2026-11-14 06:00:59,False
c-525c7cfc513b,s-8f8ce2ba2c9f,u-78db8cc88ee4,p-c4eac54b0de6,v-23eede929967,,L,1,39.17,2026-11-14 06:04:38,False
c-834b458dc224,s-8f8ce2ba2c9f,u-78db8cc88ee4,p-8fe8d99ae27c,v-e4049811dddd,,M,1,37.15,2026-11-14 06:05:24,False
c-92cf7029f6fd,s-b0f42826541d,u-7bbca61e9000,p-c0f0f9b62a2e,v-825480c43e5c,ord-595f60c2c135,One Size,2,58.86,2026-11-14 06:34:01,True
c-bbe6ffc9600e,s-1dda2f687488,u-abb4071cc02d,p-a7dd8a52cbbf,v-ce6d2051589f,ord-15d51c052f20,M,1,52.8,2026-11-14 06:34:33,True
c-7804f337442b,s-a8da20d27166,u-16804b501769,p-1c3c50318000,v-196a1c4b15be,ord-ababef07ee83,M,1,63.85,2026-11-14 06:51:50,True
c-a453c328de3a,s-2a654a3e131f,u-54704ab07310,p-ec6683f0dabf,v-832de221f7f1,ord-44b6c29d18f4,XL,1,50.19,2026-11-14 06:59:09,True
c-ab2310a5785d,s-6be53b0b99c4,u-73d5b92a1d20,p-eecb755b0602,v-e52eaa2c4784,,XL,1,72.95,2026-11-14 07:01:57,False
c-2c31441f1739,s-2a654a3e131f,u-54704ab07310,p-b973221e5e3d,v-b873e8d85ecc,ord-44b6c29d18f4,XL,1,52.81,2026-11-14 07:02:45,True
c-fc71a0d3c1d9,s-e41f4862e537,u-7e648b6f723b,p-c534a809d8f6,v-6ce47e97c74b,,M,1,37.96,2026-11-14 07:06:17,False
c-2f2520d47164,s-e5175059ba41,u-62ee7cf2c85f,p-ec19e1f4646b,v-4422626bc1c9,ord-b43abfc14e81,L,1,50.27,2026-11-14 07:12:09,True
c-5029bada3faa,s-1083bb602239,u-0e9efc297316,p-328a7ed908d9,v-e2a213a2640e,ord-50e1cf6f8f81,XL,1,39.22,2026-11-14 07:15:41,True
c-2672b8a61b08,s-7d84fa504e72,u-7bc7c504f993,p-86296d534b49,v-a2ddf927a747,,L,1,15.51,2026-11-14 07:21:05,False
c-67be0a4e2544,s-a41b3b00a96a,u-1736585ea858,p-381c4e1cc233,v-e6063c5c101a,,One Size,1,57.19,2026-11-14 07:37:41,False
c-4c1cffefcd21,s-a41b3b00a96a,u-1736585ea858,p-cebf8bd3a1da,v-6e132458bf82,,One Size,1,75.12,2026-11-14 07:39:44,False
c-a73cf7eca8fb,s-5d42075f262a,u-368912755fdc,p-3ae4d1603559,v-1411ea43fa99,,11,1,72.83,2026-11-14 07:56:39,False
c-d234ef868967,s-912f06205998,u-5e95ab969f39,p-a64ec584e2ab,v-f2331887a245,ord-4351727e9eb2,XL,1,66.34,2026-11-14 07:58:26,True
c-18b1e17ced09,s-0013a2bf19b3,u-ba884e3ad240,p-8959b14efe22,v-3dfe28a70e46,ord-882980f32cf4,7,1,61.37,2026-11-14 08:05:29,True
c-226c209a2dd3,s-073c94bfcbe6,u-ce536b1147d4,p-75502b831959,v-b977168fe6b5,,M,1,57.91,2026-11-14 08:09:06,False
c-13d58caf21ce,s-073c94bfcbe6,u-ce536b1147d4,p-84f9ef44c2f8,v-9bf8a1774936,,M,1,74.04,2026-11-14 08:10:30,False
c-26e721959c4c,s-073c94bfcbe6,u-ce536b1147d4,p-9b50c67fc225,v-b7073d092c87,,XL,1,111.37,2026-11-14 08:11:12,False
c-f77c3f35d623,s-9e2c4b364524,u-a3cb68aff445,p-eecb755b0602,v-76e88095c94f,,S,1,72.95,2026-11-14 08:11:18,False
c-69208846918a,s-d7c5f32416c4,u-8b7421d2f86c,p-b9f259c3ba6e,v-031ff100ff3b,,XS,1,79.67,2026-11-14 08:14:23,False
c-01bc01646aef,s-588c36e1d163,u-f9b390ea8720,p-d1a6d0e4d5d8,v-6ba95f97ad41,,XS,1,113.81,2026-11-14 08:21:53,False
c-8dd14e01e6d9,s-53bec883f739,u-d618630edb98,p-b66e5f0d4761,v-6d114bf8b266,,XL,1,21.37,2026-11-14 08:37:08,False
c-8104dab2d7d5,s-c8ddf771d85d,u-edfc05e6d202,p-be98bc60ee3b,v-cccb37467962,,S,1,31.8,2026-11-14 08:46:26,False
c-dd278435ce49,s-1d114d574f1c,u-40ff9e934aff,p-649b6292f76b,v-33e50f609a21,ord-72e1b5c416c7,XL,1,34.05,2026-11-14 08:48:30,True
c-1b626fd063a2,s-1d114d574f1c,u-40ff9e934aff,p-b8a7b39d0aa6,v-4c845d28c5bd,ord-72e1b5c416c7,10,1,57.7,2026-11-14 08:49:45,True
c-03f1971d799b,s-1d114d574f1c,u-40ff9e934aff,p-7a557ff146df,v-d529ac0d52e2,ord-72e1b5c416c7,M,2,44.41,2026-11-14 08:50:17,True
c-bae0eb1adab4,s-22538236402c,u-a4167879264b,p-c03a681d1e88,v-5596919cb1b3,ord-c0fd62494ed5,S,1,77.98,2026-11-14 09:18:39,True
c-90859848b74f,s-15428d3b7ef3,u-1872a2c5bf9b,p-83f86f04f0a6,v-530a5794a8aa,,L,1,42.37,2026-11-14 09:37:41,False
c-6c6556df80d1,s-15428d3b7ef3,u-1872a2c5bf9b,p-adaf9a2a1c56,v-b3868f0a60f2,,XL,1,60.9,2026-11-14 09:37:59,False
c-bef0ebb8919e,s-480bd1f381c5,u-dc414b16fa5d,p-ee2e68509020,v-1111a288f1d6,,M,1,44.3,2026-11-14 09:59:56,False
c-cd6b47319d8b,s-ea910645ec46,u-f97730adb79f,p-b32bd68960e3,v-e98dcd7d0d5d,,S,1,58.56,2026-11-14 10:03:58,False
c-218a1e79e73e,s-27fa5280bc99,u-32cf1866a005,p-4384709e432d,v-14c3853a70fd,ord-0debfabb95a9,L,1,53.68,2026-11-14 10:09:49,True
c-9b2bf685f5b7,s-2383432d6f1c,u-98c246296113,p-8f3a7acb8878,v-a518208d7f44,ord-832ddc83e69b,8,1,80.94,2026-11-14 10:22:34,True
c-d113f6668d1f,s-efb7a8f2b9dc,u-0e5098cffd69,p-84a46c0557b7,v-7bcced32aaa9,ord-452ff270fcd0,M,1,58.54,2026-11-14 10:36:23,True
c-0219f7e7c27e,s-ef27b25187c3,u-c84d9297d50a,p-2f390b866a03,v-a3c67fe7b4fa,,XXL,1,40.38,2026-11-14 10:37:15,False
c-8db6d1c082d7,s-742c0728ff0e,u-a5b340b3b1c9,p-a6dabcb913c6,v-119570b2dccf,ord-99ce9a418fc0,XL,1,50.6,2026-11-14 10:42:28,True
c-19df532ad85c,s-742c0728ff0e,u-a5b340b3b1c9,p-57fd048d27b3,v-819387ded458,ord-99ce9a418fc0,XXL,1,26.82,2026-11-14 10:43:23,True
c-cbbc2792e1c5,s-742c0728ff0e,u-a5b340b3b1c9,p-fef3c928dae9,v-bf674e56cead,ord-99ce9a418fc0,XL,1,66.97,2026-11-14 10:43:40,True
c-1e85fd069905,s-497ecae0f333,u-f216e2cc4788,p-150df58e3452,v-9ece24840d2d,ord-22e68cec8ae0,L,1,24.92,2026-11-14 10:45:36,True
c-2016b362beb0,s-69f955e73e3c,u-6438b727d066,p-81736c770af9,v-d152ff4f479b,ord-284d22f7d08a,One Size,1,45.64,2026-11-14 10:48:06,True
c-19fecd08fadd,s-f8d609b5c147,u-e71783b4c7c4,p-30b66a97b2ae,v-ac031a3375ef,,XS,2,70.52,2026-11-14 10:56:19,False
c-83ace475c36d,s-f8d609b5c147,u-e71783b4c7c4,p-3561bc1d500d,v-cdf1f8735782,,XXL,1,32.02,2026-11-14 11:00:32,False
c-06a0e989b067,s-c7aec68f11b7,u-2ebba883da8e,p-3d7011eb159b,v-bbd7e561a590,ord-20a8acd15717,One Size,1,103.77,2026-11-14 11:10:50,True
c-91533cad88ad,s-a472c44bb877,u-67208a6b6876,p-72c9c1080cdf,v-65fa3ec42c68,ord-bb8382d5b821,One Size,1,29.52,2026-11-14 11:17:41,True
c-d2f26a3f5ba4,s-a472c44bb877,u-67208a6b6876,p-8fd825d4ccc3,v-13bb58f62cfb,ord-bb8382d5b821,One Size,1,64.57,2026-11-14 11:19:18,True
c-376414dfe249,s-4143ce8e5ff6,u-b67955d93ef3,p-943262758877,v-92d0b127295a,,6,1,38.08,2026-11-14 11:25:04,False
c-e09769f74365,s-41c35c547d4b,u-294ce7af94ea,p-40701d415e13,v-4b99f7c6e154,ord-595e165df98f,S,1,63.18,2026-11-14 11:38:45,True
c-86a24d4aeff2,s-c2bea9818ad5,u-eff5c7f582a4,p-7a9259059eb9,v-65944f1f7741,ord-dc276bf69eb0,L,1,71.01,2026-11-14 11:43:12,True
c-79c31964a0df,s-dbbe6288bf68,u-ba3c0ed141ac,p-aa7905749a7d,v-4a8f0f5c89de,,8,1,37.88,2026-11-14 11:44:10,False
c-585f04ac7ac2,s-6b6ef230857e,u-3b3ffae72216,p-c38221716f7e,v-874a3ca4bdd3,ord-9e060df15eb9,L,2,33.83,2026-11-14 11:58:21,True
c-2eccfe7cb0be,s-6b6ef230857e,u-3b3ffae72216,p-3116bbd538a8,v-d212181ee65a,ord-9e060df15eb9,M,1,43.86,2026-11-14 11:59:11,True
c-f22b9aca36e1,s-cff7e7bccce8,u-096bef96d111,p-eafded7815bd,v-c3d6fc72e78c,,S,1,128.35,2026-11-14 12:01:39,False
c-6afcdb05c48c,s-cafc2a09aa20,u-c45e99bdff06,p-fac654905491,v-3f88cc94eba3,ord-c717a78ebae2,10,1,67.98,2026-11-14 12:22:28,True
c-f185ae472c0e,s-d78a5b10654f,u-19df656873df,p-c01b41fcaef3,v-fe9b4bdd5b11,,One Size,1,60.89,2026-11-14 12:26:44,False
c-627cd60a496d,s-0544371e8b76,u-9ae4cd6c3688,p-a7dd8a52cbbf,v-3fe262599746,,M,1,52.8,2026-11-14 12:35:15,False
c-9ffb7ffe71b9,s-0544371e8b76,u-9ae4cd6c3688,p-bdc44625f05c,v-b394e91bca33,,One Size,1,56.92,2026-11-14 12:36:58,False
c-c0024ec4e36d,s-28c0f3d8c902,u-9037ba8b46d1,p-c7acd6517cec,v-d20e93eeb464,ord-5c6f9d0b7ba2,One Size,2,49.42,2026-11-14 12:51:41,True
c-045a236f8dac,s-cd363bf07933,u-6b435c657873,p-2d07005e8d07,v-e7988ebb538a,ord-958b815efda9,One Size,1,45.18,2026-11-14 13:02:29,True
c-749c6b50a899,s-d322898f55f8,u-3bac9a4b49c6,p-7ce4aae10bca,v-bfeea3aa68b2,ord-d9b7c9d561ba,XS,1,58.05,2026-11-14 13:03:40,True
c-d9ea74f5da3b,s-cd363bf07933,u-6b435c657873,p-a7a5ab90083a,v-beb3e8abd25b,ord-958b815efda9,One Size,1,25.08,2026-11-14 13:04:07,True
c-5defd8c26a1b,s-d322898f55f8,u-3bac9a4b49c6,p-2b59fa33730d,v-036ffb0460b1,ord-d9b7c9d561ba,M,1,31.23,2026-11-14 13:04:55,True
c-18a5c7e38f02,s-a1650171bc85,u-69e735ddaf93,p-0f55382f198a,v-d7ecc54654f0,,XS,1,47.06,2026-11-14 13:05:37,False
c-ec00f5fea22a,s-6d8b4a7dfff0,u-5ab4bbe69d29,p-2f751aaef68d,v-836bbd17c0f3,,M,1,83.98,2026-11-14 13:07:21,False
c-0bffa72487b9,s-91c030a9e2d4,u-c39acbe93a2b,p-a6597e09b731,v-0c3b22a2d4c6,,L,2,48.31,2026-11-14 13:08:13,False
c-57e71d309dc1,s-91c030a9e2d4,u-c39acbe93a2b,p-f92d27f00d3f,v-f73e58c2ff58,,M,1,54.27,2026-11-14 13:13:07,False
c-b1a00b5b1a02,s-95ceabede11c,u-a44de0363631,p-9541a10dcdd8,v-d082fc2e6796,,S,1,48.28,2026-11-14 13:14:54,False
c-4dcf882ca2a5,s-971e0b15cf11,u-6d41546d8ea9,p-344e8d7aa634,v-ca777f893530,,XL,1,64.32,2026-11-14 13:18:42,False
c-4caaa83491f4,s-bf181dc27275,u-8e55e18b9b16,p-2eb7e7ef5330,v-4a956b9aa1c0,,M,1,59.01,2026-11-14 13:20:12,False
c-8ae0aeaa7224,s-9735221db243,u-9dfc5c099044,p-cd9aed80a2f4,v-322d30c49f28,,XXL,1,35.12,2026-11-14 13:24:46,False
c-b1fa31a3028b,s-86ce08ac85a2,u-44858c71f155,p-a76e46f05208,v-fc45c121bfce,ord-4fa84cfaabaf,9,1,67.74,2026-11-14 13:30:06,True
c-1031bd9a36bc,s-81d84f6d961a,u-4c783a5c159e,p-ae6aa2f6a8b7,v-00d5868a34f9,ord-f1b42069a757,XL,1,66.64,2026-11-14 13:50:47,True
c-590481b7a62b,s-68dde4398fc5,u-c1cf26604b83,p-1202dfcc07cf,v-13765b37b8fb,,M,1,32.52,2026-11-14 13:53:19,False
c-4af84de8d6d4,s-694dc55d3785,u-56ab4a1500cf,p-02c6dae3bfd8,v-011702cbc703,,L,1,33.64,2026-11-14 13:57:38,False
c-53e84808235b,s-7539bcc38009,u-5d9c05d3f0f8,p-9b50c67fc225,v-62f92f9c8034,ord-de8c6a908648,M,1,111.37,2026-11-14 13:59:00,True
c-ed3b784a07ed,s-7539bcc38009,u-5d9c05d3f0f8,p-be8db09b6ceb,v-1fdfc05b64cc,ord-de8c6a908648,XS,1,79.51,2026-11-14 14:00:44,True
c-cb1d687725bb,s-3bfcdcd1d26c,u-38e1d42066e4,p-ab1bb4db7915,v-109a954f57ab,,One Size,1,78.22,2026-11-14 14:05:13,False
c-a747192fc299,s-9c0e4de35a26,u-d6a2e6ff4e3c,p-89a6d1cb864c,v-b7a4ccca3633,,One Size,1,66.32,2026-11-14 14:10:04,False
c-283b628d3b08,s-bb30920551be,u-5cc000dbcbac,p-6be092c61912,v-c669dc71242c,,6,1,75.87,2026-11-14 14:29:36,False
c-d834c0baf955,s-d49beee373a4,u-b24600c7c5c2,p-c534a809d8f6,v-590bee86c28f,,M,1,37.96,2026-11-14 14:31:24,False
c-7b9b7a7ef1cc,s-d49beee373a4,u-b24600c7c5c2,p-2280a8342ce9,v-890d9a48e365,,XXL,1,62.67,2026-11-14 14:33:21,False
c-7898a7053c36,s-e516a56fa18a,u-d56ec03d3f7a,p-7bd59884598b,v-8906c761b6fc,,XL,2,108.81,2026-11-14 14:33:57,False
c-88dabd1d77cd,s-21518de7b310,u-9d87031739fe,p-d3cdead1b72e,v-487b644d5345,,One Size,2,52.62,2026-11-14 14:35:06,False
c-bab911eee412,s-ef28d7838355,u-cdc49fa6b63f,p-032a4ca5d53c,v-7c79ea5a7033,,XL,1,68.69,2026-11-14 14:43:37,False
c-625f977c91d5,s-b21a8cc51b66,u-a3aec5465a20,p-38016f7fa667,v-26c3917d1f85,ord-8245a210d2eb,M,1,42.7,2026-11-14 14:48:24,True
c-4b1701a14709,s-a5b14dcf676b,u-3de1cdcceab0,p-c4265027a024,v-6453ab30cd14,ord-e373db5c72c0,S,1,18.86,2026-11-14 15:02:47,True
c-1192235da34a,s-8b38617f92d5,u-cd617bf41d77,p-e87ed4fee08a,v-fc7fabc75618,ord-b2fdbecf5181,S,1,33.13,2026-11-14 15:13:56,True
c-c54bbcd5a9c7,s-8b38617f92d5,u-cd617bf41d77,p-e7de8f101542,v-0573f536c951,ord-b2fdbecf5181,One Size,1,19.39,2026-11-14 15:14:55,True
c-55b15a533000,s-a6ac8db1d42f,u-373ab7719597,p-b4d6f4d20ad6,v-94a52ed48ef3,,L,1,41.28,2026-11-14 15:15:35,False
c-a4a609a65181,s-53ee385a4238,u-c2d14a03a627,p-1cc9a3380939,v-5dc3c286288a,,XXL,2,38.5,2026-11-14 15:19:33,False
c-d4bd0b2b217f,s-aafa2a9d6a11,u-3c025832fc02,p-09774973238e,v-e16c4cfd412a,,XS,1,85.98,2026-11-14 15:19:34,False
c-a9dbd82d0a25,s-53ee385a4238,u-c2d14a03a627,p-d2f80fab104e,v-e9eec7a53290,,L,1,64.85,2026-11-14 15:22:20,False
c-d916a85c4933,s-991f40498af7,u-7a171bcb88de,p-39ec2a41fc32,v-81886a40bfbe,,XS,1,56.27,2026-11-14 15:28:58,False
c-3edbd5242957,s-2997fd755d13,u-b460d9a5cbbe,p-41bad0829174,v-a33279417aca,,L,1,64.47,2026-11-14 15:34:01,False
c-602c9eff663f,s-0f9fbd73d2e7,u-3d7c75abfd63,p-beeb8a0eb2b2,v-66ac1d1bf443,,M,1,33.67,2026-11-14 15:49:49,False
c-e1a7e2d89140,s-68f59e9efc39,u-470062cfcc3c,p-8fc1fc5fe9ec,v-62201db4d7e1,,XL,1,31.81,2026-11-14 15:55:30,False
c-585bc1d241c0,s-2798711b1c19,u-8d65a6195198,p-77002300bcd8,v-735a4d3fb04e,,XXL,1,73.23,2026-11-14 16:03:55,False
c-412065288f82,s-2798711b1c19,u-8d65a6195198,p-61d6c813f442,v-cf7243b3c330,,L,1,95.45,2026-11-14 16:04:31,False
c-51db31d366cf,s-1054913c9a6d,u-8421acad9088,p-fff670c8c0f2,v-a9814c76c64a,,One Size,1,49.97,2026-11-14 16:18:42,False
c-e1da11880652,s-31317fb6c5a2,u-475fdbe327be,p-fe0b26353908,v-aa1c8b47fb0c,,L,2,22.25,2026-11-14 16:29:49,False
c-ab820a611942,s-b2362b7b3951,u-6e6489e1b81b,p-659a395522dc,v-90b23c6299a1,ord-5c7b8bb48d8c,XXL,1,37.18,2026-11-14 16:46:59,True
c-8dbea507dfba,s-2e25fed45921,u-5e648d60acdb,p-9f91b978f184,v-a921e9623e37,,XL,1,31.87,2026-11-14 16:54:55,False
c-ad3ea0a83377,s-857498aaa39c,u-14931bcca863,p-f6da5c3405a0,v-95e1aebd9edb,,L,1,59.43,2026-11-14 16:57:22,False
c-251316152e15,s-473ee1fd1ff5,u-b3f946ad68bc,p-fa047ef74a7a,v-a0069c7bade8,ord-ba1ed18a2098,L,1,46.99,2026-11-14 16:59:51,True
c-ce8fcf02c5de,s-473ee1fd1ff5,u-b3f946ad68bc,p-c162d7d85728,v-208f7cd1a0dd,ord-ba1ed18a2098,L,1,33.86,2026-11-14 16:59:57,True
c-3389a06cc497,s-473ee1fd1ff5,u-b3f946ad68bc,p-9974eb3bb71d,v-451a764e8d28,ord-ba1ed18a2098,M,1,85.5,2026-11-14 17:02:55,True
c-f255090b7c70,s-0d215016d79d,u-3a4101738ddd,p-e3a5dd7ffd71,v-7058741f30a4,ord-7f436f034db2,11,1,113.09,2026-11-14 17:06:42,True
c-7007edb9b471,s-097a0198f9e4,u-407e903a3938,p-bb69ccf4de47,v-0a6d8c68cb48,ord-c7d4d66d2aed,S,1,40.2,2026-11-14 17:10:47,True
c-21c2c83129e8,s-72c5c7c21721,u-3e556bcaa560,p-ba45da140e16,v-3a6e6c7cf81b,ord-1d7e5622c17e,L,1,27.33,2026-11-14 17:12:13,True
c-1e5929abb0c2,s-23843a881e3a,u-678192b944a6,p-e7e52e0f2d55,v-cb8bb34c232b,,8,1,65.09,2026-11-14 17:28:32,False
c-3c57812e95c3,s-97dd2b8f7cbb,u-444ffe84541a,p-97cc2a682767,v-36a27617740f,,XS,1,123.34,2026-11-14 17:41:06,False
c-7801db67ab00,s-5343f8006b4d,u-72df1551c053,p-c031fdab3a99,v-7adadfe08028,ord-5246594235fd,XS,1,59.76,2026-11-14 17:47:02,True
c-5145e434dbbf,s-3f5772f0d3fa,u-5e8ec6adb548,p-24eb929e6b54,v-f724d1f1f2d1,ord-9fc27dde19c8,XL,2,46.64,2026-11-14 18:01:43,True
c-0f6e43fb58fb,s-94bfb545f109,u-78006185315a,p-da7ae64b372c,v-83a93d03d20a,,XL,1,30.46,2026-11-14 18:07:47,False
c-7caf84fa927e,s-5e8a474cc61c,u-42749a5e2a8c,p-efaa137def46,v-03398f29908d,ord-8ad2006ba242,XXL,1,45.66,2026-11-14 18:27:06,True
c-fc9cf4878d60,s-0bb277cd3848,u-3a6f7476f9e0,p-8fd825d4ccc3,v-36b5d3b37c5c,ord-ad6ee4e31633,One Size,1,64.57,2026-11-14 18:43:55,True
c-9284acb4813a,s-0bb277cd3848,u-3a6f7476f9e0,p-269c80bc7f13,v-6755028db658,ord-ad6ee4e31633,One Size,1,66.31,2026-11-14 18:46:18,True
c-9395d6eb373f,s-659d7cd2a274,u-da3cd11d866e,p-d660e4723d1d,v-f9d1ef084eba,,One Size,1,24.7,2026-11-14 19:17:20,False
c-3da1fcecfb95,s-12971cf0295e,u-178f6c7fc6c3,p-1e8aaed3ffff,v-f57e21c08737,,6,2,106.06,2026-11-14 19:18:47,False
c-abae7ae2e8d4,s-94a643db22fb,u-0ff827a897dc,p-aab59aee3f2c,v-1c50be66e5a4,ord-263237563fba,S,2,58.19,2026-11-14 19:29:26,True
c-ab4aaf7e0198,s-9a56a64b7a9b,u-d8c86a4deb00,p-1fd0fd8f102d,v-e0aea914763c,,S,1,46.31,2026-11-14 19:43:07,False
c-92b9f33e7cc2,s-19a9662407e9,u-39fa564ddc73,p-c0f0f9b62a2e,v-fddd24c62d38,,One Size,2,58.86,2026-11-14 20:19:57,False
c-689304d9fd2e,s-19a9662407e9,u-39fa564ddc73,p-699c26292602,v-8adb8783c5a3,,One Size,1,66.67,2026-11-14 20:20:27,False
c-160388c154d2,s-44a546fe0109,u-73cdf2687ed4,p-f5dc3be5b6a6,v-1f26519c7c2c,,XS,1,34.23,2026-11-14 20:33:27,False
c-637b6f3155b3,s-594877003f7a,u-47e584b11fc6,p-6b565202eff5,v-a1a02552de97,,XL,1,69.6,2026-11-14 20:37:44,False
c-1c6e8baa7898,s-0f3c739944dc,u-4acee32de162,p-4013d5e888a4,v-e00ca94faffb,,L,1,47.54,2026-11-14 20:45:16,False
c-14b118dfbc6f,s-84b7147c66a1,u-90493a411125,p-39833f233d5a,v-eaf3e0619019,ord-9c044810618f,One Size,2,35.68,2026-11-14 20:55:03,True
c-177a2a1888fa,s-8743e9d58266,u-d56ec03d3f7a,p-cff14c01c356,v-0487c4553fd1,ord-2d9c1f461773,One Size,1,59.11,2026-11-14 21:05:55,True
c-6816f9226cd6,s-8743e9d58266,u-d56ec03d3f7a,p-eb4c999b27e4,v-6e4cc1214a5b,ord-2d9c1f461773,9,1,57.22,2026-11-14 21:07:23,True
c-d33dbbc3a0a6,s-db8dc4fdd18f,u-da720872c4f5,p-ec12488d157c,v-9a78f0e82415,ord-6632b40e6e34,XS,2,75.52,2026-11-14 21:07:58,True
c-2d7f1f46b339,s-8743e9d58266,u-d56ec03d3f7a,p-8b25b835eb00,v-f153d7dcefaa,ord-2d9c1f461773,One Size,1,61.04,2026-11-14 21:08:47,True
c-be0e69f2cf01,s-7ddf11a08dcd,u-0ec2a9df701d,p-586267b99b1c,v-b246f73be363,,M,1,37.26,2026-11-14 21:15:41,False
c-9b9b8c58bdcd,s-41db1ac22252,u-538cfe257265,p-10a475d7adf6,v-b4e795d9e3e9,,XXL,1,28.35,2026-11-14 21:24:10,False
c-42ae9e10d5af,s-3813952497b5,u-d4c204aaaf1c,p-2b880a84e504,v-d0e068fe909c,,M,1,66.55,2026-11-14 21:25:17,False
c-d56eed20fac4,s-5dc20c908636,u-ac8b82f49cc9,p-e9068ecfb826,v-ee848d7266c0,,L,1,19.26,2026-11-14 21:35:18,False
c-96b8eba3ef92,s-091b536ec953,u-59139f8ed530,p-f2e9fb14e0bf,v-6be98cadc243,ord-a28f2b3fa7b4,One Size,1,68.89,2026-11-14 21:43:31,True
c-80181c86a820,s-5e2649acf2df,u-ddd5793b2a7c,p-133cb97eb8d8,v-4a075844be13,,L,1,53.8,2026-11-14 21:58:38,False
c-4ccb68834193,s-b4f628e0bea3,u-17219ea40da1,p-7ce4aae10bca,v-ed252d6f9f24,ord-cbd07ea8f788,XS,1,58.05,2026-11-14 22:10:36,True
c-695a83710c62,s-ec018172e26e,u-126ca7b260ee,p-16056459ebf0,v-aeb4b486725f,,XL,1,45.15,2026-11-14 22:30:39,False
c-41efe2d724b3,s-8f056743beaf,u-dcee090693cf,p-165c912688bd,v-040ac7c4e962,ord-688840a0447e,11,1,95.29,2026-11-14 22:35:13,True
c-2c8762f126c4,s-1080879d6be1,u-50694df3ee2a,p-5665c5c20bfd,v-34113b820d30,,One Size,1,46.71,2026-11-14 22:39:03,False
c-6473288d5bb3,s-5d58361c3daa,u-91bfc0b8243d,p-902a0d707f16,v-513439b2930a,,XL,1,59.5,2026-11-14 22:50:20,False
c-719cdbd3f443,s-41c9f324f2e1,u-a5a0bce69aa0,p-84e4f247c0d1,v-7d283a63dded,,M,2,24.4,2026-11-14 22:51:04,False
c-cebf286ea0ec,s-209a0939932d,u-65ad65dd5bb5,p-26c2ae1821d6,v-54b8c6fec0cc,ord-1370dec0b7e2,6,1,75.28,2026-11-14 22:59:17,True
c-cd171bee4209,s-d82ed462aca9,u-ea6d5155229f,p-1a65ff82a701,v-b6c63b78c222,,7,1,80.68,2026-11-14 23:36:42,False
c-e5d5637ffd2d,s-d82ed462aca9,u-ea6d5155229f,p-c4b9a57ee21c,v-a4bfba073bfa,,S,1,77.51,2026-11-14 23:38:42,False
c-fd8c1b2a3325,s-688a8b3c149f,u-0a0b1d6214b2,p-e1e74cef3ff9,v-6129a5dc3955,,L,1,27.07,2026-11-14 23:40:53,False
c-7a540bcf32b3,s-688a8b3c149f,u-0a0b1d6214b2,p-be87f16ce5da,v-206783f1790d,,8,1,70.84,2026-11-14 23:41:53,False
c-ed177bfd2ea8,s-0c47a771ac42,u-ebb3786e4106,p-09ed122f5ba6,v-d18628abacc3,ord-d3c4a13e64d3,XL,1,102.82,2026-11-14 23:50:04,True
c-f5c34b8fb1c3,s-c1804fb1f0bb,u-ce7725cafc1c,p-8fd09dad4446,v-af6e882d8c10,ord-5d579a57774e,S,1,79.16,2026-11-15 00:05:52,True
c-6b505221f337,s-bca0290f1de3,u-21a09540c5cd,p-195b9cb9d02b,v-77e6999b0bfb,,XXL,1,20.5,2026-11-15 00:11:11,False
c-da6449e8fda3,s-bca0290f1de3,u-21a09540c5cd,p-c880e79eb602,v-aac6129d7d41,,L,1,56.71,2026-11-15 00:12:00,False
c-b53c567db489,s-1584f26902ef,u-0bae1beb411b,p-649b6292f76b,v-fe08ebfe200d,ord-9331650912ae,S,2,34.05,2026-11-15 00:19:12,True
c-21a00caf952d,s-0955db68e783,u-42749a5e2a8c,p-2ab57e658014,v-dc3f372579bc,ord-0d6d7cceadb2,S,2,43.4,2026-11-15 00:21:41,True
c-3c86c6f56ba3,s-0955db68e783,u-42749a5e2a8c,p-5286e31c302e,v-37bdf62aab2a,ord-0d6d7cceadb2,XL,1,46.19,2026-11-15 00:21:53,True
c-8839a2524ee9,s-dd63d5d5921d,u-c37a0b86df8d,p-8d1825ed4855,v-0a6e7963ed05,,XL,1,38.17,2026-11-15 00:22:32,False
c-7a55e6284722,s-5111eba2a637,u-160d22ce457d,p-1b0b653dd8a4,v-c4e227f04208,,L,1,49.85,2026-11-15 00:35:02,False
c-ba14be99dcfd,s-80852f860a0c,u-e00139604982,p-a7dd8a52cbbf,v-5cf64f5b3e42,,XXL,2,52.8,2026-11-15 01:00:01,False
c-6b4461dcfc7d,s-dab471b77448,u-2d98f0a82c2e,p-16cc6e122e17,v-c7f56aff5f00,ord-bbbd8671e94e,S,1,57.67,2026-11-15 01:34:33,True
c-5bd92bad3843,s-c49b525d4a96,u-bf5ef6736bd2,p-9541a10dcdd8,v-abed4f2b579a,,M,1,48.28,2026-11-15 01:38:05,False
c-e4502aa4a0c3,s-f48b65367da8,u-d838717f678d,p-2af279c6b985,v-bfee4fae03e2,,XXL,1,32.28,2026-11-15 01:58:43,False
c-e8c35f27715c,s-86b05921a7d8,u-279714c178ca,p-0c59f552a5f3,v-aa2b8df7fba8,,M,1,44.61,2026-11-15 02:11:55,False
c-e05970967da3,s-6248e0b9ef2e,u-3c3ea7f4ec6f,p-22bd6d13a2ad,v-84f14f81703e,ord-6f0129a271ff,XL,1,30.86,2026-11-15 02:18:08,True
c-d189bb0de471,s-afddfc9eb746,u-04fa9b6563c6,p-c74034bdf85e,v-d93a507279d8,,XL,1,36.58,2026-11-15 02:25:37,False
c-feac5d215b34,s-21608098d547,u-f1addefbcff2,p-f87f3f31df5a,v-2691f7ad6f29,ord-2be00f6260ed,XS,1,45.91,2026-11-15 02:27:07,True
c-7d0861926c8a,s-afddfc9eb746,u-04fa9b6563c6,p-30b66a97b2ae,v-18a371e24566,,L,1,70.52,2026-11-15 02:27:45,False
c-c1f5175831e1,s-46bead736961,u-31eac8da79fd,p-f9eb92cfed38,v-e6958761db33,,L,1,32.84,2026-11-15 02:55:09,False
c-ace238ec8b39,s-fa5b6c13fe88,u-ebeb3628c81b,p-81dbefc87ca1,v-09974c5b7157,,XL,1,36.01,2026-11-15 03:30:29,False
c-80f2021cc1f2,s-5d3c1135e57e,u-34e58ffba08f,p-1210a51fc32a,v-30fa2a096377,ord-48d803713c6f,XS,1,43.08,2026-11-15 03:30:49,True
c-5246a3deb35a,s-400001d20f3a,u-30c1e5039323,p-c1ee52eed4fe,v-e2266681776b,,S,1,79.03,2026-11-15 03:42:03,False
c-ffd894351ddd,s-5816aa0afcc6,u-72fa3563a57a,p-597facd1754b,v-fc9ce77438d8,ord-9630902ce445,XS,1,38.22,2026-11-15 04:12:03,True
c-747e7d9213b4,s-7243fe67ec92,u-f89774974376,p-dbc8381ee4d8,v-49dbfdc3ebe7,ord-1bf6f70e116a,One Size,1,50.35,2026-11-15 04:15:11,True
c-38ff09f48bf0,s-e1b6bb09975f,u-e76975a69d36,p-7fb39ceb4120,v-f9ee76d09a1b,,8,1,61.81,2026-11-15 04:16:30,False
c-d0dd2c2b7ee7,s-0d0273123ea8,u-38716ed5157a,p-9129593cc0ad,v-3b5f5510732c,,M,1,30.0,2026-11-15 04:21:12,False
c-d4f7a66c0b88,s-8e328f5d4b7a,u-a1e7a73daf89,p-0de07ba903b1,v-8af8b9185b85,ord-2051ddd0698d,XL,2,46.7,2026-11-15 04:25:38,True
c-93dca54277a5,s-88c657a41f68,u-180b283ffd81,p-1db2e3f66d18,v-2a1605abe72a,,S,1,52.04,2026-11-15 04:45:48,False
c-b2d4b3f8d1b4,s-12a8c6cb6879,u-c5438ef9aa64,p-d1899bd1e40d,v-8779fc0fa928,ord-74b1ae168547,L,2,81.65,2026-11-15 05:00:31,True
c-d419ba7aab3b,s-f03b9be0bf9e,u-9c04802b2fd0,p-f6f485d31c53,v-3d994837df94,,8,1,88.55,2026-11-15 05:09:42,False
c-fb0343d7acc8,s-9cc52c3fa76c,u-9d8eb70d8460,p-58ea83f7cb9e,v-357598392ca1,,XL,1,54.19,2026-11-15 05:23:53,False
c-c062f02474c4,s-9cc52c3fa76c,u-9d8eb70d8460,p-21b4d0423658,v-716ce04384b6,,S,1,30.82,2026-11-15 05:24:00,False
c-16772ec84746,s-8809115bbab4,u-e946196af4ac,p-3e61dd56fa9f,v-eaf4614f5e67,ord-d539d25b56da,One Size,1,52.93,2026-11-15 06:14:40,True
c-235cbca2f80a,s-31c2e525cc80,u-453c63914fae,p-cfbeb3fe2196,v-2ebb960aeac6,ord-5628207664fe,L,1,39.92,2026-11-15 06:46:06,True
c-5522d40542cf,s-9bf5b8dae034,u-ab444543139c,p-47e4f7e870fb,v-d10c61f004ae,,One Size,1,89.69,2026-11-15 06:48:09,False
c-53921ee91e83,s-689bf65112db,u-56607bd9a7b5,p-fde3dbcf8ef8,v-b57146a24f00,,One Size,2,50.15,2026-11-15 06:58:20,False
c-d649b3a6e0b1,s-689bf65112db,u-56607bd9a7b5,p-f9eb92cfed38,v-d71012b3e9cc,,S,1,32.84,2026-11-15 06:59:09,False
c-0e560d640a2d,s-280da6391056,u-0f107e1fe884,p-c03a681d1e88,v-65df1979b31e,,S,2,77.98,2026-11-15 07:00:04,False
c-591b4bd166c4,s-b841576f9d06,u-fbcb10a845b3,p-cb2c7a9ffa58,v-bc5d645a91c2,,S,1,77.43,2026-11-15 07:03:17,False
c-e7d1f78b50e3,s-c55cf18e1005,u-2431c35ebf16,p-f95c1808f42d,v-bd6f956b836f,ord-da753bf80efb,XS,1,26.45,2026-11-15 07:30:21,True
c-e775fba8e31c,s-66b4a9bbf8e6,u-b53006f178a5,p-1b7e38b1e63d,v-451ee1c91333,ord-b8e87ddff035,XL,1,71.91,2026-11-15 07:50:39,True
c-18f35a9217ab,s-abfbd2c51fe0,u-63c4f7a4013b,p-a69ebe2a389e,v-940c29f52ed6,,L,1,81.43,2026-11-15 07:56:22,False
c-94a0e5c9ae2d,s-504dba3501f9,u-6424aca1f6d3,p-5c83a811708b,v-0db54be11975,,7,1,103.61,2026-11-15 07:58:23,False
c-534b8a277e69,s-536e02d8f8d9,u-25da60583ffc,p-2ffbba960a7a,v-e85c988091fb,ord-5a28fe1337d2,L,1,65.24,2026-11-15 08:01:52,True
c-99e9faa8ee23,s-536e02d8f8d9,u-25da60583ffc,p-078fa0e8fc4f,v-ddc649b4012e,ord-5a28fe1337d2,8,1,65.92,2026-11-15 08:03:13,True
c-e81770c4d554,s-c5a23d7cd743,u-02aa3dd0b082,p-39ec2a41fc32,v-fb35595abf2b,,S,1,56.27,2026-11-15 08:04:51,False
c-2ad2be6f1fe2,s-c0ec149c347b,u-dd335995b343,p-3ec0b4087ec8,v-0a83bc257110,,L,1,75.65,2026-11-15 08:09:46,False
c-d2b3a627e050,s-c0ec149c347b,u-dd335995b343,p-2c383945ff0e,v-4bc72e761f25,,XL,1,54.69,2026-11-15 08:10:37,False
c-b6066d49ec45,s-a780aba16b25,u-488bea6f46ea,p-e141be6b6bb6,v-0824bd87ee67,,10,1,44.3,2026-11-15 08:25:48,False
c-4d62f0223198,s-d0ad35c89141,u-80a6e345ce71,p-1bf042849c9f,v-cb248dbe3e07,ord-08d5e0092b5e,L,1,72.07,2026-11-15 08:31:37,True
c-03365f567c8a,s-e6486e5fd8f0,u-a087b0f66e0b,p-bebeb3001c0b,v-7622d4b58640,ord-ade20337edf8,One Size,1,59.26,2026-11-15 08:32:19,True
c-cd21fdbeb705,s-6f52dded0b09,u-4106ba0357f4,p-b220ce285aca,v-41b3843bf0bf,,XL,1,28.93,2026-11-15 08:39:52,False
c-c5b7428360bc,s-244438b7cea6,u-469626638f12,p-2db6ca4f8bdd,v-e77b705686d4,ord-6a2d0fae4058,6,1,106.9,2026-11-15 09:11:17,True
c-7d0518147940,s-6827dd7e7a82,u-9674b1f2be53,p-becd7da83732,v-5b8b7fc4ac8f,,L,1,44.32,2026-11-15 09:22:43,False
c-30695303ada0,s-6827dd7e7a82,u-9674b1f2be53,p-a5b65e0497ac,v-87f0d9ab7cf2,,XL,2,111.24,2026-11-15 09:23:51,False
c-2267b576bf95,s-1218e2f238c3,u-de59f59ec682,p-bdbf7cfab11e,v-3c69bf3e6552,ord-ad3008425010,XS,1,62.01,2026-11-15 09:25:21,True
c-a969b0d1fe96,s-c28c189a8b10,u-c72a732fad88,p-7b52c1ecbb45,v-280cda1f88a9,,L,1,30.77,2026-11-15 09:39:04,False
c-0d8e1344850b,s-31a66766796b,u-91cca68c1d6b,p-93ac077123ac,v-5e02ab953373,,S,1,82.31,2026-11-15 09:55:30,False
c-329728d1655b,s-387ccc66f518,u-2845b94e1972,p-1a99ac9daee7,v-dc979d2022cc,,S,2,88.87,2026-11-15 10:05:23,False
c-3ba3c2030082,s-e0acaceadbc4,u-f3e047e17518,p-c2e0b7405e5f,v-71d8f7db436f,,S,1,53.81,2026-11-15 10:07:39,False
c-19a53555af1e,s-6addf0373ef9,u-c89ffaaf7162,p-958be5554b51,v-e0e0ca819654,,S,1,55.41,2026-11-15 10:14:11,False
c-9b00ab8c2839,s-3e569942176a,u-bb0251dbb3e1,p-c6ce6ab36cbf,v-fa127b424731,,S,1,48.93,2026-11-15 10:22:07,False
c-28b6ca0e1dfd,s-c4e70809fdda,u-00aea9c84880,p-9789e192ff3b,v-cf8e61ac3f31,,S,1,23.52,2026-11-15 10:28:23,False
c-444b3f92f93d,s-40d747fc586b,u-eac80374109c,p-d6b6fcc1e8fa,v-cc9bfdde496e,,XL,1,62.87,2026-11-15 10:36:46,False
c-96d5253a6ce3,s-789d7880ab7d,u-9236f5297738,p-0dd7e833ed25,v-724138a0a58c,ord-bc4cd25fd560,One Size,1,106.53,2026-11-15 10:38:53,True
c-fdd4405eaea7,s-aa8c32f475af,u-ff61c6abf958,p-f50cbec3caa8,v-a23dcb7336eb,ord-b70d58b2e836,M,1,61.05,2026-11-15 11:02:20,True
c-e316d4cc608b,s-fc620c213f98,u-5e9e1a8e89c4,p-3c093e1e2d52,v-8dc8536f8313,ord-7dade19c93e2,XS,1,76.72,2026-11-15 11:07:19,True
c-1c366f8660dc,s-58351ba00024,u-f2f53d7904a9,p-9974eb3bb71d,v-4bdfad999c7b,,M,1,85.5,2026-11-15 11:18:31,False
c-20e1375858c8,s-354cc82cec07,u-00066485b21e,p-1e4f7041d239,v-b405c13afce7,,L,1,38.81,2026-11-15 11:21:01,False
c-06532cc314b4,s-abc6809c042b,u-9f6c273dfa93,p-974062241d7b,v-b2ea11ec447f,ord-f8f0f39def95,XS,1,28.13,2026-11-15 11:31:36,True
c-85b6e101cc57,s-9b38f6ad3bbc,u-365efd8468ac,p-7ac887b9661c,v-009b5dd47d67,ord-5178a4a07169,XL,1,59.36,2026-11-15 11:36:21,True
c-ccf6bbfe368d,s-bf6dbb78e421,u-62f48a558cd3,p-6ee97d78826e,v-63b515719efa,,S,1,19.72,2026-11-15 11:48:57,False
c-dbe9b7c01670,s-60657031320f,u-1de6e678fa2f,p-f2ebf6882bcf,v-36f7f18e1883,,S,1,48.74,2026-11-15 11:51:52,False
c-4ca00d1d434f,s-809fc2e19da0,u-6affe4f282a9,p-d6e0ba2b3cf1,v-b701596237e2,,S,2,38.35,2026-11-15 11:51:54,False
c-71b01c9ef932,s-809fc2e19da0,u-6affe4f282a9,p-b32bd68960e3,v-f10a34004068,,XL,1,58.56,2026-11-15 11:52:39,False
c-290312f5e5df,s-96ecc9267ef6,u-1025616f1e20,p-97efa68081c6,v-272a8188d819,,XL,1,40.0,2026-11-15 11:57:17,False
c-7581489388c2,s-ab3611cc602c,u-478158523952,p-c5da92eb6729,v-523358d82d10,,S,1,41.22,2026-11-15 12:10:22,False
c-42fbf1346a77,s-94f2597c0f49,u-a50eb1befcb2,p-2e053a9ef55c,v-a212e1f4fb29,ord-525187d8f901,One Size,1,38.95,2026-11-15 12:37:02,True
c-44bc1bcbd74c,s-b66cb270995a,u-063f51a6f7e1,p-7e7e2b6abbf6,v-61b5ff276537,,M,1,63.74,2026-11-15 12:37:37,False
c-cd8973ccf0ec,s-30461cfba4b5,u-47f88f794ccf,p-a3ead920dd06,v-e18c33c2f398,,7,1,81.11,2026-11-15 12:41:58,False
c-a235ca7afbcb,s-7f97ea547bc1,u-c4a0b1aaafdf,p-7a9259059eb9,v-f856607c3a40,ord-fdc9b51ec8b8,M,2,71.01,2026-11-15 12:45:01,True
c-267ce83dbae9,s-7f97ea547bc1,u-c4a0b1aaafdf,p-62c6a27674f9,v-576b3b61c1b4,ord-fdc9b51ec8b8,XL,1,68.58,2026-11-15 12:46:56,True
c-ad7c8582670f,s-3b923d1f1780,u-4eecd626f04e,p-8959b14efe22,v-0423b3bfaa59,,6,1,61.37,2026-11-15 12:48:45,False
c-f95acfef7f17,s-cc724f56978b,u-8bb11dd3b18b,p-b0645cf1962a,v-86444ad767bf,ord-0a3b1040cdbb,XL,1,78.37,2026-11-15 12:53:57,True
c-5752fb1a51b6,s-73281350e5b3,u-dcee0b4b0558,p-6905625d4487,v-eb65ef7cd6c3,,8,1,44.48,2026-11-15 12:55:49,False
c-ae1a1365d588,s-210c698f215e,u-c4558338cd50,p-0e75db11ed53,v-8b780cf1109b,,XL,1,64.35,2026-11-15 12:56:09,False
c-6d4b218ba1a6,s-90e2658b0170,u-10ada017f886,p-b26db3a5724f,v-c918d2070791,ord-3c0278bc53eb,S,2,55.07,2026-11-15 13:06:43,True
c-0a3df7d31a64,s-01dea6d7f217,u-fab135d1650f,p-7c905332bd05,v-278175c9516c,ord-194bc28217f3,9,1,63.51,2026-11-15 13:12:12,True
c-9486df1bf1c5,s-43db515b335f,u-36100b15f074,p-6f9c939d4ff5,v-bdec3e7fd819,,One Size,1,23.04,2026-11-15 13:18:40,False
c-4a91c4f6f793,s-8945b7504847,u-2e636b009996,p-aab59aee3f2c,v-2fe46cf7a263,,L,1,58.19,2026-11-15 13:23:41,False
c-70d2fb932200,s-eac72ea0cf21,u-79e897ba3c46,p-ea91bab49c9a,v-99a7798ac31b,,XXL,1,39.27,2026-11-15 13:25:01,False
c-8b03f8fa62ef,s-93869a6ec66f,u-6ed761c2248c,p-7b52c1ecbb45,v-780fc15da01e,,M,1,30.77,2026-11-15 13:59:48,False
c-fb19eddad817,s-50a182565550,u-dbc0a7cfcdf6,p-e8bb932b349e,v-9acaaaa064e0,,XL,1,33.67,2026-11-15 14:12:37,False
c-e7385577f759,s-20dee69ee75f,u-5d29476473b1,p-6a0a5ab6b0fc,v-0a17e61c6f07,ord-1479cac9b7d1,XL,1,80.21,2026-11-15 14:20:10,True
c-1ab53e3e1732,s-068262a264df,u-ed453c959cf6,p-498633597065,v-634529877ee8,ord-d86c1ad9d2e4,8,1,90.36,2026-11-15 14:33:47,True
c-0c0b057a8f36,s-068262a264df,u-ed453c959cf6,p-5431631a088f,v-3192128410ea,ord-d86c1ad9d2e4,M,1,45.77,2026-11-15 14:33:53,True
c-d0027fbb10a2,s-f419e8517ba7,u-ad67a950db6b,p-841987c6ed6f,v-77b4b30a7bda,,XS,1,64.34,2026-11-15 14:44:14,False
c-503a03031ccb,s-ee1549280dc2,u-58ce817e3b74,p-6cbc89af68af,v-0c9732503715,,XS,1,91.74,2026-11-15 14:52:46,False
c-4b4f32b032cd,s-ee1549280dc2,u-58ce817e3b74,p-b32bd68960e3,v-b8bb2767fec1,,S,1,58.56,2026-11-15 14:55:19,False
c-e791358b9a05,s-6a828b520059,u-5d69eec29079,p-2c43249ff69c,v-467b735d2799,,L,1,40.61,2026-11-15 15:13:10,False
c-d4e05d9783b7,s-bf09e5c17ec9,u-9f9cea76f836,p-9ea0c6d804ea,v-f15345fc24fb,,One Size,1,57.72,2026-11-15 15:27:14,False
c-76133f6c8674,s-8b759aa96d7b,u-63db6a3ba97e,p-5665c5c20bfd,v-0ef817bd3995,,One Size,1,46.71,2026-11-15 15:31:25,False
c-f28706498f5c,s-2909770765f8,u-76ae372a75ad,p-958be5554b51,v-68bc64a95362,ord-623799ed1d73,M,1,55.41,2026-11-15 15:51:40,True
c-8551ee10cc4d,s-2909770765f8,u-76ae372a75ad,p-82f9cee71a01,v-688153ce7488,ord-623799ed1d73,XL,1,33.62,2026-11-15 15:53:04,True
c-8273827e21db,s-ff7e1e74ee6a,u-74636b977551,p-f92bac9bd3b4,v-2bfba53eb25c,ord-df053f897310,M,1,62.0,2026-11-15 16:01:24,True
c-4a79850a98ba,s-805ff6f8f568,u-359e3923fba2,p-451d35ee28e3,v-7187453d9b58,ord-cf066b6d75ce,L,1,61.88,2026-11-15 16:07:20,True
c-9f7c6dd2a401,s-8a1fb0e5f5f4,u-aee3255de930,p-6ee97d78826e,v-cf4a09406979,ord-0417b0e71c87,XXL,1,19.72,2026-11-15 16:08:04,True
c-914493681696,s-805ff6f8f568,u-359e3923fba2,p-386a1aa3048c,v-1a5b5ccbf21b,ord-cf066b6d75ce,XS,1,44.42,2026-11-15 16:08:04,True
c-e21ba8356ebb,s-8a1fb0e5f5f4,u-aee3255de930,p-a25f16dde589,v-5d32511da8d5,ord-0417b0e71c87,M,1,78.46,2026-11-15 16:08:12,True
c-187a90a99afb,s-8a1fb0e5f5f4,u-aee3255de930,p-760bb7e89043,v-19a4ebcd8879,ord-0417b0e71c87,XL,1,42.05,2026-11-15 16:09:37,True
c-faf064fc7f72,s-0574e670776a,u-353d0d22c3df,p-5be1ceedab47,v-50a5a16524d1,ord-e7c0f474a98b,S,1,67.34,2026-11-15 16:27:29,True
c-44c682069344,s-7ba1da0f74fb,u-cefafbb5d266,p-c2b998a27ec0,v-2fd9129a7f5a,,10,1,73.05,2026-11-15 16:27:37,False
c-986e0045014f,s-35b8485c8cbf,u-57593f8fcf5d,p-22d95d57a4a4,v-b69b168a75e3,ord-25375db46cb0,L,1,18.87,2026-11-15 16:39:30,True
c-c752892bfcd2,s-c34bc0d67c9c,u-3e35c331e164,p-02a748155c54,v-d8d20ae3a5b4,,XXL,1,61.52,2026-11-15 16:41:33,False
c-7985cc26aa83,s-61005b4778d6,u-92fb345a53c0,p-f6078bb565ea,v-a45dc76d077a,,One Size,2,19.82,2026-11-15 16:44:37,False
c-63757e5f45c2,s-7c49a06bf48e,u-bc3f2d83d114,p-458dcdbf035b,v-3afaad657fee,,M,1,79.89,2026-11-15 16:54:13,False
c-ee03c90a244d,s-d5755b15f0c6,u-9ccbcaf76779,p-0979a5b2807e,v-dfbeb3d7352a,,XL,1,45.04,2026-11-15 16:55:59,False
c-0e5d20315374,s-7c49a06bf48e,u-bc3f2d83d114,p-e53b84b85174,v-3f509b1dd161,,11,1,106.39,2026-11-15 16:57:14,False
c-17c7df454bd3,s-d0b20f1d7f54,u-3a7e7023e851,p-54173e2d59cb,v-efd600bd2a3b,,M,1,60.23,2026-11-15 16:57:51,False
c-c64a5bdbb91a,s-e4478f5f9738,u-5358980593b0,p-43b6090e4f63,v-27f833d95d34,ord-b0e09a906fbe,7,1,87.06,2026-11-15 17:05:08,True
c-d7c28b7f12de,s-edefadc461ef,u-78b0d273d34f,p-6b7f7e796058,v-669391578482,,XS,1,42.83,2026-11-15 17:15:24,False
c-0dff97052834,s-22e504f3337e,u-1a8f6f3eb903,p-d29ce7dd0bd7,v-75694a3edfda,,L,1,53.63,2026-11-15 17:17:17,False
c-a17b4ce3ad99,s-7578016854bd,u-be07e8e5ffb9,p-2d839c9d3ca5,v-28e0ebc0b62a,,XS,1,48.79,2026-11-15 17:21:58,False
c-6ae34ba0dcf0,s-130fb6035f98,u-aaef7ce78ef2,p-82f9cee71a01,v-d808fda24d30,,XXL,1,33.62,2026-11-15 17:52:22,False
c-4abd31a00478,s-99f56f7a4a33,u-5ad7283148ac,p-c76e2eb74adb,v-7a7d08036541,,M,1,97.88,2026-11-15 17:54:04,False
c-60b3425ecd92,s-ab0903ad9600,u-7fb2ef803be6,p-7413840e8b15,v-e1e55550d87e,,XS,1,35.38,2026-11-15 17:55:55,False
c-f786b0f70c45,s-3be229fc2b92,u-bfe74c1526ad,p-d7c7b870d147,v-5e324045c2be,ord-91480e3f6f91,S,1,46.44,2026-11-15 17:57:02,True
c-87f9d85099db,s-6c06520430bc,u-cdd6328a20a3,p-0adbae413a84,v-e493c7fb39df,ord-c942e208d02e,L,1,29.33,2026-11-15 17:57:43,True
c-1c299e157778,s-6c06520430bc,u-cdd6328a20a3,p-9b0815db6310,v-c7505cbc79b2,ord-c942e208d02e,XXL,2,36.06,2026-11-15 17:58:31,True
c-bcff0c10fc9d,s-bf3e16cc1e1e,u-4e2506569df0,p-8d1825ed4855,v-7269696d11e5,,XS,1,38.17,2026-11-15 18:01:46,False
c-ca98b6c781d3,s-35159b998613,u-553662ab826a,p-cc7695324c2a,v-d7cb9c51a71a,,M,1,93.75,2026-11-15 18:16:11,False
c-68e72c2b3dc3,s-35159b998613,u-553662ab826a,p-bb173610930f,v-05645a03ab74,,S,1,61.8,2026-11-15 18:17:09,False
c-c1bbd30a26b8,s-1413952d8694,u-8b35e171bccf,p-62367f6046fc,v-29ecffb853e1,,One Size,1,46.19,2026-11-15 18:31:01,False
c-a0f4718601a1,s-f2fabf58d9d3,u-4a6f937589ad,p-38a52e8b95b2,v-d5e374d24d19,,XL,1,19.02,2026-11-15 18:37:50,False
c-aacc09508470,s-366d4846b672,u-8ce86aa4e427,p-0f6b99d8b4ae,v-d38230a07c9e,,M,1,76.49,2026-11-15 18:42:35,False
c-2c9a2e696be5,s-f9bc35384fcd,u-e35c0b4bed5a,p-2dbe80b10a07,v-b952cd67cac8,,M,1,32.47,2026-11-15 18:43:28,False
c-d47735a27242,s-c6745e77854d,u-179243cf662c,p-458dcdbf035b,v-4f1e051dd639,,XL,1,79.89,2026-11-15 18:52:25,False
c-6d604bcb4df7,s-cc11b2e42294,u-c247857c9ae8,p-367d873527ab,v-cb35d314c0ca,,9,1,69.67,2026-11-15 18:57:46,False
c-5acc4006bdf6,s-27c5bf5efcf5,u-88ffb3019ec8,p-23034c55c202,v-4111eb018d67,,L,1,57.38,2026-11-15 19:15:21,False
c-f0f0c248905d,s-9278e3790443,u-a54a55a33b7d,p-4904d614c34b,v-f43a6419e68e,,L,1,59.37,2026-11-15 19:20:19,False
c-bd7b2c523aae,s-4f8120b4cda9,u-2acea3497a56,p-d899eb477c36,v-aee18f874d95,ord-119a56f9abcd,L,1,67.57,2026-11-15 19:26:06,True
c-acc694a0e833,s-4f8120b4cda9,u-2acea3497a56,p-c5da92eb6729,v-5b83be47979a,ord-119a56f9abcd,M,1,41.22,2026-11-15 19:27:16,True
c-61a6462caa3e,s-9d1a4aebede1,u-df72fc427347,p-b9000bf44c07,v-3286d061713e,ord-53266cf503f8,XS,1,73.23,2026-11-15 19:33:05,True
c-33e7f4744035,s-5fde6dddcd7e,u-c0f62b8cb3b0,p-2af279c6b985,v-6c5bea0e5f28,,XXL,1,32.28,2026-11-15 20:21:10,False
c-2e49842757fb,s-a382f3c58ece,u-9c312f58b415,p-23767d2fbce3,v-5340ca6c46e2,,10,1,84.1,2026-11-15 20:30:14,False
c-3d2f7e46ad8c,s-f0f3c56ba5ea,u-14265843cbd2,p-e53b84b85174,v-d4eafe2b57af,ord-9b3ddbe7e6eb,10,1,106.39,2026-11-15 20:38:29,True
c-88e1cfb864bd,s-f0f3c56ba5ea,u-14265843cbd2,p-0979a5b2807e,v-0dcad00d84b6,ord-9b3ddbe7e6eb,XS,2,45.04,2026-11-15 20:39:43,True
c-2b776ec8c624,s-32a474a2a419,u-1bd662201779,p-4f6505c8e62a,v-c0ef68c263f7,,S,1,34.01,2026-11-15 20:40:45,False
c-fe138b4f8640,s-32a474a2a419,u-1bd662201779,p-597facd1754b,v-9ca3d71d6d05,,XL,1,38.22,2026-11-15 20:41:25,False
c-cc3e72351158,s-0a9596f256c2,u-87b64351297a,p-d8a3a827a4e5,v-7a64a8dd8d90,,S,1,47.44,2026-11-15 21:28:02,False
c-81ab6612af0d,s-837aa7453786,u-8835821b149b,p-699ebe9cd2ce,v-9e2d04d49051,,XXL,1,41.74,2026-11-15 21:59:44,False
c-2a1e99b43563,s-98c05f9f6603,u-484b8ec4fe8b,p-bfa0d5139b10,v-1ea1a017bc64,ord-0205be47f533,XXL,1,53.04,2026-11-15 22:30:06,True
c-47e7dc8149df,s-9648d75ec441,u-9a0d122fe69c,p-ae6aa2f6a8b7,v-25e4101862e2,,XL,2,66.64,2026-11-15 22:30:26,False
c-7b190aa86b38,s-98c05f9f6603,u-484b8ec4fe8b,p-f9eb92cfed38,v-1aba58e0a3b5,ord-0205be47f533,L,1,32.84,2026-11-15 22:33:08,True
c-4a2ce77681ff,s-2cf121166b7b,u-3b3007b53325,p-961fa73c3061,v-46da02524064,,XS,1,95.11,2026-11-15 22:33:16,False
c-83d3b5ec02a7,s-137126e5fdda,u-0199c1969b4e,p-a3001257a4b2,v-4da03b103961,,One Size,1,88.94,2026-11-15 22:37:47,False
c-4196fc4036c7,s-a55d02345028,u-e6aba47e4b7d,p-4faacc36fbae,v-98d8f869a4d1,,One Size,1,38.16,2026-11-15 22:40:07,False
c-5710bd0db995,s-a5a90f0f4b92,u-2a5a4c611b2e,p-6d82f2143006,v-f45350b190a1,,7,1,42.21,2026-11-15 23:00:33,False
c-2c580ff98732,s-400515eb3d45,u-9c5ceb7896fd,p-d84bd4e8729f,v-449b27e578f6,,One Size,1,65.25,2026-11-15 23:01:53,False
c-d80d41f45431,s-c83c524fb531,u-c36cb62bda18,p-4d581a25c41a,v-49c6ec31623d,,6,1,87.53,2026-11-15 23:06:46,False
c-7aff1a7519b1,s-37f9d90753d4,u-9cd62d29af5f,p-c30a24a4d965,v-8ca3d23816e1,ord-3cb2a6bea594,S,1,65.3,2026-11-15 23:07:19,True
c-5a283f16bbc4,s-a7f3808f3581,u-e2e14d8964ca,p-9e6ab3b839e1,v-56299c405c48,ord-fe7365fb8e1d,One Size,1,96.4,2026-11-15 23:18:25,True
c-4af31658336f,s-9fec4996c396,u-f9ec7cfcc285,p-ff0444aaaa6b,v-c16ba204b543,,XXL,1,89.87,2026-11-15 23:25:56,False
c-e25cdf40273f,s-181ec3f62b99,u-5d711938f9b3,p-0a6513fc7071,v-0f0c18c800d9,,S,1,78.53,2026-11-15 23:27:55,False
c-9bbf0e1eba49,s-04957fe29c3f,u-a3f1a1b99978,p-6a0a5ab6b0fc,v-64a349183c0e,ord-5d5f149e892a,M,1,80.21,2026-11-15 23:39:47,True
c-40b87fe536eb,s-6127546bd02b,u-25e90ddf2b61,p-38016f7fa667,v-3947bd25ef8f,ord-55d3305ec0bd,S,1,42.7,2026-11-15 23:50:12,True
c-3a8f662e389c,s-9dd59ff4a57c,u-2a18838cc986,p-c2bb73d5a727,v-5b01dd53f9c2,,L,1,40.66,2026-11-15 23:52:32,False
c-e327c2659b60,s-ce40ed5aca0a,u-bd4f533c5a91,p-d52b360e8d66,v-8aac60d093b5,ord-49129430352e,9,1,92.68,2026-11-15 23:54:57,True
c-7d62f7f5aaec,s-bebd7f74a3c8,u-97df09776ccb,p-a7b0f421e7be,v-5077f654202d,,XXL,1,68.68,2026-11-15 23:55:10,False
c-dc749b15ab61,s-1f4c7383006a,u-f50f42f9f835,p-c6cadc0a0d2b,v-2ee8b076dc2b,,S,1,69.42,2026-11-15 23:58:17,False
c-f5b5d28d2992,s-1f4c7383006a,u-f50f42f9f835,p-89eeb4197e75,v-1176e5373d27,,M,2,70.99,2026-11-15 23:58:45,False
c-56b07c4ea0d4,s-1f4c7383006a,u-f50f42f9f835,p-d126ff14ab1c,v-f7098e355b63,,XXL,2,37.09,2026-11-15 23:59:15,False
c-904559ea8959,s-1f4c7383006a,u-f50f42f9f835,p-6197f22aca17,v-ec5657a4ed1e,,L,1,52.06,2026-11-16 00:01:47,False
c-6f4947ddd256,s-fed4140acca0,u-cee719cd0b9a,p-d776ea014330,v-d982d1e2d827,ord-9c6b10e9bb20,6,1,107.62,2026-11-16 00:03:20,True
c-fe1dd451216c,s-ea9e420dc47d,u-6df349370467,p-d9bf49cd8358,v-ceae9a7c5fd5,,XL,1,69.31,2026-11-16 00:13:56,False
c-eda1801fc18b,s-662577974b99,u-a11b2bc64086,p-498633597065,v-86a1a8daa01e,ord-87375e7d6203,7,1,90.36,2026-11-16 00:22:23,True
c-a839f94bfc34,s-65eac4f2f768,u-11b52a6f58cd,p-3ffd65bc9d95,v-78e3e2ea08cc,ord-0f5b45babb4b,11,1,126.82,2026-11-16 00:26:30,True
c-20c2f848eaa7,s-457f5cd6dfbd,u-cf983f8ac5e2,p-ab7bc1230d06,v-7d38fba77b58,ord-0eda4590d7db,10,1,72.9,2026-11-16 00:28:39,True
c-3c272b78ca4e,s-491c0e9e5bbe,u-e7f3c549bc95,p-b159f3c43083,v-db2bd1ccd662,,XS,1,26.19,2026-11-16 00:31:28,False
c-ede9fac0b6cd,s-491c0e9e5bbe,u-e7f3c549bc95,p-ebc3cae84c7e,v-2770a4e31705,,L,1,61.69,2026-11-16 00:32:28,False
c-1ae094524f98,s-b7b71002de35,u-2394a59623c3,p-e63f88a31c90,v-ad8c9c25a5e5,,XL,1,15.09,2026-11-16 00:51:07,False
c-f5e213299c4f,s-d97d9604df58,u-aae2c0aa70e4,p-5d46b4dfb44a,v-5ed8aec5fc6f,,L,1,69.03,2026-11-16 00:54:05,False
c-9eb16ded889f,s-31216c99db2a,u-b878e6baee6b,p-87ce0409f00f,v-448c0a4dc2a1,,XL,1,103.45,2026-11-16 01:18:54,False
c-5676d2ee5583,s-42d00056d56e,u-15ac1451c9a1,p-9ea0c6d804ea,v-71f61ddb1b9d,,One Size,1,57.72,2026-11-16 01:27:04,False
c-9e82e5d76f32,s-8232aa12d238,u-ac19317913f2,p-138f2883c338,v-c3dd86a62f1c,,8,2,84.42,2026-11-16 01:28:52,False
c-18bb88b1f302,s-39dc73f209e2,u-ad91ff310b00,p-197441774e00,v-dde09372ca81,,XL,1,47.03,2026-11-16 01:38:17,False
c-871183c5e46b,s-3174472367da,u-7154fd4794fe,p-fcd4f1043d97,v-7c382f3e7184,,One Size,1,119.8,2026-11-16 01:49:38,False
c-432f3ec717cb,s-19f832bf094a,u-18e21bceea28,p-c97e4965132f,v-1064ec8b8ef4,ord-80d77b5b27c9,One Size,1,23.93,2026-11-16 01:53:25,True
c-aa69c32a4c4e,s-c6151fe03dd4,u-4763f3449b5b,p-f5dc3be5b6a6,v-40680514f5bc,ord-f33366f20afd,XS,1,34.23,2026-11-16 02:09:22,True
c-8099bf9a90ee,s-7a9b83d78d6d,u-c9274bbc60ff,p-53abd79c8023,v-c27b9bed9adb,ord-9c7febd52cfb,L,1,48.23,2026-11-16 02:16:00,True
c-b4dd7335b611,s-258267c0d079,u-3c77ad4c25bf,p-d982a166e766,v-df1966295f97,,L,1,29.81,2026-11-16 02:21:24,False
c-d46cb8351687,s-548738129f08,u-decbc09fce26,p-5165812dac9a,v-0f0359da7046,ord-4c5ba2f503a5,M,1,61.72,2026-11-16 02:23:04,True
c-ed39649fa04a,s-c672f243ca4c,u-9a49e3fba7eb,p-02a748155c54,v-5af7016a4686,ord-9c1358a29e85,M,2,61.52,2026-11-16 02:23:53,True
c-fe5bd17759b6,s-548738129f08,u-decbc09fce26,p-b4451462eda7,v-8813a816e035,ord-4c5ba2f503a5,S,1,62.17,2026-11-16 02:24:30,True
c-aea89ee54f94,s-deb9882e8fef,u-4dceaad505ab,p-567b30ed15bb,v-17f306025fba,,S,1,51.29,2026-11-16 02:40:06,False
c-cd81bcf51a57,s-a5d24e2c8d1f,u-9c28cb173cfa,p-c534a809d8f6,v-e266f6406201,,XS,1,37.96,2026-11-16 03:06:44,False
c-078e4e7fe717,s-789157afc52d,u-0b584023a43e,p-a3a36d3830e9,v-c8c7d71be1ba,ord-be3bfa51a367,M,1,54.32,2026-11-16 03:09:35,True
c-f614dd1a49db,s-d50b55b6cb41,u-d205d6f18f67,p-aba442a3dbab,v-9171f6e56e7f,,XL,1,18.98,2026-11-16 03:11:53,False
c-bb0b193c2dbd,s-1f96d863c975,u-f228ac56d66a,p-69e1cf85f8e3,v-df5c198b55c2,,XL,1,54.41,2026-11-16 03:37:36,False
c-abad37f63715,s-dea2392accc6,u-2d2e7c86afb2,p-e67e1a1154a7,v-dc5e190d1f5b,,8,1,84.65,2026-11-16 03:49:01,False
c-3c2e639b5ef4,s-b6899e84048e,u-cf4d68cd28d0,p-e5be92dcd42e,v-24c503bd1df5,ord-a8284c371858,S,1,72.66,2026-11-16 03:50:37,True
c-54b5c1db87e1,s-dea2392accc6,u-2d2e7c86afb2,p-663334a58569,v-dce765bcb49a,,L,1,45.93,2026-11-16 03:51:26,False
c-63faced3751f,s-b6899e84048e,u-cf4d68cd28d0,p-3c884a804d27,v-8a72939de7ca,ord-a8284c371858,One Size,1,70.98,2026-11-16 03:52:01,True
c-7e2f52e8730e,s-1a600b1f5710,u-0997d35aa96f,p-bd2f2d0f3c75,v-daf528dd75e5,,M,1,43.55,2026-11-16 04:03:58,False
c-90b0464f7276,s-5ec5520c15e4,u-e72eb6aa98e6,p-26b848cb6a4d,v-bc12adcad285,ord-8105b5c3faa0,L,1,63.57,2026-11-16 04:11:23,True
c-909a17033754,s-af2c12bc3fa3,u-954ff5414b2a,p-58f09225ea43,v-6a0135cfca54,ord-367dd0014c54,8,1,55.13,2026-11-16 04:14:19,True
c-2a22b96982b7,s-276ee9e987ee,u-34a2312cb2e3,p-4df44cdc7595,v-4440c50c0a64,,L,1,58.6,2026-11-16 04:26:58,False
c-922b59c7c85f,s-276ee9e987ee,u-34a2312cb2e3,p-da49480dda37,v-2058d4d5deaa,,XL,1,37.88,2026-11-16 04:28:20,False
c-545b65c63cd3,s-6a1ca2e09310,u-3e7d84bdc2ce,p-896ee782e212,v-a6c070f2d057,,7,2,113.62,2026-11-16 04:34:07,False
c-f4463210c688,s-081ca0bbe4aa,u-5186909da8bd,p-c6897f3d4ebf,v-d4a70c20f0a9,,XS,1,33.31,2026-11-16 04:34:53,False
c-9c2956d6c22c,s-c3729be8872e,u-3de854e582b4,p-f85345be9148,v-e2c53c12bb4b,,XXL,1,66.54,2026-11-16 04:46:35,False
c-94f13937088e,s-a3f7734180d5,u-b0f77d3e8ad3,p-74db822db021,v-67ac0381bc42,,M,1,38.12,2026-11-16 04:53:59,False
c-e1ff76a11666,s-c2a098b77364,u-44a8596b0532,p-76da024092e6,v-dd88d665b027,ord-1b7bad096dc0,XL,2,96.54,2026-11-16 05:07:44,True
c-da0d12543691,s-587cb1348d50,u-2c8ae3cbbee0,p-6197f22aca17,v-a485170fdd74,ord-b710ebc01a72,XS,1,52.06,2026-11-16 05:10:29,True
c-4704f44caba7,s-095ff46a4ed6,u-9bdde935734e,p-3d634eda5892,v-a7d48933cce2,ord-d451c674f287,M,1,33.76,2026-11-16 05:16:48,True
c-6262899c5bfb,s-4d33b14e9701,u-c0965628947e,p-5d46b4dfb44a,v-e555d1b08c13,,XS,1,69.03,2026-11-16 05:21:55,False
c-1481c8a58964,s-dcdc25ef130d,u-e4aea9594690,p-9ea0c6d804ea,v-88a1675d9290,,One Size,1,57.72,2026-11-16 05:23:26,False
c-f88de2bf9b50,s-792eab31c508,u-dc5ed498101e,p-dabfff819f69,v-e8dcfeb8e8eb,ord-72c386e99806,XXL,1,34.7,2026-11-16 05:46:20,True
c-78affb4a89da,s-ea16fbe2220f,u-7ddcc5fb5209,p-9557ff65aac4,v-81be04eb897d,,XS,1,60.6,2026-11-16 05:58:27,False
c-2ec7cba4d467,s-fcff2a760a93,u-56cb82a7b3bb,p-e9068ecfb826,v-3fa259685542,ord-9dd9dfd28cbb,XXL,1,19.26,2026-11-16 06:10:05,True
c-8ba74c53b8f0,s-94d593a8d0ca,u-75d8929e1d9f,p-5010769d396f,v-d4dda91cc5f3,ord-05f622e1236b,XXL,1,37.87,2026-11-16 06:10:07,True
c-a69e6a4fb5b7,s-fcff2a760a93,u-56cb82a7b3bb,p-fe7a6f1fcac1,v-146969df5af9,ord-9dd9dfd28cbb,XL,1,95.83,2026-11-16 06:10:45,True
c-7508ee3d7a0c,s-35f4af27e431,u-39e505980b20,p-0a2da441c72f,v-cbda49f95f57,ord-45d9235bd4a6,XS,1,39.25,2026-11-16 06:11:54,True
c-e25cf6e6f4c4,s-35f4af27e431,u-39e505980b20,p-458dcdbf035b,v-43b377962e43,ord-45d9235bd4a6,XS,1,79.89,2026-11-16 06:12:14,True
c-d241cfa97328,s-b5f125ec6f2c,u-daed133c0170,p-4ab4f9810284,v-e95b5efc5f40,,L,1,112.35,2026-11-16 06:26:28,False
c-d74787f6480b,s-fae176ca1bae,u-443a84430348,p-2dbdda970087,v-e01a15cf7230,,10,2,107.9,2026-11-16 06:36:53,False
c-b9eb0c0d46b3,s-4b491cbd2a03,u-322ea3e3b692,p-5639a744c9b9,v-a10e19985686,,M,2,58.93,2026-11-16 06:40:33,False
c-b3f4670aa6df,s-5d29bbce04e3,u-e092156a4acc,p-5c1370534b6a,v-979dbd73fd35,,XL,1,43.97,2026-11-16 07:07:56,False
c-1ebfece99bb2,s-2a3e77f54692,u-603963baf6a4,p-e3bf8ed97d4c,v-945c8aa32cce,,S,1,57.23,2026-11-16 07:09:41,False
c-7f6becdc4349,s-144e1473e946,u-97506a133181,p-d6e0ba2b3cf1,v-1eb55d19fdc9,ord-e9a24d0707aa,M,1,38.35,2026-11-16 07:10:05,True
c-057138b50de3,s-144e1473e946,u-97506a133181,p-32cd89d5f78b,v-10051b3d6c08,ord-e9a24d0707aa,11,1,81.11,2026-11-16 07:10:46,True
c-4c8eb8d9b04e,s-144e1473e946,u-97506a133181,p-0e75db11ed53,v-2c4d2b8062c8,ord-e9a24d0707aa,XL,1,64.35,2026-11-16 07:14:49,True
c-9df2ca7b31e6,s-885cfb175836,u-f347b0923364,p-7acfcbbb64c6,v-31f43949d405,ord-46fa9235b150,L,1,69.95,2026-11-16 07:20:10,True
c-2e0ab28b5812,s-885cfb175836,u-f347b0923364,p-866b2965f01b,v-63b2e1d31af5,ord-46fa9235b150,L,1,85.81,2026-11-16 07:23:47,True
c-3199dde8bb8b,s-0ee2028994ba,u-161a298a837b,p-a28088e47da3,v-bc16b93d1fcb,,9,1,91.47,2026-11-16 07:33:04,False
c-c742b0db39e5,s-efe051ae9fa6,u-6c86934b6651,p-434a1c832a8a,v-b85e92d52d01,,6,1,53.05,2026-11-16 07:39:11,False
c-8761df71f93d,s-6e8d41ad43b5,u-88dde7daf998,p-70ea8249c551,v-e6f5d78c917f,ord-70223f2f3c69,One Size,1,74.91,2026-11-16 07:40:59,True
c-1d583bab5b0b,s-a29e8f622df2,u-130e2db50fe6,p-6fc7b487cc2a,v-177c7074e337,,XL,1,59.63,2026-11-16 07:43:39,False
c-6f1f6d6db823,s-d91dd43dcb32,u-4dbdc9aeb460,p-73c491029628,v-26ba68fd117e,,XL,2,70.75,2026-11-16 07:52:13,False
c-be68602b14cd,s-703d4d2278a8,u-8b77db9a65dd,p-8ac9a101b6bd,v-8e493960813d,,XXL,1,54.07,2026-11-16 08:43:10,False
c-98810fd4baef,s-cb6c6dfaf56a,u-9c58caa8a30f,p-b489dfc0896b,v-9d820992573e,,M,1,65.34,2026-11-16 08:51:32,False
c-0fc2ed5aa5ff,s-86c5ff595f8d,u-66b8f1fb3a71,p-63c6fd02965d,v-fe9c9c4987d8,,L,1,78.4,2026-11-16 09:20:38,False
c-0857af5f214d,s-86c5ff595f8d,u-66b8f1fb3a71,p-30f15b6b73b3,v-af6175be8f9c,,S,1,78.52,2026-11-16 09:22:16,False
c-951511ca06e1,s-48151886b003,u-647f817b511b,p-5413d2e930af,v-312eea4c92ae,,M,1,22.75,2026-11-16 09:35:20,False
c-eb95be964960,s-2afeb97a8f22,u-060f7cfbee04,p-b73323f92956,v-270c2534f8eb,ord-3f3c16622545,XXL,1,58.1,2026-11-16 09:50:41,True
c-90c07ee80bf7,s-c112244080a7,u-ee7a48806651,p-f9eb92cfed38,v-5a87248ceb86,,S,1,32.84,2026-11-16 09:59:08,False
c-e6f982f330a0,s-e7e90155ce7e,u-410bedaa9889,p-bd9edc9532a7,v-fd0b49948cf7,ord-8b1ab4b822b2,S,1,20.11,2026-11-16 10:05:53,True
c-9c8028da9d14,s-4c18ba34f7b7,u-0e39b7c225d5,p-a1ab09beb7f9,v-70bcddbbf074,,9,1,43.05,2026-11-16 10:15:16,False
c-5de0372adb98,s-19a1e8613ddb,u-bb4894478aba,p-5e4476a0a583,v-480517c7c65b,,XS,1,31.62,2026-11-16 10:22:17,False
c-e28276ce8039,s-8572b6b0a0cb,u-4b37e419a136,p-dedf3979e43c,v-a7def705f6cc,,7,1,104.21,2026-11-16 10:26:16,False
c-86ec67ff1be5,s-6d3b77707401,u-cd1b0714d714,p-7e33ffb1f424,v-becd81292a03,,One Size,1,46.7,2026-11-16 10:31:37,False
c-e7aa4196c0a9,s-613e21df42c9,u-fb1385b85d07,p-c4b9a57ee21c,v-02de9e426fa9,,L,1,77.51,2026-11-16 10:32:43,False
c-10163793ff10,s-fea1c5b6f953,u-fd9c040a072b,p-82f9abd306e4,v-6df92ebe2591,ord-1416489e337f,M,1,54.55,2026-11-16 10:35:32,True
c-d32181f24046,s-741833b5504d,u-7d487283be88,p-86e3367a612f,v-3c6b40468b4a,,One Size,2,31.73,2026-11-16 10:42:08,False
c-d18c960dfd95,s-51ac4d0134fe,u-be2fc650f4a8,p-26cfdfc823dd,v-946b3a8afcde,ord-dc275dae8530,XL,1,54.16,2026-11-16 10:47:17,True
c-d0ec39e0af88,s-21a6d74cf9e3,u-26fb8edd4ffc,p-b7e4b63c01fa,v-21a361a9bef4,ord-be94d8739270,L,1,68.97,2026-11-16 10:47:50,True
c-e795141d3476,s-21a6d74cf9e3,u-26fb8edd4ffc,p-af1020af155a,v-1a6ae8dfae7a,ord-be94d8739270,9,1,31.46,2026-11-16 10:48:26,True
c-02f6c30fc75a,s-a5062c9263a4,u-47c205b7936e,p-d6fc17a95278,v-7935a58857a8,ord-1106fb50e9dc,L,1,66.87,2026-11-16 11:10:19,True
c-30f21cba0f85,s-b6a036cf69c5,u-14cc094167f5,p-0db9fb087595,v-8afa2694777d,,M,1,62.9,2026-11-16 11:16:23,False
c-fee1fbc89f99,s-977b6ed63c48,u-2c8e9b409f57,p-88b5fb620fef,v-20732df1db61,ord-6685907a633e,L,1,40.39,2026-11-16 11:27:13,True
c-9485ca17abf2,s-6c4bfcd916bd,u-45fea551b21a,p-0c59f552a5f3,v-31b4d24942c8,,M,2,44.61,2026-11-16 11:31:59,False
c-1413d23ba55a,s-df13a2948760,u-9ae4cd6c3688,p-bc71a87c4f77,v-eb7185b62875,,XXL,1,42.64,2026-11-16 12:00:39,False
c-cdc6da0523f4,s-f0d2f8fe900e,u-917000db5815,p-beeb8a0eb2b2,v-1bdee8359df3,,XL,1,33.67,2026-11-16 12:17:09,False
c-9224bfd26328,s-ee776347da0d,u-53965aa3e439,p-5300796d576b,v-7b61a1113a0a,,XL,1,76.64,2026-11-16 12:38:34,False
c-301242140f40,s-39a34d8e8353,u-961d00f575e8,p-0b126e25de6e,v-562ba4243dbe,,S,1,51.53,2026-11-16 12:41:42,False
c-df61aa5a11b7,s-bb5338d86853,u-0208affccf11,p-bfa0d5139b10,v-dd0f88c8a2b2,ord-d6a5607456f7,XL,1,53.04,2026-11-16 12:56:04,True
c-6a8c3968767b,s-bb5338d86853,u-0208affccf11,p-556daaf09e6c,v-3a86368c2123,ord-d6a5607456f7,XL,1,97.73,2026-11-16 12:57:31,True
c-f5ad0480bb97,s-5bd519103e24,u-ef6dacfcb134,p-7673ed0b8a46,v-400d81c7ff65,,L,1,75.1,2026-11-16 13:00:45,False
c-316bc37e9c3b,s-5bd519103e24,u-ef6dacfcb134,p-56d24bba0a73,v-c0aab6475bd4,,L,1,112.91,2026-11-16 13:01:24,False
c-74723b9c0005,s-9b1be8ea52ec,u-b2748000c85d,p-ed39ec7addf2,v-ba5cac4fc2c3,,S,1,76.67,2026-11-16 13:10:59,False
c-6680f7929b89,s-9b1be8ea52ec,u-b2748000c85d,p-56de52c800bf,v-1583d2d46078,,XL,1,45.67,2026-11-16 13:13:00,False
c-62c71a044f3c,s-8007843bb2cb,u-0a40c200f670,p-71f46c2dfd08,v-cc7596d9122f,,XL,2,101.54,2026-11-16 13:28:30,False
c-35f2a6bc03d1,s-32375df7dc0d,u-669529d3b123,p-0d50a8dc2077,v-7f87c048612c,ord-49dd96b61f5a,7,1,73.52,2026-11-16 13:44:45,True
c-00cbdb80f8d8,s-83090c7f6447,u-3f217d993c4f,p-c76e2eb74adb,v-2e86d03ee91d,,M,2,97.88,2026-11-16 13:58:38,False
c-2cbdc96965d6,s-40abcc5f7755,u-9727ea076cc7,p-be98bc60ee3b,v-58ab0bf00299,,XXL,1,31.8,2026-11-16 14:28:22,False
c-c824a2b5cbfd,s-0b795fcdb6c2,u-6d9bf3e9fe6a,p-ec8f9ff55280,v-ddadb50d1f1e,,11,1,89.79,2026-11-16 14:28:29,False
c-41cfe682596c,s-c4e200a713e6,u-e83f0406f0af,p-d82c452cf314,v-12fa64a6245b,,L,1,65.12,2026-11-16 14:38:56,False
c-9e7d533d2e0e,s-cfea0f8ed6fb,u-8214d1510f8a,p-ce44c70f1845,v-15b891b44af3,ord-e9861ecdb68c,XXL,1,66.67,2026-11-16 14:39:48,True
c-ac00cc6b0d35,s-208dac49c2d0,u-0d374a94105f,p-3862b24fcaf1,v-1e6d4b2cf798,ord-2651065420ee,One Size,1,64.09,2026-11-16 14:42:56,True
c-509a5102d25d,s-7a16514af651,u-cbb59d1e302b,p-3d285e2b54c8,v-dc2f1e12c176,,M,1,45.87,2026-11-16 14:48:56,False
c-4297496e3b57,s-d2441b56ba96,u-87baccb14a23,p-01a702499b62,v-94c5768ae994,ord-a1ca3eb8b98d,One Size,1,33.13,2026-11-16 14:53:25,True
c-cfe43a472909,s-903fbeae354b,u-4d794a9354dd,p-7ae320e92375,v-3d8261d350cf,ord-6ffb7c1e9cd5,M,1,53.18,2026-11-16 15:22:44,True
c-f7fdedab144c,s-202b0c7e8b20,u-570d60745277,p-efaa137def46,v-1aca06010ae8,,XXL,1,45.66,2026-11-16 15:26:53,False
c-90e1f1efdc54,s-10bc02e24225,u-f9fdb17df0c1,p-8fe8d99ae27c,v-dc4faeff0999,,XS,1,37.15,2026-11-16 15:30:13,False
c-c6b20b058b5a,s-f4b55b1bf409,u-45ca6ed7dac4,p-e0dc60d0dd7f,v-362c9c3197f9,ord-d3ec3192198a,7,1,70.25,2026-11-16 15:36:04,True
c-0d65111398a2,s-5de5a1ac74db,u-4ffae21d4040,p-659a395522dc,v-c0e57af6311c,ord-1b221595dc9b,S,1,37.18,2026-11-16 15:39:23,True
c-3298f82d6195,s-17144caee0fe,u-1147d2a1f5e2,p-2303cf2178e4,v-ffc5cfa559cf,,XL,1,42.12,2026-11-16 15:39:27,False
c-90192dff6ef1,s-fc7a30833b97,u-df0c84cb99c0,p-d469a3b87ced,v-116ed24905e5,,XS,2,51.28,2026-11-16 16:14:21,False
c-785e4d784d4d,s-197f04730f4a,u-1d37d73116bb,p-38b71c282813,v-25aac3f4ef74,,XL,1,38.04,2026-11-16 17:01:41,False
c-9bf8c9caab28,s-fcbe90d1dce2,u-57b3d4e2662d,p-4e1b3dd6a395,v-4363793e9671,,M,1,27.39,2026-11-16 17:17:02,False
c-cf96dbb0af9e,s-39467dc9d9e6,u-eb7fa7330261,p-febce788e79c,v-1911b33fdf12,ord-d31159b28417,XS,1,34.12,2026-11-16 17:19:06,True
c-7c19cfc43790,s-a6db463396eb,u-d8f54fcdae3e,p-f9d0f8a34417,v-1102d9227196,ord-70a8ef9ef854,One Size,1,48.25,2026-11-16 17:22:02,True
c-df5023c57d3c,s-af1dfdb90d7d,u-b1a704d6a98c,p-69e1cf85f8e3,v-750661e38a37,ord-f9eb6d0ce1ce,L,1,54.41,2026-11-16 17:54:31,True
c-85d468869943,s-084324d5efe2,u-cc5b804fc0fc,p-adbf5cb455f2,v-b59a38242538,,10,1,61.72,2026-11-16 18:03:44,False
c-d6879fb30109,s-c59f03d7b0a5,u-b64bb32f477d,p-63c6fd02965d,v-0b62260fdfd1,,XS,1,78.4,2026-11-16 18:28:17,False
c-0b0d626c1449,s-c962826d628b,u-74a7fa2d783c,p-6a7396308f22,v-b0a12c28be3b,,XS,1,18.65,2026-11-16 18:29:14,False
c-87fc96fefcc0,s-909627080e50,u-27e4333056fd,p-eb4c999b27e4,v-f2bbfd33ae9c,ord-4be0185d2bf2,9,1,57.22,2026-11-16 18:41:46,True
c-61a6cb7e23c4,s-00885ee19f09,u-7a9e858a188f,p-81b0e6a4662a,v-78bcb476b956,,XS,1,86.13,2026-11-16 18:44:15,False
c-d90e5e51aaaf,s-fa7db6a6b471,u-cde0b9a8dd46,p-70315f2c0057,v-1240998d7c15,,XXL,1,42.67,2026-11-16 18:51:58,False
c-b230a6158960,s-390b86ec9b7d,u-1aae634c499b,p-c477e86ebfdd,v-ba2211f0bda5,,XXL,1,70.54,2026-11-16 19:07:59,False
c-c403f7ed2ba9,s-4ac9b8adade2,u-0bb3fdd383e1,p-84a46c0557b7,v-d9e33465bdb9,ord-cc5197504f0a,L,1,58.54,2026-11-16 19:08:19,True
c-284fa15eb2d1,s-8e57c4d82aad,u-d564378e5dbb,p-e4832c58b520,v-61724e08f487,ord-eeea054faf75,One Size,2,53.12,2026-11-16 19:08:42,True
c-c6bbf2246809,s-8e57c4d82aad,u-d564378e5dbb,p-70ea8249c551,v-2c184c3c5ea4,ord-eeea054faf75,One Size,1,74.91,2026-11-16 19:09:49,True
c-3206a6411860,s-481ed281615b,u-c71494e921d4,p-0c59f552a5f3,v-bdf3044d06b3,,L,2,44.61,2026-11-16 19:12:08,False
c-119a5b3f3094,s-b34d5327c03b,u-547ce9f4b128,p-a7056dae3b68,v-6dc474bec27f,ord-24a4d0a5b562,One Size,1,43.39,2026-11-16 19:15:47,True
c-1f189bc6fe0e,s-b34d5327c03b,u-547ce9f4b128,p-5e4476a0a583,v-db2d0faf4fad,ord-24a4d0a5b562,L,1,31.62,2026-11-16 19:16:57,True
c-cd17e509184f,s-be0dcdee4134,u-1db1f43f9a8e,p-dbb227be4872,v-ce3996c586fc,,L,1,44.84,2026-11-16 19:24:58,False
c-a08642f4e90b,s-fa40f4cfa8ac,u-57b4c407a254,p-82f9abd306e4,v-3dc2389ce7c5,,S,1,54.55,2026-11-16 19:28:26,False
c-3668eac138d9,s-fa40f4cfa8ac,u-57b4c407a254,p-879607558737,v-a936aaf96278,,L,1,34.93,2026-11-16 19:29:34,False
c-42322f393c9f,s-d36211109bc1,u-8ad3db4461fb,p-bc3329ef5762,v-fa0ad525fbf0,ord-9c6910cc99fd,XXL,1,54.27,2026-11-16 19:34:23,True
c-018107da2941,s-4d59fad77f18,u-ece1b3a0be44,p-d514d1156c6b,v-b40293f7b35b,,XL,2,72.56,2026-11-16 20:00:49,False
c-e15598cb32e5,s-04c7120b5357,u-09d17f22f699,p-8aa22c14c4a4,v-d4ec59fec1c0,,6,1,113.1,2026-11-16 20:23:31,False
c-985faa93130d,s-dc339c49e1fd,u-6eaac65a9d89,p-6a7396308f22,v-18ac51494711,ord-249a42391f03,L,1,18.65,2026-11-16 20:33:33,True
c-fdd59086a9db,s-370ea6b67408,u-0900bd7e58f2,p-42b6df636be3,v-318258eb8996,ord-c454b6a0a79e,XL,1,79.26,2026-11-16 20:44:08,True
c-78b57d75d01b,s-370ea6b67408,u-0900bd7e58f2,p-df2e0a1b0f85,v-ef76a1ed5860,ord-c454b6a0a79e,M,1,40.85,2026-11-16 20:45:51,True
c-3e0b6f2fda33,s-84d6c5a6f8e8,u-defb524f72d9,p-56f801e9db27,v-b0c4a9e8ec97,,L,1,73.25,2026-11-16 20:46:09,False
c-056a9baa318a,s-d93b6a932d20,u-b2e4c79a4dc0,p-af28da2070e6,v-57446c4b20c0,ord-92ee01d81eac,10,1,74.29,2026-11-16 20:49:54,True
c-87a661613e32,s-542d61169772,u-b29664f0341e,p-5c3584cebee6,v-f6a796f9e03d,ord-c98033908df7,10,1,141.18,2026-11-16 20:57:16,True
c-93c8f19dc04c,s-cb98bb238a8a,u-36bb1e1baf76,p-f10bb3a57be0,v-e97a8c2cb541,ord-56a5831d9e3c,XL,1,33.02,2026-11-16 20:59:49,True
c-bdd6d89a00b4,s-396f3efbf40f,u-afa7cbac9253,p-aeaed2098434,v-4425ea309762,ord-6c74c8083a41,8,1,58.8,2026-11-16 21:03:14,True
c-b22a4c91f24b,s-556896204844,u-39c1bc2578fa,p-da7cd716a2ce,v-d515841bf766,ord-4b617a72777c,S,1,32.33,2026-11-16 21:11:05,True
c-a0d81b26eb11,s-556896204844,u-39c1bc2578fa,p-b32bd68960e3,v-de4623d6c15e,ord-4b617a72777c,XS,1,58.56,2026-11-16 21:14:27,True
c-2cab2e9d919e,s-28cb41df165f,u-0c450f227175,p-4131172a7f05,v-9e4897640030,,L,1,80.36,2026-11-16 21:17:45,False
c-1b25b0d02994,s-439718baa272,u-59139f8ed530,p-de5460e8db31,v-c1a2f8a1277c,,L,1,77.92,2026-11-16 21:27:33,False
c-540c456f61c5,s-2de6c101b821,u-7f444415621a,p-0c1a7725eb46,v-0109fe7f1da9,,XS,1,77.92,2026-11-16 21:31:13,False
c-3abc62ad6f13,s-646965fc46ce,u-a1175e9e65a8,p-926567b45963,v-0abba96334c0,ord-f90162f98067,One Size,1,66.89,2026-11-16 21:38:27,True
c-6482a0790118,s-4105525b626f,u-e49350369732,p-12774b5c2e90,v-11b602d7846d,ord-34e960d5d692,XL,1,36.22,2026-11-16 21:41:00,True
c-1dcce53b1c33,s-f4dc55a023d4,u-dd13c8379065,p-699c26292602,v-bc5f1b24c57e,,One Size,1,66.67,2026-11-16 21:43:08,False
c-048c4ab49c34,s-f98249453262,u-479e6d32ee7d,p-18ac482d2577,v-f64a6a7e5895,,XL,1,43.04,2026-11-16 21:59:31,False
c-951ba56905db,s-4a112808b368,u-6b6a24003591,p-782f0659a084,v-b82fd94dafbf,,XL,1,43.83,2026-11-16 22:06:54,False
c-2b3b7a837859,s-0adf29e3f04b,u-0169d4be8194,p-beeb8a0eb2b2,v-db3a3aa43920,,S,1,33.67,2026-11-16 22:13:03,False
c-b71783f0fa38,s-bba3443cc10f,u-d0f8386894da,p-eff2f0247eea,v-a7885ab7833f,,XS,1,51.74,2026-11-16 22:15:53,False
c-592601d07049,s-181371f387b1,u-f98141a9bea3,p-d0ebbd8f2c23,v-a1a84f509c49,ord-ff72e2c400c3,L,1,35.35,2026-11-16 22:33:11,True
c-c02a294415fd,s-397d6c21cc11,u-859493c0d62f,p-ab1bb4db7915,v-cd36ad173937,ord-70ebf622734d,One Size,1,78.22,2026-11-16 22:38:58,True
c-4da4620cb4d3,s-5f8b7a3921c0,u-1304db568892,p-cff14c01c356,v-11ad227f4a65,ord-43512d5f0cd3,One Size,1,59.11,2026-11-16 22:41:53,True
c-1d89cc62b94a,s-6df5e9200a8a,u-9a9333f464d8,p-057cb88f98ac,v-cccaba59bb81,ord-0bc449204599,XS,1,59.07,2026-11-16 22:45:33,True
c-c395d348b1c8,s-2deadfbf2e25,u-a05e9b8f0912,p-fc2d7392bb91,v-e3092691da0f,,S,1,53.78,2026-11-16 22:56:49,False
c-3ee12a555067,s-61a6322713d5,u-be1e0901d3eb,p-2c719e358bc2,v-f5b85edbf925,ord-7a0495e07e9b,One Size,1,36.72,2026-11-16 23:02:08,True
c-31b0984dbbea,s-12ebf2bb3b43,u-fab135d1650f,p-9cf1a10f570d,v-ccc153c99f23,ord-0527ea089818,S,1,125.58,2026-11-16 23:05:27,True
c-c7c48210f20c,s-38e2eec2d603,u-780883f60d55,p-cfab23eacf23,v-3b0c7d292d32,ord-8959e5f04952,M,1,31.43,2026-11-16 23:08:11,True
c-6219206498fa,s-25838f174577,u-418cf7d7a6f0,p-16680e4b5fc4,v-446eb399f215,ord-7ad1a2b5489f,10,2,62.98,2026-11-16 23:12:16,True
c-e9d3fef8d8f8,s-e652a811912a,u-b93e1a1c10d5,p-2e0f985ed7f5,v-0b20f6ccf63e,ord-bc9c34d71683,One Size,1,60.34,2026-11-16 23:23:21,True
c-49b6aa398567,s-0c2745123613,u-ce585cbfa91e,p-0b1b60d9b816,v-4e39d5d0583c,ord-e896c1a3efdb,S,1,30.88,2026-11-16 23:49:25,True
c-eb7db0ce5cbe,s-84ef482e1d7f,u-3bb77d496106,p-0d7a22b5dfa3,v-336c52dc49b3,ord-20d819efb0fc,XXL,1,63.79,2026-11-17 00:28:02,True
c-ecaa59fa4ce2,s-136e19e64782,u-98d13add6da8,p-1d8a65fdccd4,v-de297433c97b,,L,1,28.95,2026-11-17 00:28:39,False
c-cc31f4bda315,s-7ea911227577,u-506915f2730a,p-c0f0f9b62a2e,v-cd97e8d5f974,,One Size,1,58.86,2026-11-17 00:59:51,False
c-64f0433e7404,s-0a9b5a4c3a08,u-29450843c4dd,p-6eadf48f7814,v-40e50f3a3aca,,7,1,86.92,2026-11-17 01:10:51,False
c-e85aab0cd6c2,s-c5537b5cfde3,u-0bcaa5552edc,p-b5ae9c9e0cfd,v-509d010314ab,ord-1f6f221ac8be,One Size,2,74.73,2026-11-17 01:23:12,True
c-77f7ea5f0f96,s-f305202babc6,u-9a1c8b5ab70a,p-5c83a811708b,v-7758e25912ad,ord-49f989a1ba76,7,1,103.61,2026-11-17 02:01:58,True
c-97834e3cff76,s-8fc09db4fb2b,u-ec9758824eee,p-2dbdda970087,v-5fe0774d0cf4,ord-4b3a6273f8d2,10,1,107.9,2026-11-17 02:07:37,True
c-2cd062de5d4a,s-4d3751453614,u-49d2db5964be,p-69daf4452ca8,v-3d0f328caf08,,XXL,1,23.55,2026-11-17 02:15:23,False
c-fcfb1beff402,s-dd0b065db3a0,u-b7d0238a6227,p-b7c380a53de1,v-e66fdc743662,,S,2,72.0,2026-11-17 02:19:26,False
c-f9dd94ced9e8,s-d2cfc313d2c4,u-c804c76e6002,p-b3fcf9c9574d,v-6c988dbf8542,,XL,1,95.7,2026-11-17 02:23:02,False
c-428cee313ca7,s-8b79c3d56f67,u-1e26afad43c2,p-1adf07a88a4d,v-8eab5b1da9f5,,L,1,66.89,2026-11-17 02:31:37,False
c-ad8cd88d0143,s-ad039805af42,u-8517c8b82747,p-d6b6fcc1e8fa,v-ff46715a8351,ord-c4abb2ebfc97,XL,1,62.87,2026-11-17 02:44:07,True
c-62ff7f40d777,s-ad039805af42,u-8517c8b82747,p-c38221716f7e,v-7633985c3521,ord-c4abb2ebfc97,M,1,33.83,2026-11-17 02:46:44,True
c-1dd4d0d4c6f5,s-28ce67fc25c3,u-a3ce33c5eab6,p-ae660ae5771e,v-77f0f11a6ba0,ord-fdb85c8c89d6,S,1,54.94,2026-11-17 02:47:09,True
c-049177266300,s-f190ed3f7b3d,u-056806ffabb0,p-7f4a3a4942b1,v-56176ce6b04d,ord-f0a1a31d1e5d,XXL,1,79.36,2026-11-17 03:16:15,True
c-ed18e0a72d7b,s-f5ce0ce7e73e,u-c126d7cab67a,p-8ee2a695745a,v-edaa36ce6d67,,M,1,33.03,2026-11-17 03:28:24,False
c-0b76aca04e92,s-212e43e31361,u-48398e32cd9a,p-76e09edcc4a9,v-990cca49cff8,,8,1,97.85,2026-11-17 03:28:44,False
c-9560c1d1e8c0,s-f5ce0ce7e73e,u-c126d7cab67a,p-b73323f92956,v-bf1ba26a4e7a,,S,1,58.1,2026-11-17 03:29:05,False
c-14b071160fa0,s-212e43e31361,u-48398e32cd9a,p-e141be6b6bb6,v-413685633a28,,11,1,44.3,2026-11-17 03:29:15,False
c-266e0e3d110b,s-0de6e38fb5d1,u-833e8080e258,p-f2317762da57,v-518589427588,,S,1,72.97,2026-11-17 04:37:08,False
c-de9b71d0db68,s-7f0d059b0061,u-5d653089909c,p-5f5352523a89,v-2f2c1e2ec0e3,,One Size,1,42.24,2026-11-17 04:37:18,False
c-f57f036d24cc,s-d27ad9a81d45,u-370069e8b0ab,p-200ac9021b08,v-a65b26acf4e1,,L,1,33.98,2026-11-17 04:37:20,False
c-28c7624e119c,s-7f0d059b0061,u-5d653089909c,p-e5d7335642b6,v-8562e5dc85f7,,XL,1,53.31,2026-11-17 04:37:34,False
c-aa60f312ed62,s-7e2e44f95bcb,u-47c958ea92a4,p-ea0d17067ac5,v-b70aa4a15523,,9,1,55.27,2026-11-17 04:40:13,False
c-65645a17447e,s-8bc17c25c2c5,u-eb94a83fd4b4,p-8959b14efe22,v-d68136ed0dbb,,7,1,61.37,2026-11-17 05:07:12,False
c-5e1ea2daf19e,s-b07356b7dd19,u-20757f307549,p-65201cc33c49,v-3f5e9a4470e8,,S,1,91.68,2026-11-17 05:29:31,False
c-e4ef0512e526,s-f3869d5068a6,u-de1b429fae9e,p-eaf01572b984,v-43532ee79751,,XS,1,41.56,2026-11-17 05:39:55,False
c-37ed9c34b73a,s-8fafbe7ecf39,u-3542f03f05c7,p-65666c224046,v-f36f99816897,ord-a7b8c5cbd5da,M,1,49.47,2026-11-17 05:47:07,True
c-29265562893e,s-3d088d32d8e8,u-4954bbb81f82,p-ad215aa2fc1f,v-19a6c5c58bf3,,L,1,31.42,2026-11-17 05:49:24,False
c-844d07af27be,s-8f76c4120022,u-b41a54bfc04e,p-659473edc014,v-7b0d2307c491,ord-42b16fc1df70,One Size,1,40.26,2026-11-17 05:50:50,True
c-6d83fe1b5ad8,s-11f9565a1996,u-22e2adcd4acd,p-d44a4e10ca43,v-02ec926f820b,,XL,1,35.45,2026-11-17 05:58:06,False
c-7437d138842d,s-4b9bec89c6c7,u-e49300293ec3,p-4904d614c34b,v-15580179156a,,XS,2,59.37,2026-11-17 06:18:27,False
c-ee230191fb24,s-a492a3da4a22,u-5fb1886f9471,p-a8f3089d3592,v-a8ab12052894,,M,1,50.62,2026-11-17 06:19:13,False
c-10af1031800d,s-263cbe51f164,u-09a3e2b30c85,p-9b86ccff2371,v-97c9c9121b0e,,L,1,83.48,2026-11-17 06:38:23,False
c-836dad6066e2,s-b00fa8737293,u-00788e50a6a4,p-1e78e975a74f,v-6b00bf917b06,,M,1,41.75,2026-11-17 06:46:43,False
c-af31ce94e70d,s-f97fa63536c6,u-1f22e6e47fc0,p-f523ce2caf30,v-a985e009334f,,6,1,36.37,2026-11-17 06:48:10,False
c-dbd083c44259,s-02f7609a7dc3,u-25e0ddfa52f3,p-c880e79eb602,v-557b0f59b93b,,M,1,56.71,2026-11-17 07:04:56,False
c-f426fa16723d,s-d8b7d8c9ff14,u-35233b9da622,p-f04a689fac6a,v-701f677ab507,,M,2,76.53,2026-11-17 07:10:51,False
c-71b09dbdf5f2,s-e0b0f84a486a,u-867843cf0e90,p-becd7da83732,v-e6460f691f4c,ord-667917a378c3,XXL,1,44.32,2026-11-17 07:13:58,True
c-6314cc7a9c5e,s-ef62190d515a,u-ac1393a33f7a,p-f48777346cc1,v-29917303ae28,ord-f4e9d207617f,7,1,52.61,2026-11-17 07:37:22,True
c-2d48e71cf496,s-f706caf1b8a4,u-7adef4852238,p-4ea83f207299,v-c4bb4fe057c2,,M,1,78.72,2026-11-17 07:50:43,False
c-7876b8db119a,s-486d07e7b1c5,u-5fcc12586084,p-37a25fddc192,v-0910d205d98f,ord-9cdaa883ed13,9,1,86.47,2026-11-17 08:08:53,True
c-0e6fcdf92288,s-44ab98e533a5,u-083ab6ca083d,p-f1112dc1652b,v-722a2005b2e4,,One Size,1,39.16,2026-11-17 08:32:46,False
c-8fc68c758ffe,s-44ab98e533a5,u-083ab6ca083d,p-b3c4aecb0e78,v-a995f85727a2,,One Size,1,75.68,2026-11-17 08:34:04,False
c-ae19fa8d9326,s-8e0a6e92b044,u-afd62cf5ecd6,p-4583e81668f0,v-8dd2fa2d3978,,S,1,74.9,2026-11-17 08:36:44,False
c-208ead247dc3,s-8e0a6e92b044,u-afd62cf5ecd6,p-bd2f2d0f3c75,v-f26e7d05d5a7,,XS,1,43.55,2026-11-17 08:37:57,False
c-8d2fb2aa7596,s-18eb4c391d8d,u-e6e9dc820046,p-06d0ff181fa8,v-c1e89b81f56f,,6,1,39.57,2026-11-17 08:53:38,False
c-364a7b7d74de,s-40f4a7be4417,u-dd51142579ee,p-bb69ccf4de47,v-d85991371987,,XL,1,40.2,2026-11-17 09:07:17,False
c-2e073526adbe,s-ffd2eaf08646,u-1e44dc5dd7d6,p-4326e2fa04c2,v-8d8ea1726bcf,,6,2,77.41,2026-11-17 09:37:41,False
c-0de22a44f371,s-756ac843f51e,u-d7ee788abe76,p-e1e74cef3ff9,v-72acb4c1a972,,S,1,27.07,2026-11-17 09:38:28,False
c-f08a53119e45,s-c6b6df71233b,u-2e8b2582b0fc,p-13d3e250b7b9,v-7cf53a4680e7,ord-135495639528,S,1,59.03,2026-11-17 09:38:41,True
c-8b63cc51a9d7,s-970028f35ec5,u-ce946098c3ba,p-c76e2eb74adb,v-f28c2ae0d8f9,,XS,1,97.88,2026-11-17 09:45:42,False
c-4f6e395b633c,s-c9a19f21b69f,u-5a5cca7d7a76,p-28b16f530916,v-1e70c7017fc1,ord-68560ec3926e,L,1,51.74,2026-11-17 10:26:32,True
c-639145d2358c,s-ce30caaf0ed9,u-882f40cf3bde,p-974062241d7b,v-32a8a4e12f28,,L,1,28.13,2026-11-17 10:26:35,False
c-464741105d05,s-c9a19f21b69f,u-5a5cca7d7a76,p-45ee231a5c77,v-02ec9b4ed22f,ord-68560ec3926e,XL,1,39.35,2026-11-17 10:26:49,True
c-cfab961400fd,s-b056146b0b50,u-8154cf91ec13,p-dd29b201ad93,v-80df61d71f3e,ord-82d2ce616d8f,L,1,34.57,2026-11-17 10:28:47,True
c-4a8e2b33c864,s-381b2446a7ac,u-b32c0fe5c934,p-1b3beec680d1,v-cac29a28376a,ord-609456995714,L,1,54.74,2026-11-17 10:30:52,True
c-9cb9bf480174,s-484c38bd90ac,u-363161ab8793,p-fdc433c8f9e0,v-0c35b8d8adfe,,S,1,45.92,2026-11-17 11:04:53,False
c-40d40328637a,s-8b4e0b93d627,u-f4983faca526,p-ddd2f5bb213c,v-56f924675e46,,S,1,50.79,2026-11-17 11:16:54,False
c-a25438e391b6,s-d369bc4a2976,u-a33da604ee4a,p-3d7011eb159b,v-c4453b92d48d,ord-f0b6e358f77a,One Size,1,103.77,2026-11-17 11:33:45,True
c-41e1f19d47fa,s-d3d15b30ba7e,u-e1f026da146a,p-5a946fe521ca,v-ec8f0949f0ff,,XS,2,76.69,2026-11-17 11:37:21,False
c-628fcf259344,s-615117ff70d5,u-e7df4dd0b189,p-e307b73a3f10,v-5a320ab1825d,ord-0a336d10de54,10,1,71.71,2026-11-17 11:37:31,True
c-a9dcbf241c4f,s-5a7fd6d1b0e9,u-b4444f6d2f22,p-4798a77c002e,v-8ff5e95b531e,ord-eb5e6e746e61,One Size,1,69.05,2026-11-17 12:01:51,True
c-21eaf4c9e482,s-24571d4077d6,u-abdd256f2443,p-32c5c09de0c4,v-f2ef009c07ea,ord-9f557e0c370c,L,1,21.73,2026-11-17 12:02:49,True
c-0cb2f91c62fc,s-70b481ad2219,u-3df2f8f0cbde,p-9e175fd68572,v-f0faca689305,,L,1,36.05,2026-11-17 12:15:15,False
c-e9778e5c42cc,s-7e1c21c60fed,u-0e06e11a313d,p-55f96bec8bc5,v-f3324e2cb89a,ord-064ed95b7f5c,S,1,50.6,2026-11-17 12:26:50,True
c-75d13c7d241f,s-7e1c21c60fed,u-0e06e11a313d,p-47640c4a2ee0,v-52d25a791b25,ord-064ed95b7f5c,XS,1,47.59,2026-11-17 12:27:29,True
c-448c316424c4,s-7e1c21c60fed,u-0e06e11a313d,p-cbe604326c02,v-62dca2de0b22,ord-064ed95b7f5c,7,1,101.49,2026-11-17 12:28:19,True
c-9395b4234ee2,s-1ed219fad3bc,u-100f83f888b4,p-dad82f0e4b87,v-e845f3571b3a,,XL,1,50.16,2026-11-17 12:32:07,False
c-5612a8ab82ba,s-1ed219fad3bc,u-100f83f888b4,p-abffc77ec41d,v-90f339e7d08e,,XL,1,70.02,2026-11-17 12:33:02,False
c-dcd132d30abb,s-85cde1a0f33c,u-1af3b9b5d47b,p-066c7ca47b4a,v-6cc8a6aa732b,,XS,1,80.94,2026-11-17 12:59:05,False
c-72edc2a88918,s-49c201a389d2,u-6f0242efd437,p-11de036e0e11,v-1490811b81b9,,7,1,101.35,2026-11-17 12:59:40,False
c-682311197786,s-0bf411dbd591,u-9e856c0e49db,p-31d1b7ec41b6,v-2a0c6ab7bf41,,One Size,1,71.03,2026-11-17 13:07:58,False
c-0fd9255e126e,s-57883f543235,u-27fa4e42a8ae,p-f49f9a26aa05,v-35cc977cb0d9,,XS,1,48.75,2026-11-17 13:11:21,False
c-d1c7d2914ba2,s-c60e5a3da1cb,u-5db31f96ec55,p-6eadf48f7814,v-0f6872178424,,11,1,86.92,2026-11-17 13:22:33,False
c-2881426a21e2,s-c295cf03b64e,u-ab444543139c,p-841e04f8cfa3,v-146ff3994f3a,ord-c086c777f6a7,XS,1,89.52,2026-11-17 13:30:25,True
c-74302d98a058,s-f4eb3b73c7f8,u-c82b04520de5,p-d94dca8e0e6a,v-acb51a3e7331,,M,1,47.18,2026-11-17 14:02:19,False
c-e6d839ab8ff3,s-78a8993d5d05,u-bd314670580a,p-22b0ddeac786,v-206f5584e2b1,,One Size,1,96.33,2026-11-17 14:05:27,False
c-7584ebd48f02,s-e02adbf93268,u-eaed2077765b,p-11dc4a6d3fca,v-1ff742ee36a0,,L,1,62.87,2026-11-17 14:08:51,False
c-ed3a9fafc97f,s-dae2cb132406,u-be2b1c716586,p-2ff3c5390025,v-d07152a7f3fa,,XL,1,25.98,2026-11-17 14:17:33,False
c-30145f92adf9,s-37c807177dd4,u-f46d9848bd61,p-89595b0edd0b,v-2e7d1a83530f,ord-af40645e3847,XS,1,126.99,2026-11-17 14:28:00,True
c-423cd30cecb2,s-fc329bfacd44,u-df584f94c162,p-d8080af38c48,v-446d3999c944,,L,1,27.12,2026-11-17 15:06:55,False
c-942730e4f55c,s-fc329bfacd44,u-df584f94c162,p-56de52c800bf,v-964516f667b9,,S,1,45.67,2026-11-17 15:10:04,False
c-7647b640a68e,s-a049f4f145ab,u-3ce073997a2b,p-a1ab09beb7f9,v-2e43044b9426,,7,1,43.05,2026-11-17 15:24:55,False
c-41f833f5b823,s-1afad6df96f9,u-779fe36cea64,p-0adbae413a84,v-8f00d654894d,ord-1bd37f0dfd5a,S,1,29.33,2026-11-17 15:30:41,True
c-0693236f6d9b,s-9d3274011cdf,u-f78779e5aeeb,p-108c3d23435e,v-697417c3246f,,One Size,1,28.78,2026-11-17 15:36:53,False
c-310b48b21d08,s-17e566544c84,u-91514daab1d7,p-402523ed70c8,v-8b8ef01f5094,,6,1,57.18,2026-11-17 15:44:42,False
c-1b7817f72803,s-05cc451b2160,u-d914e601ffff,p-accad81e1851,v-80c63ab60ace,,M,1,39.3,2026-11-17 15:46:16,False
c-976ab203ef62,s-9a8f353fc3b7,u-aa3cfd9a5edc,p-7d62c02270db,v-857c02650027,,L,1,30.19,2026-11-17 15:47:35,False
c-511eca74ec48,s-9b5a45fab82f,u-28eeedafca17,p-1c0258525d95,v-0b7d136712ef,,L,1,58.8,2026-11-17 15:54:41,False
c-64cb482b2b8a,s-0b479849df20,u-3b23c599a4c2,p-3ffd65bc9d95,v-d40c641df0c0,,10,1,126.82,2026-11-17 16:04:37,False
c-95f5a21c9ad5,s-835a369cdea9,u-38a215f3be92,p-866b2965f01b,v-66e60c09d925,,L,1,85.81,2026-11-17 16:16:09,False
c-4dcd21358472,s-de9f4073202f,u-77db0c1b09ce,p-435ddacaaa03,v-de8c3f6b93a8,,XL,1,35.0,2026-11-17 16:16:18,False
c-1c89cf149787,s-dfbcfb5698d8,u-d46333012689,p-fb76c25d865f,v-210c2a19765a,,11,1,119.14,2026-11-17 16:18:42,False
c-fa1075a79c1f,s-de9f4073202f,u-77db0c1b09ce,p-7bf78f1c8b4a,v-2f90c673039d,,XL,1,50.21,2026-11-17 16:18:57,False
c-8ce69d100bc5,s-5326a058c21d,u-281e6fb4df7f,p-b20bb23aee24,v-a7d5a4ad382a,ord-2e607aee5259,L,1,51.24,2026-11-17 16:28:17,True
c-c095e4bd0233,s-8528e36959c8,u-8c7a48493c2e,p-be87f16ce5da,v-024deb5c0922,,7,1,70.84,2026-11-17 16:33:32,False
c-6ae983ce33de,s-9f4904ffa518,u-ae5eb215b671,p-bb69ccf4de47,v-f0dfe34b6e32,,S,1,40.2,2026-11-17 16:36:55,False
c-e2f8d448995b,s-2710a254e1ce,u-47ae4bd6241b,p-594e49fc9426,v-e527793bd0df,,M,1,47.26,2026-11-17 16:40:10,False
c-3e88a6bdf978,s-5c3415024818,u-4185bcda683f,p-b68a946fa078,v-51e87d627b5c,,10,2,69.4,2026-11-17 17:00:15,False
c-65539f6f2cbd,s-c96142248d18,u-e9c882a3b2f0,p-4d581a25c41a,v-1e74d4889258,ord-d58a0043e5f2,9,1,87.53,2026-11-17 17:15:06,True
c-86043f3f0f54,s-131dcab6fefd,u-a8900eef5247,p-d96b9dc0cf18,v-cdc148e4824a,ord-549280449e75,M,2,68.79,2026-11-17 17:26:53,True
c-73f71190bdc4,s-3d48d8ad7689,u-44b2ea65f0fe,p-3116bbd538a8,v-8b9a39c6eee6,ord-5e97a91cc547,XL,1,43.86,2026-11-17 17:34:03,True
c-065b7bd85523,s-3ed1d9bbe137,u-3e1fe20331cd,p-028a2ef42fb8,v-40e848267359,,L,1,66.84,2026-11-17 17:41:49,False
c-4b260bc0fc4e,s-c4032d585143,u-e65018f9ae18,p-451d35ee28e3,v-f0bebe3c64c1,ord-290b0dcf7dbd,XL,1,61.88,2026-11-17 17:49:51,True
c-0fc29d88bdb9,s-dcd0bb07ac22,u-246fbfcfee43,p-62b0f40a6ebe,v-2a9f11be24ff,,XXL,1,41.99,2026-11-17 17:58:12,False
c-fe8db5dc2c89,s-dcd0bb07ac22,u-246fbfcfee43,p-58514e77edf8,v-f706235d9621,,XL,1,119.59,2026-11-17 17:58:58,False
c-af9c2e6701de,s-4690a100c330,u-4ca7d5056d46,p-87ee241cd5e1,v-df42b486f83d,,M,1,45.7,2026-11-17 18:09:30,False
c-f64142aea875,s-78dc6ca1a28f,u-dc8b3b10a92d,p-1e0d298892b0,v-d50972383be7,ord-7bfbc10a7ca0,XL,1,49.55,2026-11-17 18:19:30,True
c-5d6ec8020950,s-58aae3d6e067,u-d9a1c3aef06c,p-d8080af38c48,v-cb523fce42d1,ord-89b94902e49a,XL,1,27.12,2026-11-17 18:41:08,True
c-13b8f427eda7,s-83b16891f0ec,u-c6b5f99c5449,p-76e09edcc4a9,v-d5839b7a5287,ord-f6da3d610a46,11,1,97.85,2026-11-17 18:49:24,True
c-4a89672bfe12,s-8a68f2394756,u-42c74a115769,p-63dad958f079,v-533794540313,ord-3a9340aa9b58,10,1,85.98,2026-11-17 19:10:32,True
c-5a0fba5c7cd8,s-1e336d1414c9,u-f8cf116042cb,p-206c70749a02,v-fb449d1e1d72,,XL,1,55.24,2026-11-17 19:21:37,False
c-0ee04976f330,s-7afda0a5c3b4,u-fa8172870b9f,p-ddd2f5bb213c,v-179dda1a3fc3,,XS,1,50.79,2026-11-17 19:26:07,False
c-e02cca25645b,s-2cb67e3f1661,u-48b46b4d76de,p-15e0a3beb610,v-83b224e7416e,,L,1,33.91,2026-11-17 19:35:35,False
c-b6d9e091569d,s-d2d70e5be586,u-0eed23182699,p-0bfe49fc1d30,v-3fd5450d5581,ord-cb1fcf6bb3f7,L,1,72.72,2026-11-17 19:53:06,True
c-2b71eb497783,s-bd3830ce2c7d,u-a13065c90d2f,p-dedf3979e43c,v-8537d295f3c7,,7,1,104.21,2026-11-17 19:54:34,False
c-4b4a07ed0895,s-51d6fde13a0b,u-68a85fbe8c0e,p-4f49943c70ac,v-d997e28d92b2,,L,1,37.17,2026-11-17 20:08:35,False
c-4c99c0d3b4c7,s-9da8daef163e,u-46ed4a40f8f3,p-c162d7d85728,v-8866de6a9b6c,,XL,1,33.86,2026-11-17 20:29:16,False
c-996801790eed,s-7631bb143926,u-762764ea4b1d,p-12774b5c2e90,v-5d9c810e0c55,,L,1,36.22,2026-11-17 20:51:04,False
c-bfe21bc98630,s-1e5594e8fbbd,u-d3f93bea9aa4,p-d982a166e766,v-1945b973d90d,,S,1,29.81,2026-11-17 20:54:58,False
c-c226de81289b,s-7404eb1835d4,u-684e3ea377e9,p-48a4b7cd6342,v-37b624578851,,XL,1,39.91,2026-11-17 20:59:40,False
c-798be7abc604,s-ec0c683f43d2,u-0154ae244e78,p-654a433aaea6,v-b4b6509ddd4c,ord-6e351170ea05,XL,1,50.05,2026-11-17 21:01:10,True
c-1db5cce575c1,s-ec0c683f43d2,u-0154ae244e78,p-586267b99b1c,v-3a8017908591,ord-6e351170ea05,S,1,37.26,2026-11-17 21:02:07,True
c-4624cf97d121,s-f9b810c75d9f,u-d889f332e308,p-245d38ba1e94,v-4a95e7cef59d,,7,1,54.12,2026-11-17 21:03:33,False
c-3e3593f8b429,s-3ef3b51d6cae,u-1872a2c5bf9b,p-be98bc60ee3b,v-045e5d89fb47,,S,1,31.8,2026-11-17 21:24:45,False
c-a5b571641d1e,s-e6be0aa8bfa4,u-b8c4330f20e2,p-0d7a22b5dfa3,v-2bff9fc5de7a,,XL,1,63.79,2026-11-17 21:36:51,False
c-307cbac14215,s-01e6d8af1df6,u-77e7f0d071dd,p-f8660e638877,v-c945f812a267,ord-34f6815337e8,M,1,60.58,2026-11-17 21:45:05,True
c-a9c6600e5c52,s-01e6d8af1df6,u-77e7f0d071dd,p-84a0960d0c21,v-bdff96285a62,ord-34f6815337e8,M,1,45.35,2026-11-17 21:45:33,True
c-ab5bd50614bd,s-3417f0822306,u-84f9fea782eb,p-a3c33d7bb162,v-1a3a1ea12f0d,,XS,1,68.31,2026-11-17 21:46:48,False
c-63703138026f,s-ca3bad7d711b,u-495ab2564db9,p-8751b338486b,v-e9318e991e3b,,XL,2,96.4,2026-11-17 21:52:29,False
c-928415650e2e,s-dbbdb47e5b7f,u-8c4cf2086398,p-1be80bc83ece,v-15dcf41ff221,ord-a4d18d448b3e,S,1,67.33,2026-11-17 21:52:50,True
c-0e11a6aa1d06,s-dbbdb47e5b7f,u-8c4cf2086398,p-01a702499b62,v-67b25abb6726,ord-a4d18d448b3e,One Size,1,33.13,2026-11-17 21:53:37,True
c-581fd59d9250,s-ea3a504e82aa,u-202dcbc70821,p-057cb88f98ac,v-73fab2e4272a,,M,1,59.07,2026-11-17 21:55:51,False
c-771168ef8d70,s-7e5c04ceb7c1,u-745d876946f8,p-1c962a7f75aa,v-d02940477cd5,ord-d2ec98d77961,L,1,38.97,2026-11-17 21:58:06,True
c-f3686ba54241,s-7e5c04ceb7c1,u-745d876946f8,p-af3fe8a46d18,v-a60453a221d5,ord-d2ec98d77961,L,2,51.43,2026-11-17 21:58:08,True
c-e8bfcb036bc9,s-651e992ed04e,u-a1bde835eda1,p-ebc3cae84c7e,v-f9a388555823,,M,1,61.69,2026-11-17 21:59:44,False
c-b48a9f48c944,s-651e992ed04e,u-a1bde835eda1,p-fe0b26353908,v-3dbe3f996df4,,XL,1,22.25,2026-11-17 22:00:12,False
c-2ad56e3cfad7,s-39c1122e43d8,u-1289b00c2832,p-7a9af4d8dfc5,v-71ff117bde4c,ord-d7317cd7ecd6,M,1,73.93,2026-11-17 22:15:23,True
c-aada8c3b2851,s-ff51443140b4,u-506d39b462d1,p-d2a3ee5d6281,v-6b3aebe6536b,,10,1,103.81,2026-11-17 22:15:41,False
c-f21b34aa59a0,s-05f72c2929c0,u-f19dbf76055d,p-ea91bab49c9a,v-a3c830e44b03,,L,1,39.27,2026-11-17 22:19:02,False
c-300f55d9740e,s-15798627cc0c,u-7548f8d19be1,p-66d3930ba28f,v-f16a2bd2692d,ord-e7a27aca40af,L,1,36.36,2026-11-17 22:30:29,True
c-9c07f2a414fa,s-2fd994419651,u-379897e17182,p-c4265027a024,v-6db14c2b4d72,,XXL,1,18.86,2026-11-17 22:44:46,False
c-ec21a2bd912c,s-b62fd34ae729,u-891c18173297,p-6095d37b40b4,v-74908abf003d,ord-4a2f8d57b73d,XS,1,44.58,2026-11-17 22:54:32,True
c-09024a9855e6,s-164873999809,u-d439a2ed12cd,p-ee3037e27c29,v-0df5feaf0f4b,ord-559f301df9db,L,1,45.42,2026-11-17 23:01:12,True
c-3958c40f6d2f,s-164873999809,u-d439a2ed12cd,p-e862c1b120d9,v-1102020cb54f,ord-559f301df9db,7,1,46.01,2026-11-17 23:03:42,True
c-983b8aa8f7e4,s-164873999809,u-d439a2ed12cd,p-cef95ad640de,v-776d1f6628a8,ord-559f301df9db,L,1,49.76,2026-11-17 23:04:09,True
c-0788dc997486,s-c5c18a916c94,u-e8ae55e59524,p-3e6c2fce3bf6,v-54ac28d2334c,,L,1,34.56,2026-11-17 23:11:25,False
c-a08eb4f05245,s-c5c18a916c94,u-e8ae55e59524,p-c2bb73d5a727,v-7a437cacf50c,,S,1,40.66,2026-11-17 23:11:35,False
c-91faafc6dcdc,s-eda1638879b2,u-a7289fa3886e,p-5df4ecf0cd12,v-df8713df059d,ord-ab1e8030c3c8,S,1,38.21,2026-11-17 23:13:55,True
c-ec177ed2fe4c,s-eda1638879b2,u-a7289fa3886e,p-ce44c70f1845,v-1629311b5d94,ord-ab1e8030c3c8,S,1,66.67,2026-11-17 23:14:28,True
c-23f4b95f87cc,s-3407256b8597,u-f13a98756c43,p-b2a3645e0b76,v-bddb095ec55d,,S,1,34.05,2026-11-17 23:44:59,False
c-5724f070cd68,s-49e8580c2214,u-160d22ce457d,p-8fc1fc5fe9ec,v-ad75714ef274,ord-a5622334212c,L,2,31.81,2026-11-17 23:51:16,True
c-0912633deee3,s-08d501ac8d3f,u-7a18d589c9fd,p-1e78e975a74f,v-b20e3a1987cb,,XXL,1,41.75,2026-11-18 00:00:35,False
c-a4558f043126,s-a0e84d4d4699,u-b39473f1bb37,p-46c8448b2fd1,v-f6d216db79fb,,L,1,62.46,2026-11-18 00:22:16,False
c-7cc4e211ec37,s-a699bdc7717d,u-1b6352c33367,p-21e629210114,v-6dbc00efa3ce,,10,1,46.29,2026-11-18 00:33:44,False
c-b1de875a0399,s-a699bdc7717d,u-1b6352c33367,p-7a557ff146df,v-756babfd6f4d,,S,1,44.41,2026-11-18 00:34:30,False
c-54f1aa70a21a,s-3b4895196ef7,u-d05e3f5ce611,p-cbe604326c02,v-f3f35d4c7032,,8,1,101.49,2026-11-18 01:04:47,False
c-650b50c71c9e,s-2e84bc34bc3d,u-1e6d112394cc,p-cb2c7a9ffa58,v-0ce92a6d9763,ord-81e719aaf574,XL,1,77.43,2026-11-18 01:15:47,True
c-d5d176b55e8e,s-976d34078f10,u-41c457f655b7,p-2ab57e658014,v-1334e5a7e953,ord-4f3ed99d4331,L,2,43.4,2026-11-18 01:20:49,True
c-cd968bc93105,s-d034364d2fc5,u-5825bdb68211,p-33e9d9c5387c,v-53cfc914d502,,M,1,50.7,2026-11-18 01:23:00,False
c-545c5e1ff99d,s-d61c8c6e4978,u-e1449b096568,p-2c383945ff0e,v-beb3f0c992d5,,XL,1,54.69,2026-11-18 01:25:05,False
c-f1effbe94eed,s-d61c8c6e4978,u-e1449b096568,p-125e63056034,v-50c87ef13e74,,XS,1,44.94,2026-11-18 01:26:19,False
c-669240fd0c1e,s-d61c8c6e4978,u-e1449b096568,p-fff670c8c0f2,v-8a7bcb5151a9,,One Size,1,49.97,2026-11-18 01:26:46,False
c-27c72cacb7fb,s-d61c8c6e4978,u-e1449b096568,p-3f74d079b7d4,v-8010ded05ae3,,S,1,30.33,2026-11-18 01:27:20,False
c-24061a3e0e08,s-6486388e2845,u-dd272c74298d,p-5a5a370942c3,v-9eaa9d9356c8,,XS,1,33.84,2026-11-18 01:29:46,False
c-ab67966d83db,s-867793d68832,u-ef1850d444f1,p-460085e512b8,v-982e7953017d,ord-a8a1fc9a7fa4,L,1,22.68,2026-11-18 01:33:41,True
c-df684b8ae26f,s-d42090ba16aa,u-bcc04f306611,p-586267b99b1c,v-1ca3dd82def0,ord-4b7cd4599d8c,L,1,37.26,2026-11-18 02:13:56,True
c-09027161fd67,s-06069199bdd9,u-3c332d4578d6,p-13b7675fbb59,v-3f2c58266ba4,,XS,1,67.64,2026-11-18 02:20:42,False
c-49fcfd5d0a95,s-596d23bcc58a,u-2288402e9f09,p-7e7e2b6abbf6,v-11533e8bf95a,,S,1,63.74,2026-11-18 02:24:56,False
c-77d57e89ec4d,s-596d23bcc58a,u-2288402e9f09,p-b73323f92956,v-a55ef64dc95c,,XL,2,58.1,2026-11-18 02:25:37,False
c-57126e2f42f9,s-0ae0a360d58c,u-c1cf26604b83,p-14e5049e38d3,v-abbfaa995e1a,,XL,1,20.14,2026-11-18 02:41:38,False
c-9d57ef3d7816,s-7d9ecb054ce2,u-e57ff4985b51,p-4a5e443ef588,v-00c67217b971,,XS,1,57.7,2026-11-18 03:07:07,False
c-f8fc2a2a4f38,s-3a89b45a49e6,u-9a88d584f486,p-62c6a27674f9,v-8d9a21d1c22e,,XL,1,68.58,2026-11-18 03:12:32,False
c-c24225fe427f,s-fbbf412f7eb8,u-3b2d5d263bff,p-65201cc33c49,v-2066543d6431,,XL,1,91.68,2026-11-18 03:23:43,False
c-3a9c7b90d080,s-2e506ba33b08,u-b8a07caff235,p-699c26292602,v-351efb66a5ec,,One Size,1,66.67,2026-11-18 03:55:58,False
c-5aeb0a25c879,s-81eb5ca4731f,u-af9cd0d6f2c9,p-ee2e68509020,v-d0850f63200e,ord-2662f219ea97,XL,1,44.3,2026-11-18 04:14:00,True
c-3a82553ea07b,s-81eb5ca4731f,u-af9cd0d6f2c9,p-fac654905491,v-2067069d70a2,ord-2662f219ea97,8,1,67.98,2026-11-18 04:14:31,True
c-ed862f2ddac3,s-cb690482fa98,u-2ab142d6d8d0,p-f51b383685a9,v-8819aa62e213,,S,1,39.6,2026-11-18 04:19:39,False
c-69271ca7a8df,s-d7f746b231fc,u-2159aec4acee,p-6560a8d6f88a,v-98e8767ec763,,XS,1,27.35,2026-11-18 04:29:51,False
c-11ab41c396a5,s-710bc35ca32d,u-d0025427e957,p-b7155eb223a9,v-bbbeb4ca1db1,,L,1,109.84,2026-11-18 04:34:23,False
c-aabd753ac9c7,s-49b51eed170c,u-a98df35a0b6d,p-68d1a9e39caf,v-1213805ab613,ord-eb5f4f45686c,XS,1,60.14,2026-11-18 04:42:27,True
c-19cfc967995c,s-2d0c8fbd30d4,u-96fda75faf46,p-adaf9a2a1c56,v-d983f5c446c6,,XXL,1,60.9,2026-11-18 04:44:45,False
c-fa40887a141d,s-4a4e10d1f17f,u-331e60220621,p-49400352cbf6,v-cc41990f4439,,S,2,46.8,2026-11-18 04:51:52,False
c-d8e2b297f8a5,s-bbca45dd4e04,u-7209ab7bf3d4,p-b16f3ad8ad7d,v-e3396a8b77a4,ord-d5d3e139f888,One Size,1,10.97,2026-11-18 04:58:20,True
c-e5318b84a3a4,s-bbca45dd4e04,u-7209ab7bf3d4,p-7ce4aae10bca,v-a87faa8b3951,ord-d5d3e139f888,M,1,58.05,2026-11-18 04:58:23,True
c-5daa5b89a1a5,s-fb4ef7e6470c,u-9fbc4f75a5d9,p-c89e331b86d9,v-52e2350ac884,,L,1,88.7,2026-11-18 05:11:32,False
c-6955d747d1ab,s-c886a90668cf,u-11b8efb2bdba,p-fff670c8c0f2,v-13d1f27f46d8,,One Size,1,49.97,2026-11-18 05:16:40,False
c-bbd5033a7c32,s-61582acb929c,u-9dc0be496437,p-9ebbe0b19e30,v-2d3641e8f8eb,ord-2911f3b3592f,S,1,72.27,2026-11-18 05:30:23,True
c-e1b56edcd380,s-29038809f0ba,u-d35c9591c5f0,p-12233123767c,v-22b090e6aa58,,XXL,1,43.46,2026-11-18 05:31:07,False
c-0dec91bf9cc8,s-61582acb929c,u-9dc0be496437,p-659a395522dc,v-0809dc7cd77f,ord-2911f3b3592f,XL,1,37.18,2026-11-18 05:31:46,True
c-0e602887e68b,s-f9555da68da3,u-fcce2484a9bb,p-54e4e0c5173b,v-5dc93e4539b5,,M,1,54.85,2026-11-18 05:33:17,False
c-86f394d4922b,s-0ef2f65e2d13,u-1d1f1fa3bb33,p-735437eaa8f4,v-a6be84153696,,S,1,49.55,2026-11-18 05:38:35,False
c-470864ace5f7,s-eeb631782828,u-5b5b2e10f37a,p-028a2ef42fb8,v-a4219624e23b,ord-574d4aab4654,M,1,66.84,2026-11-18 05:43:18,True
c-c135d696f509,s-2f86ea95ae9a,u-c5626b55d3a4,p-ec8f9ff55280,v-cb9a84956f59,ord-836e392dc52e,10,1,89.79,2026-11-18 05:51:10,True
c-f68e12190a6b,s-17e65a088e8e,u-8395fe194b09,p-5c7daba21237,v-b578030d088c,,M,1,47.54,2026-11-18 05:53:47,False
c-d5e0f3d28836,s-2f86ea95ae9a,u-c5626b55d3a4,p-dc4a5b5b664e,v-a3bff4e3bd5a,ord-836e392dc52e,8,1,57.72,2026-11-18 05:55:39,True
c-94882ab4be18,s-4349dc3187c7,u-8a29a15210e6,p-dbb227be4872,v-8305e4156752,,S,1,44.84,2026-11-18 05:57:16,False
c-3cd939418350,s-f5510837c4ea,u-aa23c3614d99,p-768a49579fb7,v-55f956701138,ord-c4cb38d22879,One Size,1,58.75,2026-11-18 06:19:08,True
c-d4a177f48de7,s-f5510837c4ea,u-aa23c3614d99,p-14ff73c38b7c,v-abe05967cf2a,ord-c4cb38d22879,One Size,1,100.41,2026-11-18 06:20:22,True
c-49df808a9f48,s-f5510837c4ea,u-aa23c3614d99,p-ba45da140e16,v-92440c63f391,ord-c4cb38d22879,M,2,27.33,2026-11-18 06:21:21,True
c-7f6e407a2bdc,s-83cba5b3fa8c,u-7145c9efb243,p-9974eb3bb71d,v-1cfb225cd8c4,,M,1,85.5,2026-11-18 06:24:50,False
c-a86c0ca227ce,s-0e3fc582e56f,u-ada83caf3219,p-4f53fc6ba744,v-a051de95eefc,ord-8bee231a8331,9,1,55.1,2026-11-18 07:10:10,True
c-ee32fe61b849,s-b6fbb96d80cf,u-43289202d024,p-e6efd8eb6c71,v-d4b479f35592,,XL,1,41.02,2026-11-18 07:16:36,False
c-873559d1e7ef,s-54a172fae88c,u-2cb8cbf4d35c,p-b9b0a9cb6161,v-e16845cddc52,ord-cb9e67ba7b13,M,1,111.42,2026-11-18 07:21:20,True
c-73e812651a93,s-8926a2158f4a,u-1b4f133e1f89,p-f6f485d31c53,v-01cde2f593d9,,11,1,88.55,2026-11-18 07:30:57,False
c-0fe7d9432c10,s-78337f654b7c,u-9180be405719,p-cefb582e9ad6,v-50f1f3280767,,XXL,1,45.34,2026-11-18 07:33:47,False
c-bf304de9d2e7,s-49b7666c1a83,u-c4cd175bfff9,p-494e1d869247,v-564f04ec2690,,S,1,26.47,2026-11-18 07:42:12,False
c-72de186fde36,s-7c7ce252ce57,u-deb00ff3c205,p-032a4ca5d53c,v-860940c954f6,ord-e3f19bcfbe9b,L,1,68.69,2026-11-18 07:47:00,True
c-04c6805f1fab,s-3cb15b55b99f,u-a6ddb9a1702d,p-d1c671538589,v-06dfb744b235,,S,1,29.85,2026-11-18 07:47:15,False
c-895d1df8a69a,s-8c2eaf7e8db1,u-816fe894632d,p-0e8ea9210eb0,v-470ce212bb85,ord-e6b2c97fe8b8,L,1,84.25,2026-11-18 07:48:40,True
c-6e4476ff6c15,s-c93ae0fb1d59,u-08e5c5be631e,p-2d023543a920,v-8ad22da01b20,ord-bfbc33edc9cd,XL,1,58.33,2026-11-18 07:49:08,True
c-3898c3c4fad4,s-c93ae0fb1d59,u-08e5c5be631e,p-ae11fc87247e,v-5186b8131a0d,ord-bfbc33edc9cd,S,1,55.29,2026-11-18 07:50:42,True
c-bbfa66ac6c59,s-5a5edaa319fd,u-927f29c1616a,p-735437eaa8f4,v-a904af12a104,,M,1,49.55,2026-11-18 07:59:22,False
c-92219723ce67,s-2ffe41580097,u-ac6d723a2984,p-7fb30797d81f,v-52074680ef2e,ord-c6aa6d5e2242,XL,1,74.36,2026-11-18 08:12:20,True
c-cc1feb874a29,s-09083d59bf90,u-f2f618211fa9,p-983083e00ce2,v-402869a1ca47,,7,1,68.28,2026-11-18 08:48:22,False
c-a19294fc43c1,s-29bc0fb20832,u-152b8c29a211,p-4013d5e888a4,v-8d196153ca03,,L,1,47.54,2026-11-18 08:53:44,False
c-60a9f09bb03c,s-ae7ea602c2b3,u-2efd4ebd901c,p-13d3e250b7b9,v-f7bd2c18f46a,,XS,2,59.03,2026-11-18 09:21:01,False
c-57976ca8402f,s-ae7ea602c2b3,u-2efd4ebd901c,p-0de07ba903b1,v-9b9a8aee3c6d,,M,1,46.7,2026-11-18 09:22:00,False
c-5f79f8c0da82,s-797b99278d4f,u-0db7a3153b62,p-c3aa6d3efc65,v-aa19d16800ee,,XS,1,51.97,2026-11-18 09:57:30,False
c-73fa3d2a9330,s-42077cc0ff88,u-0edd05e56e10,p-adb0d6a94a5a,v-e86d71d701b1,,S,1,50.21,2026-11-18 09:58:11,False
c-0db1d8e95250,s-6673016e9591,u-f274b8e1bb66,p-5ba34eb81377,v-9851c0a0e268,,One Size,1,77.7,2026-11-18 09:58:18,False
c-e8c84fd4ecc7,s-289785c14c76,u-c5413e63aba3,p-47e4f7e870fb,v-067add56c41e,,One Size,1,89.69,2026-11-18 09:58:52,False
c-aefcbbf7ba93,s-3c1fe0bc029c,u-524f87929636,p-44bdd1dfe5ec,v-9a7a017d7e56,ord-198dfc847705,XXL,1,46.95,2026-11-18 10:19:54,True
c-ef06aacfbcd9,s-cb74ec5ff640,u-baeab133de1f,p-d8f4231643ac,v-5cb310519416,,M,1,56.14,2026-11-18 10:52:07,False
c-637614d136f5,s-94fc4841fdb5,u-c180131ed2bd,p-d2a785a57ed6,v-b2a6c48015e3,,S,1,51.37,2026-11-18 10:57:08,False
c-b070a69cc67c,s-4670fef70fa8,u-432d0aaf50f4,p-4ac4207f1aef,v-3edec8b184fb,,M,2,51.91,2026-11-18 11:02:51,False
c-671a3a0e16ee,s-d20c6fad95a5,u-3a365acb170c,p-ef4fd58a911d,v-3bdbe091c608,,11,1,76.2,2026-11-18 11:06:39,False
c-d078023f0928,s-f0f09c494a08,u-e2f5363609c5,p-1c0258525d95,v-14bfaaeab852,ord-6739221ee231,L,1,58.8,2026-11-18 11:37:31,True
c-e545a86001df,s-70f2f655fcad,u-8132c9d930ff,p-5813e3e586f1,v-5d055e77c6e3,ord-6c55c3ff3524,XL,1,115.12,2026-11-18 12:08:26,True
c-cd6767decaff,s-6bf4e9ecc335,u-7f84ea5debe7,p-1a162cf9b8c9,v-d8e84e9a6cbe,ord-dede66fd2419,XXL,1,59.4,2026-11-18 12:12:22,True
c-566e73d1d67d,s-2c034eb650b9,u-78f5d3c9d4b2,p-104e6911401a,v-f06e5c772259,,L,1,39.09,2026-11-18 12:18:42,False
c-5ae6036c90e4,s-495a32820067,u-c6d157e2340e,p-2b8e931b1f38,v-9c3fe670225f,,One Size,1,65.74,2026-11-18 12:28:17,False
c-f841c04c4410,s-02864916b5c8,u-2300dfc18068,p-b9a3998cf0ca,v-79f03f065b21,,M,1,30.07,2026-11-18 12:43:37,False
c-c680679a5393,s-24e888cd516f,u-14b8ea0e61ff,p-8e60e7be8c04,v-14683e811a46,ord-9e45eee0f9cf,L,1,61.79,2026-11-18 12:47:13,True
c-6e19dbc634a0,s-24e888cd516f,u-14b8ea0e61ff,p-89dda7e1ee10,v-de55c9991104,ord-9e45eee0f9cf,L,1,56.34,2026-11-18 12:47:49,True
c-c450b925db40,s-24e888cd516f,u-14b8ea0e61ff,p-ec5e50e39ef1,v-47aba4853721,ord-9e45eee0f9cf,XS,1,126.84,2026-11-18 12:49:17,True
c-a972442efdfb,s-40215ca6056f,u-912a4ad082dc,p-8493fde57fa9,v-16fa2876a187,,XS,1,31.88,2026-11-18 12:53:08,False
c-5216f1360bd7,s-b91f1e6ef68b,u-b3c2bdd0a755,p-ad4fd831757a,v-d7f23d7d9562,,8,1,82.81,2026-11-18 12:57:38,False
c-e2316bbcd758,s-536633aee0ae,u-e8780ae58cee,p-1ace3b3216ec,v-c6b2c2631d0c,,9,1,54.65,2026-11-18 12:58:02,False
c-e02913607c80,s-ab7e44593776,u-f45136965f5f,p-a9dc07d19cb9,v-6a26756f6bff,ord-b05d27073938,XL,1,81.63,2026-11-18 13:02:54,True
c-e05906f7cb4c,s-ab7e44593776,u-f45136965f5f,p-44bdd1dfe5ec,v-f9443bda2883,ord-b05d27073938,XL,1,46.95,2026-11-18 13:03:58,True
c-0b9205c33577,s-bad364ce0150,u-ba6704d6aab7,p-430d42731bdb,v-25fe36629206,ord-092a966c929b,XXL,1,38.19,2026-11-18 13:14:14,True
c-937628af94dd,s-0ae3cde45d15,u-370ce9c63d52,p-297d37c047d6,v-f24d46f61b71,,One Size,1,55.26,2026-11-18 13:18:18,False
c-af315850ce65,s-9876495caf89,u-221d776e6224,p-4f4af09568c4,v-723ee0e57539,,XL,1,30.74,2026-11-18 13:21:04,False
c-7b2f06994212,s-73f142178108,u-c7e832bff8be,p-44f95ab2e044,v-ca6a50754523,ord-0c543fd0413b,One Size,1,95.72,2026-11-18 13:22:03,True
c-88535c9b4e45,s-9876495caf89,u-221d776e6224,p-3ab4f6a8dc27,v-f63936d3d1fd,,XL,1,64.54,2026-11-18 13:22:11,False
c-5fa2a558ff0f,s-f6678b33aa0a,u-de0530ee0a77,p-02927b25cb41,v-5efd5a08ce41,ord-3c3637d04f2c,XL,1,56.55,2026-11-18 13:36:25,True
c-8a1665020ede,s-ad17beb5058a,u-ad7dcc4209e3,p-0977157cca58,v-24bff97f8e36,,One Size,1,106.93,2026-11-18 14:01:00,False
c-d8a96428a3b7,s-1a12b030df1a,u-15e77f68f7d5,p-81dbefc87ca1,v-5468e9f35867,,L,1,36.01,2026-11-18 14:19:26,False
c-242c7af5b8c3,s-4a72dce4c144,u-fa1596025ae8,p-8230811db577,v-8d2c86460cb1,,11,1,78.33,2026-11-18 14:26:15,False
c-d6dee8ef5277,s-aa725eb2a37c,u-1f1438229f4f,p-04c9e9b37786,v-6f41adc43359,,M,2,57.33,2026-11-18 14:33:27,False
c-79d57625e182,s-233c0f84f2ef,u-aa30a6f9861d,p-88ba81a33174,v-ea197bcc7873,ord-974fc3c9ea62,8,1,63.37,2026-11-18 14:44:54,True
c-660b94ce8a0e,s-bdb578f87c35,u-0f3c17d0398b,p-71652fbd6d8a,v-5660b306ac0d,,S,1,47.4,2026-11-18 14:50:50,False
c-3f283fd5b4d0,s-78abacff7bc4,u-3d1a71157c52,p-0d7a22b5dfa3,v-cc9348d41bed,,XL,1,63.79,2026-11-18 14:52:37,False
c-07518f264901,s-d7e54c82bd79,u-0754e1046175,p-b9b0a9cb6161,v-b32400a1cf0e,,L,2,111.42,2026-11-18 15:03:35,False
c-c0b11acf6e90,s-9e84dabf8e73,u-4d6a03716ce9,p-633c9a580d2b,v-8313c6c1cfa6,ord-48c5f714bfec,XL,2,45.88,2026-11-18 15:24:15,True
c-93436ea63b9c,s-2972bfc434a8,u-9556a4f80c52,p-8e60e7be8c04,v-930b97d62278,ord-ca7a9746ae0a,XL,1,61.79,2026-11-18 15:33:37,True
c-5d87bb44e6c5,s-2972bfc434a8,u-9556a4f80c52,p-e141be6b6bb6,v-f997ff93a792,ord-ca7a9746ae0a,6,1,44.3,2026-11-18 15:35:06,True
c-352eb86e4348,s-e7411c89a76f,u-520142f9ddce,p-2d023543a920,v-46275780995d,ord-fb039a6ae55f,L,1,58.33,2026-11-18 15:37:53,True
c-9a7de6324771,s-e7411c89a76f,u-520142f9ddce,p-2d9112c177e2,v-90934aea30cd,ord-fb039a6ae55f,L,1,84.18,2026-11-18 15:38:28,True
c-cbaa389a80e0,s-e7411c89a76f,u-520142f9ddce,p-87ee241cd5e1,v-bc60141e4b84,ord-fb039a6ae55f,M,1,45.7,2026-11-18 15:39:36,True
c-cdffce296419,s-96d157275c8f,u-08d428c26218,p-acd54f5e8fa1,v-05c598d2c5ff,,One Size,1,97.54,2026-11-18 15:42:48,False
c-611132a86ef6,s-a4be5d3f79b5,u-f6bba59e2d2a,p-5d4d3b7d2b44,v-3617d680c700,ord-9fcadae96ae2,One Size,1,70.34,2026-11-18 16:41:31,True
c-2ad795751009,s-0299320a942e,u-fb19195f1760,p-1ace3b3216ec,v-20202f9bcb6c,ord-9719d077488b,9,1,54.65,2026-11-18 16:44:00,True
c-3ebf1e5f48d8,s-3234e0a2881c,u-2d4c43888c99,p-2785fa997306,v-6f1eb76910b6,ord-8b61504b4ed6,11,1,56.12,2026-11-18 16:45:55,True
c-4a5f52948775,s-690130e52932,u-21a58740f885,p-afe4cf7491e6,v-40a974473868,,XXL,1,77.78,2026-11-18 17:09:45,False
c-7041372984b9,s-d96617be0a4a,u-6205ec467e6c,p-c880e79eb602,v-d3c4ebd08834,,XXL,1,56.71,2026-11-18 17:36:07,False
c-b00797b36fbe,s-0d928f48d9be,u-7f781044dad2,p-e089a9875ce3,v-0546da209d0b,ord-635bc649a9cd,S,1,66.87,2026-11-18 17:43:50,True
c-8035d324bcbf,s-7069bc65ed9a,u-2f311ebb9985,p-87f337a5759c,v-0b40c84ef5b7,,8,1,85.98,2026-11-18 18:03:09,False
c-3528cff3de6c,s-92c5d10c0dc3,u-fae5b4191093,p-fe66ab501149,v-a48ad83a3b72,ord-3841f478cf95,XS,1,59.39,2026-11-18 18:12:32,True
c-e04ebcfb63e1,s-75dd0ad68df2,u-c14d2f4855e4,p-9269837891bc,v-17de9185f14e,,M,1,64.74,2026-11-18 18:24:41,False
c-c1d6a7407045,s-c0491179a7e6,u-3e946db79af6,p-3157e9d01d18,v-13c4da78f2b7,ord-b97031c13466,XL,1,42.64,2026-11-18 18:24:53,True
c-c05903a2475d,s-edcff1f99682,u-3d1b69baecac,p-3bb995d89397,v-2f7f48618680,ord-686af16ee175,L,1,62.18,2026-11-18 18:29:32,True
c-2ddc1d737f65,s-75a6e4921a0c,u-15ac1451c9a1,p-17fdcc2c4900,v-866c5a471f11,,L,1,54.39,2026-11-18 18:35:22,False
c-537a68dc25b9,s-75a6e4921a0c,u-15ac1451c9a1,p-55c9c1ff0442,v-bc8cded38acc,,XXL,1,101.41,2026-11-18 18:36:48,False
c-cb2501e98572,s-6bfe51ff2019,u-1d19eb202267,p-890121ca97e8,v-7fe1a0c1b6de,,XS,1,122.69,2026-11-18 18:52:27,False
c-3bac97c89e26,s-af0b7949cb1b,u-6cd6b60ebc5b,p-62b0f40a6ebe,v-30aba099d838,ord-9c805361be09,S,1,41.99,2026-11-18 18:55:44,True
c-98d76f5037d2,s-3dcb6de281c3,u-939a22a88d19,p-494e1d869247,v-73bb3147023f,ord-19798c0f1096,S,2,26.47,2026-11-18 19:06:50,True
c-4d405c8128a3,s-090de340eae9,u-c5fa341db772,p-dad82f0e4b87,v-c169b42697c8,ord-7b0cc6c02722,M,1,50.16,2026-11-18 19:14:48,True
c-b11db08ce820,s-f626dc5c6347,u-1dc2f65f61fe,p-21e629210114,v-98edb1bfbb80,,11,1,46.29,2026-11-18 19:35:36,False
c-e682ce1fd32b,s-f626dc5c6347,u-1dc2f65f61fe,p-13b7675fbb59,v-9eb9a32d0175,,M,1,67.64,2026-11-18 19:36:08,False
c-0a485c5e65d9,s-f626dc5c6347,u-1dc2f65f61fe,p-0ce9649e20dd,v-4b2724d8fdf9,,XL,1,33.55,2026-11-18 19:37:31,False
c-e91bce9f5c38,s-1f664662ff6e,u-fed93966018d,p-cd9aed80a2f4,v-85620c17921c,,XL,1,35.12,2026-11-18 19:37:32,False
c-6be3cefc3bf2,s-1f664662ff6e,u-fed93966018d,p-81736c770af9,v-bb046689f5f8,,One Size,1,45.64,2026-11-18 19:40:17,False
c-7169a1ee9a66,s-b7fb30358504,u-41a351ef53b8,p-e3db6ef151fb,v-8d537b1254da,,S,1,77.1,2026-11-18 19:51:55,False
c-4c06324047ff,s-a082e43ee655,u-26f1fc2217d3,p-b3531a2fea1f,v-e13798040f9c,ord-b50f1f871482,M,1,132.81,2026-11-18 19:55:12,True
c-6d85a6a159ee,s-ca6ca26e86ff,u-a7a43eebbb9e,p-a599ac460f97,v-7cb3dd112a9d,ord-ba7179320a4e,L,1,54.66,2026-11-18 19:58:38,True
c-f315df2f67ad,s-ca6ca26e86ff,u-a7a43eebbb9e,p-04c9e9b37786,v-95d26b486697,ord-ba7179320a4e,S,2,57.33,2026-11-18 19:59:28,True
c-1154f57a2b2e,s-b1d656f34111,u-361c25e40090,p-9d8279fd3132,v-e3188a1c8d2c,,One Size,1,90.62,2026-11-18 20:00:37,False
c-348779d60799,s-5e0f2bcd45a8,u-f6d1ad9ffec3,p-eede996438b6,v-4e63334eb650,ord-ed65dc644d35,One Size,1,39.38,2026-11-18 20:02:42,True
c-1294f0650fc1,s-efd1acdde98c,u-0a40c200f670,p-e6efd8eb6c71,v-ae536d5c5f23,,M,2,41.02,2026-11-18 20:23:02,False
c-8c2b892647a8,s-71fccda6f095,u-1410b17bc50e,p-3e61dd56fa9f,v-dbb91acdd712,,One Size,1,52.93,2026-11-18 20:33:47,False
c-e485530f8d7e,s-71fccda6f095,u-1410b17bc50e,p-dabfff819f69,v-650761c03371,,S,1,34.7,2026-11-18 20:34:36,False
c-791bf195bb3c,s-3088c78fb6a7,u-b830e3f506ca,p-16cc6e122e17,v-bea2380a409c,ord-d31a15e8bede,XL,1,57.67,2026-11-18 20:36:17,True
c-353afb048298,s-2bfec7e93052,u-e0954788f45c,p-b220ce285aca,v-4a07e9218ca2,ord-97bd4d913df9,L,1,28.93,2026-11-18 20:41:00,True
c-d48639eeca47,s-2bfec7e93052,u-e0954788f45c,p-9cf391e4f8d9,v-85cce100020f,ord-97bd4d913df9,XS,1,72.33,2026-11-18 20:42:17,True
c-9889d292fed5,s-a10335c5551b,u-3e714e480dc1,p-4fbf6f9cdadb,v-5f522ae13cae,,One Size,1,37.2,2026-11-18 20:44:31,False
c-ff97df40d02e,s-a10335c5551b,u-3e714e480dc1,p-1e5a4f01d985,v-048c58451eb8,,One Size,1,61.91,2026-11-18 20:45:17,False
c-70926feae333,s-96f8e3534777,u-221b85c439b5,p-04f34dd4b281,v-bfe3f483b233,ord-cdb1012a1027,XS,1,22.91,2026-11-18 20:48:22,True
c-4fad5999b85d,s-96f8e3534777,u-221b85c439b5,p-aea4e5743db3,v-4ff9490eefac,ord-cdb1012a1027,L,1,62.47,2026-11-18 20:50:59,True
c-2af30151e470,s-1e16ed6a5fc5,u-463f73fe7c70,p-f6b1ad82eda2,v-0fa77181f908,,M,1,45.76,2026-11-18 21:05:53,False
c-2a9948291274,s-ec5e62614541,u-ba7d228fbf30,p-15e0a3beb610,v-ad143a9f0b5a,,XS,1,33.91,2026-11-18 21:30:36,False
c-0a164ce18d84,s-bdfd692e3623,u-cd8821da97e6,p-b4d00fcbbd62,v-2e0870f50260,ord-354f65e46784,XL,1,24.46,2026-11-18 21:31:25,True
c-ab893266893f,s-ec5e62614541,u-ba7d228fbf30,p-0f529b5d300d,v-3a0fdbce02a0,,XS,2,41.21,2026-11-18 21:31:34,False
c-ab7018f57164,s-bdfd692e3623,u-cd8821da97e6,p-09e47873b171,v-85cc38038f5a,ord-354f65e46784,11,1,75.82,2026-11-18 21:31:51,True
c-67706ee62184,s-d2fb5abcd1af,u-ded26c7333f3,p-cfab23eacf23,v-fca9bc522ce1,,M,1,31.43,2026-11-18 21:51:10,False
c-23d84c45e388,s-a621c2485518,u-0bbb5aa05dd7,p-598a451f2bc8,v-d06119d090bd,,XL,1,51.09,2026-11-18 21:55:24,False
c-2c5b6eb546cb,s-c94d6d9e90d1,u-e8f279811a96,p-1c962a7f75aa,v-a47a72c3ac54,ord-757e1d18bd33,XL,1,38.97,2026-11-18 21:55:28,True
c-8e9e2328895f,s-c94d6d9e90d1,u-e8f279811a96,p-1fa923dd8f7f,v-47efb567ad2e,ord-757e1d18bd33,XS,1,72.5,2026-11-18 21:56:42,True
c-0056e9e8e0c7,s-ee48948cdadc,u-2424ff446c32,p-8fd825d4ccc3,v-3d67041dc364,ord-691d1099bc24,One Size,1,64.57,2026-11-18 22:04:58,True
c-4967816d43df,s-8c256ca6978d,u-206a73c7b11a,p-8f45393df75d,v-8a5b0f510565,,M,1,76.37,2026-11-18 22:50:44,False
c-11d1bae261b2,s-4e1374b01344,u-48f3f21df948,p-059cbbf643c9,v-fe06d1f3e653,,S,1,68.08,2026-11-18 22:54:11,False
c-a382ec71d5d3,s-8dd66edb5207,u-427b4dec0a9f,p-15e0a3beb610,v-b9bdb923ead7,,L,1,33.91,2026-11-18 22:54:52,False
c-90648889a1db,s-6110a9381855,u-658e9991ecc6,p-76da024092e6,v-31568908d565,,XS,1,96.54,2026-11-18 23:02:07,False
c-4ce5f3b4d1e4,s-6110a9381855,u-658e9991ecc6,p-22d95d57a4a4,v-e46e9c35e657,,XS,1,18.87,2026-11-18 23:03:57,False
c-1ac1ff3cea43,s-055bc968da95,u-dd76dd41a673,p-1cd07d717c48,v-0c2847f043b4,,One Size,1,104.99,2026-11-18 23:11:25,False
c-8dc4bfb6a982,s-4554e71e73a9,u-397a61a1b392,p-4a5437e1765a,v-24a72fa8eac0,ord-e469d84fd38e,One Size,1,30.0,2026-11-18 23:13:02,True
c-d35fcd9e13d1,s-0a98e6aee96c,u-da80a607a614,p-3116bbd538a8,v-4036f913dbbc,,XS,1,43.86,2026-11-18 23:14:30,False
c-cd4129b89a37,s-f803b11a8f99,u-ae6a1dbc8634,p-34ac1ff752e2,v-8f0649cc0c4c,ord-622184bec8a0,S,2,96.66,2026-11-18 23:14:49,True
c-3da90aaf0d1a,s-5557a4c2c50b,u-68d19dc3d320,p-8df247c14f9a,v-9c9e1db483f4,ord-f524e7862912,L,1,48.26,2026-11-18 23:26:42,True
c-2143cbd02752,s-ddca7f5ac368,u-c23eb30996a5,p-a76e46f05208,v-73c21f752f3e,ord-17955e0505e5,7,1,67.74,2026-11-18 23:37:55,True
c-f432ebd71ab7,s-efd0c6eed41c,u-b0f516925926,p-89eeb4197e75,v-83d5ae025165,,M,1,70.99,2026-11-18 23:53:39,False
c-a3e9f0bbca98,s-45471c06d025,u-8542e2f24233,p-bd63dc35718e,v-c6583d02a652,,S,1,32.33,2026-11-18 23:59:10,False
c-01c3ca5c753d,s-64f7359fa0f8,u-d24a6c3cf499,p-1109fffe8a06,v-ff87aafb717a,,L,1,45.68,2026-11-19 00:00:08,False
c-884db92b62e1,s-6b6973a012cb,u-71dfcc0fb1e9,p-ddb05584a10e,v-af838260c3c5,,L,1,37.85,2026-11-19 00:01:07,False
c-a385e29b7ac8,s-8df19c23b83b,u-6f0242efd437,p-dabfff819f69,v-e22ac3461f10,,XL,1,34.7,2026-11-19 00:21:31,False
c-5de7ee0ca59b,s-398ef2eed440,u-e9b0cbf68cd0,p-74db822db021,v-320915def85a,,M,1,38.12,2026-11-19 00:22:46,False
c-532f568a4070,s-1551d516d20e,u-5701caa97e53,p-ae660ae5771e,v-0e339681f598,ord-bc434f2f0195,S,2,54.94,2026-11-19 00:41:11,True
c-6d11891e8594,s-3ec777094d80,u-857d22e8d9b7,p-0977157cca58,v-b9f124a770d8,ord-703923e104e3,One Size,1,106.93,2026-11-19 00:41:31,True
c-0090adaf1969,s-61df67569c22,u-03026484ab62,p-d22958931124,v-3c1c0a63cb2b,ord-c47a9f1c1c74,S,1,63.3,2026-11-19 00:52:02,True
c-f865e8cca655,s-22bd49f986c7,u-634e596d9331,p-cef95ad640de,v-d09b81ec89d2,ord-a5703e73d6da,L,1,49.76,2026-11-19 01:07:29,True
c-34332fe77d7a,s-4cf24c9274bb,u-9c63a90c5549,p-06f0ecdca59e,v-7fb685c88bd0,,M,2,45.83,2026-11-19 01:23:48,False
c-5dfce60c30f2,s-33c32eb6ff1f,u-a503ff70067b,p-d5df60ed194a,v-af9b97aa34a5,,L,1,54.4,2026-11-19 01:30:36,False
c-7f35b8eaffc2,s-7aad49312115,u-a60d6a9a106d,p-18c684c0d8aa,v-9bbd37af14a2,ord-02cca9e771e4,XL,1,83.92,2026-11-19 01:46:50,True
c-d701ccd1e9a4,s-f9eb45eef09c,u-a7fc719626fb,p-4c4b1bbc16b7,v-666ad5ba2e64,ord-a969da0f5f29,M,1,30.99,2026-11-19 01:52:41,True
c-1da617e3960b,s-84307cedf636,u-e367a1cd99a1,p-7ff5b3291965,v-7104d190ecb2,,M,2,59.66,2026-11-19 01:54:24,False
c-c52b401c2cf3,s-f8ba239ee19f,u-2e2e9e5ea33c,p-f50cbec3caa8,v-e5c97c0f6a09,,XS,1,61.05,2026-11-19 01:56:43,False
c-d7a2d044864a,s-972197345b9c,u-7c74d8839c43,p-62367f6046fc,v-9fcee7773e53,,One Size,1,46.19,2026-11-19 02:12:40,False
c-33a630536df0,s-89a856d4060d,u-5a6898956d77,p-420e089ce7e7,v-fe87cb8f0f13,,One Size,1,43.96,2026-11-19 02:15:22,False
c-28cf0e3e1ec8,s-ef98e6b2d6b3,u-bf81c2c79415,p-682569b69b48,v-56a8746b8b03,ord-d57d626b1db7,XS,1,48.41,2026-11-19 02:19:37,True
c-12da7bde42d2,s-b523fc5a99c2,u-be19dec840be,p-e53b84b85174,v-707f2d92f0c1,ord-6653e12ccca7,10,1,106.39,2026-11-19 02:21:52,True
c-04f94fd081d0,s-b335c75ee2db,u-d9ba6d7b9993,p-ee318ec74db4,v-9ec6ff2e2712,,XL,1,38.01,2026-11-19 03:19:30,False
c-ddce4340d201,s-d3f87cc7f022,u-33b2bb7979ca,p-538b6290af9a,v-dbf3ccf165c5,ord-28888030fd08,One Size,1,83.59,2026-11-19 03:34:52,True
c-3ed088f237f2,s-3294b5cbbee1,u-711c0f16f2b7,p-bd9edc9532a7,v-f39f0cbb924b,ord-42d992249080,XL,1,20.11,2026-11-19 04:02:09,True
c-cea49eccd8f3,s-65197a8d0812,u-e432d883230c,p-a7b0f421e7be,v-b22ea8bf8afd,,XL,1,68.68,2026-11-19 04:04:30,False
c-1299f58ef138,s-0b797498b9d3,u-764a128dd278,p-5ad2007efeea,v-c358f3148863,,S,1,24.22,2026-11-19 04:05:04,False
c-9629786f0f8d,s-e472a327ced0,u-ef2402d3635a,p-48a4b7cd6342,v-21d87eb501b1,,XS,1,39.91,2026-11-19 04:07:47,False
c-f2b1ac1b5e45,s-9668544bdafc,u-5d043c2b7a2e,p-4384709e432d,v-a77b32f7a731,,L,1,53.68,2026-11-19 04:08:35,False
c-e84bfb052162,s-282772ebacf2,u-92f95717faed,p-2ab57e658014,v-061e1da06cbc,,XS,1,43.4,2026-11-19 04:12:25,False
c-ce26a33b1b45,s-0eaec84b91ee,u-8b7db1fae6d7,p-028a2ef42fb8,v-efa905c9d79b,,M,2,66.84,2026-11-19 04:32:37,False
c-31b862760b30,s-cf244e3ff636,u-28b0df7941ba,p-3cac462524b6,v-6375b8bf05b2,,M,2,57.56,2026-11-19 04:44:02,False
c-d37c5ac31fd3,s-40a17443d714,u-d07a8e9d0311,p-e42dd6fdc97d,v-97dcd2145ea5,,10,1,58.83,2026-11-19 04:52:57,False
c-ef475ffb691c,s-606ca9694d94,u-0e37e6c73250,p-31720c9ca1de,v-88485fb42dfb,ord-4c12d4862d40,S,1,69.29,2026-11-19 04:53:29,True
c-5f7fc235ff12,s-950d53ea0a40,u-9117b3231bd6,p-d982a166e766,v-51b1975a908a,ord-316582df1ede,M,1,29.81,2026-11-19 05:07:41,True
c-9804f1e6b739,s-bcdb267ecd6d,u-17b4c726d0d2,p-7694533ce399,v-31f0253aeb47,,XS,1,75.12,2026-11-19 05:14:16,False
c-e400d729946b,s-eec1ac4a9722,u-051291353598,p-78591900b440,v-24a0a025e232,ord-049669f3bc74,XXL,1,75.8,2026-11-19 05:14:45,True
c-3a2786e5488b,s-a4e1b61e8451,u-a7a63551576f,p-a2635dca46b2,v-b293cd199577,ord-0ca23490967b,L,1,36.66,2026-11-19 05:36:43,True
c-adc6813a0675,s-72d8736f9f8e,u-8756549ce0fe,p-84a255bad34e,v-8578c5e79d7b,,L,1,49.33,2026-11-19 05:36:47,False
c-dc57894c1a91,s-0b1cdc496a0f,u-c20d2a83d7eb,p-d09d54a996c1,v-bb69466e59fe,,S,1,55.21,2026-11-19 05:55:20,False
c-28c6653fe411,s-26e59e98d49d,u-2c2da19f5e9e,p-1035b5c976a9,v-57aaa345c5b2,,One Size,1,90.52,2026-11-19 05:56:16,False
c-d7369c671425,s-6def21bd54a2,u-e60d0d82a7af,p-f6da5c3405a0,v-a387ac807af7,,S,1,59.43,2026-11-19 05:56:55,False
c-19ade76e160a,s-7ebfb014660e,u-557662aedbf4,p-0a6513fc7071,v-9e5f0f7352d5,,XS,1,78.53,2026-11-19 05:59:10,False
c-5722977afdef,s-c2455665973b,u-3c8107b12e0e,p-2ceaa39d7440,v-d275451ef129,ord-b3f31ff84fea,M,1,20.57,2026-11-19 06:08:03,True
c-ec4b175777df,s-c6c08183e550,u-d598b38d9a2c,p-54173e2d59cb,v-d3abca5c9b89,ord-69746ef1a078,M,1,60.23,2026-11-19 06:17:45,True
c-551488df98cf,s-f16d90d0c54a,u-9032158db7ff,p-b9000bf44c07,v-0e3e39e2d9a8,ord-d65e835917f5,S,1,73.23,2026-11-19 06:19:34,True
c-be9bc8adac6a,s-17838eb5552c,u-199971c0ddcf,p-6afba8c567e4,v-b32f2338fd3b,,M,1,28.21,2026-11-19 06:21:28,False
c-60ca657ef391,s-2f3ec7e65791,u-c165df5c8a7d,p-b886e57e01a9,v-1b2242490f11,,XL,1,43.73,2026-11-19 06:21:45,False
c-3f94e4dff0bd,s-f16d90d0c54a,u-9032158db7ff,p-08a5f2b72dbf,v-a948835610a2,ord-d65e835917f5,XL,1,67.38,2026-11-19 06:22:08,True
c-f79472f86d56,s-17838eb5552c,u-199971c0ddcf,p-bd1395bd0c4a,v-9fa65505445e,,M,2,61.79,2026-11-19 06:22:30,False
c-9e7d104bae63,s-0154b8ebf94a,u-6e8573dc9852,p-405d5b99ff80,v-dba96e4c3265,ord-7737e2f7ab03,XL,1,39.22,2026-11-19 06:47:49,True
c-da558d705285,s-64893c3d8ee8,u-e5a46a9dee22,p-56f801e9db27,v-6b287744a900,,XXL,1,73.25,2026-11-19 06:53:49,False
c-880d6d53496c,s-6fd640130f62,u-cca87d61c1d0,p-02862d6b4dd9,v-eef37da9089a,ord-b72f248a8734,6,1,66.67,2026-11-19 07:06:58,True
c-4c31abf84730,s-dec1e2be76f0,u-14895dceed96,p-eafded7815bd,v-b1e118b111f0,ord-09d2bf75deda,M,1,128.35,2026-11-19 07:15:48,True
c-2dfe9a76fc70,s-9ee1a72962f6,u-d0fc365ce825,p-4cf131b5a7f9,v-df96e7b4c77d,,S,2,44.74,2026-11-19 07:26:21,False
c-bc5f0d2d4293,s-24f6c3be72a0,u-f13ae11cd838,p-866b2965f01b,v-6471998ab298,,S,1,85.81,2026-11-19 07:36:52,False
c-f1920b310758,s-c0bd3f819181,u-af9ec18a33e4,p-6c219b280162,v-8151663c7905,,L,1,44.66,2026-11-19 08:07:35,False
c-6f9703484d17,s-c77e6dab320f,u-e19c7b5396b2,p-39b141f5a83f,v-8a5a227bb9b7,,XL,1,54.04,2026-11-19 08:09:11,False
c-c48e763327e7,s-aac05a0cbd24,u-f469696a71b3,p-1dd9234e5d10,v-4edc8fe176d3,ord-4db875551a78,One Size,1,45.58,2026-11-19 08:22:38,True
c-2a10a6b434d4,s-aac05a0cbd24,u-f469696a71b3,p-c21e09af334a,v-b1e88a1bef8e,ord-4db875551a78,L,1,34.52,2026-11-19 08:22:49,True
c-57d92904709f,s-480458c19eec,u-7f5f9f9302d2,p-7240f286a853,v-8568a14c448d,,XL,1,33.8,2026-11-19 08:28:10,False
c-721bbd296d48,s-8fbc11064311,u-01fb3d1624b6,p-77002300bcd8,v-307fe51045fb,ord-611df66196e8,XL,1,73.23,2026-11-19 08:34:26,True
c-2ce080bebdb9,s-8fbc11064311,u-01fb3d1624b6,p-e5c548638f7d,v-da6172d5ce34,ord-611df66196e8,7,1,29.16,2026-11-19 08:35:51,True
c-e2e0b56dd619,s-8fbc11064311,u-01fb3d1624b6,p-8ef61c1d37b9,v-054025c42f63,ord-611df66196e8,10,1,84.36,2026-11-19 08:35:59,True
c-9033e66d8159,s-c88f1a0a8e73,u-f4e5543db3e7,p-bd2bf62a463b,v-9fd8d4611b8e,,XL,1,59.12,2026-11-19 08:42:38,False
c-2cb4abdc4e13,s-9437a25459e0,u-77be93e17c41,p-ea0d17067ac5,v-8ede5faafee3,,11,1,55.27,2026-11-19 08:46:46,False
c-ae92824d2476,s-3fd6c3ef144a,u-6a5a7194f661,p-c20f0d50bc6d,v-3eff3cc49a37,ord-0ee6c59651cd,XXL,1,23.36,2026-11-19 09:04:46,True
c-4b868164601a,s-64b16de07d35,u-9b3aabfafb67,p-dad82f0e4b87,v-7c44face08bc,,L,1,50.16,2026-11-19 09:20:11,False
c-80a1820e97fe,s-5b8d349a8af7,u-9150a7ac672f,p-a3c33d7bb162,v-3fd89d4fe665,ord-c1cd420f29bc,L,1,68.31,2026-11-19 09:46:16,True
c-be39ce4630b6,s-c3941bfcd4f8,u-f5617f1b3f67,p-0f55382f198a,v-81603451ba53,ord-f45d1becd53a,XL,1,47.06,2026-11-19 10:01:37,True
c-a1d0f4bc18ab,s-4a59f27e8306,u-a0e336665be4,p-d776ea014330,v-973c57676d84,,7,1,107.62,2026-11-19 10:21:12,False
c-851ff25a95a8,s-bf22e4ffee03,u-ceaa626201b4,p-6fc7b487cc2a,v-196048efce26,,S,2,59.63,2026-11-19 10:30:59,False
c-ebdf24f1220a,s-bf22e4ffee03,u-ceaa626201b4,p-94495595044f,v-91317413adc5,,XS,1,36.83,2026-11-19 10:31:08,False
c-9022414485f6,s-bf22e4ffee03,u-ceaa626201b4,p-222755c29f62,v-e1d7cb2997a6,,L,1,43.92,2026-11-19 10:31:39,False
c-ec8a357d63f3,s-7ae546b9d2f1,u-f6edd2df1378,p-8bb883c1d526,v-83161bdb8f57,,9,2,88.95,2026-11-19 10:41:43,False
c-2ce9f25dfc7c,s-c1195ac91a2f,u-58b8291344b3,p-f9eab5b06d34,v-4111e6e7b740,,S,1,74.92,2026-11-19 10:45:05,False
c-6269b92ac1bd,s-59c0ff6df018,u-c8ead9b8ff5e,p-87f337a5759c,v-3638d0013adf,,6,1,85.98,2026-11-19 10:47:17,False
c-07e4b367cc63,s-8d1333d075ce,u-f7ab61e7d31e,p-69e1cf85f8e3,v-4056ac05efb6,,XL,1,54.41,2026-11-19 11:13:08,False
c-812c4d971b5a,s-454957402ef9,u-22d75055855e,p-c79b3b066b3b,v-3363efa3bd5d,ord-0019af16b932,L,1,73.73,2026-11-19 11:22:48,True
c-a1c0299daed9,s-feb8813ebbbe,u-675e4412b766,p-3860bc61074f,v-680da2158780,ord-3f06e32d016b,XXL,1,32.14,2026-11-19 11:24:41,True
c-8aa16c77ac12,s-5e44d7ae62b1,u-8e6c6d3345e9,p-670b70b22ff8,v-6bdc14fe93ad,,S,1,41.98,2026-11-19 11:33:46,False
c-673b53f377bd,s-14042b9b9d2f,u-33676555c3d5,p-7b52c1ecbb45,v-42791a7df115,,M,1,30.77,2026-11-19 11:37:43,False
c-01da8520fdb3,s-d497e17aa171,u-310232e43930,p-4f4af09568c4,v-e5809996ec45,ord-b38a6a99d68b,XL,1,30.74,2026-11-19 11:41:44,True
c-41a03ede34d9,s-37b3d3c24f08,u-8c61bd201032,p-eecb755b0602,v-47b1af90c881,,S,1,72.95,2026-11-19 11:47:28,False
c-78e5083bfc74,s-b0e8cee14ecb,u-1c59b46c52c3,p-a37a511b08fe,v-13f166f568d9,,One Size,1,37.94,2026-11-19 12:12:36,False
c-11839c98232b,s-6e6aed62e6f6,u-d7592c7fe0ed,p-6a7396308f22,v-1441be2c4d8b,,XS,1,18.65,2026-11-19 12:16:34,False
c-cbd30325ec2f,s-364257efcd15,u-fab5b09daa12,p-c6ce6ab36cbf,v-ddfc3350783d,,L,1,48.93,2026-11-19 12:35:56,False
c-f1e51ddbc3c6,s-8b5d64445ac4,u-2f7b463bd05a,p-9b85fd2b893a,v-651cd8a472d0,,L,1,101.01,2026-11-19 12:38:01,False
c-228527e7b26a,s-950aecb68922,u-564ab1b6999c,p-f50e7626a11d,v-fc0fc677df66,ord-43e57671841d,XL,1,59.83,2026-11-19 12:43:27,True
c-5da022af45a6,s-2b1fe24ed4e6,u-20cbcd702241,p-82f9abd306e4,v-f58b31472920,,XXL,1,54.55,2026-11-19 13:17:17,False
c-60763d49e3a1,s-fdf611a2a514,u-5e05b0e6dec9,p-2e1138dff55d,v-c196b5e28e9d,ord-599c9822a717,L,1,53.74,2026-11-19 13:28:13,True
c-f6b198a96eab,s-0c3f22d7bdb9,u-ae21d42c220e,p-ed39ec7addf2,v-129d0a010de4,,L,1,76.67,2026-11-19 13:38:59,False
c-ee7151ee980d,s-0c3f22d7bdb9,u-ae21d42c220e,p-469768ad34da,v-5f92a6fc1482,,One Size,1,72.02,2026-11-19 13:40:03,False
c-8e2a21085f25,s-0c3f22d7bdb9,u-ae21d42c220e,p-4a5437e1765a,v-099290d32f8b,,One Size,1,30.0,2026-11-19 13:40:07,False
c-f3c7f738d875,s-acb3bfbe7222,u-8a6d46dc8bd4,p-d469a3b87ced,v-382fd03d65bf,ord-6933381a7aec,XL,1,51.28,2026-11-19 14:01:07,True
c-98e2a9415a11,s-3b75de66f024,u-5ed18de5d896,p-f2ebf6882bcf,v-d6ed573711a2,,S,1,48.74,2026-11-19 14:04:32,False
c-230a4076ee75,s-b82b7fb5e1e5,u-6e5650d3234a,p-108c3d23435e,v-671828d95d16,,One Size,1,28.78,2026-11-19 14:34:02,False
c-7e4adb6b51bc,s-d12883c54271,u-6390b53d1dfb,p-f95c1808f42d,v-8e995f4d4f35,,XS,1,26.45,2026-11-19 14:47:42,False
c-cb8d77bc2329,s-6e4473b55ff2,u-ea5d23256b85,p-4a5e11d02bd3,v-41cb12af5dcc,,XL,1,60.5,2026-11-19 14:55:42,False
c-d02e44d82f15,s-1e031fad8d9f,u-d636c5f2a27e,p-028a2ef42fb8,v-3bca28032e41,ord-02bd796e1ef7,L,2,66.84,2026-11-19 15:19:11,True
c-283d216662b2,s-eb8e52d24006,u-365a5b9171a7,p-cc6c6ebb4a2a,v-88f53eaf6110,,XL,1,76.57,2026-11-19 15:38:22,False
c-1e5aeb2723ff,s-0b2a4d5130ac,u-3c97df29b358,p-ac5a3a657cfa,v-bc2428a57360,,XL,1,48.83,2026-11-19 15:56:57,False
c-b7b558e4284b,s-2b7941e26994,u-f95448c52efe,p-4013d5e888a4,v-49b4df475f18,ord-b53509e65454,S,1,47.54,2026-11-19 16:05:11,True
c-a8f1ee6f022e,s-08c0c8b4292d,u-2f7346c312c1,p-6b014e59d796,v-9340b2c4499f,ord-9c871898b418,One Size,1,58.34,2026-11-19 16:25:49,True
c-0e6cb6f949b3,s-d747d83b0417,u-9d7b426fc5e3,p-cde2369972d2,v-6a90570f74ad,,XL,1,49.1,2026-11-19 16:26:23,False
c-dd92aa308c05,s-08c0c8b4292d,u-2f7346c312c1,p-c158b642b912,v-ee2992d9cf3a,ord-9c871898b418,10,1,65.05,2026-11-19 16:27:17,True
c-2423d84353a4,s-cc3db542112d,u-fe78472e8b30,p-86717d5e9051,v-9a242c3faa1b,,XXL,1,56.68,2026-11-19 16:39:58,False
c-254f077f6d8e,s-cc3db542112d,u-fe78472e8b30,p-26cfdfc823dd,v-49cf4a8cab17,,L,1,54.16,2026-11-19 16:42:18,False
c-6a0d17f2ff09,s-50be01da4ba4,u-3a3eec6bbcbd,p-af1020af155a,v-e13dea81805b,,10,1,31.46,2026-11-19 16:43:47,False
c-2b623937849c,s-7c195a2f56ab,u-c57d7627aaab,p-7ee99fbdf5bc,v-8e4eb0429bc0,,XL,1,28.55,2026-11-19 16:59:44,False
c-efa1565cd524,s-ac29a705c2a9,u-056806ffabb0,p-d7da5feef72d,v-a8080470cb88,ord-af5c463e6441,One Size,1,85.28,2026-11-19 17:03:52,True
c-8494fba9e7c9,s-ac29a705c2a9,u-056806ffabb0,p-8d9b9dfb9ead,v-0489c9031599,ord-af5c463e6441,One Size,2,82.34,2026-11-19 17:05:02,True
c-afa81540c031,s-54c91f10a1a1,u-ec4146f7d039,p-ff94757c45da,v-9d4774bb5c29,,L,1,69.81,2026-11-19 17:08:20,False
c-49da8a9a9f5c,s-a1b440124a4e,u-0437c83d3e8a,p-4f05571e5219,v-89b425c49588,,S,1,41.98,2026-11-19 17:15:23,False
c-ad40e5d755fb,s-32e36c31671a,u-842299858336,p-d660e4723d1d,v-24280161c295,ord-d5446689664d,One Size,1,24.7,2026-11-19 17:19:43,True
c-39f29932a083,s-51309add3cd7,u-8c1399cd90b4,p-9eb4e749889d,v-5fa417764d35,ord-4ed14f803dd4,XL,1,71.25,2026-11-19 17:20:43,True
c-f6c60fc4934c,s-51309add3cd7,u-8c1399cd90b4,p-a25d879a5db6,v-c0540856905a,ord-4ed14f803dd4,XL,1,88.66,2026-11-19 17:21:38,True
c-e21a88e71603,s-3e1c75c3ea96,u-2b4e4beb1095,p-bc15778b8d7b,v-75473e9d4f85,ord-e60f5eef5ff6,XL,1,94.92,2026-11-19 17:22:58,True
c-5aee404d10c2,s-94d25e1aa466,u-ce92988f1d79,p-4229f736eea6,v-9e08ea412884,,XL,1,43.16,2026-11-19 17:24:52,False
c-08e475790f71,s-d02646a124b7,u-2d20069a1e80,p-09ed122f5ba6,v-bbe26fe3c961,,XS,1,102.82,2026-11-19 17:39:47,False
c-8304536a3a2f,s-9bf6ec3a12e8,u-275d7d6b55ce,p-0c4d4f3d3fcf,v-c9379ef79cab,ord-9f40d26da9cd,L,1,66.92,2026-11-19 18:00:04,True
c-0ae798351b4a,s-660cd6acdfc3,u-a57617539207,p-5df8782b738b,v-247583137f43,,XXL,1,64.56,2026-11-19 18:04:32,False
c-2ef790f09483,s-90cc8ab4b5d2,u-a9e3ec36aa4a,p-5286e31c302e,v-62d6cb3a44a7,ord-a5f3e359c282,S,2,46.19,2026-11-19 18:10:29,True
c-80d9e639a5c6,s-0acb374beeaf,u-5c4e3126b6c6,p-8bf97a030995,v-b1de4c3509aa,,10,1,88.98,2026-11-19 18:16:20,False
c-6d27301eccc8,s-0acb374beeaf,u-5c4e3126b6c6,p-9b608970812b,v-af1d0551a35f,,6,1,88.12,2026-11-19 18:17:48,False
c-fce1007f6dfc,s-b5ea7e4a31f4,u-0d93ad92ef55,p-402523ed70c8,v-801b2eff43f9,,11,1,57.18,2026-11-19 18:18:52,False
c-c2e0e3ce1417,s-0d7f2fec4c98,u-9fd778378e9b,p-06f0ecdca59e,v-72f4295aec7d,ord-f8d0fbf2b56e,S,1,45.83,2026-11-19 18:27:23,True
c-3cd942924591,s-1a836f4828e1,u-9bcd52a45938,p-a5b65e0497ac,v-4e4fcf8bce45,ord-852f21b70696,XS,1,111.24,2026-11-19 18:33:24,True
c-ba9417a89813,s-4d71bb8fbea2,u-450d7afed81f,p-5df4ecf0cd12,v-a79330cb211a,ord-6bce41d6bc15,XS,1,38.21,2026-11-19 18:47:27,True
c-c509024e495b,s-f948cf6fac1a,u-a472c494e363,p-1b3beec680d1,v-f9baf066272f,,S,1,54.74,2026-11-19 18:57:25,False
c-8e2e04a5d696,s-b15a142cb63d,u-495847f29a4c,p-339c2495e1d5,v-8224ec88bf0e,,XXL,1,75.38,2026-11-19 18:58:48,False
c-bc529a3c236f,s-753aa70b3af7,u-b759cb2e500f,p-c268f3dd934a,v-f73ea3843004,,11,1,48.22,2026-11-19 19:05:19,False
c-fba1830785f9,s-fff798703aed,u-2c8ccf71caa7,p-4199a4fbd96e,v-74434392f24a,ord-d401a80a6430,XL,1,37.43,2026-11-19 19:06:28,True
c-6bd0609ae8c5,s-753aa70b3af7,u-b759cb2e500f,p-08933952b14c,v-d3349d0369b0,,XS,2,60.51,2026-11-19 19:09:16,False
c-b7222abf1631,s-b60254d50175,u-f59fdc1306f1,p-458dcdbf035b,v-63f8ebb97bde,,XS,1,79.89,2026-11-19 19:29:01,False
c-0fdf74dd798d,s-5386b58b0a51,u-e0e455c91007,p-d9bf49cd8358,v-2522681fcf04,ord-31396dbc3ed3,XXL,1,69.31,2026-11-19 19:46:41,True
c-a067afb13962,s-e69fa329db63,u-f395201320cf,p-4e5f4f3c881e,v-b2a281280d7c,ord-09514927e177,S,1,80.66,2026-11-19 19:56:58,True
c-7000295249af,s-23b1f92f122d,u-2dd277d37342,p-fbd049086647,v-59f52d79d00d,ord-e467b4c088f6,One Size,1,43.78,2026-11-19 20:00:23,True
c-1b3a3c809aea,s-23b1f92f122d,u-2dd277d37342,p-523c21d56f33,v-9cbca4668909,ord-e467b4c088f6,XL,1,49.79,2026-11-19 20:01:28,True
c-18e36bbd5681,s-23b1f92f122d,u-2dd277d37342,p-af6ac96edddc,v-5cadad7d3fb1,ord-e467b4c088f6,L,1,24.5,2026-11-19 20:01:55,True
c-288c8d483235,s-0a118f415ec3,u-d468f70a26e3,p-494e1d869247,v-c7a5b8c36935,ord-44d187ce5b59,M,1,26.47,2026-11-19 20:02:40,True
c-1b65de8824f0,s-23b1f92f122d,u-2dd277d37342,p-0da76474eec5,v-d6a58cf22e52,ord-e467b4c088f6,XL,1,38.98,2026-11-19 20:03:20,True
c-587bf598e0ce,s-0a118f415ec3,u-d468f70a26e3,p-8d66035c760e,v-19966fe9c737,ord-44d187ce5b59,M,1,21.46,2026-11-19 20:05:17,True
c-d27f523c7fe2,s-2065f556dd5e,u-361c25e40090,p-9fc18e888ed7,v-3373c124d5b8,ord-7646dc1b8bca,M,2,73.43,2026-11-19 20:39:22,True
c-61715bed651d,s-2065f556dd5e,u-361c25e40090,p-02a748155c54,v-eff2d9661324,ord-7646dc1b8bca,S,1,61.52,2026-11-19 20:40:28,True
c-c498cd297bcc,s-025ee65b669b,u-a716e8f0b07e,p-a311310a02d1,v-fad239fee05a,ord-4ec1c9116644,XS,1,27.3,2026-11-19 20:42:14,True
c-3fe3a55c61ab,s-025ee65b669b,u-a716e8f0b07e,p-dfdbf0724a4a,v-24ba09ca6f0f,ord-4ec1c9116644,XXL,1,44.78,2026-11-19 20:43:37,True
c-efc724ea923b,s-025ee65b669b,u-a716e8f0b07e,p-a25f16dde589,v-1c323c1dac5a,ord-4ec1c9116644,XL,1,78.46,2026-11-19 20:43:57,True
c-75aa3e298d92,s-4f297c120cdd,u-dbed9b203535,p-de5460e8db31,v-c8fc272f5c0e,,XL,1,77.92,2026-11-19 20:52:26,False
c-51cd3899c21e,s-f5ade702c4c8,u-778109db2495,p-7bf78f1c8b4a,v-1bd79907ca70,,S,1,50.21,2026-11-19 20:56:01,False
c-69bc9ff75e72,s-ce52f809964f,u-c96a30838336,p-ba45da140e16,v-5ef4596fb430,,L,1,27.33,2026-11-19 20:59:23,False
c-046589a19985,s-4d82f317d3f8,u-6d41546d8ea9,p-86ecada0d300,v-7f1c825dc821,ord-d164a3756536,One Size,1,50.92,2026-11-19 21:08:55,True
c-1dd880e1591b,s-3747b553af7a,u-83f4b26fafd6,p-68d1a9e39caf,v-e243b572d61d,ord-31a2ca334244,XS,1,60.14,2026-11-19 21:11:49,True
c-65b6f559c70d,s-4d82f317d3f8,u-6d41546d8ea9,p-c68d4e68cafc,v-74790b235bb6,ord-d164a3756536,S,1,63.16,2026-11-19 21:14:14,True
c-b62e80104418,s-6818fdb4f499,u-d7163bf83678,p-f4f11faeb9e4,v-f98da32ea185,,L,1,41.44,2026-11-19 21:15:21,False
c-ded1c460ca01,s-6818fdb4f499,u-d7163bf83678,p-dbdc66fe3fe2,v-e3180e290244,,S,1,73.27,2026-11-19 21:16:23,False
c-79ab27166c26,s-eb5de1222467,u-4ab2b4b2b503,p-3862b24fcaf1,v-5b86c2692550,,One Size,1,64.09,2026-11-19 21:24:38,False
c-16b107171c8f,s-89cd92043e5a,u-767fd4f388ef,p-ff0444aaaa6b,v-f4624b329dd2,,XXL,2,89.87,2026-11-19 21:31:55,False
c-8b799b021497,s-89cd92043e5a,u-767fd4f388ef,p-4e1b3dd6a395,v-788e628aeb5d,,M,1,27.39,2026-11-19 21:33:38,False
c-b774f04de1c3,s-d2ec52e5743b,u-e8648ed98e1d,p-ec8b4c569c0b,v-abb1fd86725f,,One Size,1,52.97,2026-11-19 21:57:48,False
c-e15b5a69b78e,s-44977a324c00,u-227e0323827f,p-3563a0dd7192,v-6a8a0054aa52,,S,1,43.66,2026-11-19 22:00:18,False
c-ac58b6f6d5f5,s-86c4b0486f3c,u-ed576d6ffd95,p-0de07ba903b1,v-94e24d898b18,,XL,1,46.7,2026-11-19 22:00:34,False
c-ee0da8f8ab27,s-327910cd113e,u-8d64af750645,p-dfdf8d04322d,v-27e67613fc48,,L,2,74.22,2026-11-19 22:34:05,False
c-f7dfb67937dd,s-3fa6902d427a,u-1a991ea15dfa,p-fee372221c89,v-5ac8fcbff14f,,One Size,1,69.22,2026-11-19 22:38:33,False
c-60bbd09af713,s-2ab1e9636781,u-c25b2d1d493d,p-0da76474eec5,v-0df880c6b2d5,,M,1,38.98,2026-11-19 23:04:20,False
c-224df399c9d4,s-3f0582150c77,u-597638c21443,p-b0bfc4aaca13,v-796d6904cfcb,ord-ee63d1838b00,L,1,66.87,2026-11-19 23:11:49,True
c-4c0d5846e335,s-727e9f299503,u-c9d33457483a,p-adce4fd2f289,v-de4005f85eda,ord-d01301ab0d71,XL,1,80.68,2026-11-19 23:16:25,True
c-1318c99a078d,s-1b6a8c66bb6a,u-5ff9b265eda4,p-84e06d920009,v-4c8b7022acef,,6,1,104.89,2026-11-19 23:20:40,False
c-bd53d0da620d,s-d3b63b1b3315,u-3120d2b9b524,p-546db60cb274,v-083af0b87148,,XL,1,76.54,2026-11-19 23:23:47,False
c-2373e9a31abb,s-d2f465168cdc,u-5c1c14aad1d0,p-9e7de7195ad5,v-409db5b1f7f2,,One Size,1,112.01,2026-11-19 23:28:42,False
c-eba940955de5,s-c625c72b8ff5,u-6bf1a822afaa,p-4faacc36fbae,v-c819c7b4c55c,,One Size,1,38.16,2026-11-19 23:28:52,False
c-0376bfa61b3a,s-2e4d8b0ee11b,u-79177888ded2,p-5ae742ef7d7b,v-a510befe5f20,ord-d2378ef71b4a,One Size,1,102.14,2026-11-19 23:37:45,True
c-84046fb0773f,s-cdc8bfaa5800,u-95a47aca4d7b,p-d21a879e435b,v-40cec5ed7bce,ord-e91fa2562089,L,1,37.04,2026-11-19 23:45:29,True
c-67a36487b2b9,s-3c32a6ffa790,u-eb871d6105af,p-655842b88783,v-2bfc4f7e68fa,ord-135e910fd1b7,XS,1,102.13,2026-11-19 23:53:15,True
c-7c7cad48a357,s-3c32a6ffa790,u-eb871d6105af,p-2d9112c177e2,v-351602f6f0f9,ord-135e910fd1b7,L,1,84.18,2026-11-19 23:53:57,True
c-285bf0dbe30e,s-5f8e60c0bf84,u-56d8d0862468,p-e63f88a31c90,v-ac7d034817d7,,XL,1,15.09,2026-11-19 23:54:46,False
c-3beab49b5b2e,s-6b0e16c8f630,u-8bf702e1ad4d,p-fd5e47a00908,v-b8bb6ba6cfa4,,6,1,36.59,2026-11-20 00:21:42,False
c-9ff25c95f85b,s-de0337aceb19,u-cf521247e517,p-f9eab5b06d34,v-854b92e2ea7f,ord-37397b6084ee,M,1,74.92,2026-11-20 00:26:29,True
c-b11c8557a0d4,s-e26a43ee4c54,u-4efe26f02bdd,p-3157e9d01d18,v-ad3433cf5531,,XL,1,42.64,2026-11-20 00:28:01,False
c-99afed5649f9,s-2e7998635fe1,u-4d1c3909c975,p-69daf4452ca8,v-b15753b9d3a7,,XXL,1,23.55,2026-11-20 00:28:18,False
c-d24003eb6427,s-c9f06aba8ec5,u-1b1dfea22240,p-4f0489133aae,v-651fb1044131,,S,1,46.35,2026-11-20 00:38:10,False
c-a91eea8dc9e7,s-0258188768a7,u-fcd6e1197efd,p-ce44c70f1845,v-d006122c204a,,XXL,1,66.67,2026-11-20 00:42:45,False
c-66a343bd8bdb,s-975c26e218de,u-3487330e4a9f,p-0ce9649e20dd,v-86eb1b2e0b4b,ord-1761ee3131e5,M,1,33.55,2026-11-20 00:48:37,True
c-84c1f3b1245a,s-e68880d398a8,u-5aecc9dc999b,p-061f2358ec0e,v-b2ba9e45da59,ord-c718da4ed1ba,M,1,97.59,2026-11-20 00:50:38,True
c-c9ce3f22029b,s-00d86432362e,u-e53c887c31e3,p-54173e2d59cb,v-3182b08f1b55,,L,1,60.23,2026-11-20 00:59:27,False
c-b57c790e5db4,s-2f547c92b4c4,u-219f5bc1696f,p-c1ee52eed4fe,v-568db2446039,ord-b2c535f2ba18,M,1,79.03,2026-11-20 01:04:10,True
c-c5b5026f4d85,s-2f547c92b4c4,u-219f5bc1696f,p-88ea4660c534,v-9e4f62bee9e2,ord-b2c535f2ba18,M,1,51.89,2026-11-20 01:05:36,True
c-fb895216d54a,s-2f547c92b4c4,u-219f5bc1696f,p-3284a3522064,v-cdfa2f95afe5,ord-b2c535f2ba18,XXL,1,68.21,2026-11-20 01:06:27,True
c-25447d6679bc,s-947e28cb828d,u-43575d59870a,p-f10bb3a57be0,v-8e049002c52b,ord-4fbf705aa60e,M,1,33.02,2026-11-20 01:18:25,True
c-60da122ecb4b,s-52b6eb62a5d0,u-05fa5847e235,p-5431631a088f,v-44db287bae72,ord-0b2f50534738,L,1,45.77,2026-11-20 01:27:31,True
c-ac3b12664915,s-dbb1e4edc907,u-36edaf7d8df2,p-983083e00ce2,v-1de4416e8e1e,,10,1,68.28,2026-11-20 01:30:40,False
c-8f8441400c83,s-85f72d34a3d6,u-38f02646aad9,p-f6f485d31c53,v-e33c46bcee35,ord-a977cd659d88,9,1,88.55,2026-11-20 01:45:52,True
c-cc5309216d29,s-1a9776f8aa9b,u-e97d7425252a,p-5df8782b738b,v-e2b526a4deb0,ord-179b33ef6613,M,1,64.56,2026-11-20 01:47:54,True
c-54268fa87b3f,s-f02039ea64ee,u-b845a92b34bb,p-fb7c95fbe64b,v-92440256cd5d,,S,1,50.48,2026-11-20 01:52:00,False
c-3ccff3e17ee4,s-683ce2025ffa,u-cf0f671cb58d,p-31cc2c2616e2,v-50829e13f72c,,6,1,116.53,2026-11-20 01:59:21,False
c-58c502c06ef6,s-626d1efbdbde,u-1c4b9ea9800d,p-d7568994dc7a,v-2e0adfe0a440,,S,1,46.87,2026-11-20 02:08:54,False
c-3b07a0b7a76e,s-56c6af4a49af,u-806e7f429785,p-e42dd6fdc97d,v-3b60de7081bd,,8,1,58.83,2026-11-20 02:23:58,False
c-85fa27976eb9,s-6b7e04a91928,u-434b1efd98ee,p-91a2dfe06420,v-22c1ef83e5a9,ord-67f3f64c4a28,7,1,62.75,2026-11-20 02:30:15,True
c-adc3c4a87173,s-5d1c6e1df7ee,u-842d4041416d,p-d8a811d4db82,v-b0b912a7f8ca,,One Size,1,42.27,2026-11-20 02:45:59,False
c-3ad99d0e932f,s-f0401ef62994,u-8dc85801b0dd,p-46c8448b2fd1,v-760deaf2376d,,L,1,62.46,2026-11-20 02:56:49,False
c-afb362b52ee8,s-ded3cdf5c406,u-22402a234569,p-667e7729e993,v-53c51beab2a8,,M,1,84.91,2026-11-20 02:59:32,False
c-25f6793f5a89,s-7d15cb4724d9,u-793bf8a3a0c6,p-5ccd18ae15c9,v-02de8ea5c73c,,XL,1,64.18,2026-11-20 03:02:16,False
c-5aa18fff741f,s-7e49e0fec3fe,u-86afa058a822,p-1cb5cde3ad3d,v-2c610d58a4a3,ord-d24d0d62ccff,XXL,1,51.88,2026-11-20 03:05:26,True
c-047dbbfa9494,s-75df52aecf8b,u-e76f0be7ea2b,p-dfdbf0724a4a,v-1dcc3aea7753,ord-7e62a2a20a80,S,1,44.78,2026-11-20 03:07:54,True
c-2ba0d33cabef,s-81e5c18d6017,u-86d1d8e73ca8,p-c03a681d1e88,v-73c96ad2d733,ord-636eff4c283f,XL,1,77.98,2026-11-20 03:30:45,True
c-46165cd99539,s-fbbc3f80fc4f,u-05923af90755,p-50aa38f4e3cf,v-e0ee34f44224,ord-b219ac00fdec,XL,1,17.3,2026-11-20 03:45:56,True
c-b922bdd15f0c,s-fbbc3f80fc4f,u-05923af90755,p-402523ed70c8,v-dd49b58a1bc5,ord-b219ac00fdec,7,1,57.18,2026-11-20 03:46:36,True
c-b838c52432e8,s-8974131f6907,u-e76412ffb8df,p-c20f0d50bc6d,v-629379ce79cc,ord-c3eb626f615f,L,1,23.36,2026-11-20 04:10:19,True
c-9db11e6bb930,s-d84fb2306165,u-062743ddccae,p-a5a2486fd335,v-d2aa434c6a49,,One Size,1,32.39,2026-11-20 04:19:11,False
c-50e1963bba59,s-467d1a2bc22f,u-440ae528f550,p-e4ebc2da0d8a,v-46677d345d65,ord-eb95e85e6dcb,XS,1,23.05,2026-11-20 04:22:19,True
c-c0c4d246a627,s-467d1a2bc22f,u-440ae528f550,p-6be092c61912,v-0e05500cc9bc,ord-eb95e85e6dcb,7,1,75.87,2026-11-20 04:22:29,True
c-8f4fdd3f0bb0,s-dd736505f3bb,u-d7dc241cd854,p-55abfbffd739,v-cb4ab5060d09,,XS,1,28.34,2026-11-20 04:24:38,False
c-879c5d061c09,s-dd736505f3bb,u-d7dc241cd854,p-a3a36d3830e9,v-497ad31575ee,,XS,1,54.32,2026-11-20 04:26:38,False
c-44da3a70b23a,s-08c4ec8bfea2,u-c90f9b90867c,p-88da2cd0834b,v-2753bad58af9,,L,1,36.62,2026-11-20 04:41:12,False
c-3b1dfa66e1cc,s-eb8331ee7ca6,u-a2605d328838,p-7d62c02270db,v-8615e23af3b8,ord-a72d8e1653a9,XS,1,30.19,2026-11-20 04:49:03,True
c-266842d81e0d,s-7b08870ed71e,u-cd3cba6ee9b2,p-1a3e875e727e,v-2e555421e014,,L,1,75.75,2026-11-20 04:57:12,False
c-23ee9e393c92,s-8ae0c73668ab,u-22ddb8dbab05,p-37a25fddc192,v-7e9afa949a99,,8,1,86.47,2026-11-20 04:59:39,False
c-2a953a90a3f3,s-6b940defd77c,u-ea5e24ab14c3,p-e2ddfc28b42e,v-61ada44d9344,ord-5903997803ac,XL,1,61.99,2026-11-20 05:24:47,True
c-f055f60aa4ac,s-98f240237bea,u-19106d47a685,p-760bb7e89043,v-1a91026f733e,,L,1,42.05,2026-11-20 05:28:46,False
c-1e4245c8de62,s-9391f377eddd,u-8f9ca81f5662,p-46e5bb235246,v-9d2904749d54,,One Size,1,68.25,2026-11-20 06:12:12,False
c-0e920a0352e7,s-f61abe51e692,u-4865e9b025f7,p-4e5f4f3c881e,v-91dc50269914,ord-0949ba2b4371,XXL,2,80.66,2026-11-20 06:18:56,True
c-d3daa70eb163,s-a70a126cde56,u-4f7521d3526a,p-3484e06c8c9f,v-7d122c74c6a7,,11,1,56.92,2026-11-20 06:27:52,False
c-096973747b1b,s-7e7ea8e57d08,u-a85096787423,p-2623c0ae8527,v-1a7d8d6382b8,,XS,1,56.72,2026-11-20 06:44:26,False
c-560f63933467,s-531bbe0fedb8,u-f09852854071,p-695593c4720b,v-c7c6dae1109e,ord-6913fad3018c,M,1,53.92,2026-11-20 06:51:39,True
c-be0b68782493,s-531bbe0fedb8,u-f09852854071,p-61d6c813f442,v-8abb7a7114b1,ord-6913fad3018c,L,1,95.45,2026-11-20 06:52:40,True
c-b2a09f8c3fb0,s-bbc6ea8a5956,u-e4e57b05f6b9,p-c74034bdf85e,v-78741cfd5b8b,,XS,1,36.58,2026-11-20 06:57:28,False
c-d19501cff4ea,s-02a2e811175d,u-10209a7e71f2,p-aeaf613d1025,v-4d59871f64a0,ord-f98e6e745e8e,L,1,40.84,2026-11-20 07:06:21,True
c-05786b05d85a,s-ce6c60ff735d,u-75cb93d80628,p-388ce6cff396,v-130788ac1c89,ord-ad5549ac0e15,M,1,54.86,2026-11-20 07:22:24,True
c-2140a4d09899,s-ce6c60ff735d,u-75cb93d80628,p-bc9a17fc84aa,v-decdb338b901,ord-ad5549ac0e15,M,1,43.45,2026-11-20 07:24:26,True
c-a30c4eee7a9e,s-6b4baddad4fe,u-8606bc171ddd,p-d84bd4e8729f,v-ba18f430e806,,One Size,1,65.25,2026-11-20 07:26:00,False
c-24bc11b36a7d,s-db4ca0034573,u-1431bf2d13b9,p-7df82a11550b,v-d19912277897,,L,1,47.37,2026-11-20 07:37:13,False
c-60aafd137b27,s-53b1e27c5ca9,u-f7600da3d7b8,p-d3cdead1b72e,v-07a3bb51572c,,One Size,1,52.62,2026-11-20 07:38:22,False
c-46149cb9acf4,s-1de1cdc9f283,u-162d6671db2a,p-e65964908012,v-11ae6fe7a6a3,,S,1,43.03,2026-11-20 07:41:26,False
c-e307dde67c5b,s-d201f5354a21,u-90493a411125,p-140c262ed1be,v-a3bbad4c81bc,,S,1,30.32,2026-11-20 07:48:08,False
c-57204b45be37,s-49ed9de0a2dd,u-6f792eadc1a4,p-86911472b493,v-dfa8362c7e20,ord-dc16a6eb588e,XXL,1,28.86,2026-11-20 08:08:31,True
c-cfe959fb4a80,s-f83cfa543fc3,u-5a9f64f559dd,p-d80e9b673d75,v-649637115963,,L,1,55.47,2026-11-20 08:16:13,False
c-c30865eacdc2,s-f83cfa543fc3,u-5a9f64f559dd,p-c212f3886f35,v-bf51c8961469,,S,1,48.22,2026-11-20 08:17:06,False
c-857b7fccccfa,s-c1e7bfd43d48,u-51a2a60252c5,p-cef95ad640de,v-1bdd3c79a572,ord-45c184e884d6,L,1,49.76,2026-11-20 08:22:25,True
c-8e64029e141a,s-9200740a99f8,u-4896ea8b62b7,p-87903d304174,v-32404a005579,,M,1,51.15,2026-11-20 08:23:02,False
c-b75e80f7dcee,s-c1e7bfd43d48,u-51a2a60252c5,p-a25f16dde589,v-569d2a987335,ord-45c184e884d6,M,1,78.46,2026-11-20 08:23:10,True
c-9e1f4cfd6d57,s-5bc64d123a37,u-99a832b23c6f,p-c6897f3d4ebf,v-1252a0a3b487,,XS,1,33.31,2026-11-20 08:24:33,False
c-f443ec07d37e,s-c0b718dad865,u-86082ebd35a1,p-057cb88f98ac,v-e051491e0dae,,L,1,59.07,2026-11-20 08:36:38,False
c-f72da3b28725,s-660719c69c7b,u-679064761bda,p-eda583bc30eb,v-7c2a14449502,,L,1,81.98,2026-11-20 08:42:22,False
c-76c1e00f2b28,s-b5616b818890,u-d0cd697914d0,p-ddb69fecdb75,v-ff6abb964399,,L,1,89.04,2026-11-20 09:00:46,False
c-6d3d772a27c7,s-33a84d1a92f0,u-ed2416654ae8,p-77931ac35e65,v-233d98093860,,L,1,54.21,2026-11-20 09:01:10,False
c-656e1cee9d4d,s-16dbdbae8ee4,u-9af67d5cbbea,p-6eb2bfa906eb,v-1ce5d858d0e3,,XS,1,40.63,2026-11-20 09:30:41,False
c-628d92261aa0,s-16dbdbae8ee4,u-9af67d5cbbea,p-a85ae0c9982b,v-43b2aa7447d0,,M,1,77.83,2026-11-20 09:32:20,False
c-b1f91bd4aa0f,s-ba94dc228cf8,u-4e2f7d273124,p-3d7011eb159b,v-cad3fced78dd,,One Size,1,103.77,2026-11-20 09:48:09,False
c-f9c04fdec04b,s-697341d73d18,u-d0aa17dbc596,p-3c1893db767d,v-3fb280ed121d,,XL,1,40.75,2026-11-20 10:19:24,False
c-63616adffc16,s-b3399351ede4,u-4ba7893df78d,p-c74034bdf85e,v-706580a33e66,ord-25f89a0cc5b7,M,1,36.58,2026-11-20 10:24:15,True
c-29708182baae,s-557512c932e6,u-60af491d1717,p-14cbac75d7bf,v-52fc76e9cfcd,,L,1,52.41,2026-11-20 10:33:09,False
c-1b6449a32689,s-557512c932e6,u-60af491d1717,p-b68a946fa078,v-1b11433372c1,,9,1,69.4,2026-11-20 10:34:09,False
c-da782be2e9b9,s-672e7e61b730,u-ce71f54ba41f,p-9736f1b8b5ff,v-1456f679df1f,ord-5d303ed2ccb8,S,1,27.27,2026-11-20 10:36:43,True
c-3ae64bb86a1c,s-672e7e61b730,u-ce71f54ba41f,p-420e089ce7e7,v-04ffeb71c4fc,ord-5d303ed2ccb8,One Size,1,43.96,2026-11-20 10:36:54,True
c-10340e5962f9,s-08b9d0a35811,u-dd9c6507a2b3,p-9fe0c53a3536,v-11a8623b0472,ord-3147d99fe920,L,1,68.61,2026-11-20 10:37:39,True
c-1b25e73e7b10,s-672e7e61b730,u-ce71f54ba41f,p-4f51d75079bc,v-1f71d10ae871,ord-5d303ed2ccb8,L,1,73.37,2026-11-20 10:38:01,True
c-1569769e7eb8,s-3da5adf77542,u-d8cbed2e5a80,p-8d9b9dfb9ead,v-aae5a6ede4f6,ord-2cc04b95d3b3,One Size,1,82.34,2026-11-20 10:40:14,True
c-de32b57d55a2,s-89fa04e5929a,u-b47863f6c251,p-8bf8e65bbf83,v-ed90ba2753e4,,M,1,56.23,2026-11-20 10:45:33,False
c-64035540fc69,s-e358159457d4,u-5636c20a4793,p-b607025f8386,v-0271d7b1d5b7,,L,1,79.28,2026-11-20 10:53:21,False
c-c4456113fdd7,s-e358159457d4,u-5636c20a4793,p-15787066cf25,v-0ebd74d8b18c,,XL,1,30.04,2026-11-20 10:53:52,False
c-4c288e07fb0f,s-4a2f9f77dac2,u-84b7ff32f80d,p-339c2495e1d5,v-91056f0987f9,ord-f41c944b9370,S,1,75.38,2026-11-20 11:12:10,True
c-782df0d87e66,s-7b31765465fd,u-d00170149631,p-5fe776be577b,v-956a09615749,ord-697abc2adc77,11,1,75.95,2026-11-20 11:44:42,True
c-aada164a49ed,s-5eb360310221,u-8422b332b8ee,p-76aa54c5428b,v-8acd56147289,ord-11600ea7ace1,7,1,68.58,2026-11-20 11:48:51,True
c-639dab63419a,s-5a21cdac7898,u-66d0b6cc6f70,p-1673ab84f4ab,v-d60dbe55b1c4,ord-13aa1d4c9da4,7,1,65.29,2026-11-20 11:49:42,True
c-038ff1362a68,s-1c12d8697bc0,u-0d5039640356,p-07391dbb01f3,v-560257e9811f,,10,1,72.58,2026-11-20 11:52:19,False
c-e8ed45ccca81,s-a661674e5114,u-da7554627ba9,p-c2b998a27ec0,v-1ceeccdd9d6b,,6,1,73.05,2026-11-20 11:56:23,False
c-3063fe4af59e,s-9cc432e13888,u-7c9d80011091,p-3afe0cf96058,v-bd2363fce769,ord-508d0a1eba49,M,1,58.9,2026-11-20 12:01:47,True
c-539ce77b04dc,s-f93817b57e66,u-b5f5b8ad407b,p-1e78e975a74f,v-59764f7e0a56,,S,1,41.75,2026-11-20 12:21:21,False
c-3bf71d8ce95f,s-f93817b57e66,u-b5f5b8ad407b,p-388ce6cff396,v-1e7ef6bc9ba4,,L,2,54.86,2026-11-20 12:22:36,False
c-5df63a833262,s-0081d78901cc,u-f6de0f7a1c31,p-576ae7540bd5,v-dd91e27c6a86,,One Size,1,37.46,2026-11-20 12:29:58,False
c-018e7af51a47,s-561b9c422401,u-8d8ccac156e9,p-f4e713a110d6,v-b7d48115384c,,6,1,104.08,2026-11-20 12:32:38,False
c-a4313c2087f5,s-b6270c943410,u-9c254487ecf4,p-b9b0a9cb6161,v-cf82a91518aa,,XL,1,111.42,2026-11-20 12:47:17,False
c-975098661261,s-701ad341fd5a,u-41b2728f11ef,p-02a748155c54,v-dc8933d4b085,,L,1,61.52,2026-11-20 12:52:11,False
c-4ec58e97f85a,s-80075993f562,u-20e1d69f7cbc,p-70f485889dd0,v-f387004b4e97,,11,1,49.51,2026-11-20 13:04:31,False
c-8565ab844de2,s-841b6caa0112,u-9f9042bcc12c,p-fdd9ffa5dbe3,v-aeef01bfebbc,,10,1,38.46,2026-11-20 13:21:30,False
c-2f761fd33996,s-63988f260b31,u-8ba20adc059f,p-1c3c50318000,v-892e0a1216e1,ord-fd74f54d7a72,XL,1,63.85,2026-11-20 13:21:43,True
c-033185bac631,s-c73adf866d13,u-40dd2cc03ca6,p-87ee241cd5e1,v-8b0dc27c6b92,,M,2,45.7,2026-11-20 13:23:18,False
c-b6c11d18bc9d,s-2c99b9a59646,u-dbb20ea65a22,p-e87ed4fee08a,v-dadaef629d6e,,XL,1,33.13,2026-11-20 13:26:28,False
c-4f6df29fcf08,s-b24cf4c8ea42,u-8d92acb23b36,p-686f51fa68b3,v-46dcebcd0345,,M,1,60.71,2026-11-20 13:42:12,False
c-bcb6b8733431,s-508bb63f254d,u-ac75165bb6d0,p-a6dabcb913c6,v-01eb388bda61,,XS,1,50.6,2026-11-20 13:56:58,False
c-425d75af008b,s-456a43686199,u-3b4bddfa45b4,p-38b71c282813,v-2ffdd4585e05,,XXL,2,38.04,2026-11-20 14:00:44,False
c-47ce43ee72ce,s-15a206ada9e1,u-7bc04c8eb53d,p-d561f70813da,v-f8870a78924b,,XS,2,79.77,2026-11-20 14:26:38,False
c-851bbb378ad4,s-9558a8900cfb,u-ef1850d444f1,p-86296d534b49,v-ad0059a06420,ord-3e99f9dd9751,XXL,1,15.51,2026-11-20 14:45:14,True
c-0c9dda2ba9ed,s-9558a8900cfb,u-ef1850d444f1,p-f9f787c33baa,v-59c234f2df44,ord-3e99f9dd9751,M,1,37.44,2026-11-20 14:46:08,True
c-4373504a0c17,s-e2dc768d701b,u-5490f223ff48,p-a7b0f421e7be,v-1c7d1b025d2d,ord-44772d33aaef,M,1,68.68,2026-11-20 14:53:04,True
c-23b944753a17,s-706ec4bdab39,u-b3fd0a8854bf,p-21bcf17982c1,v-882f98056b7f,,XL,2,78.25,2026-11-20 14:53:38,False
c-8a50145ab409,s-021227bafd91,u-13629bd56295,p-056bfe795f83,v-1a7c0dcd3442,,XS,1,33.62,2026-11-20 15:10:53,False
c-c17cea8b5b40,s-ca75f3acc82a,u-3da49b64f37e,p-6d052d0dd246,v-5f736f2bc20e,,One Size,1,32.75,2026-11-20 15:11:26,False
c-dc904d5be0f8,s-5579abc3d601,u-3f900b2b1498,p-39ec2a41fc32,v-cf0cccdc7762,ord-7f771043cdad,XL,2,56.27,2026-11-20 15:14:37,True
c-1e80642cbc0b,s-c296439bcf28,u-3ff31739bcf4,p-fef3c928dae9,v-7026f60767b1,ord-1cab46958bd8,XS,1,66.97,2026-11-20 15:46:13,True
c-6bdc26ddfdcd,s-66cdb7e8e982,u-057d1c062f17,p-26b79f79e7d2,v-5967d2f3f14f,ord-e574685699d4,One Size,1,63.8,2026-11-20 15:57:09,True
c-fbf51eb6ea1a,s-66cdb7e8e982,u-057d1c062f17,p-9869710329a7,v-097538f7e04f,ord-e574685699d4,XXL,1,24.21,2026-11-20 15:57:49,True
c-a03761617c65,s-c79914636349,u-165c6cdd3560,p-07391dbb01f3,v-fbacfde406da,,8,1,72.58,2026-11-20 16:03:09,False
c-91b49f5f945a,s-279c6bc7a923,u-5c6108ce011b,p-576ae7540bd5,v-9aaaa933f016,,One Size,1,37.46,2026-11-20 16:07:24,False
c-8e03f136ea0a,s-2ca45ec1f470,u-c1a57a5677fe,p-8bf8e65bbf83,v-085fc17debe9,,S,1,56.23,2026-11-20 16:15:32,False
c-e6b4eff078ad,s-692bed67d1e1,u-733d7deb8419,p-f6da5c3405a0,v-9e21a428722f,ord-af75ccd03986,XL,1,59.43,2026-11-20 16:24:53,True
c-d3fb32965f27,s-3f8d3df5ae4f,u-ebb99ddb599e,p-84f9ef44c2f8,v-bd80f345e39a,,S,1,74.04,2026-11-20 16:43:26,False
c-63966b708e75,s-3818caed72a3,u-9f1b7239e65f,p-061f2358ec0e,v-59d2ada7885b,ord-a31b262ad8ad,XXL,1,97.59,2026-11-20 16:53:11,True
c-e8a58ea167f6,s-ad25a8a0030c,u-30fbbeccdd8d,p-1a99ac9daee7,v-9761ec337529,ord-5520ebb2641e,XS,1,88.87,2026-11-20 17:08:25,True
c-20f7fc08c8f0,s-30ecba1bc077,u-4034ffd48c78,p-197441774e00,v-59cd10eccbe2,,M,1,47.03,2026-11-20 17:09:04,False
c-5f2badca8d81,s-246a0eda5908,u-280ad58f4e7c,p-8b8481aac396,v-a86a51ce71da,,11,1,39.53,2026-11-20 17:10:59,False
c-36fc4416385e,s-f90840ff5f16,u-f7efdd1cad60,p-ed39ec7addf2,v-6fb8708d2450,,S,1,76.67,2026-11-20 17:31:13,False
c-75a7f4154fa9,s-7f86abe0ebea,u-9c8318809197,p-22d95d57a4a4,v-83a9c47a3fb8,ord-315042cb4e2f,M,2,18.87,2026-11-20 17:32:45,True
c-4bdc9a0c8609,s-31da3007579f,u-585785acdb74,p-1a1074fadb6e,v-a98f065836c0,,XL,1,17.63,2026-11-20 17:35:58,False
c-1426693e52f3,s-31da3007579f,u-585785acdb74,p-5c3cc08d1b45,v-4322089824b9,,M,1,47.39,2026-11-20 17:38:11,False
c-5fe3ea1d9a47,s-f33a8888b4c3,u-f01699579d45,p-ada2001c46fe,v-6a3ac0b74f22,,L,1,52.11,2026-11-20 17:39:04,False
c-138012d4331c,s-1400f74210c2,u-4506392744c0,p-9789e192ff3b,v-9d03125dfcb5,,S,1,23.52,2026-11-20 17:44:28,False
c-6fef90f8235f,s-0ef9728fa8d5,u-96912e507a1a,p-3dcd4a2ea723,v-fae0191690cc,,One Size,1,38.05,2026-11-20 17:48:20,False
c-24a30c226843,s-ff3a41b34178,u-69a6c08f0a58,p-9c2481cc2c49,v-2cb83a281ece,,M,1,34.52,2026-11-20 18:07:12,False
c-23edc241e320,s-1694589b3da6,u-e6e9dc820046,p-9c2481cc2c49,v-99a01bca4f27,,XXL,1,34.52,2026-11-20 18:14:23,False
c-91fcaca3eb54,s-ef641fb2a0ae,u-be07e8e5ffb9,p-430d42731bdb,v-50fffadc2fe8,,XXL,1,38.19,2026-11-20 18:21:21,False
c-caf84cc7bbac,s-724813ef6ae9,u-ddf80c042b60,p-76e09edcc4a9,v-022c0c9a973f,ord-af9b0828fc10,9,1,97.85,2026-11-20 18:21:43,True
c-88e00c761608,s-49ee0f4e5db6,u-cc9bfe0bba44,p-9cfec85a6966,v-e954ce397995,ord-a6659b923320,9,2,75.58,2026-11-20 18:32:40,True
c-eec8a04d1297,s-73b541368660,u-fd0355b64b53,p-fdd9ffa5dbe3,v-ceb6d1765e3e,,8,1,38.46,2026-11-20 18:42:34,False
c-ea76ed743358,s-853e3911d5ac,u-c0f0e9f98884,p-ec8f9ff55280,v-bf1012a02eea,,8,1,89.79,2026-11-20 19:12:03,False
c-e2846e374f7a,s-8a65c1e72fde,u-9aa7134aa510,p-956db03dd047,v-f253c19a1cc2,,S,2,101.34,2026-11-20 19:21:13,False
c-3d4eaabe07ef,s-8a6c99a0583f,u-6f2c4bd9d4eb,p-d2918834cb6d,v-3395435185de,ord-d1eda0158442,M,1,54.91,2026-11-20 19:21:31,True
c-ed73d6c89f33,s-fbfbe42a1d04,u-81e86988111a,p-f75a1a8df595,v-a58d125f8e6d,,XS,1,45.79,2026-11-20 19:41:45,False
c-d4e14e260983,s-3c1db5f81078,u-6068c7868c5d,p-43de93aba79a,v-64e1c5fc2198,ord-0a9d9cec871e,L,1,26.91,2026-11-20 19:45:11,True
c-8c117c24cdb9,s-65c5b7f77ed0,u-0c83ecc26275,p-4f53fc6ba744,v-7998544a3e91,ord-c8fa93fb2718,8,1,55.1,2026-11-20 19:50:18,True
c-8478436744cc,s-8216dda867ec,u-ab25dd1d2e95,p-b20bb23aee24,v-9c3830f0751c,,XL,1,51.24,2026-11-20 19:55:07,False
c-296644d5bc00,s-4d8990febe99,u-fe1857d26b0a,p-ebf391cfbec7,v-6bf27932b577,ord-7dcc6cfd3113,XXL,2,70.08,2026-11-20 19:59:47,True
c-c9805871137f,s-a43d7767ba28,u-5c0b459479fb,p-9cf391e4f8d9,v-e9e8845963cf,ord-abd2e6ae3843,XL,1,72.33,2026-11-20 20:01:21,True
c-111f274ba3a4,s-86cfe0a65627,u-a45a69a19686,p-983083e00ce2,v-4685b8c92a27,,6,1,68.28,2026-11-20 20:01:51,False
c-5e2dfabc87ff,s-09e361af02e1,u-1300c8123feb,p-ea91bab49c9a,v-f079610a2123,ord-5623cf344e0d,S,1,39.27,2026-11-20 20:03:49,True
c-bd5ad0512c96,s-f88fe3be0aae,u-2394a59623c3,p-c331eb365747,v-56d42aba3787,ord-dde4b412312c,L,1,77.1,2026-11-20 20:13:48,True
c-013058723d7f,s-5bfc121b2872,u-d32e9b2a45dc,p-e1995610cd90,v-19a530e51530,,S,2,41.34,2026-11-20 20:37:54,False
c-9f21f7061fa6,s-7249873de0e7,u-eedcde368b4f,p-2d160337d51b,v-9d36d5162bb4,,S,1,50.19,2026-11-20 20:43:52,False
c-98201f0fd53a,s-7249873de0e7,u-eedcde368b4f,p-e1973ed20a00,v-cd8c7e2513b8,,XL,1,34.07,2026-11-20 20:45:00,False
c-5db588641b13,s-084919a94cad,u-43dbeaaca7ad,p-9b0815db6310,v-e47aa0dc047e,,XXL,1,36.06,2026-11-20 20:48:24,False
c-7d4d14bf6d3c,s-0167a25c3e38,u-e2527f08d2c4,p-1a1074fadb6e,v-3e900f252e9e,,L,1,17.63,2026-11-20 20:58:52,False
c-f271f0650afd,s-9e92050987d4,u-98c81c5df23c,p-f95c1808f42d,v-31222962f7b6,,XS,1,26.45,2026-11-20 21:02:03,False
c-404d806b45c3,s-7f08f97e0fc8,u-f67276b78d01,p-39fd7f2a7709,v-6a5c38d288a2,ord-b0b9aa8a84a8,XXL,1,31.22,2026-11-20 21:06:32,True
c-a648ff1cc724,s-b083ea571cb9,u-d02afed70b52,p-388ce6cff396,v-63f8f60a24fc,ord-45a082d83f4d,XS,1,54.86,2026-11-20 21:21:29,True
c-068f3fb10cd2,s-b083ea571cb9,u-d02afed70b52,p-0940c8a5ab1f,v-4eef91fdd2c7,ord-45a082d83f4d,L,1,45.44,2026-11-20 21:21:35,True
c-975bd97d199e,s-950cad02d2cd,u-479e6d32ee7d,p-4e2e515c2ad6,v-2e8bbd61d743,,XL,1,41.78,2026-11-20 21:30:22,False
c-548bf1931e4b,s-01fd9514a583,u-8ef3271ea6d9,p-b4d6f4d20ad6,v-66a77e916dfc,,XXL,1,41.28,2026-11-20 21:58:41,False
c-558bd0ee03d7,s-5cbb997f3c60,u-1ebc810bd62b,p-9cf1a10f570d,v-adee426e9365,,XL,1,125.58,2026-11-20 22:27:18,False
c-b50de91b70fb,s-c6438e9f22d3,u-2daadbf7a4ba,p-ec8b4c569c0b,v-922b86581e46,,One Size,1,52.97,2026-11-20 23:02:01,False
c-885d6994abba,s-c83911a26e8d,u-c20c7be62b08,p-abffc77ec41d,v-327f714d9aa8,,M,1,70.02,2026-11-20 23:04:27,False
c-cd92a62d8458,s-fd308d495ce4,u-1bd477bcceb9,p-cff14c01c356,v-4d2b2e77641e,ord-3d1a3e453c46,One Size,1,59.11,2026-11-20 23:14:25,True
c-6a9a38faa6ef,s-867019bb125a,u-7885da6f6abb,p-18ac482d2577,v-795aa8a7057f,ord-6784d54bd8de,M,2,43.04,2026-11-20 23:27:21,True
c-3f98a42aa240,s-2a548183682f,u-308f0e737f48,p-be98bc60ee3b,v-4c555c37e90a,ord-19eb60ce9677,XL,1,31.8,2026-11-20 23:47:49,True
c-4d6c5d2855dd,s-2a548183682f,u-308f0e737f48,p-523c21d56f33,v-336bb8bd2b6a,ord-19eb60ce9677,L,1,49.79,2026-11-20 23:48:16,True
c-265e3e4b5393,s-c252495d7538,u-cbd5a5fff265,p-37a25fddc192,v-a064f53f4109,ord-a71192ada416,11,1,86.47,2026-11-20 23:50:42,True
c-6215a6cd1e25,s-1ab948374c83,u-f9ede077e7b2,p-41c47ddd791e,v-0550c15f892c,ord-b250dc3fe520,6,1,116.6,2026-11-20 23:55:08,True
c-06ab95744f4b,s-afea71ce495b,u-1ead17087d0b,p-dbdc66fe3fe2,v-64316e4e0139,ord-c5d9eab811b7,L,1,73.27,2026-11-21 00:04:10,True
c-c112725490bf,s-f653057bca9e,u-65a0674485b3,p-7fb39ceb4120,v-0198ccb8ef00,,8,1,61.81,2026-11-21 00:07:50,False
c-bed2c79aa69c,s-7924ad175f10,u-5f2d21aa4fee,p-3b2d29548063,v-ed765d0affe8,,L,1,103.09,2026-11-21 00:11:11,False
c-1eb4b70b118b,s-f653057bca9e,u-65a0674485b3,p-0dbf9451d1d1,v-82bc7cfe3cf6,,One Size,2,83.05,2026-11-21 00:11:59,False
c-d09bc617b22a,s-ca6cd6612149,u-6f66a6231fa6,p-83f86f04f0a6,v-bbcbad4605ec,,M,1,42.37,2026-11-21 00:12:54,False
c-2843e12d1be8,s-e61111ecc849,u-d70952993ad4,p-57fd048d27b3,v-12014baf493a,ord-8539b19cd06c,XL,1,26.82,2026-11-21 00:58:23,True
c-cf2aa1b06a11,s-6c35a63f94dd,u-3b797d1621a1,p-5a946fe521ca,v-8c579bc8fd94,,M,2,76.69,2026-11-21 01:00:14,False
c-8db4de338152,s-a54812773ffb,u-064203500c76,p-fd6f2a3c2e45,v-2320a3078ca2,ord-bae3a562ddcb,One Size,2,39.1,2026-11-21 01:29:18,True
c-c7defb14afd4,s-a54812773ffb,u-064203500c76,p-f49f9a26aa05,v-277847800fdf,ord-bae3a562ddcb,XS,2,48.75,2026-11-21 01:29:49,True
c-c115fe44bb00,s-8bf8b04bd397,u-e36d3bb8da8e,p-7ea5385571c5,v-0f30fdf91bec,,One Size,1,135.54,2026-11-21 01:36:53,False
c-23f4129a65af,s-65d6c12d056b,u-33fb592bcf7d,p-5a946fe521ca,v-e55f369e29ab,,L,1,76.69,2026-11-21 01:40:15,False
c-8938ecbdfea8,s-c6aa5c83404a,u-9cb268e95c69,p-24eb929e6b54,v-a18032b2a04f,,L,1,46.64,2026-11-21 02:04:14,False
c-986d0140d5e0,s-7e22c0acab48,u-357e6b02c14c,p-3813b3e456f2,v-76d54164eb6e,,S,1,61.27,2026-11-21 02:48:41,False
c-0e43a50c343e,s-eee0bace02a6,u-ac2ebd74fffd,p-904e4033c8e6,v-fc83dfdb00e1,,7,1,53.15,2026-11-21 02:51:15,False
c-4da63d88b90b,s-1ea095019437,u-2a93bba1c364,p-9cd64f4f5ba3,v-c28f5a679d32,ord-44231b6e9ac7,M,1,65.59,2026-11-21 02:59:33,True
c-204972d0deb0,s-8b60fa973b15,u-4ed3d0c82f72,p-c51f3af8d87c,v-40277caac922,ord-a51529bf30f1,M,1,62.42,2026-11-21 03:11:14,True
c-52661ea09180,s-98b2e1f34df4,u-e0e455c91007,p-b7155eb223a9,v-51fd1c10d178,ord-f4189d13212b,XL,1,109.84,2026-11-21 03:14:25,True
c-a16a9da13e35,s-8ca369ad6be4,u-4bfeaa357a09,p-c87dd249a9e4,v-ba877f443079,,L,1,45.76,2026-11-21 03:14:56,False
c-0734c8d810d5,s-469d00b241f6,u-65459327deef,p-1c0258525d95,v-00bcf081d783,ord-26d90f3e3ee9,M,1,58.8,2026-11-21 04:01:58,True
c-da07ebc60ef0,s-966a648f346a,u-e99539040532,p-e0249788f7be,v-01667ba477ba,,XXL,1,36.21,2026-11-21 04:02:56,False
c-eb2f4ccb0101,s-469d00b241f6,u-65459327deef,p-81c9b9f1418b,v-109a541361aa,ord-26d90f3e3ee9,S,1,88.01,2026-11-21 04:03:04,True
c-778ac36abbb4,s-469d00b241f6,u-65459327deef,p-d9bf49cd8358,v-2c0bb84d0914,ord-26d90f3e3ee9,S,1,69.31,2026-11-21 04:03:27,True
c-8191b30d64cf,s-7073559eb5c7,u-8c60eaacb898,p-68d1a9e39caf,v-d44603ce5014,ord-bf9f050960ae,L,1,60.14,2026-11-21 04:07:13,True
c-4701079e12bf,s-583ba828344a,u-516e201046ff,p-e5c0554646e3,v-526e0655827e,ord-f74c352ea400,S,1,35.76,2026-11-21 04:08:39,True
c-79eec8463e97,s-bf9ad6fe2246,u-de94b682d999,p-996d646ba63d,v-80c16fa357fb,,XL,1,28.82,2026-11-21 04:11:19,False
c-dcf9de798bad,s-53ea016c64e2,u-480415058447,p-3da33d3f90dd,v-5856e2c219da,,XL,1,51.9,2026-11-21 04:15:59,False
c-daf3e9d6e2ae,s-ad0f4e3c99a0,u-b2d192c7a444,p-a7dd8a52cbbf,v-de3db28d9dcf,ord-6ec5312d74fc,L,1,52.8,2026-11-21 04:32:25,True
c-fc495c7f8f7a,s-d339084cf622,u-dfc485287817,p-a7bea33cb688,v-fe5ec9b01533,,XS,1,45.46,2026-11-21 04:34:36,False
c-11b75d37d5e0,s-1d0c45f565ee,u-5d3d429370cd,p-d660e4723d1d,v-550c8869435a,,One Size,1,24.7,2026-11-21 05:03:53,False
c-f7d9427b720e,s-7fc416420915,u-bf1b95e96fe2,p-1e0d298892b0,v-0076dc36e840,,S,1,49.55,2026-11-21 05:06:00,False
c-589b7c5d79f7,s-4812f3c2fe9d,u-6bc72f0af6bc,p-c7fcb5d9d88e,v-8607ef6a9f08,ord-83f941358521,11,1,67.46,2026-11-21 05:13:39,True
c-4de3d5a224be,s-351af2d78d89,u-cfc06675e305,p-bf48dbcd8369,v-5d612b82f3b3,ord-b0a7dc11c39f,XL,1,55.05,2026-11-21 05:19:51,True
c-b0f602f21c22,s-3852232c0498,u-19172223849f,p-f1cd7b85298c,v-9271b68d1922,ord-e28deaa5da67,XS,1,17.8,2026-11-21 05:20:47,True
c-7f10910c7dc9,s-44161f1703d9,u-3d54a6e25e97,p-65666c224046,v-1e7a5ddf575e,,L,1,49.47,2026-11-21 05:23:49,False
c-0ed41d4223a2,s-595acb30df8d,u-eedcde368b4f,p-d365397ced14,v-df7d1a8e54d7,ord-7b8f4a838359,XXL,1,44.09,2026-11-21 06:08:46,True
c-115c121e1ef6,s-4f9feb3c6595,u-c5d423deb110,p-430d42731bdb,v-8592037e2f53,,XXL,1,38.19,2026-11-21 06:09:42,False
c-4711b8061cd9,s-4f9feb3c6595,u-c5d423deb110,p-3f74d079b7d4,v-f803b7d59215,,XL,1,30.33,2026-11-21 06:11:22,False
c-10bc698d87c5,s-0619e3e7fec5,u-0689cc86e135,p-bc71a87c4f77,v-8092f70381fa,,XL,1,42.64,2026-11-21 06:32:13,False
c-eef7ec126051,s-9f85d3a49e2f,u-ba850fc42a53,p-1e78e975a74f,v-0fbafc8add90,,M,1,41.75,2026-11-21 06:43:24,False
c-41198c5b2b05,s-032a22262260,u-793696ab1f3f,p-3657f8e0122a,v-3557a29253e5,,9,1,50.72,2026-11-21 06:47:19,False
c-246c094863f8,s-38ab96b59616,u-cf44566d1b4d,p-0c1a7725eb46,v-0eb0cbbfb50c,,XS,1,77.92,2026-11-21 06:57:10,False
c-4ae9cfd7fbfa,s-38ab96b59616,u-cf44566d1b4d,p-7a9259059eb9,v-9c09444b181e,,XL,1,71.01,2026-11-21 06:58:17,False
c-f0e54b15f8c4,s-c34ec504dc96,u-c97dec5aa318,p-46c8448b2fd1,v-be9646fa26de,,XS,1,62.46,2026-11-21 07:07:54,False
c-9897164d7d5c,s-ac1f31827880,u-f21012f6f289,p-5a7ef909b8b0,v-532fbb85e27e,,L,1,18.89,2026-11-21 07:22:24,False
c-268541ecc76b,s-38bbd1cec4ee,u-2e3e0a293ce7,p-48a4b7cd6342,v-8e835eb015ab,ord-8c8d01847651,L,1,39.91,2026-11-21 07:34:15,True
c-fa505037b550,s-b13df53f7179,u-e47e0bd75fc2,p-31d1b7ec41b6,v-47482a4dfd1b,ord-fb2620a46fdd,One Size,2,71.03,2026-11-21 07:34:36,True
c-41cc36b13d16,s-2a97442da811,u-d8fa3f3e3e29,p-0d76f2f69781,v-7edc379ce1f4,ord-a6fa43879a83,S,1,34.88,2026-11-21 07:40:00,True
c-3d7e5c18e746,s-ec351b2a98ae,u-bf612e68e79b,p-1e28fb9cbf4b,v-8711a98a80db,,M,2,91.55,2026-11-21 07:40:28,False
c-931a9a5129d2,s-7737a7ad0284,u-66b8f1fb3a71,p-0e8ea9210eb0,v-2de24d182a72,ord-4b678414ff96,XXL,1,84.25,2026-11-21 07:44:20,True
c-778e3df037d6,s-3d81d6cb40cb,u-79d23952fec2,p-062a5aa754a2,v-8e9e42a00caf,ord-faa21d931164,S,1,60.81,2026-11-21 07:55:08,True
c-5d2e7fdeee5b,s-e3deaa6e19c2,u-094f45aaf6c6,p-fe66ab501149,v-0e6af0a20e03,,L,1,59.39,2026-11-21 08:00:13,False
c-f677255e0d67,s-adba24d59034,u-ecd871d3fb02,p-df2e0a1b0f85,v-0989d99c84fe,,XL,1,40.85,2026-11-21 08:15:48,False
c-8f8adbf73eeb,s-adba24d59034,u-ecd871d3fb02,p-6afba8c567e4,v-e2b17a557494,,M,2,28.21,2026-11-21 08:16:50,False
c-9781bcf4890f,s-3e960a8f63b5,u-5c22c220323e,p-ec12488d157c,v-fa65c32fbb1d,,S,1,75.52,2026-11-21 08:23:03,False
c-f3a17b0f59bc,s-a4aff26ff02b,u-b8ea1dc23d5d,p-eb4c999b27e4,v-c05400409491,,11,1,57.22,2026-11-21 08:34:51,False
c-b5a27ec12abd,s-a4aff26ff02b,u-b8ea1dc23d5d,p-af1020af155a,v-2454beb1f475,,6,1,31.46,2026-11-21 08:36:57,False
c-7951fb89d3c0,s-2c8bcdfafda7,u-147fb9cd713f,p-d2f80fab104e,v-7435c0483919,ord-dba214e7c060,M,1,64.85,2026-11-21 08:43:33,True
c-ecf41a06520b,s-86a9c7e053b8,u-18f762a60e37,p-31bc8d9d431e,v-5c9544cb65f1,,XL,1,24.93,2026-11-21 08:50:05,False
c-65878a890786,s-6e9a6e65dd20,u-8835821b149b,p-a8513594658b,v-ec42c1cbbb1b,ord-2647413816a7,M,2,53.49,2026-11-21 08:57:18,True
c-8f941f35a981,s-9923af7ef4a5,u-a5d3cd2270bd,p-b607025f8386,v-d10143008cd9,ord-47a58111fb1a,XL,1,79.28,2026-11-21 09:08:05,True
c-59105132d68b,s-ad0bdf3d532c,u-b7f28d273bc7,p-0d50a8dc2077,v-7e21593622f2,,8,1,73.52,2026-11-21 09:17:12,False
c-ee81456666ad,s-d36ad5242ad8,u-0e249e98bfff,p-11da1292c305,v-ba0a46a01772,ord-acb0775eecd9,One Size,1,52.3,2026-11-21 09:17:47,True
c-4a8bdf3a33fa,s-e61fcf1e8959,u-fdd88dd7f971,p-88ea4660c534,v-b8a9601b2e3c,,S,1,51.89,2026-11-21 09:21:38,False
c-2064a0885c7d,s-37bef4ae1c96,u-948e41bf1879,p-2ff3c5390025,v-7d1f7ea3a1f4,ord-ff3397f03895,M,1,25.98,2026-11-21 09:26:26,True
c-546f6756cffa,s-76818592b62a,u-482d8efe8fe1,p-3a792a4cb9b8,v-f99291007914,ord-c7c8f3fe68e7,L,1,34.34,2026-11-21 09:29:32,True
c-51fa0937fc74,s-e3172563fe80,u-705ab5f708ec,p-0e2dde105bc4,v-a2073c669d10,ord-bd8db17da129,9,1,83.34,2026-11-21 09:32:51,True
c-2ecf22470e89,s-64dc7c618108,u-67de49b226ad,p-62b0f40a6ebe,v-8844a43e7c0f,ord-d717694d5d58,M,1,41.99,2026-11-21 09:35:47,True
c-21c5bdcef402,s-2f279f83a93c,u-68e227ffaa8a,p-4e60bf84efc8,v-d07bb2710b60,,6,1,48.33,2026-11-21 09:39:59,False
c-6eb11bf631a9,s-e6811b2697b9,u-2da0391a212a,p-67b259f5b5d7,v-7ec3bc2be8f8,,XL,1,20.24,2026-11-21 09:45:51,False
c-92d93f9584ba,s-5f01be4c84ca,u-8c64a692c4b3,p-f4c5e6444f6f,v-159b66a0ea4a,ord-24596d4e6247,XL,1,28.49,2026-11-21 09:52:52,True
c-ef602fea32cc,s-fbb5089fe99d,u-c92ad6d09141,p-cb2c7a9ffa58,v-24c00861088d,ord-fbc50ab82f5f,XS,1,77.43,2026-11-21 10:08:39,True
c-724a572eb5a9,s-2049ed25c6f2,u-9ec24de2cd05,p-89668617378c,v-96e714f6300c,ord-636641512e22,L,2,60.52,2026-11-21 10:09:58,True
c-054a55b898bb,s-320b0f0e0e18,u-efe9ff23f7a6,p-becd7da83732,v-840e26decbdd,,S,1,44.32,2026-11-21 10:10:54,False
c-89bef11c073a,s-3a560b8ad3bb,u-5cbfef75c409,p-ab1bb4db7915,v-93e420145902,ord-f90f71163958,One Size,1,78.22,2026-11-21 10:14:29,True
c-53734a314be7,s-c5c28fba7eb5,u-f49852fc5a07,p-06f0ecdca59e,v-b8824effbee8,,XL,2,45.83,2026-11-21 10:24:20,False
c-11783ec6753f,s-e2d406208c55,u-a591799f169e,p-1c3c50318000,v-e3333731cf28,,XS,1,63.85,2026-11-21 10:26:13,False
c-d7394be57b9b,s-72747e10a76e,u-9356bb8e911b,p-d55b8eefb6eb,v-1ec33d9850a9,,XL,1,45.47,2026-11-21 10:30:55,False
c-e7711474a50b,s-72747e10a76e,u-9356bb8e911b,p-d469a3b87ced,v-093297d030c5,,XS,1,51.28,2026-11-21 10:35:38,False
c-ce48b7dbf4d4,s-85fb815a7116,u-1a0766268793,p-0390992dfbcc,v-6e02b723c9c3,,XL,1,37.45,2026-11-21 10:49:21,False
c-a642ac1fc516,s-431f07451bee,u-abffe0e44558,p-330f0d230f44,v-8c1f264bd7ea,,S,1,26.19,2026-11-21 10:55:22,False
c-3784d4e64a1c,s-919175365523,u-bdbdf928a887,p-7fb39ceb4120,v-839af8f0043e,,9,1,61.81,2026-11-21 11:13:24,False
c-efb73430f845,s-8782dd8b0a49,u-589630edb447,p-9a3b5bd9714c,v-b6f58d949f38,ord-75d16ee9204b,XL,1,97.69,2026-11-21 11:30:38,True
c-1effd763bdee,s-090bc90927ba,u-f4ae7e9680ee,p-eb4c999b27e4,v-b0e61d52409e,,8,1,57.22,2026-11-21 11:34:19,False
c-9429d37c14c8,s-529dbbe7876f,u-33c5857c259d,p-e803259e44af,v-342abe923c4d,ord-fddf812aa554,XL,1,39.37,2026-11-21 11:46:15,True
c-a678ab5a0d94,s-529dbbe7876f,u-33c5857c259d,p-1673ab84f4ab,v-a96128456bc3,ord-fddf812aa554,8,1,65.29,2026-11-21 11:47:03,True
c-5774bf47a70b,s-17513b4ddfc1,u-aabc155fcc52,p-79e6e95d1bcd,v-43f821ee5a1f,,S,2,91.63,2026-11-21 12:03:52,False
c-27b43dd535ac,s-f58eaa71128d,u-7aaa4a1d6223,p-8d1825ed4855,v-812d568793a9,ord-0e68d1823896,M,1,38.17,2026-11-21 12:37:12,True
c-f0232a5b5dee,s-f58eaa71128d,u-7aaa4a1d6223,p-7fcf75f149b1,v-ab1adce9eb4c,ord-0e68d1823896,S,1,21.74,2026-11-21 12:38:34,True
c-eb0dc7baaec3,s-5245ea05c2c9,u-b18d2d24aa43,p-7edf1cca010b,v-9acaf6cc1c04,ord-b199b9bc96bc,L,1,53.28,2026-11-21 13:02:21,True
c-2d447441b8c4,s-f3f818bd7052,u-1c4b9ea9800d,p-a7056dae3b68,v-e68444f5205b,,One Size,1,43.39,2026-11-21 13:11:06,False
c-b71e2a448c52,s-eb0b81d62fee,u-505d59b93f7e,p-58087de3de45,v-e67da5acaf7c,ord-ad30688702c8,7,2,122.85,2026-11-21 13:12:23,True
c-828110f9f422,s-ce2d803ca226,u-d68582d1345a,p-3ec0b4087ec8,v-1b8e59f3ab7c,,L,1,75.65,2026-11-21 13:12:34,False
c-21ebe22614df,s-eb0b81d62fee,u-505d59b93f7e,p-9b0815db6310,v-78c6fc45efcb,ord-ad30688702c8,S,1,36.06,2026-11-21 13:13:04,True
c-f1a4dc711a15,s-31adc380aaa9,u-305840b5854a,p-c80f16914dd9,v-2419c1df7ca8,ord-ea3af0560152,XS,1,105.97,2026-11-21 13:22:37,True
c-c1d192294068,s-4aac5c457616,u-21268998a161,p-dedf3979e43c,v-8ef521f836ed,,10,1,104.21,2026-11-21 13:22:51,False
c-04c3df1fa4e3,s-31adc380aaa9,u-305840b5854a,p-56f25c14d41c,v-221c7127b853,ord-ea3af0560152,S,1,66.84,2026-11-21 13:24:46,True
c-dc6b556dbea7,s-307aa1c15997,u-762851d6951f,p-164d873d107d,v-69fc2e8576cb,ord-12c473d1d65b,XL,1,61.62,2026-11-21 13:28:16,True
c-179b22791421,s-1fd38028d1da,u-eb246b0cccac,p-4ea1ddfb4e56,v-6e2e5e70ee52,,One Size,1,79.52,2026-11-21 13:33:10,False
c-3aab65faf929,s-f81c0989a37e,u-4cebd60f9e42,p-6771dca3a4a9,v-425a685bee6f,,M,1,92.34,2026-11-21 13:33:33,False
c-a714aaf1dadc,s-0122fd257b1a,u-a5c820429907,p-fdd9ffa5dbe3,v-ca70f9d96da5,,6,2,38.46,2026-11-21 14:13:53,False
c-4ba7dd15d2a2,s-753498cc8cef,u-ca59431fa003,p-33e9d9c5387c,v-5366c5e4cdf5,ord-e0e19b55973b,L,1,50.7,2026-11-21 14:19:52,True
c-a756dfce1f6b,s-d7ec3f6c86fe,u-608e77a08aa4,p-9d8279fd3132,v-6a043c641c7c,,One Size,1,90.62,2026-11-21 14:41:32,False
c-80b39fecf16f,s-d7ec3f6c86fe,u-608e77a08aa4,p-0dd7e833ed25,v-5bc9c28e9b07,,One Size,1,106.53,2026-11-21 14:42:30,False
c-2df953ddfd98,s-6657e17f6a22,u-a8cbbec33403,p-4d013f609f92,v-8627735622f0,,XS,1,40.61,2026-11-21 14:54:09,False
c-9576de89cb09,s-9ba12a6a014a,u-da369c9ccfef,p-d22958931124,v-8f82e951711c,ord-79595f426ba6,XL,1,63.3,2026-11-21 14:54:25,True
c-8823d2635537,s-351324181c12,u-020214658cbc,p-02d7151df481,v-99354d9be2cd,ord-ca8483cd5004,XL,1,77.08,2026-11-21 15:33:33,True
c-ffeda69c7449,s-288e605570f7,u-2f61938b9b96,p-5dae71bab7b2,v-54e9375679dc,,XL,1,53.5,2026-11-21 15:35:19,False
c-d9d37b3683ce,s-68bcef0edc0d,u-c5ad7e8fc674,p-0562bf94be61,v-b01d8f416332,,S,1,48.61,2026-11-21 15:42:14,False
c-ca01108fbb0c,s-040a7404a7ea,u-a98b08b0ddbf,p-a25d879a5db6,v-8b987b69d6b9,,L,1,88.66,2026-11-21 15:46:42,False
c-13666eaab188,s-8b2a8d1c8b0c,u-df082dc65dbe,p-028a2ef42fb8,v-7175072fc4bf,,L,2,66.84,2026-11-21 15:48:16,False
c-0b185e0453e5,s-e6e3d4976641,u-9b05ee8ea0a3,p-6d052d0dd246,v-36d9aa04dfaf,ord-d20708ce5cc5,One Size,2,32.75,2026-11-21 16:01:31,True
c-cc38b098168b,s-525d2494b273,u-036b9c518450,p-028a2ef42fb8,v-91658061a5a2,ord-bbd76fa7d05a,L,1,66.84,2026-11-21 16:02:41,True
c-2fa10414ef31,s-981f01ba17d0,u-6957fed73435,p-0bbf536fa576,v-0679ca36f9fe,ord-7cbb32417cd7,S,1,61.06,2026-11-21 16:03:42,True
c-8e742869816d,s-9eb336443eee,u-fae2a7fb01af,p-bd1395bd0c4a,v-f7dc8828a6cf,,XL,1,61.79,2026-11-21 16:11:54,False
c-f0dfc042a990,s-95b730d85697,u-7bd3b79fe65c,p-4709eff42cc5,v-6041794eeb8f,,XXL,1,60.52,2026-11-21 16:16:13,False
c-47e580854055,s-7f3adcd470a7,u-b8a07caff235,p-8d9b9dfb9ead,v-f3cde352095c,,One Size,1,82.34,2026-11-21 16:18:58,False
c-2f656e7fc4c0,s-fd8a6391b0ca,u-3de854e582b4,p-e089a9875ce3,v-2f04cf754668,ord-270aca6935d4,S,1,66.87,2026-11-21 16:33:29,True
c-9bb7cb259c60,s-9b6b47279d57,u-ba3c0ed141ac,p-16a49cf4c880,v-a2ed9fe74842,ord-a7628b93076e,One Size,1,27.34,2026-11-21 16:38:20,True
c-27bd5865b4d5,s-3f9b73f3d798,u-f77014f1f24d,p-d9c1704aa7ef,v-de6b2fdc84ba,,XL,1,38.25,2026-11-21 16:50:44,False
c-c2eb4b9d97c3,s-12505597efa2,u-d0e961b8cd13,p-7ce4aae10bca,v-24ecc837e923,ord-f89e6bc1b3d6,XS,1,58.05,2026-11-21 17:12:23,True
c-ea288c9c8546,s-12505597efa2,u-d0e961b8cd13,p-addda7515b68,v-72d8f1e19ba5,ord-f89e6bc1b3d6,S,1,58.16,2026-11-21 17:13:04,True
c-d799afe78b81,s-84e422bdc7a2,u-4466910a20bf,p-4db1ba36cd6a,v-d79375d54a1c,ord-ebcced95c076,L,1,64.27,2026-11-21 17:27:18,True
c-5020df614840,s-e15d3c83cd25,u-2c11ccc38770,p-0dcb0e8bfe55,v-551fc93f62db,,L,2,40.81,2026-11-21 17:33:04,False
c-eef8701d78d3,s-205180c2efed,u-33d541858f7b,p-13b7675fbb59,v-2dcb03703bc1,ord-2c931733cc61,L,1,67.64,2026-11-21 17:41:10,True
c-cba0ecf77304,s-0325299bb074,u-61cc6c2c4ace,p-963d03d20f07,v-66d7670d558d,,XL,1,24.95,2026-11-21 17:45:11,False
c-67cc79642021,s-bdb44607e15f,u-da369c9ccfef,p-a33736f5ad20,v-7db801c682ee,,XL,1,67.35,2026-11-21 17:59:31,False
c-e3c0a02da833,s-59ed1af4a3ec,u-fe4df86fc065,p-284596cdedc9,v-7c72af154071,ord-ce1d1664bb5c,7,1,83.73,2026-11-21 18:09:26,True
c-59693ce30082,s-a99a04d4a328,u-9ef11616cc7d,p-066c7ca47b4a,v-a9cbf1c7cc49,,M,1,80.94,2026-11-21 18:11:29,False
c-b2e637fdee57,s-59ed1af4a3ec,u-fe4df86fc065,p-83f86f04f0a6,v-da0734fc03bc,ord-ce1d1664bb5c,XL,1,42.37,2026-11-21 18:12:00,True
c-95f38405a2e8,s-26f1f69e222e,u-332f0efbcedb,p-b4451462eda7,v-ad811eaac0a6,ord-661343059348,L,1,62.17,2026-11-21 18:12:39,True
c-d00d5cba088f,s-d5694f61f3a4,u-f93f555b63af,p-0979a5b2807e,v-57d829ff6e21,,XS,1,45.04,2026-11-21 18:22:04,False
c-4e526d13c021,s-d5694f61f3a4,u-f93f555b63af,p-f07b208ae611,v-a2b6af43c6a6,,M,1,19.7,2026-11-21 18:22:45,False
c-d57fee94aa34,s-a93c0032e0d8,u-b27566897acc,p-876b3754e5f1,v-c6fb4290e800,ord-0552d0ccb6a8,XS,1,45.49,2026-11-21 18:26:21,True
c-763551b4656e,s-e735b6429a11,u-76af75036d6a,p-6afba8c567e4,v-036eebaecdc3,ord-b772133d0a2d,XL,1,28.21,2026-11-21 18:38:53,True
c-b7c6a52f898a,s-ea933148116a,u-ba44d20b0967,p-08933952b14c,v-e6e8afc04852,,XS,1,60.51,2026-11-21 18:45:45,False
c-e0937bea5e11,s-eced935cdc84,u-1111a688cb52,p-b21af733327a,v-812023598b5d,,11,1,40.77,2026-11-21 18:45:51,False
c-b70d42e88272,s-b893d400e67d,u-653b2a1b0aca,p-ce44c70f1845,v-18368514c114,ord-5e18806b4856,M,1,66.67,2026-11-21 18:49:47,True
c-2977a65210ea,s-bfa4da5f653c,u-81e243f5d781,p-373910a7c95a,v-5e0d87f0224a,ord-e796852cc0c3,8,1,60.12,2026-11-21 19:03:17,True
c-c16347c88177,s-59069424f7e1,u-248cd3b938fe,p-84e06d920009,v-a79b8e326e07,,8,1,104.89,2026-11-21 19:25:01,False
c-3b247ae824ec,s-54a8eef1b7bd,u-7feeee1bd061,p-d19aae08c4dd,v-7972e26fd3b7,,7,1,82.71,2026-11-21 19:25:52,False
c-bcf0e9fb7e74,s-2b725bc4b146,u-ecabafa8134b,p-6cbc89af68af,v-4ef5589047cf,,XS,1,91.74,2026-11-21 19:39:14,False
c-102c4bde3024,s-d6cb5cf538fb,u-36398bee7493,p-877e5322e204,v-931dd5c55028,,XL,1,42.94,2026-11-21 19:42:36,False
c-9452a6e382c4,s-3c3a84b9df5f,u-f7046171888a,p-670b70b22ff8,v-18c87edad2fa,,XXL,1,41.98,2026-11-21 19:50:27,False
c-21984c174aed,s-f45e086cba9a,u-d02c1d31fce4,p-b8a7b39d0aa6,v-ff18200e08d7,,11,1,57.7,2026-11-21 20:17:25,False
c-de95638a8d88,s-fea908810db5,u-b1cb1ff5e358,p-9efe98b4bda5,v-74b9e629a58e,ord-4f180dcf52d6,XS,1,35.81,2026-11-21 20:26:30,True
c-c568afa980d8,s-02dbb5f2bc9a,u-b85197bbf28d,p-297d37c047d6,v-86c6339c26ee,ord-02f428ca0071,One Size,1,55.26,2026-11-21 20:37:06,True
c-8041fdd69278,s-b80333cc20f7,u-7c94179a60cf,p-ee91cc692e57,v-42b871333b37,,XL,1,46.92,2026-11-21 20:46:25,False
c-6a127c8b0ab5,s-457844dc1bf0,u-401e87e7d73c,p-1fd0fd8f102d,v-0bc4f101abaa,,XL,1,46.31,2026-11-21 20:47:03,False
c-7fee0fd9b754,s-deda07f4ebee,u-88a3767fc939,p-323b05a0bbdc,v-2dbcb6cc3591,,L,1,40.86,2026-11-21 20:56:10,False
c-ecc2c6960179,s-c31298c61c34,u-06bc71d68496,p-3a792a4cb9b8,v-93edfb6653ad,ord-5f632102df6c,XL,1,34.34,2026-11-21 20:57:45,True
c-be1b9ab08ac2,s-b887fe64822f,u-5da126336a78,p-3d285e2b54c8,v-12a43560fdf5,ord-f518caeafa4b,XS,1,45.87,2026-11-21 21:13:23,True
c-4acb71ae798a,s-f3b17c02b4e5,u-b44453dd2f25,p-197441774e00,v-107b56a76d93,,S,1,47.03,2026-11-21 21:13:40,False
c-c50f8eb60817,s-92376efa8dd1,u-51542cd8388d,p-9bf698265bc6,v-75b745228bee,,M,1,48.03,2026-11-21 21:24:30,False
c-6c3f71d2319d,s-92376efa8dd1,u-51542cd8388d,p-4229f736eea6,v-1916b458dcf9,,XL,1,43.16,2026-11-21 21:25:55,False
c-ac63c21d0a96,s-3a141206fb49,u-b81d003c3024,p-bc71a87c4f77,v-6bc3154f0305,ord-f5a10ac6dd51,XL,1,42.64,2026-11-21 21:52:42,True
c-0f22627978f1,s-c25d404ba50a,u-4464779381b0,p-e1ded5d2fe74,v-77d6d7e755b4,,L,1,65.17,2026-11-21 22:02:59,False
c-a93961090a0a,s-64c74355bd31,u-10ea7c81004d,p-d660e4723d1d,v-f290f0008bc8,,One Size,1,24.7,2026-11-21 22:03:41,False
c-83337fd60926,s-04e2ced693ca,u-e7732b24211f,p-b2fc3ba6a5e1,v-879aaf481ba3,,One Size,1,22.18,2026-11-21 22:21:31,False
c-1a903378f7d3,s-e80b5052602f,u-a10ab4601c1f,p-cef95ad640de,v-c7f9dfa14595,,XS,1,49.76,2026-11-21 22:28:00,False
c-9aec0f20ace0,s-82fcd7c83674,u-63e27bc2b510,p-c38221716f7e,v-60e4f8a7526d,,M,1,33.83,2026-11-21 22:49:50,False
c-dd3fe4afcfd2,s-956f36dbba29,u-a02a753fb93f,p-e4dd61f5794a,v-cd84101d201e,ord-60d6ef5d4a68,XL,2,49.96,2026-11-21 23:01:50,True
c-aae3c0c4bdc4,s-4a519950d828,u-7dc00aee2e5c,p-9fc18e888ed7,v-00d6135c9a41,,S,1,73.43,2026-11-21 23:07:43,False
c-3dfdbd2fb327,s-f58a0b0fe388,u-9fbc4f75a5d9,p-fb7c95fbe64b,v-2d569925db66,,S,1,50.48,2026-11-21 23:14:40,False
c-37dc2e419cd8,s-c30408fb6c18,u-58f2af2337a4,p-b68a946fa078,v-84f9c5ad1e88,,6,1,69.4,2026-11-21 23:24:22,False
c-f2188703303d,s-4a000041d811,u-61659145dd3e,p-13faef1e8ad6,v-963de744817c,ord-432a4b121842,XL,1,50.06,2026-11-21 23:24:35,True
c-382c95672ca2,s-1285de3c7a0b,u-e2bbabe279b7,p-5ccd18ae15c9,v-84ffd98c181e,ord-58b923e77b8d,M,1,64.18,2026-11-21 23:31:01,True
c-11eae76376f7,s-13c6cb025291,u-f9b390ea8720,p-6a8af370f84b,v-c4d0ac3fc219,ord-629ea0e7ec68,7,1,56.35,2026-11-21 23:34:10,True
c-3fcc011436dd,s-9116d8154a9b,u-ebfe17d7e3b5,p-5813e3e586f1,v-94d7567940b6,ord-8fa3dcdfe747,L,1,115.12,2026-11-21 23:49:43,True
c-43a5d0d75e31,s-6ebf1cae77de,u-fe9cd47be1b2,p-8cfe65ec97f7,v-0f5ffe84208d,,L,1,91.92,2026-11-21 23:51:12,False
c-5b3d6405f864,s-1f05f11b132e,u-be79558f0358,p-fbd049086647,v-8a3f1198c725,,One Size,1,43.78,2026-11-21 23:57:58,False
c-796c0885405c,s-31e846ec48c1,u-364a95862a85,p-bd1395bd0c4a,v-f68b296c3356,,S,1,61.79,2026-11-22 00:04:09,False
c-2a2c91ad0bd5,s-cf8ae6bc27b0,u-4e96b0f31f84,p-6f9c939d4ff5,v-60aaeac763ac,ord-c66c1bf45310,One Size,1,23.04,2026-11-22 00:20:30,True
c-2dfd05b6c6af,s-2fcc62ad5ff8,u-7c23dfe7190f,p-e089a9875ce3,v-0ca6d023362b,ord-368ff8836f25,XS,1,66.87,2026-11-22 00:22:01,True
c-7eb409dce212,s-6491e548ae1b,u-da354b3adc2f,p-0c1a7725eb46,v-ccfd6f9457c7,,S,1,77.92,2026-11-22 00:40:36,False
c-4fbc39ea3b7d,s-fe1096370bbd,u-9e0cd6265e20,p-af28da2070e6,v-81af41157eaf,,9,1,74.29,2026-11-22 01:04:36,False
c-59d79e0a4254,s-0a5b672ede4c,u-f1116ea559bc,p-0d50a8dc2077,v-5f85e67367d2,,10,1,73.52,2026-11-22 01:05:17,False
c-099fe7f76925,s-40881685a312,u-47a67c054dfe,p-08933952b14c,v-5713874a03b3,,XS,1,60.51,2026-11-22 01:17:54,False
c-e2ef82160760,s-757a5b2d6fbd,u-9e3715779c20,p-55f96bec8bc5,v-e221de493ba3,ord-f093823ad3c0,S,2,50.6,2026-11-22 01:36:29,True
c-1d7336a71799,s-9efaf43e3162,u-820fba5f3d8c,p-00467fe6aa89,v-1e4ef1858150,ord-9b63722d6e6b,10,1,104.31,2026-11-22 01:43:45,True
c-68e5a6071955,s-24c2eb2ce470,u-160a8b2e1d43,p-53b683fed0ce,v-edc8c937114c,,XXL,1,87.5,2026-11-22 01:48:20,False
c-780144eef783,s-8288ee31670f,u-3f2f3339d811,p-586267b99b1c,v-2e72cfe31353,,M,1,37.26,2026-11-22 01:53:28,False
c-1426c90e34b7,s-502fe05f3145,u-1d497bd86bec,p-0f8e0ab00784,v-a18d98d71324,,L,1,32.36,2026-11-22 02:12:41,False
c-b532affb8ec2,s-62d89b746c81,u-ef300b5ee5af,p-9672d4cd4fa5,v-a53402cd0c36,,M,1,52.72,2026-11-22 02:37:48,False
c-692cde8f24fb,s-7c4a41c6c7f6,u-d04437aeacbb,p-9ebbe0b19e30,v-e23d667e7645,ord-1b98c3a2f3a4,XS,1,72.27,2026-11-22 02:38:40,True
c-32581a99e2bd,s-529de6a1defb,u-dde01190dc02,p-d312425a2284,v-ccdf677ad4cc,,7,1,144.3,2026-11-22 02:50:12,False
c-5a7c41ae0357,s-947193c3797a,u-aa4016ba29fb,p-6535d0b8061b,v-d7a89c5d47d0,ord-8f7c3c12e99e,XXL,1,92.87,2026-11-22 03:03:02,True
c-1379c1694bb3,s-0b98577fcf6a,u-407e903a3938,p-b5d68534f459,v-e0fab46dae6b,,XL,1,34.24,2026-11-22 03:43:19,False
c-3a8068030ad7,s-b3d6e684f742,u-8455107ee200,p-c5c41af6dfe7,v-9d54c7718ec9,,XS,1,84.67,2026-11-22 03:43:30,False
c-df004b40f19b,s-c044e6da411a,u-184f35fb78d6,p-a1e9998937e2,v-6c782bbf0a2a,,XL,1,41.44,2026-11-22 03:44:27,False
c-b31ea8476919,s-d223eb959fa7,u-ebc486e6c389,p-b4d6f4d20ad6,v-b9717e92b7ae,ord-f423048d5dc6,XXL,1,41.28,2026-11-22 03:53:35,True
c-10945f72d28f,s-a5db1e6d4bed,u-958845ca7117,p-884e758908f8,v-03ad6622bc30,,XL,1,40.33,2026-11-22 04:09:41,False
c-bece8f5a89d2,s-3c67afb0b850,u-491f58684263,p-55abfbffd739,v-e94ce687665b,ord-b19f84ebdfdb,L,1,28.34,2026-11-22 04:17:23,True
c-f75b9dbb7d95,s-3c67afb0b850,u-491f58684263,p-c2bb73d5a727,v-0b06b88fc74a,ord-b19f84ebdfdb,L,1,40.66,2026-11-22 04:18:05,True
c-18d2f985d871,s-3c67afb0b850,u-491f58684263,p-6197f22aca17,v-e22dfa9568e1,ord-b19f84ebdfdb,XL,1,52.06,2026-11-22 04:19:03,True
c-85217b4c03d0,s-3c67afb0b850,u-491f58684263,p-8d1825ed4855,v-f06e04b44c63,ord-b19f84ebdfdb,S,1,38.17,2026-11-22 04:20:19,True
c-000172245a1a,s-e3e30a6964fd,u-183e79489403,p-e87ed4fee08a,v-676de900130c,,L,1,33.13,2026-11-22 04:30:26,False
c-bf643c49e41b,s-834fd72440c7,u-4eb0c9c36f8a,p-f1cd7b85298c,v-914923836523,ord-5a80381bfc2b,M,1,17.8,2026-11-22 04:41:03,True
c-13fbe4dabc9b,s-b8b3da077b82,u-b6a144749ab0,p-a69300b85fa7,v-0e03cdeea0f6,,S,1,53.33,2026-11-22 04:42:30,False
c-488a58a19a39,s-36b726689ca0,u-1f8ab3fdfcc9,p-4faacc36fbae,v-c3eae580d14c,ord-87c9a8de6a76,One Size,1,38.16,2026-11-22 05:00:40,True
c-5585fa9753c5,s-36b726689ca0,u-1f8ab3fdfcc9,p-4f0489133aae,v-391f75529499,ord-87c9a8de6a76,S,1,46.35,2026-11-22 05:02:20,True
c-d4f54b34a04f,s-50c553dbb68b,u-505328fec415,p-ac5a3a657cfa,v-a7ade045bc2e,,XL,1,48.83,2026-11-22 05:03:25,False
c-704c3af56a31,s-36b726689ca0,u-1f8ab3fdfcc9,p-22b0ddeac786,v-feb0a746731c,ord-87c9a8de6a76,One Size,1,96.33,2026-11-22 05:03:59,True
c-2ef1af0df30b,s-50c553dbb68b,u-505328fec415,p-2aa83cc3b378,v-ff0f24ed7cab,,L,1,66.08,2026-11-22 05:04:32,False
c-f23c874dca99,s-8c2b97a5614e,u-25e18e0cce89,p-11da1292c305,v-eadb49c841a0,ord-09255ac475f9,One Size,1,52.3,2026-11-22 05:16:08,True
c-8ae1ea8abaa2,s-b9521b942c8b,u-364a95862a85,p-841e04f8cfa3,v-c8741c10f37c,ord-3a912c1431b6,S,1,89.52,2026-11-22 05:17:04,True
c-4349f20e4bc9,s-c28832e4d2f1,u-62b96cd589c1,p-7100d85bc108,v-8297fc29155d,ord-4fffb6c6c9a2,S,1,32.96,2026-11-22 05:17:34,True
c-90c90adb358c,s-ac7f85403da7,u-bfd87fd9ea67,p-36ef66bfcddf,v-345739ac8f57,ord-736937705cda,11,2,85.32,2026-11-22 05:22:51,True
c-cfeaf18ac92a,s-cff3d05dbd94,u-d0dba6730d60,p-adb0d6a94a5a,v-22256cdf642b,ord-0192bd821984,L,1,50.21,2026-11-22 05:34:28,True
c-8a458c67349b,s-dc351217ee57,u-e197171b40e6,p-9ea54d44996e,v-dab95824fc1f,ord-079394345f6e,S,1,54.1,2026-11-22 05:55:47,True
c-cc8ba78ea6a8,s-9dca4d75397a,u-fda2843baeb8,p-29c5ff163998,v-3bbce3904fa4,,XL,1,13.73,2026-11-22 06:03:22,False
c-20059b8a93f7,s-cef78809e0c0,u-50fd64c8f654,p-e3bf8ed97d4c,v-d43d3833d28b,,XS,1,57.23,2026-11-22 06:19:46,False
c-e84baa68f4d3,s-684cf91ff684,u-aed49680a06b,p-a1c0e35d7eb4,v-44871f600630,ord-b71730df4e97,XXL,1,62.21,2026-11-22 06:32:44,True
c-d2f46f9f1edb,s-f89def1fbeaa,u-d0367d7fd0c6,p-81736c770af9,v-5735642e2a35,,One Size,1,45.64,2026-11-22 06:47:05,False
c-2cbca3840bca,s-7befc68a2b4c,u-7b922a00fb69,p-5e573a183823,v-f5874426cb2a,,XL,1,54.77,2026-11-22 06:52:20,False
c-f117a5e2377f,s-d5cf7d4879fc,u-aa02ff4a3037,p-08933952b14c,v-f864bc5df6bd,,L,1,60.51,2026-11-22 06:53:12,False
c-55c11e61e052,s-56d128f42b05,u-6283b58050c4,p-7fb7f84c7f18,v-b5864219511d,ord-e0ab7651a0b2,M,1,79.19,2026-11-22 07:00:49,True
c-021fd63194ae,s-777b5d03cd6f,u-954ef15e4d38,p-8ad88363ea13,v-0f40eda96762,,S,1,40.84,2026-11-22 07:04:39,False
c-eef2d3678f16,s-940eeec46294,u-48c0bd10eda7,p-4a69548d1dea,v-d6728cc015d0,ord-22ce20d24609,XL,1,55.29,2026-11-22 07:05:07,True
c-50eb994eabc4,s-ef40c34b182e,u-32b5dc73acfe,p-5c7daba21237,v-a7106c91bbd2,,L,1,47.54,2026-11-22 07:07:39,False
c-bcef9f88a874,s-375d90822150,u-90313699a655,p-a2b6b2d4e975,v-f8a36e24c66e,,10,1,118.97,2026-11-22 07:16:35,False
c-7bcb970165a8,s-d79ccc47402d,u-5a6b6381b01e,p-033cd649d948,v-8b16e0b5e1fa,,XS,1,28.14,2026-11-22 07:28:46,False
c-d8d8d9f1bee6,s-d79ccc47402d,u-5a6b6381b01e,p-ee2e68509020,v-1eafde5e678a,,S,1,44.3,2026-11-22 07:30:12,False
c-d2dfeac0e5b3,s-31face4ec57d,u-27587ded08fc,p-e7cc73592ec8,v-6f15a64a3420,,XL,1,74.41,2026-11-22 07:49:07,False
c-f65525acaec8,s-d6cafe4a1d71,u-0568d75de75e,p-16cc6e122e17,v-d4bba5240113,,M,1,57.67,2026-11-22 07:50:26,False
c-de4ced42c24a,s-36f6eedcc350,u-6a81d262a0f1,p-bd2f2d0f3c75,v-b91f70efcdf1,ord-5c058dc3a9ba,XS,1,43.55,2026-11-22 08:02:58,True
c-488ff86463ef,s-8e008b012e9d,u-24f1bd0bf564,p-26b79f79e7d2,v-53036e64ef5d,,One Size,1,63.8,2026-11-22 08:06:54,False
c-8095da76e1f1,s-e4ac31b3f079,u-77be93e17c41,p-adbf5cb455f2,v-6ad351676331,ord-78395e1ef158,7,1,61.72,2026-11-22 08:20:48,True
c-1b45b05e67c4,s-4e6f8db6699c,u-ba8c8aa4170e,p-1c962a7f75aa,v-65af6dd6293a,ord-e096c2104d7d,L,1,38.97,2026-11-22 08:31:26,True
c-1e8a750ffd3e,s-96e38edb240c,u-215c48259543,p-60f7acdd8fe0,v-5dc43fd957c0,ord-60d975e4fc38,S,1,50.81,2026-11-22 08:31:53,True
c-38d85ae2ad5d,s-4e6f8db6699c,u-ba8c8aa4170e,p-3cefa39bc7cc,v-a677745a88ac,ord-e096c2104d7d,M,1,66.51,2026-11-22 08:33:25,True
c-05660b8214d4,s-a19c2fb6cfd2,u-a19632d5640d,p-e1973ed20a00,v-d5402c6747fa,ord-71129b74508b,L,2,34.07,2026-11-22 08:48:13,True
c-e9b9ff335b88,s-44464408cc63,u-6b9df249a565,p-afe4cf7491e6,v-bd24fa423865,ord-db5ba1486ded,M,1,77.78,2026-11-22 09:22:58,True
c-30a3c20b4566,s-4867b693fc84,u-e18790fdefac,p-43b6090e4f63,v-57f4f876778e,ord-ed5882d7736e,8,1,87.06,2026-11-22 09:33:54,True
c-f43b28a4f2ce,s-74a514d30fc0,u-664a17a491c1,p-02927b25cb41,v-740cb5a29135,,S,2,56.55,2026-11-22 09:36:12,False
c-65a46dda8180,s-74a514d30fc0,u-664a17a491c1,p-3157e9d01d18,v-156f8bd2e528,,L,1,42.64,2026-11-22 09:37:12,False
c-08769176aa58,s-4a6ee30985d7,u-9b4ceb46e46e,p-2b59fa33730d,v-e01b41cb7123,,L,1,31.23,2026-11-22 09:38:11,False
c-7e6f3348c384,s-4a95a7a74547,u-3a61ddeb5f3d,p-a96f6b41622b,v-11b8e7a469c8,ord-165c3b2b0194,XXL,1,57.86,2026-11-22 10:00:57,True
c-613f246ec6c4,s-8c9bd25f141b,u-724e21e91b92,p-4d60c52a0c64,v-e928f5c87d42,ord-f9c9f1e96a0c,One Size,1,25.71,2026-11-22 10:04:57,True
c-fe5ef2201bfd,s-18e3772ff040,u-1a1021883d2e,p-06f0ecdca59e,v-e22ca38ec699,ord-6990de1526ce,S,1,45.83,2026-11-22 10:05:35,True
c-70ecf4c3780d,s-da94c5992a93,u-c696c58fdd79,p-46e5bb235246,v-ee0f278b58c6,,One Size,1,68.25,2026-11-22 10:07:59,False
c-4cc12fdb9f4e,s-da94c5992a93,u-c696c58fdd79,p-8749fea2f4d0,v-213a3a482381,,One Size,1,80.66,2026-11-22 10:08:30,False
c-578e755c4017,s-0601db93316f,u-da5f50d09364,p-c3ce6086cea0,v-f0b3e4d5128f,ord-1a2921775b8f,L,1,28.28,2026-11-22 10:19:15,True
c-a293ebf9238f,s-b5b142e036bc,u-dd24e6dd2441,p-206c70749a02,v-433a21c98ac7,,S,1,55.24,2026-11-22 10:24:21,False
c-f5470928b486,s-72629d956eb9,u-51c58cb2a487,p-d3acf9d68782,v-6d7de7abd247,,XS,1,34.05,2026-11-22 10:31:59,False
c-198baf55444c,s-1e3c20a2444f,u-11150082caa7,p-5639a744c9b9,v-79ada24a7701,ord-bfcc91e8ce41,XL,1,58.93,2026-11-22 10:35:41,True
c-779df40822a0,s-96e1726e02c2,u-2e9b7915b087,p-70315f2c0057,v-b6c820cb89d9,,XXL,1,42.67,2026-11-22 10:43:36,False
c-3e454fb4eb0a,s-6e62725ecd16,u-5de29a23be09,p-5df4ecf0cd12,v-a4699763775d,,XL,1,38.21,2026-11-22 11:01:49,False
c-c9f5d03e2939,s-3ffdb8e23350,u-0fd0a5854e05,p-f92d27f00d3f,v-27e762670a2a,,XL,1,54.27,2026-11-22 11:07:33,False
c-18471c4e1fb8,s-7da96661ca4b,u-954585638254,p-46e3219d489a,v-3d6b31588097,,7,1,114.86,2026-11-22 11:17:03,False
c-dc99d8d6daf3,s-7da96661ca4b,u-954585638254,p-4ed4e987ef74,v-effdf1f1df84,,S,1,29.29,2026-11-22 11:18:30,False
c-02c6298136fc,s-9a5fb8731725,u-2c06b010f278,p-d0ebbd8f2c23,v-084be3bee2ce,,XS,1,35.35,2026-11-22 11:22:43,False
c-481fada182d5,s-d2c93483fd4b,u-e43055c2ce6a,p-659473edc014,v-4322ba4993f2,ord-aaa9ee8103e8,One Size,1,40.26,2026-11-22 11:30:25,True
c-82941d47f268,s-0640a710ed8f,u-4ce815bb1b8e,p-41c47ddd791e,v-ac5e45370547,ord-7b1397c38d4d,6,1,116.6,2026-11-22 11:35:48,True
c-42f74f271fcf,s-1e88e95d5aa7,u-1a7b0ae0a097,p-42805c44e2ab,v-522693907eb4,ord-bf1df0d8b6c2,9,1,62.38,2026-11-22 11:46:32,True
c-271d5c2a5680,s-59d6d97b23e8,u-503135b7bbfe,p-744a56bb2a3a,v-51c4fc408fe1,,6,1,41.93,2026-11-22 11:55:30,False
c-367e5acd48f7,s-036d915fc4a4,u-f448be3ed2f0,p-104e6911401a,v-19a97650ef7a,,XL,1,39.09,2026-11-22 12:02:24,False
c-911652448ba3,s-2675f442c265,u-88513283a11e,p-435ddacaaa03,v-f4bb8431be86,,XXL,2,35.0,2026-11-22 12:10:17,False
c-43c1a2e0f15d,s-9580157ce5bd,u-785776303267,p-0ec780797f59,v-90d8d1f4912d,ord-71902cb3f0f8,M,1,53.36,2026-11-22 12:14:31,True
c-62fba5e40df1,s-a9a8376bcc69,u-6b005325dcd0,p-d512afec01b8,v-919d73f8fd25,,S,1,65.6,2026-11-22 12:18:57,False
c-4d33f04183fc,s-1f8d1da04b8f,u-c4558338cd50,p-fe66ab501149,v-46a69c6459d9,ord-0e0ba1944cd6,XL,1,59.39,2026-11-22 12:19:55,True
c-45fde7d8b3a0,s-8ac26a11c13a,u-f17fd0d01335,p-8b63f71db8fa,v-89749e840c14,ord-112db1582246,One Size,1,105.42,2026-11-22 12:23:17,True
c-100ee2b28521,s-d761230e82b0,u-7199a63929bb,p-42ade3abd0a4,v-455b48764631,ord-730503dbb63c,10,1,69.08,2026-11-22 12:28:36,True
c-3fa5c9c1c0b2,s-d761230e82b0,u-7199a63929bb,p-0d76f2f69781,v-c05e96de34f6,ord-730503dbb63c,XXL,1,34.88,2026-11-22 12:29:02,True
c-325ccb0b886b,s-fb453ec6f7e4,u-235c03ca5023,p-2e1138dff55d,v-4cf6221b778b,ord-5b1591103f53,XL,1,53.74,2026-11-22 13:10:28,True
c-0f073b5ede7f,s-ec4cd7d8dec2,u-eff195f5b743,p-538030e34bb1,v-202605abcd13,,One Size,1,31.84,2026-11-22 13:24:03,False
c-c0a873dbd2ac,s-3b5b5a675c1b,u-811b6cad83f2,p-5d9db5aa29c1,v-7f83cfc70af4,ord-878ff0d78db1,11,1,83.67,2026-11-22 13:37:54,True
c-4033b14e0d6b,s-276b5469ec61,u-efaa5221096f,p-a37a511b08fe,v-a2be5fdd53fb,,One Size,1,37.94,2026-11-22 14:02:42,False
c-787a5e92da2f,s-b085c97482ad,u-e6cf1e81ee1f,p-1a162cf9b8c9,v-5f128214c5c1,,M,1,59.4,2026-11-22 14:17:46,False
c-0b27621c8f6b,s-65e0f26b919c,u-eeff4f509f40,p-504262c29c27,v-22add3b6de9a,ord-efb1b02df99c,7,1,111.69,2026-11-22 14:19:24,True
c-6c615ce3b406,s-34eb9778d7ff,u-101caee73cb6,p-97882f0f3cc1,v-803e657b03c9,,S,1,56.84,2026-11-22 14:33:00,False
c-6333f6d66d54,s-13a300a22a50,u-0ac0837a09ae,p-a136dad25c26,v-8a4638dc829b,ord-bfcdd1f36226,XL,1,26.83,2026-11-22 14:53:02,True
c-a60a556cc4ee,s-0adb111dedac,u-f5d3ca8b1896,p-ca6ed4035275,v-3a89ff0ce96e,ord-138fa66c345c,L,1,51.0,2026-11-22 14:55:53,True
c-e62a2ed346a5,s-0adb111dedac,u-f5d3ca8b1896,p-1a609bdefd2a,v-a46b52ae30df,ord-138fa66c345c,One Size,2,28.02,2026-11-22 14:55:56,True
c-cac9b1369a5c,s-e2926b1a21a9,u-5139e0fa28cc,p-a8be86e6a602,v-fc3e9da56731,,One Size,1,36.92,2026-11-22 15:17:19,False
c-4c687e848de4,s-67a8d7bf40d1,u-be22bfcea788,p-165c912688bd,v-2ed262e6c702,ord-d4e59b38a66d,9,1,95.29,2026-11-22 15:20:13,True
c-d52b8929fea1,s-3fe6244eb222,u-a8e10cc521c7,p-24eb929e6b54,v-fa22abd5fe1f,ord-864214f51a19,M,2,46.64,2026-11-22 15:30:28,True
c-cbcaaabc0666,s-1eef041207b3,u-1628a2113465,p-9541a10dcdd8,v-0ba5632c63da,ord-67f632f4eba5,L,1,48.28,2026-11-22 15:37:58,True
c-c3b5c10049b9,s-caba43b6b419,u-8a8506552f8f,p-dc8bccb1bc01,v-36d9b66f1973,,S,1,18.02,2026-11-22 15:38:30,False
c-9c01ea829e6f,s-3e6234d95da6,u-728885cc8118,p-b4451462eda7,v-26a6e85638d4,,XS,1,62.17,2026-11-22 15:39:02,False
c-0c9111cb200f,s-85a49e619620,u-7b22b69b3e7c,p-7fb30797d81f,v-44a3993d9017,ord-ff3d17338825,XL,1,74.36,2026-11-22 15:44:32,True
c-2421e3b8dc0f,s-ff7b5f575a84,u-a581ce885b6e,p-b32bd68960e3,v-4139433e801e,,M,1,58.56,2026-11-22 15:49:57,False
c-ee180d0beb23,s-446f39917f29,u-5b39b463349a,p-7d28e2ca0722,v-541f807db581,,S,1,40.58,2026-11-22 15:50:13,False
c-a938951479c7,s-823add3d6c04,u-9aded3a80000,p-cdf70afd2b94,v-aea2d9fc0ade,,XS,1,38.84,2026-11-22 16:04:39,False
c-4957c420bf45,s-0e0b40fb0cfc,u-3a21ca368917,p-866026ab9dd8,v-a064ae4c0159,,L,1,46.78,2026-11-22 16:33:17,False
c-19278c5e975b,s-08a32bb68e0a,u-1a81d0453866,p-9761886c8bae,v-8b94a7b230bd,,One Size,1,55.01,2026-11-22 16:38:01,False
c-5bbe0e980907,s-968982bbe4f7,u-6d4a445081de,p-a6dabcb913c6,v-2dcfaa22a08c,,L,1,50.6,2026-11-22 16:40:37,False
c-ec17b40b1151,s-d265690b66c1,u-37570600ba66,p-9e175fd68572,v-062bab2199fc,,M,1,36.05,2026-11-22 16:50:12,False
c-c1553a3d2152,s-00418d1f445e,u-06687cc5c5a7,p-42b6df636be3,v-beb57a49ddaa,,XS,1,79.26,2026-11-22 17:14:02,False
c-6844772e140a,s-126d6c7bca6b,u-c83bb905607f,p-d90ddaefab66,v-8c49f45fceb7,,10,1,77.55,2026-11-22 17:14:31,False
c-d692158386e4,s-3af1a06aed54,u-95025c8f7d5b,p-82f9cee71a01,v-4ce6b1068729,ord-c6b92398963c,XXL,1,33.62,2026-11-22 17:21:58,True
c-b78beb722d70,s-a36b9674852c,u-9322a50f829e,p-5413d2e930af,v-185e5b14d90c,ord-8c904e4b76f9,S,1,22.75,2026-11-22 17:29:25,True
c-1a8ee4eae42a,s-156da028d52f,u-837a26a97196,p-b43ff880f319,v-1271e0d2babe,,XS,1,121.0,2026-11-22 17:32:54,False
c-4ae0c40f54b7,s-520db30af49f,u-30d46b99815c,p-bd2f2d0f3c75,v-6fc2b8753702,,S,1,43.55,2026-11-22 17:33:50,False
c-d8235c989fbf,s-1f5de9ccf216,u-dddbafdeb10c,p-86e3367a612f,v-7ae8a12f7cc4,ord-c6a87eee3a5f,One Size,1,31.73,2026-11-22 17:36:28,True
c-bbec97fe5e57,s-4d6011cdc67f,u-ef126b068ae6,p-1a99ac9daee7,v-136e4069d2c9,ord-d884bd56cf85,S,1,88.87,2026-11-22 18:14:56,True
c-fb81398dfd81,s-b3cb4ca31849,u-00c673364c17,p-5c7daba21237,v-ad4b69b13c3c,ord-f570b7c398ec,XL,1,47.54,2026-11-22 18:21:10,True
c-f4f15803d6de,s-6d8fabcc9f1b,u-7e648b6f723b,p-3d7011eb159b,v-8101d35c859a,,One Size,1,103.77,2026-11-22 18:30:48,False
c-882944dc4937,s-6d8fabcc9f1b,u-7e648b6f723b,p-3e61dd56fa9f,v-312353b8bb28,,One Size,1,52.93,2026-11-22 18:32:50,False
c-a0cd7c9e9290,s-0b093b13e09c,u-9ab89d77f7f0,p-a80c401c9c7d,v-4904cabdc066,,S,1,55.96,2026-11-22 18:44:24,False
c-79308d02ab10,s-0b093b13e09c,u-9ab89d77f7f0,p-b607025f8386,v-47afcc8eff9f,,XS,1,79.28,2026-11-22 18:45:10,False
c-d902d0693fcd,s-afaf983011ba,u-cec20e3b2697,p-953edb8bf0d2,v-a9eba8b8d705,,XL,1,60.37,2026-11-22 19:00:17,False
c-cb525b767f3b,s-2bb2ab654ad0,u-b6285fd366aa,p-8ee2a695745a,v-9a896ad4fbb9,ord-25714b479fff,XS,1,33.03,2026-11-22 19:07:57,True
c-af04ebf90507,s-4d698a940ce1,u-498b05399ba4,p-ae11fc87247e,v-c0e15e901f7c,ord-2c25c6bbef12,XXL,1,55.29,2026-11-22 19:17:09,True
c-5bdec5cf0400,s-c567e88837f5,u-ec48e783b66f,p-1e8aaed3ffff,v-9462483cf55c,,6,1,106.06,2026-11-22 19:18:05,False
c-42f98f815474,s-6af5806c37e4,u-e1259fdb1657,p-26b848cb6a4d,v-7264f8a8f720,,XXL,1,63.57,2026-11-22 19:23:55,False
c-bd45c8ec6ebd,s-6589a2dba38b,u-6f191c80ba97,p-e051faaf68f3,v-3a5e9b43a983,ord-056d7726c871,10,1,129.15,2026-11-22 19:24:47,True
c-7712c41a8cfc,s-18ab12c8f4e6,u-6ae5b95b338a,p-63df77a65ce5,v-9476cad152ba,,M,1,58.86,2026-11-22 19:26:45,False
c-531be99270e5,s-92afd046ff6e,u-485e6b80b653,p-5465204dee28,v-9d57c1e59fc7,,M,1,34.51,2026-11-22 19:38:22,False
c-b7ea9da2a647,s-cba89ea0fcc2,u-7454dca0f7ef,p-451d35ee28e3,v-56d6fafec4d1,ord-a5500de3e4dd,XL,1,61.88,2026-11-22 19:48:49,True
c-0edc60a38924,s-add5473de5d4,u-46b7af84a849,p-a2635dca46b2,v-d7af3874e17b,,XL,1,36.66,2026-11-22 19:51:21,False
c-3a1095618a48,s-f4b9d9ac41a9,u-f0c0e850b7fa,p-32c5c09de0c4,v-54cb0b77041b,,S,1,21.73,2026-11-22 19:53:00,False
c-776c66f54f04,s-373d4cfaa28d,u-875a2a92fd10,p-7413840e8b15,v-f619c15262b2,,XL,1,35.38,2026-11-22 20:01:15,False
c-45d5c48bef13,s-bae96f9dcf20,u-2a52058d8c8a,p-a96f6b41622b,v-f89f9dc5f44e,ord-3bdd378e4e33,L,1,57.86,2026-11-22 20:06:48,True
c-a1fb14f2dd6b,s-1f59479ded5c,u-72affab3cd21,p-6b6f396bcaec,v-6b315bb2a452,,S,1,43.7,2026-11-22 20:16:54,False
c-fb218dbd3557,s-a29b483a0844,u-914bef4ca17b,p-409ea248f923,v-3d0825cca9b1,,XXL,1,78.13,2026-11-22 20:50:35,False
c-500082c0ece1,s-5806c76daa5c,u-67bf4811e0a8,p-4e60bf84efc8,v-39f66947d6af,,8,1,48.33,2026-11-22 21:01:56,False
c-36388af517ab,s-d1f535c05fd6,u-91e6daa58149,p-bf48dbcd8369,v-832fcad80839,ord-8a3f1eb23484,XS,1,55.05,2026-11-22 21:02:36,True
c-d79109891650,s-5806c76daa5c,u-67bf4811e0a8,p-1aabf9b76068,v-fe4c8777d8a5,,S,2,78.8,2026-11-22 21:02:43,False
c-e64fb7a3d85e,s-3ded0f2dd75e,u-8b4a86e33d9c,p-195b9cb9d02b,v-0bb8d1efd0fe,ord-550203ca6dae,XL,1,20.5,2026-11-22 21:05:37,True
c-cfd46c433aa8,s-a2d8863adf6c,u-5e3bdad34384,p-84dbfef707f7,v-6cdd951cb363,,XL,1,39.21,2026-11-22 21:06:02,False
c-f6a56ff8ac4a,s-a2d8863adf6c,u-5e3bdad34384,p-879607558737,v-1efdd27724a6,,XS,1,34.93,2026-11-22 21:06:09,False
c-dfbd1010de32,s-a2d8863adf6c,u-5e3bdad34384,p-feb10e6ec6dc,v-d180bdc96499,,L,1,64.32,2026-11-22 21:07:14,False
c-ae092e469142,s-c13f49c6670f,u-92033bc3526a,p-ddf414f69e8f,v-51c1b812f7dc,ord-db0b77b07b37,XXL,1,71.4,2026-11-22 21:08:05,True
c-099ea3ddf117,s-e9588a3decee,u-15bba1f5efb6,p-14ff73c38b7c,v-a93946c4ad3d,,One Size,2,100.41,2026-11-22 21:22:46,False
c-c2507bab2ab5,s-5e453ffb6c8c,u-a0ce7da0f219,p-5d6fe0443525,v-92d684ed4b54,,S,1,39.49,2026-11-22 21:27:37,False
c-cf9c7f5cad2d,s-772e83d92e32,u-ee94e970939f,p-ddb69fecdb75,v-111935dd01ca,ord-50bda394d543,XL,1,89.04,2026-11-22 21:54:32,True
c-a568fe7fbbce,s-5e3d8d677472,u-475782a483a1,p-48e02a9e02b7,v-755e057b99ff,ord-6b0d542b0001,S,1,112.46,2026-11-22 22:12:54,True
c-fab81f8f593b,s-7e8269620076,u-4290bac71c31,p-e0e09bfb3a13,v-7fb319b777b4,,S,1,36.23,2026-11-22 22:18:41,False
c-592f41733b85,s-fcd01d562d81,u-91a189ea5504,p-0940c8a5ab1f,v-57e6b20a4b22,ord-2c239cc58c42,M,1,45.44,2026-11-22 22:24:31,True
c-f6ffebd96f8a,s-e30bf6c6801e,u-aa1a768de085,p-55c9c1ff0442,v-3c4e13e3d205,,XXL,1,101.41,2026-11-22 22:42:58,False
c-2a62895b5eff,s-fecb77804573,u-c5aaa5368e2d,p-6e65bbd6ab87,v-c0e059dcf996,ord-59036045dee7,XS,1,76.43,2026-11-22 22:48:44,True
c-d5db04c8a8f9,s-30e8a38b91ef,u-4adf56795b36,p-4904d614c34b,v-457bdaa20b0b,ord-236f0d374471,XS,1,59.37,2026-11-22 23:11:23,True
c-7b6755edea5c,s-6ab8a56a5634,u-261b8c3869d6,p-8a62a61eba92,v-b1d785177a40,ord-2151f6145dda,XS,1,88.09,2026-11-22 23:29:17,True
c-28c0b058efa2,s-6ab8a56a5634,u-261b8c3869d6,p-3ab4f6a8dc27,v-39a512032e8e,ord-2151f6145dda,XL,1,64.54,2026-11-22 23:30:05,True
c-a8b30e22053d,s-6ab8a56a5634,u-261b8c3869d6,p-2df786ae0c97,v-ab4abb064ca3,ord-2151f6145dda,L,2,43.23,2026-11-22 23:31:15,True
c-dec65206392b,s-48f1320bd225,u-8efa50bcb220,p-69daf4452ca8,v-57fc1ac36951,,M,1,23.55,2026-11-22 23:31:31,False
c-6fb2ef7e6d5d,s-5a8a40d6ffef,u-603d39fa7246,p-6daf00431a54,v-41ea651a47d2,,XS,1,61.1,2026-11-22 23:57:38,False
c-4b9931878e42,s-d69f0fdf7399,u-7c171f3fc5b9,p-344e8d7aa634,v-896f538c3afa,ord-9210758f63de,XS,1,64.32,2026-11-23 00:13:04,True
c-58e1d8ea99cd,s-5419e63c1305,u-b903a56918b4,p-63c6fd02965d,v-ed989830c7e7,,XS,1,78.4,2026-11-23 00:24:07,False
c-2a2b199476dd,s-ac0173eb4417,u-36a79b7e3e9f,p-8d0df50f6118,v-21f682b59289,,L,1,82.84,2026-11-23 01:00:22,False
c-6c8acb8b7bf4,s-98a6cb4dee0a,u-02247f91e133,p-8493fde57fa9,v-70c664de0bcd,ord-1d79703cf685,XS,1,31.88,2026-11-23 01:10:43,True
c-453722e5bc68,s-76d71b844baf,u-2f653c3836d3,p-a3a36d3830e9,v-380e46dc6274,ord-d17e5a82e804,M,1,54.32,2026-11-23 01:15:20,True
c-d8236b3621a1,s-e78b44995b0d,u-c001b0bd9343,p-63ad9a5b8644,v-516da445bc12,,M,1,59.05,2026-11-23 01:19:43,False
c-246d9cdaf37e,s-56425c0fea1f,u-a9c852b30e0e,p-63df77a65ce5,v-e64b493e9d85,,S,2,58.86,2026-11-23 01:22:20,False
c-6ce2d2329e00,s-2e882dd2a8e2,u-f408ae391d81,p-f6f485d31c53,v-b8cb86f648ed,ord-543ff53c56b9,11,1,88.55,2026-11-23 01:29:14,True
c-b66da750b0d9,s-a60fbba67d7e,u-adcffea1d07a,p-8d66035c760e,v-78ddedf2cb99,,M,1,21.46,2026-11-23 01:31:15,False
c-684d79196683,s-239dcb0c1973,u-f47e2d3f93e3,p-5bf2b05de330,v-335978f06e66,ord-ece3213952c0,One Size,1,52.16,2026-11-23 01:37:36,True
c-ef2e1b52ae9f,s-4915f8ec8f20,u-a79c48c7c653,p-44bdd1dfe5ec,v-1742b1c1871a,,L,2,46.95,2026-11-23 01:39:57,False
c-d8eb3c946dd7,s-ab8bb79d0557,u-e7f036574a34,p-6a0a5ab6b0fc,v-f3eb58f47e1f,ord-964ee589a4b4,M,1,80.21,2026-11-23 01:49:53,True
c-3ca99357c301,s-77e5b77e2204,u-9c99c3314b47,p-1adf07a88a4d,v-e86f6ecd0270,ord-7c0f8385ee08,M,1,66.89,2026-11-23 01:57:45,True
c-555883618f04,s-77e5b77e2204,u-9c99c3314b47,p-1202dfcc07cf,v-f2cf50438984,ord-7c0f8385ee08,L,1,32.52,2026-11-23 01:59:45,True
c-b2fe8329d980,s-ef48a6ad105d,u-dcdc6a601902,p-e68be0178846,v-6352f2b0937a,,XXL,1,24.06,2026-11-23 02:03:16,False
c-700308548bdd,s-21507e533e99,u-49d119767564,p-81c9b9f1418b,v-cd22e9ec1c36,,M,1,88.01,2026-11-23 02:13:03,False
c-927b5e9a7986,s-19919af8a646,u-2e40d5450e26,p-d8080af38c48,v-ffe324928add,ord-126a2cbb5a7f,XL,1,27.12,2026-11-23 02:45:58,True
c-dd3297c70858,s-69281633aa8e,u-8c4cf2086398,p-afe4cf7491e6,v-21d45f224c96,,XL,1,77.78,2026-11-23 02:57:12,False
c-824ce3988d46,s-69281633aa8e,u-8c4cf2086398,p-5843cdab26b1,v-fb942c4baa68,,L,1,60.33,2026-11-23 02:57:17,False
c-747c56a106cb,s-996b2bed3e7a,u-7e2442c14671,p-fb7c95fbe64b,v-a31de1b036fb,,M,1,50.48,2026-11-23 03:01:53,False
c-f11ee52ff8cf,s-fde785cb6b63,u-513a60eb0882,p-841987c6ed6f,v-114055b533c5,ord-580f6c96eaf5,XL,1,64.34,2026-11-23 03:13:00,True
c-b795db8ec6be,s-93d7a7c4f521,u-92012cc8f37f,p-62367f6046fc,v-02ff3b3dcb30,,One Size,1,46.19,2026-11-23 03:22:14,False
c-66c98e58f987,s-e36ef0a7e984,u-391d718a4fa9,p-fd84f6a26e19,v-7310cada99ae,,M,1,37.41,2026-11-23 03:22:24,False
c-207e2deec573,s-905a6d39175b,u-07e4f05e0165,p-38016f7fa667,v-fd25f0c3abc9,,XXL,1,42.7,2026-11-23 03:30:38,False
c-670fd0f3869c,s-905a6d39175b,u-07e4f05e0165,p-6f9c939d4ff5,v-2d68a87a8521,,One Size,1,23.04,2026-11-23 03:30:51,False
c-2008cb6ee275,s-0ca4e9242beb,u-ab71c05ee5d3,p-430d42731bdb,v-6200f533c641,,L,1,38.19,2026-11-23 03:37:59,False
c-4bde8cd3780f,s-e676c4e4c208,u-e85f8373eead,p-ba45da140e16,v-14a28ed1e7d4,,XL,1,27.33,2026-11-23 03:41:15,False
c-e4b11976f915,s-d9b9d2275294,u-d42c3946076b,p-fb40526cd3c7,v-f91f06aa5cce,,S,1,86.75,2026-11-23 03:48:12,False
c-02ce0b9ff306,s-292df0be04d5,u-71feb2d074ab,p-2c43249ff69c,v-71c65e01579a,,XL,1,40.61,2026-11-23 03:49:31,False
c-2f9c7ffdd49a,s-292df0be04d5,u-71feb2d074ab,p-b51be3a1c974,v-73ecfc274962,,L,1,36.89,2026-11-23 03:50:54,False
c-e2fa456f3efe,s-da7ed23bb97c,u-843a67410429,p-c85a1816cf4c,v-09f84c6012a4,ord-043022caa5ca,10,1,129.69,2026-11-23 03:50:58,True
c-d843dd0157bd,s-d9b9d2275294,u-d42c3946076b,p-2ad0afd20576,v-b5027867f4b9,,M,1,68.85,2026-11-23 03:51:42,False
c-ed46f0e0a304,s-d9b9d2275294,u-d42c3946076b,p-4431e8d62547,v-a67200200e9b,,L,1,50.61,2026-11-23 03:52:37,False
c-60b5425df003,s-719c698dbe3e,u-db7ab4ea55d3,p-beb74176f1de,v-979dc4bd11c4,,M,1,17.97,2026-11-23 04:05:27,False
c-769a713e5845,s-9af4cfe2c453,u-c224cb69cda9,p-5a946fe521ca,v-fc418f882d97,,M,1,76.69,2026-11-23 04:11:02,False
c-db3ac25d6c3a,s-9af4cfe2c453,u-c224cb69cda9,p-1dd9234e5d10,v-ee346c5d9b8c,,One Size,1,45.58,2026-11-23 04:11:45,False
c-35c0c389b2d0,s-9af4cfe2c453,u-c224cb69cda9,p-7acfcbbb64c6,v-6d567a4de851,,M,1,69.95,2026-11-23 04:12:07,False
c-20fd608ef32e,s-4e2828bd47f1,u-4668beeb091c,p-da7ae64b372c,v-4b5a6ab5fcda,,L,1,30.46,2026-11-23 04:13:13,False
c-bc584050f70b,s-864c3b11ed58,u-45ca6ed7dac4,p-aa33493883d9,v-054a8cbdc041,,M,1,45.22,2026-11-23 04:16:48,False
c-dc6516362bf6,s-ab11d2c03b7c,u-4b30b8dd5a86,p-89dda7e1ee10,v-ddeeacfcd85e,ord-068a88357ab0,XL,1,56.34,2026-11-23 04:31:42,True
c-90d84c1c9421,s-aac96a6ed8b2,u-a367e163abc8,p-97882f0f3cc1,v-11503ed08cbe,ord-db0ccfad3716,M,1,56.84,2026-11-23 04:47:09,True
c-89c8d1f454dc,s-3e403880ca9f,u-a8fafa1c3077,p-c80f16914dd9,v-14ca60491d8f,,XL,1,105.97,2026-11-23 04:48:58,False
c-a95140955c0f,s-923d152569dd,u-b5f2801adbe9,p-b3531a2fea1f,v-5b2afdd33081,,XS,1,132.81,2026-11-23 05:01:36,False
c-ed399e3731c3,s-48c3b22c058b,u-8adf21482e96,p-6560a8d6f88a,v-8bcf2c935f58,,L,1,27.35,2026-11-23 05:02:04,False
c-c9193af6842b,s-138c8222726f,u-f1a3690046d0,p-92bdd1ca2994,v-b3a62d43e464,,S,1,34.38,2026-11-23 05:08:32,False
c-b66f94c97eaf,s-e602ddb8bb4e,u-51ae2a5e0db0,p-f49f9a26aa05,v-055be5793488,,XL,1,48.75,2026-11-23 05:20:16,False
c-75aa7ab40ba0,s-3bb146605a46,u-ab20f647adaa,p-56de52c800bf,v-3854ac10a440,,M,1,45.67,2026-11-23 05:24:50,False
c-471e0ad91203,s-861fe1351f35,u-c600204c1b8b,p-00467fe6aa89,v-3884c100cc1b,ord-8184ac2b9d34,9,1,104.31,2026-11-23 05:25:34,True
c-d2a5a81da239,s-f5453cd040ea,u-82b3d9c86202,p-3484e06c8c9f,v-d19fd4a7bfb6,ord-95fbe76abc85,6,1,56.92,2026-11-23 05:40:50,True
c-de112f987ea7,s-d0bbdefc3dbc,u-9809143ae014,p-4b8dbd755c9c,v-e0eb8f33de28,,M,1,73.65,2026-11-23 05:56:56,False
c-4156f7893245,s-ad48e8b4745e,u-3c396ca4ffb2,p-f1b283c15a56,v-1dcdcdd8242e,ord-251b4bbc9a3a,XXL,1,41.02,2026-11-23 05:57:36,True
c-bb9b5d7760c3,s-d0bbdefc3dbc,u-9809143ae014,p-c5da92eb6729,v-95a3bcc2b298,,M,1,41.22,2026-11-23 05:58:43,False
c-8157dd86b5dc,s-b861b99827d8,u-d8adbc32bd40,p-5c3e50876e96,v-9505eaa51998,ord-fc6f19d0f3e0,XL,1,79.16,2026-11-23 06:40:32,True
c-2ef723faf6bd,s-b861b99827d8,u-d8adbc32bd40,p-4c4b1bbc16b7,v-fb4bfb7718a6,ord-fc6f19d0f3e0,XS,1,30.99,2026-11-23 06:41:24,True
c-f1eea768daec,s-4e75b7933711,u-c073b400bfd2,p-e42dd6fdc97d,v-06cc95f56e28,,9,1,58.83,2026-11-23 06:46:53,False
c-bd654a907b27,s-45630d2ee5be,u-b2f3baf8eaff,p-bd63dc35718e,v-0571e38693ab,,XL,1,32.33,2026-11-23 06:55:33,False
c-2e58083ded49,s-45630d2ee5be,u-b2f3baf8eaff,p-04f34dd4b281,v-3505f4304398,,S,1,22.91,2026-11-23 06:57:06,False
c-097a5c9fa741,s-45630d2ee5be,u-b2f3baf8eaff,p-a2c268429d22,v-d01378bd269b,,6,1,82.6,2026-11-23 06:59:01,False
c-c040b7d9b18d,s-45630d2ee5be,u-b2f3baf8eaff,p-89668617378c,v-424ec69273bd,,XL,1,60.52,2026-11-23 07:00:10,False
c-4859bff058b3,s-58c65fb26f2b,u-73f7e00bba1a,p-fb7c95fbe64b,v-9770590a9656,,XS,1,50.48,2026-11-23 07:05:05,False
c-9795831c0465,s-9441c3b5bc67,u-572377efc6fd,p-c7fcb5d9d88e,v-f5af26c4137d,,10,1,67.46,2026-11-23 07:08:03,False
c-ff79a85c98cd,s-58c1ec91d04c,u-0434f3930340,p-09ed122f5ba6,v-4429a06b28b0,ord-bd2aa9ad0033,XL,1,102.82,2026-11-23 07:10:46,True
c-824267cfb5da,s-58c1ec91d04c,u-0434f3930340,p-ae660ae5771e,v-3905133afbf1,ord-bd2aa9ad0033,S,2,54.94,2026-11-23 07:13:01,True
c-9a8f8658e432,s-fa4cd44f2ed9,u-2141a9568d33,p-4a9af53a4c93,v-4333eaa62a66,ord-278ee96c9485,L,1,102.59,2026-11-23 07:17:10,True
c-4c544b315b85,s-5a6901779470,u-af9a37126bf9,p-0dd7e833ed25,v-b0cdfdbf21ce,ord-a39d08ca4d5c,One Size,1,106.53,2026-11-23 07:32:36,True
c-79e8d700ff35,s-5a6901779470,u-af9a37126bf9,p-4085b41d32ca,v-fa507d0d83a4,ord-a39d08ca4d5c,M,1,41.73,2026-11-23 07:33:40,True
c-75449c0d3604,s-391de1093ca1,u-1a9f537c904c,p-38016f7fa667,v-155a78ef3fef,ord-3591a410cccc,S,1,42.7,2026-11-23 07:38:53,True
c-5a31e63c84f1,s-391de1093ca1,u-1a9f537c904c,p-b79924498082,v-90f8c26f38db,ord-3591a410cccc,One Size,1,39.8,2026-11-23 07:40:10,True
c-c6ea449dd8fa,s-95ce79e4072f,u-17c7468b968b,p-9943eb6fd99b,v-c9f0280c9a83,,L,1,62.88,2026-11-23 07:40:33,False
c-f2a80e660e7d,s-27b56a61f8fa,u-9e4dd87d6321,p-cf720ea3ad1f,v-f9b4240568be,,XS,1,95.27,2026-11-23 07:44:37,False
c-4795621c0c8f,s-31147a402b4e,u-e630119b6f97,p-667e7729e993,v-4a4165c5ea72,,XL,1,84.91,2026-11-23 07:46:26,False
c-a2393c6d7e4a,s-bd89a9ffca5c,u-c3047ede648d,p-c1092302dd78,v-463fba6987fa,ord-2e024bf141b1,One Size,1,86.05,2026-11-23 07:54:24,True
c-cc30f7f0c68f,s-72b117d210b2,u-7f08457a7fd7,p-284596cdedc9,v-9200d3ee7880,,10,1,83.73,2026-11-23 08:02:33,False
c-b6c3a46f8dff,s-092bc81ee054,u-fa8172870b9f,p-699ebe9cd2ce,v-f02e181f58a0,,XXL,1,41.74,2026-11-23 08:12:58,False
c-d1ebdbda10dc,s-01ed9625693d,u-3a8e6ab3ab7c,p-78e0b2ccb6f3,v-cc66ca124b69,,XL,1,74.89,2026-11-23 08:13:39,False
c-6f84ea927aa9,s-3a2982647b26,u-ac6bf45ff74b,p-febce788e79c,v-1f1ee0e1c108,ord-4bcd79490afb,XL,1,34.12,2026-11-23 08:15:20,True
c-08e8f380ef50,s-c7e0019b3b7f,u-3020c216833d,p-3561bc1d500d,v-91a243857d36,,L,1,32.02,2026-11-23 08:19:00,False
c-95bf04a2015e,s-c7e0019b3b7f,u-3020c216833d,p-89dda7e1ee10,v-42d5a9257b99,,XL,1,56.34,2026-11-23 08:20:29,False
c-53de84ee4e9e,s-d4a772a90eac,u-66546a2efd85,p-bbae84071c94,v-8942f64404a3,,L,1,66.49,2026-11-23 08:23:10,False
c-44cda16b47a5,s-b321c7903c47,u-41cfdeca5023,p-2be43ae7b0c1,v-523fe98e4b75,,XXL,1,25.2,2026-11-23 08:29:51,False
c-557a3fbac7fa,s-59beeaad4ad5,u-70908b76016f,p-fb5df7482392,v-8ff7e0684ef3,ord-859519c24d1b,S,1,71.84,2026-11-23 08:37:54,True
c-ce4644c8f12f,s-8829b57da9e8,u-c0bbf8cfa4a4,p-538030e34bb1,v-3c6c7dbd9e2e,,One Size,1,31.84,2026-11-23 08:47:14,False
c-164babe49921,s-95c92dfa11fb,u-ed8db20b6131,p-4e2e515c2ad6,v-e5e208bb57d9,,XS,1,41.78,2026-11-23 08:48:20,False
c-2341400c180c,s-c9590124891e,u-f5a13c8bbdd0,p-0adbae413a84,v-d39afad27842,ord-d994e8a238d3,XXL,1,29.33,2026-11-23 08:51:10,True
c-4f658f76f446,s-c9590124891e,u-f5a13c8bbdd0,p-5be1ceedab47,v-89fcbe4a8c64,ord-d994e8a238d3,S,1,67.34,2026-11-23 08:52:38,True
c-93e503db6fd1,s-6e4926ab16a4,u-fae79558e7ea,p-fb5df7482392,v-d0cffc513b5c,,L,1,71.84,2026-11-23 08:56:29,False
c-1d21b8b16ea4,s-3c0107acde73,u-71d1cd4764ea,p-e7de8f101542,v-b53f9d1a053f,ord-4f6d5450ea67,One Size,2,19.39,2026-11-23 08:57:10,True
c-d4d3b510b986,s-6e4926ab16a4,u-fae79558e7ea,p-405d5b99ff80,v-77fdabaafb6f,,S,1,39.22,2026-11-23 08:57:20,False
c-bd06bcca2740,s-5974b124b294,u-ee07cf12782b,p-48733b229d52,v-3c2cca4c37b3,,M,1,25.46,2026-11-23 09:04:38,False
c-b82d310c2b87,s-ce0431236aff,u-5cc8a9ec12c7,p-b51be3a1c974,v-5eb5bc6bdf90,,M,1,36.89,2026-11-23 09:06:33,False
c-8edb2c7c24a0,s-ce0431236aff,u-5cc8a9ec12c7,p-3a792a4cb9b8,v-99a4f1e220ce,,S,1,34.34,2026-11-23 09:08:02,False
c-5af745c126fd,s-db13087f9342,u-fc077607b1d0,p-750f83e553ba,v-d78622f631b0,,L,1,53.05,2026-11-23 09:17:37,False
c-d7b63d50f249,s-4cd2c95e1662,u-0cde554d9b40,p-58ea83f7cb9e,v-e4596d78623c,,XL,1,54.19,2026-11-23 09:49:48,False
c-422c826a4f46,s-b9f8e225eb8f,u-8561106f116a,p-c4eac54b0de6,v-82836940f30c,,XL,1,39.17,2026-11-23 09:56:01,False
c-026162aac7d7,s-432fcc35e4c2,u-79e897ba3c46,p-8fe8d99ae27c,v-56c4fd01b399,,S,1,37.15,2026-11-23 10:00:42,False
c-c0d28d1d09e1,s-1a1c1b3c3084,u-23f9e58b6da7,p-7a0cfd5ecfbc,v-235c6cbba47e,,L,1,38.99,2026-11-23 10:02:43,False
c-2896d1f8771b,s-57d5ac990fc2,u-3449aaf9ca2a,p-77931ac35e65,v-d8a1d92859be,,L,1,54.21,2026-11-23 10:11:10,False
c-4f4d0747e364,s-f9474ed5c6d1,u-d0a91288e36f,p-5be1ceedab47,v-367097113435,ord-31ab5f0c5803,M,1,67.34,2026-11-23 10:21:13,True
c-cead761b9d3c,s-cef59f703a3d,u-a2e7989544a0,p-3484e06c8c9f,v-9bb3e4d39d59,,6,1,56.92,2026-11-23 10:21:50,False
c-343ce2927007,s-c9227ede39a4,u-cdc396e37658,p-42ade3abd0a4,v-7e99d2f87d81,,7,2,69.08,2026-11-23 10:38:55,False
c-639b998160cb,s-515150a365b5,u-b53c6d9d8bfd,p-c920f258e7da,v-c33489157661,,XL,1,48.5,2026-11-23 10:45:07,False
c-0407f1615966,s-515150a365b5,u-b53c6d9d8bfd,p-750f83e553ba,v-839d70e1ec62,,L,1,53.05,2026-11-23 10:47:13,False
c-fb4565c972ce,s-865c2fa65a23,u-b21a9e400b7e,p-89668617378c,v-d357afcb50cb,,XS,1,60.52,2026-11-23 10:55:48,False
c-0f2bcd5586b6,s-8d95ff730e53,u-e25a75209db2,p-04c9e9b37786,v-70c85974be55,ord-a9914276c74a,L,1,57.33,2026-11-23 10:56:40,True
c-d31a78596387,s-8d95ff730e53,u-e25a75209db2,p-567b30ed15bb,v-9417f3935be8,ord-a9914276c74a,L,1,51.29,2026-11-23 10:57:42,True
c-5b66acaa97c4,s-8d95ff730e53,u-e25a75209db2,p-87f693ff9abb,v-01208fdd96a8,ord-a9914276c74a,M,1,44.51,2026-11-23 10:57:47,True
c-5ec25d88a841,s-2da14febba55,u-4ed3d0c82f72,p-9ea54d44996e,v-b8869bb094f6,,XL,1,54.1,2026-11-23 11:12:12,False
c-8d2b2af5a159,s-81b2de7d7fe7,u-56e1997cf754,p-5890f4110b1a,v-0a244dda73e9,ord-a8d82490cb1a,S,2,75.04,2026-11-23 11:15:06,True
c-2a99bbddf8cc,s-b2fc3cdb5fa0,u-8a6d46dc8bd4,p-d1899bd1e40d,v-99b79d3736cf,,XXL,1,81.65,2026-11-23 11:15:21,False
c-42ac0822d3ca,s-56a0d8501cd0,u-25da60583ffc,p-f6e7a298a440,v-9801ae9d0da3,,10,1,134.59,2026-11-23 11:23:52,False
c-ded32a6a5a08,s-fe6425d7fd7b,u-03ced9705420,p-ee91cc692e57,v-f0311ce3e7c1,,XXL,1,46.92,2026-11-23 11:29:00,False
c-d129e5949333,s-bf56263296ac,u-2f92c341a530,p-ec5e50e39ef1,v-947704f91c08,,M,1,126.84,2026-11-23 11:41:47,False
c-9f3162ee484d,s-208acc0e2225,u-c14d2f4855e4,p-323b05a0bbdc,v-aa87e63fb4ad,ord-d5a4fa093e27,S,2,40.86,2026-11-23 11:53:31,True
c-de981879c9a1,s-e8ba5665225c,u-28c9b9993900,p-fc5760b292f6,v-469f09e4187b,,L,1,38.24,2026-11-23 11:54:31,False
c-f88f07299a66,s-ce28dd3adbd6,u-01637c0f38b6,p-c84f91ab2f53,v-82e3f7a67643,,M,1,53.72,2026-11-23 11:55:45,False
c-99f965d019cf,s-e8ba5665225c,u-28c9b9993900,p-da49480dda37,v-cf7dd976b445,,XS,1,37.88,2026-11-23 11:56:11,False
c-2459f71704e5,s-473679018bab,u-3582313a6a09,p-32cd89d5f78b,v-e0cc039030f4,,8,1,81.11,2026-11-23 12:07:08,False
c-f359cb689caf,s-35bbfbe54963,u-ed3263851a62,p-192469735051,v-98abab3316aa,,L,1,54.25,2026-11-23 12:25:57,False
c-dd353e8d4bf7,s-94786a3c545d,u-87e0e06cb370,p-472b66e95c70,v-ae4fb3ab5bc8,ord-f926fd5e399a,XL,1,61.32,2026-11-23 12:27:33,True
c-8c7a48bef363,s-73666987d4a2,u-2d182f280a65,p-e07b165df650,v-f7e7fbcb757f,,XS,1,41.22,2026-11-23 12:38:46,False
c-77dbd5e19db4,s-389e3fa2d241,u-ae78c52f1911,p-68cdaaf45e28,v-ea7fed38ba5a,,L,1,54.99,2026-11-23 12:40:57,False
c-ee849bd5c939,s-6336f4074c05,u-07b5d972c0db,p-95d0f8b7ddef,v-8033166e55a0,ord-55853135c67c,9,1,131.98,2026-11-23 12:54:22,True
c-66eadc8f1aeb,s-533c458069ca,u-903f5e91f108,p-9ea54d44996e,v-70846fa3d113,ord-591190091c59,L,1,54.1,2026-11-23 12:56:05,True
c-d941760e6492,s-533c458069ca,u-903f5e91f108,p-da49480dda37,v-d20a56437e6b,ord-591190091c59,XS,1,37.88,2026-11-23 12:57:33,True
c-603aa2d6b196,s-e3a4e14a3351,u-e9cee4b3b80a,p-6afba8c567e4,v-0f29a79c0539,,XL,1,28.21,2026-11-23 13:01:18,False
c-e9034f855705,s-2f609c822157,u-620667301947,p-6a0a5ab6b0fc,v-05878aa43252,ord-ded1d4ccf629,XL,1,80.21,2026-11-23 13:13:45,True
c-f01644344a6f,s-24e60e63b482,u-97c728bac831,p-bd2f2d0f3c75,v-c6803e590517,ord-e109e515145e,L,1,43.55,2026-11-23 13:16:32,True
c-fb35ba779aa6,s-24e60e63b482,u-97c728bac831,p-8eebde052057,v-40e28d5dbe85,ord-e109e515145e,S,1,58.62,2026-11-23 13:17:25,True
c-56b0052b54d9,s-908b328cf7fb,u-1bd3aa2064f7,p-fbd049086647,v-c192815a5cc1,,One Size,1,43.78,2026-11-23 13:22:32,False
c-b01f3aeb5899,s-908b328cf7fb,u-1bd3aa2064f7,p-1faea5d273c5,v-cb7c86967ff6,,One Size,1,103.23,2026-11-23 13:23:36,False
c-1f358001cfae,s-c5739f193aca,u-26d9553d59ce,p-3d634eda5892,v-0c4084f3ad7a,ord-675e652e1f38,M,1,33.76,2026-11-23 13:31:49,True
c-e7d2098e6c40,s-6ba4fc31c761,u-b3c9544bb90f,p-a3ead920dd06,v-ca7907762f63,,6,1,81.11,2026-11-23 13:53:16,False
c-f0e234a250b9,s-ef128d60e579,u-98fbd06c7f3c,p-e862c1b120d9,v-e3ea422e72bf,,6,1,46.01,2026-11-23 13:58:37,False
c-e1584a38706f,s-5d04b174c71d,u-1e3426ac3a57,p-cd24b097e4eb,v-35a5306be908,,XL,1,55.79,2026-11-23 14:38:17,False
c-9f9f77828e22,s-6b1d2d402677,u-066bef9e1314,p-85a2b8b3b9a0,v-e93cc0feba43,ord-e640365a9ab6,XL,1,77.68,2026-11-23 14:40:35,True
c-9046f52816a5,s-341dca390013,u-db3584362d4d,p-1202dfcc07cf,v-b12a5eb32bc2,ord-a8940d26319a,M,1,32.52,2026-11-23 14:43:33,True
c-2d280f2e15e9,s-9035480023ed,u-c22def032073,p-a8be86e6a602,v-1b169e09023f,,One Size,1,36.92,2026-11-23 14:44:05,False
c-a16ce25dcb56,s-7cc7a6281414,u-326303e85a6e,p-b79924498082,v-055422f17e71,,One Size,1,39.8,2026-11-23 14:55:33,False
c-8247e8833fed,s-a59226234a72,u-14b774e0e3b5,p-cbc293ff022a,v-37e25911c250,,XS,1,47.69,2026-11-23 15:14:40,False
c-3df445e22b8a,s-a59226234a72,u-14b774e0e3b5,p-8f3a7acb8878,v-65b29a369701,,9,1,80.94,2026-11-23 15:14:48,False
c-8597e2544631,s-7a15967ab468,u-c6e21bed5bb7,p-8ad88363ea13,v-a91ecb1c01e2,ord-280773d05a11,XL,1,40.84,2026-11-23 15:41:44,True
c-908369ed3fdc,s-7a15967ab468,u-c6e21bed5bb7,p-c3aa6d3efc65,v-9cf02af612b1,ord-280773d05a11,XS,1,51.97,2026-11-23 15:43:20,True
c-b44b9a261867,s-b55af24abc4d,u-868c0c22c641,p-6535d0b8061b,v-fb1482ed048b,,S,1,92.87,2026-11-23 15:46:20,False
c-7a4201909c47,s-caba671c7001,u-30be28fc5ffa,p-46e2a518589e,v-65f70be03a01,,XL,1,50.51,2026-11-23 16:01:57,False
c-55f91e26fdee,s-caba671c7001,u-30be28fc5ffa,p-5c7daba21237,v-de02d4d6e609,,XL,1,47.54,2026-11-23 16:03:22,False
c-262ae685b9ba,s-304ad875eb10,u-6d31c038b35a,p-36ef66bfcddf,v-7a919a00738d,ord-deb3cf690bd8,8,1,85.32,2026-11-23 16:07:27,True
c-1091a7583db6,s-3fdb1acb7405,u-fa7c5ef4590b,p-6cc70e46c772,v-00be49190fbe,ord-3715c2f42da9,M,1,86.67,2026-11-23 16:21:01,True
c-42f29be80588,s-01069640747a,u-157c62c9afbc,p-fd6f2a3c2e45,v-1396c8a4acaa,,One Size,1,39.1,2026-11-23 16:22:10,False
c-efef3885bc58,s-01069640747a,u-157c62c9afbc,p-5c3cc08d1b45,v-5c376340053f,,XXL,1,47.39,2026-11-23 16:22:46,False
c-cda3b6829704,s-94086e193a25,u-66bff1149b46,p-961fa73c3061,v-cd7cd64e978a,,L,1,95.11,2026-11-23 16:27:54,False
c-24bc337c63bc,s-94086e193a25,u-66bff1149b46,p-7a0cfd5ecfbc,v-db66dc8f64e9,,XS,1,38.99,2026-11-23 16:28:33,False
c-ea3455370c79,s-a7dcb63aaaf0,u-a89b0e7457ad,p-a03362caf13d,v-c08125553e09,,XXL,1,32.05,2026-11-23 16:36:01,False
c-2ae97b394caf,s-a7dcb63aaaf0,u-a89b0e7457ad,p-5ad2007efeea,v-bb03572415a7,,M,1,24.22,2026-11-23 16:38:36,False
c-6cf16a0eb313,s-0ebed29471c3,u-af198ca8acfc,p-df2e0a1b0f85,v-5fe791423aba,,L,1,40.85,2026-11-23 16:55:03,False
c-ffa7c6124eee,s-0ebed29471c3,u-af198ca8acfc,p-1b0b653dd8a4,v-8e0ce9eacd8e,,S,1,49.85,2026-11-23 16:55:53,False
c-00e0136485e5,s-0ebed29471c3,u-af198ca8acfc,p-53abd79c8023,v-8e19c0c58d4f,,M,1,48.23,2026-11-23 16:56:51,False
c-b03b1fcf7af6,s-e4f20d4fd40c,u-42eb54fb648a,p-89f133d79724,v-43e327e7e402,,L,1,43.34,2026-11-23 17:19:47,False
c-d74264cae0cf,s-9faed051cdfb,u-6bfd22f0afc6,p-60f7acdd8fe0,v-a59a3c8793b2,,L,1,50.81,2026-11-23 17:22:12,False
c-16e9614644e2,s-7c04efad61b1,u-ed6881fbea07,p-5431631a088f,v-1067b6d5a944,,M,1,45.77,2026-11-23 17:28:55,False
c-4205c8eac097,s-104e0c938052,u-815112f9c82b,p-4a39ff3d22c9,v-9103793c5298,ord-b0ae1de3cfb3,S,1,68.4,2026-11-23 17:35:50,True
c-e4c141c8cb17,s-dde09b700438,u-7856945e85df,p-9d8279fd3132,v-86428d4c6c88,,One Size,1,90.62,2026-11-23 17:42:33,False
c-2b34fac48711,s-aaa05db19fd1,u-1c2c53cb94a3,p-b8d161937168,v-cfb661639eb9,ord-b106f6e97541,XL,1,83.09,2026-11-23 17:57:33,True
c-52b91db901fa,s-192354d7e828,u-af7eefec54aa,p-5890f4110b1a,v-ef7c678c8c9b,,XL,1,75.04,2026-11-23 18:04:18,False
c-dd9fe41d34ac,s-192354d7e828,u-af7eefec54aa,p-2d325fa8b68a,v-989bbe474b35,,10,1,72.89,2026-11-23 18:05:33,False
c-6627398c6c00,s-49954c455665,u-eb92cbdfe678,p-474a73bfaeb6,v-964f4bf9e868,ord-78d1b0722a60,M,1,31.02,2026-11-23 18:12:38,True
c-6238225a494c,s-967a053d6fd2,u-9a607e90d121,p-1cc9a3380939,v-affb2ea4902e,ord-5e51e2e1b1a6,L,1,38.5,2026-11-23 18:23:56,True
c-22d497e86e15,s-69bc83ecd66a,u-688de136ae21,p-54173e2d59cb,v-94463924c0c6,,XXL,1,60.23,2026-11-23 18:59:26,False
c-626eeba1b614,s-9520a85ce420,u-caa188fc4f4d,p-586267b99b1c,v-fb402991c433,,XXL,1,37.26,2026-11-23 19:00:40,False
c-cc938707b24d,s-cce7fc56ba2b,u-c994ca246c63,p-ba7d952cc597,v-7d96fa4e774e,ord-c92a1beee58b,S,1,46.94,2026-11-23 19:32:14,True
c-eb53b4556c6e,s-cce7fc56ba2b,u-c994ca246c63,p-19516ce35ff7,v-3e613316e2e0,ord-c92a1beee58b,XL,1,48.33,2026-11-23 19:32:44,True
c-d1ebc886a09b,s-c70175c72de7,u-c3111658c122,p-1e8aaed3ffff,v-7ead1ac78f6a,,11,1,106.06,2026-11-23 19:53:06,False
c-8125e98c4e22,s-7a93598588c8,u-880a0123abe5,p-6afba8c567e4,v-4881c0b56dab,ord-69750bc3b773,M,1,28.21,2026-11-23 20:21:54,True
c-68284bc37018,s-1e616063cd91,u-9005469a18b4,p-bd1395bd0c4a,v-e4d375e27238,,XL,1,61.79,2026-11-23 20:32:31,False
c-8c408fc6f0f7,s-5512fd25d7a6,u-e69f8af7222a,p-5413d2e930af,v-f1ac586e0a0a,ord-65aefcfc15e4,XXL,2,22.75,2026-11-23 20:33:01,True
c-05541d496c97,s-1c1cc9502f7e,u-c26588bffc33,p-9557ff65aac4,v-4288a17b76a8,,XL,1,60.6,2026-11-23 20:33:02,False
c-2fb9381700d4,s-e76702565614,u-ef7324f716e4,p-1aabf9b76068,v-70c55ace3a93,ord-4e388c6c8ffa,L,1,78.8,2026-11-23 20:36:25,True
c-5f802c4c6b72,s-883d918aad9a,u-678192b944a6,p-1fd0fd8f102d,v-75ef84386e15,,M,1,46.31,2026-11-23 20:39:14,False
c-685c2bab98dc,s-e76702565614,u-ef7324f716e4,p-9b86ccff2371,v-526e52288a88,ord-4e388c6c8ffa,M,1,83.48,2026-11-23 20:39:52,True
c-3c12c307ebc8,s-e558ba761a5a,u-cf1a3651c2ee,p-29579ce98c2b,v-d319c4d61fcf,ord-235d624ee6b9,XXL,1,35.77,2026-11-23 20:41:12,True
c-83d982b243a7,s-9d4fba0dbb75,u-b298c8711cd4,p-ebf391cfbec7,v-2c75de24eceb,,S,2,70.08,2026-11-23 20:55:52,False
c-4d80744ad3e0,s-598dd52ac648,u-3ce8e2de9112,p-9b86ccff2371,v-ddc58d450459,,S,2,83.48,2026-11-23 20:59:50,False
c-3874da987fd4,s-9334a550fc73,u-712fdd5dfa08,p-0355fccdaa84,v-ac36f41590a2,ord-f600d14fb7ab,M,1,72.21,2026-11-23 21:02:14,True
c-e480468dba8b,s-0b458f1e5c89,u-2300dfc18068,p-467e1dfa255a,v-7e80754f7e5e,,S,2,39.49,2026-11-23 21:13:09,False
c-677e70f9a30e,s-ee067a977afe,u-f022a0a403b6,p-f21e009c1eab,v-c501681101e0,,XL,1,38.47,2026-11-23 21:18:39,False
c-214a75b82972,s-8ac640ad9680,u-a418fd2e6219,p-655a61df5719,v-913853664c17,,One Size,1,118.74,2026-11-23 21:29:17,False
c-6c2f8bd11e7e,s-8f31d9cbaeac,u-ad766c49aac8,p-741faed57d14,v-a8f1f6f0a775,,XXL,1,27.45,2026-11-23 21:32:08,False
c-569a8b39b044,s-8f31d9cbaeac,u-ad766c49aac8,p-3dce55a40c71,v-0d466925bb48,,S,2,50.25,2026-11-23 21:34:52,False
c-23ef76a5eb17,s-3b79b5f0e6e4,u-825bfe63cbbd,p-60412beb838a,v-0607c0976a62,ord-cb2c0c75e457,S,1,54.22,2026-11-23 21:39:20,True
c-b4262ec873ca,s-3a004cf49f2f,u-82af81bf2322,p-c880e79eb602,v-44bb1d540850,,M,1,56.71,2026-11-23 21:47:20,False
c-b1b7c7e6b84b,s-37a0aab34504,u-98340f734ca1,p-e1e74cef3ff9,v-aba467dc8343,ord-e5cc355aa813,M,1,27.07,2026-11-23 22:31:10,True
c-b6b397687246,s-cc1883d19e3d,u-e2c25957441c,p-ebf391cfbec7,v-c48f5aa576c4,ord-d78d6968055a,XL,1,70.08,2026-11-23 22:32:54,True
c-9a56a4d3479f,s-7bf581329bfb,u-04b2ff8339f6,p-aa33493883d9,v-a20f5e947058,ord-180a8c51f7dd,XL,1,45.22,2026-11-23 22:42:11,True
c-afa9e7c03519,s-e22ee0ee181f,u-ce89f16c9572,p-7e33ffb1f424,v-f83937ee1468,,One Size,1,46.7,2026-11-23 22:58:47,False
c-8eeaf4a1161b,s-fca20e01660d,u-0c83ecc26275,p-6479e9476ef4,v-f57a76673f42,,One Size,1,79.8,2026-11-23 22:58:50,False
c-f3b70254c18a,s-5cfdf7f29600,u-55f4047502d4,p-47627ee691eb,v-af301af73f26,,L,1,105.85,2026-11-23 23:00:33,False
c-628e94fc66e5,s-7052cb27cd11,u-1f2e042dd8a0,p-aa7905749a7d,v-4056234c8d78,,6,1,37.88,2026-11-23 23:17:38,False
c-921b515ad39c,s-d371e0cdf4c5,u-9179fde7b774,p-9cf391e4f8d9,v-6b827a5abd85,ord-64e84ce25838,S,1,72.33,2026-11-23 23:25:25,True
c-30e414f8122d,s-b74bb07184e1,u-4994360b5536,p-d90ddaefab66,v-a7f212c27852,ord-8770e7d7ccae,6,1,77.55,2026-11-23 23:58:03,True
c-20d511a6ac8e,s-4b88de6cce7d,u-df00d59d4385,p-f7445a8007ba,v-33a6cc58079b,,One Size,1,49.33,2026-11-24 00:14:00,False
c-32ba0eb86dce,s-f53319ad44dc,u-ad141127eb0f,p-e1973ed20a00,v-32ed4636ea2e,,M,1,34.07,2026-11-24 00:16:01,False
c-9ab5d1e3954a,s-110d76300133,u-127d7c2a30c9,p-ee91cc692e57,v-157a12efa100,ord-a4ce4217e327,M,2,46.92,2026-11-24 00:24:15,True
c-ea31372f1f73,s-f77b807d008b,u-95771fbdc1dd,p-7fb7f84c7f18,v-8dacf62410c2,ord-7c5f37659ffe,L,1,79.19,2026-11-24 00:27:00,True
c-ffa458e197b0,s-110d76300133,u-127d7c2a30c9,p-43de93aba79a,v-b76736874954,ord-a4ce4217e327,XL,1,26.91,2026-11-24 00:27:19,True
c-08651bd15e5f,s-4e0c178c0661,u-312061a7a300,p-d45ed8f9f29c,v-b57a438e3163,ord-c1e3b8682851,L,2,94.2,2026-11-24 00:27:22,True
c-b3bf3dbecbee,s-f77b807d008b,u-95771fbdc1dd,p-82f9abd306e4,v-b47f46d0b47f,ord-7c5f37659ffe,XL,1,54.55,2026-11-24 00:27:42,True
c-34eaf894a096,s-6985adc0c5f4,u-89819f2ae837,p-29579ce98c2b,v-ee835281c8ae,,M,1,35.77,2026-11-24 00:51:54,False
c-6bb7435496be,s-6985adc0c5f4,u-89819f2ae837,p-1faea5d273c5,v-226e8ef7426a,,One Size,1,103.23,2026-11-24 00:52:36,False
c-e6d3da7c9351,s-a4ed5725e4fb,u-e3e208e656a9,p-2303cf2178e4,v-290ba29d15ee,,S,1,42.12,2026-11-24 00:54:35,False
c-a6cd29e6a323,s-a4ed5725e4fb,u-e3e208e656a9,p-e089a9875ce3,v-b5b6cc325c8d,,S,1,66.87,2026-11-24 00:55:24,False
c-d232a538f981,s-a4ed5725e4fb,u-e3e208e656a9,p-ec5e50e39ef1,v-e359f249812a,,L,1,126.84,2026-11-24 00:55:56,False
c-e757fa3f70be,s-7b1ac1147e0d,u-1ac5192b9fc3,p-9e175fd68572,v-22b9c9eacb18,,S,1,36.05,2026-11-24 00:56:35,False
c-f469f8fecdc3,s-6a7718501d95,u-1c34dfea2a1f,p-58f09225ea43,v-5e7b665af328,ord-ac8a657ff504,10,1,55.13,2026-11-24 01:04:01,True
c-d19790d5d007,s-6a7718501d95,u-1c34dfea2a1f,p-64511032d71c,v-fa907f0bba00,ord-ac8a657ff504,XL,1,53.49,2026-11-24 01:04:16,True
c-1ccea4407253,s-92c30ae8dfe3,u-4998289a250c,p-e7e52e0f2d55,v-edcb5a308d00,ord-39328fd896f7,7,1,65.09,2026-11-24 01:08:12,True
c-7de210b715d0,s-776eec1a6f85,u-d1814da007d6,p-218375e3f6d9,v-2a71ff8709c9,ord-8d14e65c4234,8,1,67.88,2026-11-24 01:10:24,True
c-ea14b83b8322,s-c8a643c379fa,u-aba6770696bc,p-132b34f999ca,v-17a178a4af90,,XXL,1,59.04,2026-11-24 01:33:59,False
c-a83b68194770,s-c8a643c379fa,u-aba6770696bc,p-6a76551e4824,v-080393e3f5f6,,M,1,56.64,2026-11-24 01:35:17,False
c-8d10d439e3be,s-0d4a5bc4127c,u-529f4960bca1,p-4a5437e1765a,v-d6d608c3ae59,,One Size,1,30.0,2026-11-24 01:37:17,False
c-4171cc26d56c,s-9551359c8a38,u-43ac676abb44,p-5d13265a54aa,v-963760457aca,ord-74a5894da1ab,XL,1,50.39,2026-11-24 01:47:33,True
c-51dffe8c9f74,s-11a5115ae792,u-823465483b88,p-21e629210114,v-a205fbd1663f,,11,2,46.29,2026-11-24 01:52:11,False
c-1f94c1a25562,s-2c536379906d,u-c09a63061d23,p-89f133d79724,v-a2080226d2df,,XL,1,43.34,2026-11-24 02:05:39,False
c-8ba814411bbd,s-407f59e6aa4c,u-439ccabf2669,p-84e4f247c0d1,v-1cb429e124b4,ord-46b2cd60ee1c,L,1,24.4,2026-11-24 02:06:19,True
c-d3ab22c87dcd,s-800b7fe8d538,u-64245ea995b7,p-8fd825d4ccc3,v-1c4793b8853b,ord-2e813b0e5163,One Size,1,64.57,2026-11-24 02:07:15,True
c-91581178c691,s-2161b246f00c,u-4267e9f83dad,p-aa7905749a7d,v-0e67439ebf24,,6,1,37.88,2026-11-24 02:10:57,False
c-fe6e18a29b49,s-fb4e062fcf15,u-d5c1eac963ef,p-646999165be6,v-b3935f15bc15,,XL,1,53.51,2026-11-24 02:24:05,False
c-3eeae08ed9d2,s-23b531b9047d,u-d495c631d936,p-e117ca90e040,v-2c581ff440e6,,XXL,1,59.54,2026-11-24 02:35:19,False
c-f0303f6d79be,s-c161c38c8b57,u-6b5c8459e280,p-b66e5f0d4761,v-191c238f7381,ord-96f89d209414,L,1,21.37,2026-11-24 02:35:55,True
c-166d88040cf3,s-5bb1a6570b51,u-30411e044a76,p-badbb3761af6,v-58ab9e75abe6,ord-9854228174c4,S,1,35.66,2026-11-24 02:45:48,True
c-3764e2362745,s-4d1fe216e12e,u-cd51be1663b5,p-d8080af38c48,v-afe0539d7678,ord-b17b06961249,S,2,27.12,2026-11-24 03:08:48,True
c-0c8594f2ee6f,s-4d1fe216e12e,u-cd51be1663b5,p-a599ac460f97,v-93cd60f484e5,ord-b17b06961249,XS,1,54.66,2026-11-24 03:09:29,True
c-b3e3fc1920bd,s-2369fc2e59de,u-108752752263,p-c76e2eb74adb,v-21dcdca4b1f7,,XL,1,97.88,2026-11-24 03:16:42,False
c-83736f75011d,s-2369fc2e59de,u-108752752263,p-e6efd8eb6c71,v-f77928bc6170,,XS,1,41.02,2026-11-24 03:18:18,False
c-21776a5fe73c,s-2369fc2e59de,u-108752752263,p-0db9fb087595,v-30624fec18b9,,M,1,62.9,2026-11-24 03:20:10,False
c-f95bd710fad0,s-1247a6bfffd7,u-d2701e6d9338,p-750f83e553ba,v-1e1b3a63fd52,ord-9a23dad2f19c,XXL,1,53.05,2026-11-24 03:23:11,True
c-c99f9a6c96d3,s-1247a6bfffd7,u-d2701e6d9338,p-b4d00fcbbd62,v-443f497a9c98,ord-9a23dad2f19c,M,1,24.46,2026-11-24 03:25:22,True
c-ef6c0bbc0bd8,s-6917d8452283,u-672873543263,p-590824562404,v-b635078861d8,,6,1,117.93,2026-11-24 03:32:35,False
c-0b6fefd0b9b6,s-e00638add23f,u-2fb9c6dbee34,p-d2f8271d7733,v-66c3dc44edfa,ord-61b1ad71da50,M,1,52.56,2026-11-24 03:45:30,True
c-2f57f0bcaf0d,s-1c5203683b34,u-fea2181c05b4,p-89d8ba853aaf,v-6e1a16663227,,M,1,29.07,2026-11-24 03:53:10,False
c-979cd45e1b7c,s-bd14081ed41d,u-f329df9eaf0b,p-6daf00431a54,v-eea754ec4d04,ord-33a7719b9d8c,L,1,61.1,2026-11-24 03:59:30,True
c-56541312b292,s-bd14081ed41d,u-f329df9eaf0b,p-f04a689fac6a,v-b3d3811bee0a,ord-33a7719b9d8c,L,2,76.53,2026-11-24 04:00:07,True
c-30d8fd485b5b,s-3456a95103fe,u-0ede5d228be5,p-89f133d79724,v-190aa7fd4bcc,,XL,1,43.34,2026-11-24 04:06:02,False
c-82cbdc83629e,s-69b6baf7406c,u-4f177e77d91e,p-2ac9dbf9d55b,v-4c166ef19a9c,,L,1,62.21,2026-11-24 04:18:09,False
c-10e18aed36c5,s-ed0557e8bd7e,u-d3636b409a10,p-a1e9998937e2,v-283ae92bf150,ord-1dac738fb1b2,L,1,41.44,2026-11-24 04:25:38,True
c-0824cf5f0e0d,s-d39a3d71a9de,u-bbf47f7efd8e,p-e561402c4094,v-841bce99d9e9,ord-54e4dc349414,S,1,65.47,2026-11-24 04:30:16,True
c-89a81a4faa86,s-375f069ba207,u-ea2c9f6bcc67,p-4f51d75079bc,v-52d77e709995,ord-12583136730b,XL,1,73.37,2026-11-24 04:30:52,True
c-cf8eb01b0b17,s-4938209f5fea,u-cfb7dbcb618a,p-1e8aaed3ffff,v-4a9bc3b94532,ord-9062b476e2be,6,1,106.06,2026-11-24 04:32:28,True
c-62141ee7c502,s-bb0761dd6886,u-3951a6ee4e21,p-5ae742ef7d7b,v-3403e068deac,ord-65e9d830bf8a,One Size,1,102.14,2026-11-24 04:33:44,True
c-7693cb6599df,s-acca6e7f0775,u-528d820fe0db,p-adf9d571e891,v-3f34fcb6a593,,M,1,68.99,2026-11-24 04:39:58,False
c-dfbf03bc3693,s-29350ccd2eb0,u-6dc4ce1b5321,p-fdc433c8f9e0,v-9e3ac68f943b,,XXL,1,45.92,2026-11-24 04:47:45,False
c-b8e463983f87,s-76215e8f6750,u-91d569e32f2a,p-5d690f7a8ca4,v-220778c7f0ca,,M,1,58.94,2026-11-24 04:52:00,False
c-6db33ecb1c68,s-791176f48013,u-56e982708035,p-4a6dc20ebf42,v-9d96dd1020dd,,S,1,44.06,2026-11-24 04:56:34,False
c-71f90db79805,s-f0d47fe269c4,u-f79b093e626b,p-366499dbb99d,v-a9dfe94a46cb,ord-c1f9b6433553,M,1,50.42,2026-11-24 05:12:05,True
c-a6aee8644460,s-552655fede3c,u-df00d59d4385,p-3cac462524b6,v-5530760f0986,ord-4b440547d6a4,XL,1,57.56,2026-11-24 05:14:10,True
c-1ba05d7c48e5,s-2d96b33e182f,u-a10cbfe26e0a,p-e83847636e45,v-0fcfaa6cd4e7,,L,1,67.42,2026-11-24 05:15:18,False
c-6a7f6d502a89,s-0a7c443f2b1e,u-c5dd4de27d89,p-d5df60ed194a,v-ecf08f00e078,ord-441041dd1b0e,XXL,1,54.4,2026-11-24 05:24:16,True
c-754b081d25a0,s-0a7c443f2b1e,u-c5dd4de27d89,p-adf9d571e891,v-9e54a3cfa81d,ord-441041dd1b0e,XL,1,68.99,2026-11-24 05:25:13,True
c-f86fca2a11e4,s-d09743338baa,u-e1f54606da9f,p-fd5e47a00908,v-c41f5d570975,,7,1,36.59,2026-11-24 05:34:27,False
c-83d6e58cd67a,s-29f28d1002bc,u-9683160192e5,p-9cfb390e3093,v-9f052323f590,ord-61264dddaa5e,M,1,85.28,2026-11-24 05:41:44,True
c-ec2ef21e1cae,s-c4448c835d18,u-47a2dc00b614,p-a7dd8a52cbbf,v-3d0917712152,,M,1,52.8,2026-11-24 05:52:05,False
c-db87e9a74561,s-5989b25d58ac,u-ac577b528dd4,p-28d371b26832,v-254a4dffc8b3,ord-3a65ade3dab6,XS,1,59.74,2026-11-24 05:58:35,True
c-af30804ee771,s-a5d3807f2d0b,u-2a7c7d4f3260,p-f49125a00aae,v-713605d1a47f,ord-85d3b44d0255,XL,1,67.89,2026-11-24 06:14:43,True
c-75e7cda62af7,s-d0a3b328ffff,u-a22e6dcb98ce,p-39ec2a41fc32,v-5cf2b5c283a2,ord-a6e21a6c4dc0,S,1,56.27,2026-11-24 06:22:54,True
c-1d2246659aa3,s-9dff16565817,u-78eee7ee1c93,p-197441774e00,v-c85c288fee8d,,L,1,47.03,2026-11-24 06:58:45,False
c-f5164d4ed03d,s-c0194b931ee5,u-a520cdb77337,p-31720c9ca1de,v-f49ace045529,ord-effe948d6945,XL,1,69.29,2026-11-24 06:59:51,True
c-a18779eab02e,s-849a4d707ea3,u-da80c4bf9f4c,p-1202dfcc07cf,v-37dff73c6a79,,S,1,32.52,2026-11-24 07:11:02,False
c-6932cb4aa849,s-ecbc85de746a,u-be053bf87f9f,p-adbf5cb455f2,v-f90ec506d1fd,,9,1,61.72,2026-11-24 07:12:03,False
c-981fa2f94faf,s-df87929ad984,u-a8a97797cb6b,p-6a7396308f22,v-cf27423ea3fe,,XS,1,18.65,2026-11-24 07:42:08,False
c-3d7ddaa5decd,s-25b6eb6ab732,u-c0cbe4e921dd,p-d973be4b8648,v-415bdc3039e4,,One Size,1,35.26,2026-11-24 07:54:10,False
c-d13eaafd95da,s-9a5583885386,u-6731f4fa8618,p-7fcf75f149b1,v-ab00c65d1763,ord-088ecbf741bb,XXL,1,21.74,2026-11-24 08:00:37,True
c-81581cea57d0,s-2dbbce42c32c,u-6f0086493d1e,p-579a9b3b3824,v-3052016ed83b,,L,1,32.26,2026-11-24 08:18:32,False
c-59dedfe2618f,s-2dbbce42c32c,u-6f0086493d1e,p-066c7ca47b4a,v-9c875badbfd3,,XS,1,80.94,2026-11-24 08:19:15,False
c-dbe392ff1284,s-2dbbce42c32c,u-6f0086493d1e,p-dabfff819f69,v-d902e935e827,,L,1,34.7,2026-11-24 08:19:54,False
c-7e65f37e9c88,s-2dbbce42c32c,u-6f0086493d1e,p-2ceaa39d7440,v-907e7e7c83ac,,XL,1,20.57,2026-11-24 08:21:35,False
c-541b1d9808d3,s-cbda97809e6f,u-f69089dc8625,p-00467fe6aa89,v-0a974b49254b,,8,1,104.31,2026-11-24 08:26:02,False
c-08d9d6124d7c,s-05d1d364da12,u-106877950d04,p-f49125a00aae,v-920c0466e988,,XL,1,67.89,2026-11-24 08:28:42,False
c-e56c9f96e8da,s-6e36c52131c0,u-ae59bdbd14f3,p-52f3ef7b086c,v-5cc1b889cfbd,,M,1,40.56,2026-11-24 08:44:37,False
c-a8e8e967b815,s-780d53c08b7e,u-7606e0657e5b,p-699c26292602,v-c08e20c3a8a4,,One Size,1,66.67,2026-11-24 08:58:15,False
c-8cba8398dc7c,s-12786bd932e6,u-ffbcd63abef4,p-fb1ccfd5df5d,v-a12adb04c231,ord-ec855fdd5a08,10,2,90.35,2026-11-24 09:05:30,True
c-371eabfbd2bd,s-13f558387a82,u-5f6c33e669f1,p-0b74e71e8957,v-1463af116c70,ord-bb1675ae5451,7,1,82.26,2026-11-24 09:06:37,True
c-b940a6da3589,s-9ec1fb0370a5,u-35034b284861,p-3e4e501a0c6e,v-56665c764eaf,,XXL,2,38.6,2026-11-24 09:21:09,False
c-1b2a491dab79,s-c71d70358a3d,u-18bfcd2cedc4,p-90c6661528cc,v-dcad6e9a2018,ord-b9f5e2e91809,S,1,43.76,2026-11-24 09:22:54,True
c-3a8acd27ce1c,s-c71d70358a3d,u-18bfcd2cedc4,p-a608abcb97c9,v-37eca14d9fec,ord-b9f5e2e91809,XS,1,77.65,2026-11-24 09:23:48,True
c-8390c095cba8,s-c6f1c018aeba,u-4954bbb81f82,p-9cd64f4f5ba3,v-23b298778bc9,,XL,1,65.59,2026-11-24 09:46:25,False
c-aef3a3b2238f,s-39fcc0d4c98b,u-1a8ed3d9471b,p-8cb78c65b913,v-0c1117240b55,ord-7d6dc6747d01,XXL,1,57.18,2026-11-24 09:51:14,True
c-0726def49dab,s-b3c28ae6f8a1,u-91733e5df264,p-dc8bccb1bc01,v-e4c0b42a759a,,XXL,1,18.02,2026-11-24 09:51:59,False
c-b87a2f40fcd7,s-b3c28ae6f8a1,u-91733e5df264,p-74aadb4fff89,v-86a43ca7d8e5,,One Size,1,113.17,2026-11-24 09:52:23,False
c-0ba8b60e6e32,s-1edb4b38e9ac,u-de0452bb4b4f,p-328a5b454b7c,v-e00966c4cf8f,,L,1,70.48,2026-11-24 09:56:08,False
c-29c123e64779,s-148d60780239,u-c02d049bcfc0,p-6c219b280162,v-2bf31f1fd371,,L,1,44.66,2026-11-24 10:18:34,False
c-d2ac372e2f81,s-a5c8bb54771c,u-2eeb69e3f3d1,p-f9eab5b06d34,v-91ce47f0fb52,,XL,1,74.92,2026-11-24 10:23:11,False
c-0eb7192101c9,s-a5c8bb54771c,u-2eeb69e3f3d1,p-eaf908448f12,v-b3b2a46f7ded,,L,1,42.46,2026-11-24 10:23:40,False
c-60f5bbc00d2a,s-a5c8bb54771c,u-2eeb69e3f3d1,p-1038de11dec9,v-744bdb375ecb,,L,1,54.38,2026-11-24 10:26:53,False
c-4de8b2adc5bb,s-c61ed05c6520,u-4196196fed39,p-32d0c21896ae,v-3c516472eee9,ord-301379754827,L,1,60.1,2026-11-24 10:37:34,True
c-95ab2c8c11d4,s-0a1bc57c3c41,u-87b7c2b1138b,p-cde2369972d2,v-35271a7d77a5,,XS,1,49.1,2026-11-24 10:41:24,False
c-cb3ceedd1f72,s-56bddf10e81b,u-2154e796a46e,p-16cc6e122e17,v-efeb6c58e0b6,ord-7a7ace2f126b,XL,1,57.67,2026-11-24 10:46:53,True
c-73d9cf399834,s-063a4fff25a6,u-0ee3ef4f9f75,p-ee0543f95663,v-6653771ff41f,,S,1,61.12,2026-11-24 10:53:24,False
c-c0485fc7c143,s-6ddc69dd2993,u-f8e8ac68b5a0,p-70f485889dd0,v-19b1e0cdd7c3,ord-cab44a7dcaa7,7,1,49.51,2026-11-24 10:57:40,True
c-c209274318f0,s-68914b659f02,u-bb2683da0351,p-22bc2007008f,v-7835648bfa9a,,L,1,53.36,2026-11-24 11:08:24,False
c-2ff0734260e5,s-bc942be6a439,u-16338e87bf34,p-6a0a5ab6b0fc,v-a59dc9b67c3d,,XS,2,80.21,2026-11-24 11:47:47,False
c-a21d5475d5e5,s-0bfeb60da09b,u-a31497736ab3,p-87ee241cd5e1,v-4f9929efd3c4,ord-670befd3e533,M,1,45.7,2026-11-24 11:57:01,True
c-c0ebbbf98ad9,s-0bfeb60da09b,u-a31497736ab3,p-fde3dbcf8ef8,v-928b00496f9c,ord-670befd3e533,One Size,1,50.15,2026-11-24 11:57:58,True
c-85847ec5935a,s-e16a1d108a13,u-8d89ca194246,p-3484e06c8c9f,v-467a82d29bae,ord-79b0b7f3861e,8,1,56.92,2026-11-24 12:06:11,True
c-20ce91cf1991,s-65b0e0fe861b,u-d6d1f320a497,p-ddb69fecdb75,v-ddc00a94636a,,XS,1,89.04,2026-11-24 12:31:01,False
c-405645868929,s-0497176c32bd,u-9bb6c469c1ee,p-97efa68081c6,v-eff5944d6ab2,,L,1,40.0,2026-11-24 12:33:39,False
c-0054c23e1d57,s-9f02e9ab0d54,u-c32bf29dc223,p-1e9b889c6e2d,v-a45c01c3eb0b,,One Size,1,37.37,2026-11-24 13:04:07,False
c-7e1ed44ada14,s-ca410bb795f6,u-40b003b3934b,p-f27868387997,v-4482cf84d51c,ord-6278cf11e02c,9,1,148.8,2026-11-24 13:08:36,True
c-d3793e6cd930,s-ca410bb795f6,u-40b003b3934b,p-48733b229d52,v-fe75d821de27,ord-6278cf11e02c,XL,1,25.46,2026-11-24 13:09:38,True
c-966eaf207b83,s-ca410bb795f6,u-40b003b3934b,p-3ba78bf8d9ef,v-484bad436ea2,ord-6278cf11e02c,XXL,1,30.46,2026-11-24 13:11:04,True
c-1cd269e5c933,s-f3614bdafd27,u-494b2ea58ca1,p-d126ff14ab1c,v-4500d839b48f,,XL,1,37.09,2026-11-24 13:11:43,False
c-b478d14c4d8c,s-a51a82aec330,u-7f7c39364656,p-ef4fd58a911d,v-c7b6b4e1e7c8,,10,1,76.2,2026-11-24 13:26:05,False
c-f278916bd498,s-24ded5856fe2,u-3e7d84bdc2ce,p-f4e713a110d6,v-28a3e2fbe668,,7,1,104.08,2026-11-24 13:33:17,False
c-0162af334bfd,s-d9e41b27673c,u-9044725cbb5c,p-55f96bec8bc5,v-749855b2ea3a,,XS,1,50.6,2026-11-24 13:33:32,False
c-b4a85fe5cf1b,s-7467a4fa6407,u-bb69586d02a4,p-86aed0447318,v-12b670f81d3d,ord-91f3ed228cab,M,1,67.53,2026-11-24 13:40:22,True
c-82c4bab545b1,s-7467a4fa6407,u-bb69586d02a4,p-195b9cb9d02b,v-846f94c7d0c3,ord-91f3ed228cab,L,1,20.5,2026-11-24 13:41:13,True
c-6640f6c386e8,s-eddfadbd14af,u-daf4e462bcc4,p-4f49943c70ac,v-585e26acb1a1,,L,1,37.17,2026-11-24 13:41:46,False
c-21204f5ee2a0,s-7467a4fa6407,u-bb69586d02a4,p-27785fcb8ce9,v-9d5f6cc08ec9,ord-91f3ed228cab,M,1,53.72,2026-11-24 13:41:46,True
c-49ae3d111a82,s-a67de788e5a5,u-e55b08983422,p-0ea7c7498216,v-50d392320ee6,ord-3af191f9541a,L,1,29.44,2026-11-24 14:10:50,True
c-9250577e7274,s-a6eff95307c4,u-0056b6a54044,p-ba45da140e16,v-db3e3a46cee5,,XXL,1,27.33,2026-11-24 14:16:29,False
c-7fb2e0bc1e20,s-39428796bdcb,u-3282f0fe1371,p-2782896fc4d4,v-bbcc7612d3e1,ord-a3381ee3bfad,M,1,71.95,2026-11-24 14:29:16,True
c-3713ed336356,s-20cd29030f2b,u-448df502f4aa,p-78e0b2ccb6f3,v-6133ab99b84d,,XS,1,74.89,2026-11-24 14:37:15,False
c-8437568a191f,s-e0a550eb31dc,u-6a13753363c9,p-d6b6fcc1e8fa,v-2ffba9ccfd09,,XXL,1,62.87,2026-11-24 14:38:24,False
c-efa889a398c7,s-b342cd7b11df,u-b6a091441582,p-4e2e515c2ad6,v-89e6726174bd,ord-e0524c70f841,L,1,41.78,2026-11-24 14:48:41,True
c-76aaca41be24,s-bad63a3147e9,u-8aa91b03b968,p-50aa38f4e3cf,v-da8a9d7fa5bc,,M,1,17.3,2026-11-24 14:53:52,False
c-6df04c8f7ded,s-f1b8f73c9005,u-8c4854244abe,p-c03a681d1e88,v-ee60b9dbc99f,ord-82fc8718a907,XXL,1,77.98,2026-11-24 14:57:57,True
c-adba8737b9fc,s-53ca9912b87b,u-6c66d53da25d,p-da7ae64b372c,v-782e37c7a116,,XL,1,30.46,2026-11-24 14:58:04,False
c-1c17bb64e5eb,s-92ab23c3c018,u-97c728bac831,p-6afba8c567e4,v-a1913c4bc4d6,ord-c543b2bccfe9,L,2,28.21,2026-11-24 14:58:35,True
c-8bcd2e000a05,s-53ca9912b87b,u-6c66d53da25d,p-b9b0a9cb6161,v-89edf8f6bec8,,S,1,111.42,2026-11-24 14:59:16,False
c-3d00ae53fd60,s-c1fcbde74e96,u-b21a62350357,p-fe4bf4dc6f15,v-42415779d10e,ord-4cfba35cee7f,6,1,79.19,2026-11-24 15:16:50,True
c-50f4c7e689db,s-fc59d8834468,u-a35edb14ff05,p-655842b88783,v-4117d271a023,ord-9df65d34a27a,S,1,102.13,2026-11-24 15:24:25,True
c-b94601772a91,s-9f1d321fa9b2,u-443a84430348,p-9761886c8bae,v-0246d6962440,,One Size,1,55.01,2026-11-24 15:26:13,False
c-58fcf7a20d08,s-200795db97a7,u-3d7c75abfd63,p-cc7695324c2a,v-db6c67ce6960,,XL,1,93.75,2026-11-24 15:28:06,False
c-0049828726fb,s-1cc767bc850a,u-e6d351c01f1d,p-0e5254b99ded,v-52fd575fa349,,L,1,39.33,2026-11-24 15:28:34,False
c-4d878e21a9c9,s-e96631f92603,u-44824e07a1a6,p-0b126e25de6e,v-835e698df51d,,XL,1,51.53,2026-11-24 15:34:32,False
c-f29e54e66b27,s-51b65e611a02,u-b6d8d98385eb,p-a7dd8a52cbbf,v-6b9e61e44243,,S,1,52.8,2026-11-24 15:42:40,False
c-1cbf6346a51b,s-bf0edb572d9a,u-b2f3baf8eaff,p-31720c9ca1de,v-6be8c3231564,,XXL,2,69.29,2026-11-24 15:54:13,False
c-f8e0ef70756b,s-e5a6f937f349,u-14f12e68fd8a,p-dc8bccb1bc01,v-a84a29c6bb76,,XL,1,18.02,2026-11-24 15:55:24,False
c-0d077ef9ae0b,s-bf0edb572d9a,u-b2f3baf8eaff,p-87949fab40de,v-84f0d9076e2f,,XXL,1,44.21,2026-11-24 15:55:55,False
c-219d7d455308,s-19d6f507df39,u-d5b9ef271b26,p-69daf4452ca8,v-510174239b05,ord-61e2358bacd6,S,1,23.55,2026-11-24 16:05:33,True
c-4e4345c17121,s-fae84bc9ec66,u-bfb7eef6f3ec,p-7bd59884598b,v-242b938f4e78,,XS,1,108.81,2026-11-24 16:14:16,False
c-9d9692fcaba7,s-0ea0cf1b46d4,u-26b8dc2f4d5d,p-2ad0afd20576,v-fe8995973d76,,XXL,1,68.85,2026-11-24 16:24:04,False
c-3dd4b1140c7a,s-ce422affe03f,u-cf67df4f18bd,p-f80920541012,v-c661779a51be,,XXL,2,31.71,2026-11-24 16:36:23,False
c-9f5631a16b63,s-a0de8ccfed5d,u-f5239efa4bb8,p-699ebe9cd2ce,v-a5539c368044,ord-2c6e6ff03a47,S,1,41.74,2026-11-24 16:42:35,True
c-c5c288cd49ca,s-c1b9770baf17,u-c9fac5deaf83,p-adce4fd2f289,v-ad3b7a41a94c,,S,1,80.68,2026-11-24 17:11:33,False
c-105b0fc00c17,s-35070f406015,u-41bad60675a7,p-fea2fa77cfc0,v-aa2c19211152,ord-8ebdf092f5d6,XS,1,54.19,2026-11-24 17:13:28,True
c-5434ef1ed6f3,s-c1b9770baf17,u-c9fac5deaf83,p-7d48ea4855b8,v-0f3793be10a5,,M,1,52.57,2026-11-24 17:13:54,False
c-a0e6b3bf4866,s-2b93f0e7288f,u-de360b8c24f7,p-d80e9b673d75,v-4cabf687d50d,ord-971faa54ab03,XL,1,55.47,2026-11-24 17:21:12,True
c-f4c9a9eea95d,s-62c2e31fc9a6,u-6cd01203b662,p-032704074e24,v-9024a10be9eb,,7,2,93.01,2026-11-24 17:21:41,False
c-7097154b9c8b,s-62c2e31fc9a6,u-6cd01203b662,p-8d66035c760e,v-ab8fc2797de9,,XXL,1,21.46,2026-11-24 17:22:07,False
c-d4d083bf7213,s-ea79c494de67,u-28d5a99a0145,p-9b4aeed38db7,v-1662ab076571,,9,1,92.98,2026-11-24 17:31:39,False
c-b9554e32368f,s-701e68596714,u-50816a7cc343,p-896ee782e212,v-5f8ccfb34891,,8,1,113.62,2026-11-24 17:38:44,False
c-5d1caf356bb0,s-f4f018f6dd42,u-0e5da3a8b217,p-16cc6e122e17,v-797771786225,,XL,1,57.67,2026-11-24 17:51:01,False
c-5dbf0451320c,s-e47497903a07,u-1a15520f35cf,p-d365397ced14,v-a8872e35d03b,,S,1,44.09,2026-11-24 17:52:30,False
c-59c1bb37eb35,s-0f7db0227bf3,u-b06b8cf64790,p-6c57e32ac2ab,v-0bd7ba0207d5,,M,1,37.84,2026-11-24 17:53:31,False
c-307cf9e03d53,s-c2c22a2bfcc3,u-76a9cf5bd3a1,p-c88e3fd42ff3,v-a644837d0534,,S,2,33.42,2026-11-24 17:58:24,False
c-64e5f479b2d0,s-362c6787c253,u-a9e3ec36aa4a,p-40b685e950bf,v-c1ef7c722d2d,,One Size,1,40.34,2026-11-24 18:00:49,False
c-f7d4a90f33ab,s-79a661973c78,u-c7779b9b5df2,p-fef3c928dae9,v-6795d419c057,,L,1,66.97,2026-11-24 18:00:59,False
c-d35427504f01,s-30366c8432f9,u-984c71442ec4,p-adce4fd2f289,v-b35b07aedb8b,,XS,1,80.68,2026-11-24 18:03:42,False
c-3b8a6d3bd8bd,s-adb9602d7865,u-1626a6e2ae91,p-72c9c1080cdf,v-e9c55e42f436,ord-2ce67c64f2fd,One Size,2,29.52,2026-11-24 18:04:08,True
c-ca487fa0f4b8,s-96e3b47f511e,u-c26765ccbc83,p-032704074e24,v-8a83a03068e2,,10,1,93.01,2026-11-24 18:15:29,False
c-2e95fd6671cf,s-ead32ba02a1b,u-646170706f9d,p-f064d042df39,v-39320b6e6daf,,One Size,1,39.69,2026-11-24 18:19:10,False
c-e46d6c164fbd,s-401eee43bb58,u-e706cee24a68,p-353e792b1bc4,v-25df7bdee9a0,,L,1,42.56,2026-11-24 18:20:10,False
c-3c5c31e8f2da,s-d499fe8febfc,u-b08818fb1066,p-b66e5f0d4761,v-478ce0fd1e54,,L,2,21.37,2026-11-24 18:23:23,False
c-6d682d6831ce,s-9a058c4073aa,u-ae629ae64457,p-bc3329ef5762,v-28bcef9f57c5,ord-941a3086f45a,M,1,54.27,2026-11-24 18:25:02,True
c-aebdd0a41b9b,s-032174926d0d,u-1787bd5e2213,p-44f95ab2e044,v-70d62d1895ec,,One Size,1,95.72,2026-11-24 18:31:54,False
c-999abfd88af9,s-ef605fcf0af1,u-f9dbaf30e6a8,p-7df82a11550b,v-d993266d166b,ord-49bf9bb02125,XS,1,47.37,2026-11-24 18:42:11,True
c-bf78914f7a23,s-5f8e3bb9e0ad,u-5f22cf85008c,p-4965eb79fe58,v-2b3f3fd2f74e,ord-a3ba198431da,XL,1,67.45,2026-11-24 18:45:28,True
c-71516d9d5747,s-a46c463680a2,u-f47dc0415263,p-dbc3e031de55,v-cf8564a30938,ord-0243806e6aa7,One Size,1,85.58,2026-11-24 18:46:15,True
c-58bcb42ee285,s-f3bd17a3bb2f,u-46054a0b3d0d,p-cefb582e9ad6,v-5ced3393239c,ord-c3542e8fe068,XL,1,45.34,2026-11-24 18:57:38,True
c-f09e526f6cd6,s-9cfbccdd47d5,u-b28829461aa6,p-3116bbd538a8,v-855f79227017,ord-27bc41b10374,M,1,43.86,2026-11-24 18:58:09,True
c-9c1a57406b66,s-9cfbccdd47d5,u-b28829461aa6,p-7694533ce399,v-d1b57b4efc43,ord-27bc41b10374,M,1,75.12,2026-11-24 18:58:59,True
c-05f1dc325e49,s-9135799aef81,u-6da9cd7e9a40,p-8959b14efe22,v-ff3ffc7b2379,,7,1,61.37,2026-11-24 19:01:02,False
c-0da36a5ee8a0,s-ba17e50fe203,u-847b07cdd1c6,p-af6ac96edddc,v-b3c085614b34,,XS,1,24.5,2026-11-24 19:05:21,False
c-032ec59171cb,s-be4bb37b03c4,u-862e718e24b2,p-0e75db11ed53,v-1fd4883af1a0,ord-eb4bca48c034,M,1,64.35,2026-11-24 19:21:37,True
c-389cac80bde0,s-021f5289c434,u-a29b955ce51f,p-538030e34bb1,v-296ec6e9a5b7,,One Size,1,31.84,2026-11-24 19:22:57,False
c-01398417bac7,s-939e6f2742c7,u-121e1ce5d761,p-6a0a5ab6b0fc,v-79c696e5f5f8,,M,1,80.21,2026-11-24 20:20:09,False
c-ca6a1cce5021,s-939e6f2742c7,u-121e1ce5d761,p-77931ac35e65,v-23078b92922d,,M,1,54.21,2026-11-24 20:21:54,False
c-1efd410f89a3,s-35cdcd665adf,u-44858c71f155,p-a136dad25c26,v-d6805022ccee,,L,1,26.83,2026-11-24 20:24:19,False
c-6be0b58f0abf,s-8235427df53d,u-6c85f393e581,p-7292cd755bbc,v-4e1f9eb7e228,,10,1,38.89,2026-11-24 20:54:39,False
c-88fb51a79ed1,s-8235427df53d,u-6c85f393e581,p-ec8f9ff55280,v-1e56d12ca6c6,,7,1,89.79,2026-11-24 20:55:49,False
c-ebc8676c17c7,s-75a354454879,u-3cbe2c3a86fa,p-1202dfcc07cf,v-1a19831a83f4,ord-9a77986ed3dc,M,1,32.52,2026-11-24 21:08:19,True
c-902610394793,s-116986db7548,u-dda11d597adc,p-5be1ceedab47,v-f177d1f0f3af,,M,1,67.34,2026-11-24 21:18:23,False
c-f6520f43dc72,s-116986db7548,u-dda11d597adc,p-6905625d4487,v-f0f26bb99418,,11,1,44.48,2026-11-24 21:19:17,False
c-35619ea7542c,s-4ce897f2d275,u-5145453752bc,p-e1995610cd90,v-bb6540648ce6,ord-c094ae7799ad,S,1,41.34,2026-11-24 21:28:08,True
c-7a78f951ba9e,s-4ce897f2d275,u-5145453752bc,p-febce788e79c,v-8d0d13698e4b,ord-c094ae7799ad,XL,1,34.12,2026-11-24 21:31:01,True
c-2a3f3418e4dd,s-b0bce3e8f499,u-9124ed1881e7,p-0ef53163d4d3,v-99ad7aa476a8,,XS,1,77.44,2026-11-24 21:33:21,False
c-47087d0db578,s-4259f3701b63,u-47fbb82e5fb8,p-81c9b9f1418b,v-85e732efbf4f,,S,1,88.01,2026-11-24 21:58:12,False
c-e0d1c418c741,s-70965a15ee0f,u-08913f7d0341,p-02862d6b4dd9,v-3f38fe12fc28,ord-9b1de95a0f9b,8,1,66.67,2026-11-24 22:22:47,True
c-8621774b798a,s-503b8977f0a3,u-080f15532dd6,p-d899eb477c36,v-86349223e592,ord-b54e52955a58,XXL,1,67.57,2026-11-24 22:25:01,True
c-2f4b922bc0c6,s-f7d3db69ad11,u-e942d663cdfa,p-e5d7335642b6,v-197bbb4b21ed,,XXL,1,53.31,2026-11-24 22:36:25,False
c-6e187d8119ae,s-5b4d165a94ef,u-eccb872d13c6,p-37a25fddc192,v-79480665174f,,7,1,86.47,2026-11-24 22:37:23,False
c-a8e738c4ce6c,s-0a81d6bf8cf8,u-d1e21d2d0873,p-5bf2b05de330,v-e5ade9f44f3b,,One Size,1,52.16,2026-11-24 22:53:15,False
c-0755cfa1e280,s-0a81d6bf8cf8,u-d1e21d2d0873,p-449f9a8dac4b,v-a87b8c28a340,,S,1,58.11,2026-11-24 22:54:17,False
c-24e2bdfc5851,s-f699f9246d2c,u-c2f8cbe22abc,p-3862b24fcaf1,v-cd1b9e21576a,ord-68cd775f49db,One Size,1,64.09,2026-11-24 22:59:48,True
c-c47b77fbba2e,s-4924471dcdc6,u-f7dabdc0f489,p-dabfff819f69,v-85dcc013fd64,ord-288aead6057d,XXL,1,34.7,2026-11-24 23:07:30,True
c-c19f6bbb4b27,s-202cad06454d,u-a477c1e6d81a,p-76cd1ecc23b3,v-d34c36cb37b9,,L,1,85.34,2026-11-24 23:12:46,False
c-2b48bb4908ec,s-8c0bfed7034d,u-801b56d40876,p-deaefd8692e3,v-88d4d60c2db3,,XXL,1,91.39,2026-11-24 23:29:57,False
c-1f080c423623,s-94f590d4f0b7,u-23bc4452d70e,p-0ec780797f59,v-157d608afe45,ord-2943d27d0388,XL,1,53.36,2026-11-24 23:32:02,True
c-2f52c9d23539,s-ac7cadbf6c29,u-913791a69459,p-89595b0edd0b,v-06ae8e3acae6,,XS,1,126.99,2026-11-24 23:32:06,False
c-ab00ebcd2b39,s-94f590d4f0b7,u-23bc4452d70e,p-c920f258e7da,v-0e5e090cbe26,ord-2943d27d0388,M,1,48.5,2026-11-24 23:33:51,True
c-bf2ecdf389cd,s-a370f7082d2e,u-484aeb1ee033,p-ec1c62770498,v-a0fa5a2e034c,ord-f1e2f364ea34,S,1,43.27,2026-11-24 23:39:29,True
c-ce7824bcf7df,s-a370f7082d2e,u-484aeb1ee033,p-663334a58569,v-0a1a30647e03,ord-f1e2f364ea34,S,1,45.93,2026-11-24 23:40:18,True
c-efc69cc1c9a1,s-07f55291005f,u-36352e8e059c,p-960cf7793081,v-ff0dc0ff573b,ord-ea219365a190,XS,1,25.09,2026-11-24 23:40:45,True
c-0d438d874fdb,s-503f0f815ab8,u-230b967737b9,p-5dbc634cdca1,v-0724688de05a,,XS,1,75.65,2026-11-24 23:43:51,False
c-4ff4c4193e1c,s-efad71bef09c,u-a5d3cd2270bd,p-fef3c928dae9,v-415c5e54889a,ord-66eae7445b84,XS,1,66.97,2026-11-24 23:44:39,True
c-863f98719cee,s-6cf072013d37,u-ce22827c3e83,p-504262c29c27,v-2385bc38e97a,,10,1,111.69,2026-11-24 23:53:16,False
c-519822e74769,s-77bd654a64f3,u-0c9dc07d1bef,p-1038de11dec9,v-0aa69eb5e9b5,,M,1,54.38,2026-11-24 23:57:34,False
c-0d0c90a3dd71,s-340ee008ddcd,u-e2b2ba51e567,p-0c14d5cb6bca,v-507c21506224,,8,1,52.96,2026-11-25 00:00:42,False
c-758e4274a930,s-44eef5967087,u-326f7d3e1ccb,p-782f0659a084,v-3e49f7b76401,ord-607924ab2cd5,M,1,43.83,2026-11-25 00:13:16,True
c-b1c9f509231a,s-44eef5967087,u-326f7d3e1ccb,p-8050101493c3,v-bfd1dbeb0d5e,ord-607924ab2cd5,L,1,67.51,2026-11-25 00:13:52,True
c-29514b87cadb,s-11ec714c845d,u-a98c339f40c4,p-e4832c58b520,v-3014dd5d4a55,ord-56636d8ea140,One Size,1,53.12,2026-11-25 00:30:49,True
c-a51fb32ec1e9,s-f03c1f22e589,u-cd1de5c2a4d3,p-373910a7c95a,v-326bee36cc3f,,11,1,60.12,2026-11-25 00:36:51,False
c-fd8bcfca4ddd,s-9a879de5f9dd,u-5b504a4f6a62,p-f9d0f8a34417,v-8aaa3d150aac,,One Size,1,48.25,2026-11-25 00:50:34,False
c-bbcffd42588f,s-3ff228536713,u-14b4c65782b5,p-ba1bbbe72547,v-b9bfe3efdcce,ord-c71f2f2868b7,L,1,60.24,2026-11-25 01:05:51,True
c-b85fd4bb4059,s-3d630c531049,u-1bae6a8353b4,p-e9bb9e118091,v-ed763d7bf342,ord-26f97ddc924f,XL,1,38.06,2026-11-25 01:22:06,True
c-c70ce8365e79,s-45ac7cfff339,u-d80d66590200,p-e1973ed20a00,v-6276f2d766c2,,S,1,34.07,2026-11-25 01:40:16,False
c-49c1624c5016,s-67a86749c81c,u-ea1f1d2e39e9,p-fea2fa77cfc0,v-d2ad1dc348a0,ord-23fd9674830e,M,1,54.19,2026-11-25 01:40:38,True
c-a7b7a4049ac3,s-67a86749c81c,u-ea1f1d2e39e9,p-d52b360e8d66,v-c4ec3e862317,ord-23fd9674830e,11,1,92.68,2026-11-25 01:40:45,True
c-d9e825a61860,s-2f3e611c20c7,u-5a7a8d6e587a,p-3da33d3f90dd,v-79b495e4f772,,M,1,51.9,2026-11-25 01:50:06,False
c-e6669bb44a54,s-b44675a51bfe,u-417f091276ce,p-a37a511b08fe,v-5ff1ad165e14,,One Size,1,37.94,2026-11-25 02:10:37,False
c-a31f2314f4fc,s-6bf7ad30cdad,u-3cc1a256c33c,p-8e50d7ba5214,v-c4f77e167ccf,ord-137fb9c8f35d,S,1,32.4,2026-11-25 02:18:43,True
c-93affcc37e18,s-9b3714c70db1,u-2a8152a5707c,p-87f337a5759c,v-6f6bf181371e,,11,1,85.98,2026-11-25 02:21:07,False
c-bf848e09fa74,s-1a3ee9f0e620,u-ed72e0b57345,p-498633597065,v-bdfd9381da2b,,7,1,90.36,2026-11-25 02:24:06,False
c-636844c0dc8b,s-55f0d1308dc0,u-41bad60675a7,p-96ca3cfd420b,v-0d1fc902cf48,ord-21bdb18b0ae5,XL,1,76.85,2026-11-25 02:24:11,True
c-3b40b9ef73b2,s-55f0d1308dc0,u-41bad60675a7,p-7d48ea4855b8,v-386d39d8c416,ord-21bdb18b0ae5,XL,1,52.57,2026-11-25 02:26:51,True
c-b48344603132,s-225ac983509e,u-c93a51bb86db,p-646999165be6,v-088777ef5369,ord-7fd4bb7e942c,XL,1,53.51,2026-11-25 02:46:02,True
c-7e3320326368,s-fee6d0cd0f4b,u-1028c374534a,p-becd7da83732,v-d6ea9d5dc54f,,S,1,44.32,2026-11-25 02:50:44,False
c-4fc8f502678d,s-b2a6ac04d23f,u-b8e26d0fa476,p-c477e86ebfdd,v-e8f9374a7ea5,,S,1,70.54,2026-11-25 03:04:19,False
c-bc682a0ab31a,s-015121ec51ea,u-e05241401e9c,p-1673ab84f4ab,v-69bf18636dae,ord-39f2ac6f0130,7,1,65.29,2026-11-25 03:11:59,True
c-3ccfa2963981,s-015121ec51ea,u-e05241401e9c,p-5d13265a54aa,v-4fa8f6b7724d,ord-39f2ac6f0130,L,1,50.39,2026-11-25 03:12:35,True
c-a98ada5f9729,s-4ed5047c7f4d,u-ebdeae1d1f3c,p-1035b5c976a9,v-955e902f6bf4,,One Size,1,90.52,2026-11-25 03:15:34,False
c-d518e9516247,s-15e28a987482,u-250f8eaaab7a,p-3d634eda5892,v-f0fe1264c78a,,XXL,1,33.76,2026-11-25 03:28:23,False
c-0b9404712454,s-216e6863f0ca,u-de2bccc48e3f,p-af1020af155a,v-545ce31cb52a,,8,1,31.46,2026-11-25 03:30:46,False
c-fc2fe4aa36f7,s-a8ee3a33e469,u-67e28a2f6c40,p-2295660ccb5d,v-d5795154aa10,,XL,1,94.61,2026-11-25 03:38:17,False
c-5a985a76fe84,s-fe019b996ff8,u-2900e923dd1b,p-d21a5093c235,v-f28e11fe5d37,,XS,1,76.75,2026-11-25 03:47:35,False
c-9fedae81f7de,s-de9bdb6f74a2,u-44f4a883cb5c,p-c9da5f0d71d8,v-dd32c928ebf9,,11,1,47.21,2026-11-25 03:50:12,False
c-a13c08262cc3,s-f21adcecfe3b,u-8be76e1b2422,p-ba1bbbe72547,v-1697848f7d37,,XS,1,60.24,2026-11-25 03:55:57,False
c-293003bb341b,s-3bb9e197cd3f,u-a5f625b476de,p-aee736d3ee12,v-14a767ff4358,ord-cff5844b8e80,L,1,46.11,2026-11-25 04:31:00,True
c-521b09b81501,s-1987820c59e2,u-d0e2856bda8b,p-7559726b91cb,v-5ca134e50ce6,ord-ca5f3b587aea,XS,1,68.75,2026-11-25 04:55:44,True
c-772f2b37cc7e,s-1987820c59e2,u-d0e2856bda8b,p-9b0815db6310,v-867b94f2f09c,ord-ca5f3b587aea,XXL,1,36.06,2026-11-25 04:59:07,True
c-0bd53691de60,s-4f06575dd94e,u-c8d86e4bd2b4,p-2d943db0d05b,v-64a917d4d290,ord-b03623d98ea6,L,1,71.29,2026-11-25 05:13:47,True
c-bc30942303bb,s-ad29735b776f,u-a4da7ed76776,p-4cf131b5a7f9,v-1a5d54fcc8aa,ord-6fe2294a9c23,XL,1,44.74,2026-11-25 05:25:37,True
c-0d63a220c97e,s-ad29735b776f,u-a4da7ed76776,p-b44217173b98,v-9b07559d8077,ord-6fe2294a9c23,XXL,1,36.5,2026-11-25 05:27:59,True
c-c26d93f59983,s-7a08f69d8563,u-1d35976d71c9,p-206c70749a02,v-197e7a135f08,ord-59c4096801a0,M,1,55.24,2026-11-25 05:29:37,True
c-6584ac44e09f,s-7a08f69d8563,u-1d35976d71c9,p-c7fcb5d9d88e,v-21ce05ab1be3,ord-59c4096801a0,8,1,67.46,2026-11-25 05:29:58,True
c-51823109f79d,s-b7ed371e3d8b,u-012bfd43389f,p-33e3be652eb2,v-783f42bc57c9,,S,1,30.38,2026-11-25 05:43:25,False
c-0d656ef0bba6,s-94f935df7bd5,u-e12a9706433d,p-9736f1b8b5ff,v-d9a73ea53285,ord-a8fa886fcd36,XS,1,27.27,2026-11-25 05:44:57,True
c-be39a4c0846f,s-01bd4701dd07,u-d2f46a66fea9,p-4e5f4f3c881e,v-2f128e6ea4da,,M,1,80.66,2026-11-25 05:52:47,False
c-8e6f1d73e573,s-fc7808771cd3,u-039fd400aed3,p-1f10c9a09301,v-18e5b003b832,,XL,2,76.05,2026-11-25 05:56:07,False
c-e52302a05ba6,s-2035263efcee,u-d83beda00b64,p-8fe8d99ae27c,v-005a67ee35a6,ord-5791722ea4ff,L,1,37.15,2026-11-25 06:22:07,True
c-1d9f0b4c0f07,s-166aa2e3d6c1,u-b88dc00d2f90,p-16680e4b5fc4,v-34ef302ffe8e,,10,2,62.98,2026-11-25 06:22:11,False
c-8f98ca50bd2b,s-2035263efcee,u-d83beda00b64,p-c4eac54b0de6,v-cccc5a6220f8,ord-5791722ea4ff,XS,1,39.17,2026-11-25 06:22:30,True
c-8844db9e6545,s-1ba6c4ff71b0,u-61b7247cdfcb,p-ef64fa80d662,v-944223087bf1,,XL,1,82.66,2026-11-25 06:28:24,False
c-8c93af79bb68,s-cffe39c7600b,u-b1883ecacc6b,p-65c24eb6ad62,v-370fab96a5b0,,One Size,1,60.87,2026-11-25 06:33:13,False
c-0ee50d755ae6,s-b1905a661fd6,u-41db7a325f2e,p-ec8f9ff55280,v-473e934a6b4a,,9,1,89.79,2026-11-25 06:49:38,False
c-4a37a3694cdd,s-e15d20857324,u-4d8764be6f4c,p-467e1dfa255a,v-388bc0588340,ord-0fe98f10ba74,S,1,39.49,2026-11-25 06:53:45,True
c-eb394d7a667c,s-e15d20857324,u-4d8764be6f4c,p-58d1940f8ad1,v-9fc5d8497c18,ord-0fe98f10ba74,L,1,47.29,2026-11-25 06:54:56,True
c-72695b88f5bb,s-4149ce398f30,u-ceac51278381,p-cc6c6ebb4a2a,v-e65f11958139,,S,1,76.57,2026-11-25 07:36:16,False
c-7915ddc92160,s-83850b9a55e4,u-68b80cb9850b,p-3860bc61074f,v-b8249d3b47bb,,XL,2,32.14,2026-11-25 07:46:08,False
c-441fbfd04a05,s-83850b9a55e4,u-68b80cb9850b,p-ec1c62770498,v-7f09e993a067,,XL,1,43.27,2026-11-25 07:47:11,False
c-b2840abc8491,s-d9fd5e628617,u-a79ba05a947e,p-a1e9998937e2,v-d07942762c93,,XXL,1,41.44,2026-11-25 08:00:44,False
c-d103a1d0fc3c,s-0a05559eabf5,u-221ba0884ed8,p-f21e009c1eab,v-0eeb6f9e4ebc,,M,1,38.47,2026-11-25 08:15:04,False
c-9056db1451b3,s-3a3ea0f3da27,u-4116cf41f5d2,p-4781eba0fded,v-b5953fbc2c36,ord-2c8e9276a005,11,1,66.32,2026-11-25 08:21:31,True
c-2834b97cb72f,s-715a2f04811b,u-13ad60b9e165,p-ca7cbae440c1,v-1136c34c3547,ord-69488cd23d23,XS,1,56.59,2026-11-25 08:24:59,True
c-5ef27feaf167,s-a974cfdb18f9,u-7dc996b28023,p-22f13aba5242,v-32c884845639,ord-05fc2a9a213b,L,1,61.46,2026-11-25 08:25:03,True
c-13b7ab4fea6b,s-fe4b6191511c,u-42eacf26b46c,p-8367e39faa14,v-367e204d0ebb,ord-1f8fd2b3ca45,XL,1,60.48,2026-11-25 08:35:46,True
c-a08016c15a0d,s-5520e94e7220,u-0d23538d90e5,p-62c6a27674f9,v-17fe479f3e64,,XS,2,68.58,2026-11-25 08:39:47,False
c-bed9415defd5,s-fe09041ad613,u-166ecd22f8fc,p-bd2bf62a463b,v-28da1eae0586,,XS,1,59.12,2026-11-25 08:39:58,False
c-50064bd437ba,s-1ddd40a26fba,u-1520fd7f8c8d,p-230f80de8bbf,v-03aab566b90d,,10,1,82.48,2026-11-25 08:47:14,False
c-ff5e0997d32d,s-d74629ffe18c,u-c16e55b1d306,p-92c04713f1b1,v-9cf654c19cba,ord-213bfd09ea19,9,1,85.52,2026-11-25 09:10:21,True
c-1ce3e09a926f,s-e592b2a34f7f,u-870af5c0de74,p-c3ce6086cea0,v-a0413c0f3d6d,ord-ecf34c5faaca,XS,1,28.28,2026-11-25 09:18:37,True
c-38fb8cdb7166,s-7de24932b7c8,u-26c63825d842,p-e7de8f101542,v-dbcbbd0bd038,ord-3eb5ed8528d0,One Size,1,19.39,2026-11-25 09:24:02,True
c-388ae02a6782,s-1a7de4956aa8,u-4edabb857c9a,p-9905d291bc19,v-af5b99784161,,6,1,64.03,2026-11-25 09:31:02,False
c-ba555620c990,s-929f6f2badb6,u-58fdb120b6c9,p-7a0cfd5ecfbc,v-c8c7b00db1c3,,XS,1,38.99,2026-11-25 09:46:11,False
c-de416cb1fb29,s-7a4f54cdd048,u-86b6afa371c3,p-670b70b22ff8,v-fc24fe8ffdc5,,M,1,41.98,2026-11-25 09:46:41,False
c-aa3247acd18e,s-7a4f54cdd048,u-86b6afa371c3,p-d80e9b673d75,v-6dcc8c6b4843,,L,1,55.47,2026-11-25 09:48:20,False
c-417795ea1a8a,s-b1655723eed8,u-388f71bb2970,p-28d63bfb0cb0,v-ec107ab730cd,ord-6c76991a50de,M,1,34.49,2026-11-25 09:52:01,True
c-ebd1ddbbb819,s-b1655723eed8,u-388f71bb2970,p-07d21966a89c,v-3bbb8e6c81ea,ord-6c76991a50de,XL,1,53.76,2026-11-25 09:53:07,True
c-91650f8e0300,s-396d77de0f71,u-6cb5bc441cea,p-4ea1ddfb4e56,v-a41400f49f10,ord-3e52f8bdeaf7,One Size,1,79.52,2026-11-25 09:55:05,True
c-67022e120d3d,s-ef4221f8e798,u-e6626119b98c,p-078fa0e8fc4f,v-d2899ea8a38a,,11,1,65.92,2026-11-25 10:05:37,False
c-17a9cf504069,s-352c28e0a87a,u-ec5b12e94cbe,p-ee0f7aa9316e,v-73745ecb8926,ord-f4f1ffdc7158,6,1,28.25,2026-11-25 10:09:52,True
c-6ccc380de469,s-3991e83bfc97,u-2a22863b4081,p-4709eff42cc5,v-ee9dde2a66a7,ord-831490a1588f,XXL,1,60.52,2026-11-25 10:19:51,True
c-bad55eb8f64b,s-a1fca74ce286,u-26f1c107f82e,p-374cc355e453,v-1112963dcc32,ord-7e94c6d9976d,M,1,33.18,2026-11-25 10:28:42,True
c-f64e33f42712,s-b9337e743c58,u-c4bde729a960,p-aa33493883d9,v-1a41a4111417,ord-6562667ad389,XL,1,45.22,2026-11-25 10:41:41,True
c-6b1f6cae6781,s-db3e0ff6fa53,u-d85229093e4a,p-958be5554b51,v-3d47c5db8a3b,ord-e16cb942e7ec,XXL,1,55.41,2026-11-25 10:50:10,True
c-f43c7407574c,s-54fc5b43a17f,u-da1c6baf0a9b,p-1fa923dd8f7f,v-bb99af2ec20d,,XL,1,72.5,2026-11-25 11:14:27,False
c-4c7e7ffda277,s-cc6851a7a241,u-471485093915,p-e37e6586069e,v-f31b3c57c03f,,M,1,63.17,2026-11-25 11:16:09,False
c-790987910ff0,s-d6fc52851288,u-27c10040ac45,p-3b6040dc6f86,v-c78f54277871,ord-ce2c433b6a98,XS,1,64.14,2026-11-25 11:18:49,True
c-b63da79b3587,s-394a1d0bf897,u-1d497bd86bec,p-f6da5c3405a0,v-c86189f2fc88,,XXL,1,59.43,2026-11-25 11:29:55,False
c-8cf567bb996f,s-394a1d0bf897,u-1d497bd86bec,p-e1ded5d2fe74,v-76c922eaddb1,,M,1,65.17,2026-11-25 11:30:11,False
c-1a31e23cc4b7,s-394a1d0bf897,u-1d497bd86bec,p-69daf4452ca8,v-d5509ba7e53b,,L,1,23.55,2026-11-25 11:31:18,False
c-07b3f223057b,s-2a2b2475adfd,u-51ecdc40195e,p-e6efd8eb6c71,v-8501500b4b5f,,M,1,41.02,2026-11-25 11:42:57,False
c-ebb479d8d1dc,s-4c0724d40062,u-98472074cfc3,p-7240f286a853,v-5c775b076da3,,M,1,33.8,2026-11-25 11:46:10,False
c-b5bdc8805bd1,s-10c0a6ab00ca,u-f1224955ea65,p-89595b0edd0b,v-cba1f996744a,,L,1,126.99,2026-11-25 11:50:59,False
c-949004bc047c,s-53c8e9b3a9b2,u-e4713cee8d77,p-02d7151df481,v-18c24692fbd1,,XS,1,77.08,2026-11-25 11:54:53,False
c-ae29948a4dbf,s-8513fd2c409a,u-ae83727fec9c,p-56de52c800bf,v-53d58116cd33,ord-31ca8d84b637,XL,2,45.67,2026-11-25 11:57:42,True
c-81ade85801fd,s-8513fd2c409a,u-ae83727fec9c,p-fd84f6a26e19,v-76c0435f9836,ord-31ca8d84b637,XL,1,37.41,2026-11-25 11:57:58,True
c-6718cdc5773c,s-ea383eac7cd5,u-a1899d6d70d6,p-3ead8c62aca2,v-5c3d63c6bd24,ord-84d2d10a7f3a,XS,1,48.69,2026-11-25 12:05:23,True
c-130caef769fd,s-fb535f2cb3db,u-26a1d5c54961,p-41bad0829174,v-2a9a97d6a9bb,ord-88c27ebca6ff,XXL,1,64.47,2026-11-25 12:23:39,True
c-ce5fd77d7763,s-fb535f2cb3db,u-26a1d5c54961,p-0e8ea9210eb0,v-16eed3710fff,ord-88c27ebca6ff,L,1,84.25,2026-11-25 12:26:09,True
c-0a2f54949ed7,s-0d46b8f181c6,u-76fdc585722c,p-3e3d78193945,v-38759ca147c3,,One Size,1,92.53,2026-11-25 12:37:00,False
c-473321818e07,s-bb8bfb922436,u-9f2e89ca3a8a,p-00a8d17239df,v-b086b56b72f2,,One Size,2,75.14,2026-11-25 12:44:34,False
c-a0620da4a1e1,s-1304cb0af6a3,u-a333058a267a,p-acd54f5e8fa1,v-3e9d648d9236,,One Size,1,97.54,2026-11-25 12:45:56,False
c-23054a3f8395,s-faa24f5283f1,u-7da86b9f14d9,p-a69ebe2a389e,v-1a12405ef7e1,ord-5aaaf314f58d,XS,1,81.43,2026-11-25 12:58:30,True
c-999d4f388b19,s-acf20714987b,u-c782e8f3ee67,p-26c2ae1821d6,v-e3283dcd57fb,,6,1,75.28,2026-11-25 12:59:14,False
c-2e5b7ebe1d13,s-faa24f5283f1,u-7da86b9f14d9,p-75d8655c95a1,v-0819fc0aae11,ord-5aaaf314f58d,S,1,39.15,2026-11-25 13:00:39,True
c-bc86f140b71e,s-9e4e746ccfcd,u-6350f674841e,p-4f05571e5219,v-03e1921322ba,,XL,1,41.98,2026-11-25 13:12:32,False
c-8679c7be4237,s-e474a9d8b17f,u-1ad632ea4c59,p-f2ebf6882bcf,v-5734436dcc4f,ord-c97bfc1e4915,XL,1,48.74,2026-11-25 13:16:20,True
c-fcb41bda2c4a,s-e474a9d8b17f,u-1ad632ea4c59,p-2785fa997306,v-a17f44554db4,ord-c97bfc1e4915,7,1,56.12,2026-11-25 13:16:53,True
c-264aeba11740,s-482064f06d60,u-e03bf409386c,p-30f15b6b73b3,v-28370924ac40,,L,1,78.52,2026-11-25 13:34:49,False
c-bdf2844d1b34,s-eb8128ca896b,u-5827462428c5,p-125e63056034,v-d566bc40df64,,L,1,44.94,2026-11-25 13:35:17,False
c-efaabc6c4f93,s-be06f568e0b3,u-37ec199e4fbe,p-d512afec01b8,v-c127e64fc222,,XXL,1,65.6,2026-11-25 13:40:15,False
c-1e6a5ae3d399,s-3e03544ad451,u-2a3cd870b403,p-cbc293ff022a,v-b652da8f49e8,,XL,1,47.69,2026-11-25 13:52:49,False
c-c0410f19046f,s-a56bd476c224,u-51bdad75f13f,p-58a1e2cebc25,v-0b6b68f167c2,,S,1,43.87,2026-11-25 14:12:54,False
c-d42a95ea36af,s-19fe9267a3a4,u-2e7415364e10,p-98df6b512276,v-94b6f41a4d6e,,M,1,92.11,2026-11-25 14:52:03,False
c-926156a6538c,s-ec156f7e23ae,u-44ad2bc6a237,p-19516ce35ff7,v-070415500318,,XXL,1,48.33,2026-11-25 14:58:07,False
c-9e0b5aa00e69,s-5ef5048ca2fa,u-eaf29daf334a,p-1b3beec680d1,v-b14372f6e617,ord-eafda52a276f,L,1,54.74,2026-11-25 15:17:37,True
c-9817e16b531b,s-a114739ceb4b,u-207a08e00359,p-22d95d57a4a4,v-8feee93b2153,ord-1ad99a3b45dd,XL,1,18.87,2026-11-25 15:23:37,True
c-70ea7a21c1f8,s-90d7569f5800,u-90c42913aa87,p-00a8d17239df,v-998364cb13af,,One Size,1,75.14,2026-11-25 15:24:25,False
c-bed511e3ac7b,s-71a94ee90cd1,u-4bb19f70947c,p-cef95ad640de,v-d4c03d97478a,,L,1,49.76,2026-11-25 15:55:03,False
c-f39145d56b22,s-13a013235b5d,u-28c9b9993900,p-9129593cc0ad,v-5e4fafa7e519,,XL,1,30.0,2026-11-25 16:43:43,False
c-2b144792c729,s-8a8eed700f44,u-91a85e769c62,p-2373d9a8c773,v-692c39994ca1,,XS,2,54.69,2026-11-25 16:46:48,False
c-1ca4cdc19314,s-043afd44d5d8,u-1e8aed5afbaf,p-8df247c14f9a,v-0e15a7fbd083,,XL,1,48.26,2026-11-25 17:00:57,False
c-bb306405bf2e,s-1330997cb798,u-a22ec607e220,p-f87f3f31df5a,v-8a1957c68e19,ord-47af645bef1a,XL,2,45.91,2026-11-25 17:18:17,True
c-3ad3b02ead1b,s-64aa1b5526f2,u-3c92041f660b,p-2d943db0d05b,v-79cee8217af6,ord-abab1df355db,M,1,71.29,2026-11-25 17:18:38,True
c-52629db0c099,s-8bf2b2ea4263,u-bf496132febe,p-9cf1a10f570d,v-7353fc3498e7,,L,2,125.58,2026-11-25 17:18:58,False
c-b770d398cb0d,s-acb02bf0231a,u-5c334744defe,p-c331eb365747,v-8b611f0e6cb9,ord-539f406e7844,XL,1,77.1,2026-11-25 17:19:58,True
c-cc8388562882,s-76886bbdb27b,u-9b9f8d7e5252,p-1a65ff82a701,v-10822c46297c,ord-47141378e6e9,10,1,80.68,2026-11-25 17:39:49,True
c-c88949284139,s-5691b8eb39c2,u-7803f1e5a1ea,p-510a42330d38,v-071d9c5e9f50,,7,1,83.75,2026-11-25 17:48:44,False
c-7d326871e11b,s-1b1ca5e4cfda,u-33bb6818d9b0,p-7f4a3a4942b1,v-d5a6c9981065,,XXL,1,79.36,2026-11-25 17:51:37,False
c-b580bfd56ffc,s-c1726fb0cbd0,u-d41e8f0af6c3,p-d05a5f84d01e,v-f43c1c5d0dd5,ord-a285fe6c44be,XL,1,39.54,2026-11-25 17:54:20,True
c-2cfa7c4813be,s-897a6075023c,u-d10acbb04e35,p-20280bcdb1bb,v-9bb58a5db533,ord-57c3d36af843,11,1,70.58,2026-11-25 17:55:50,True
c-1ea497089192,s-897a6075023c,u-d10acbb04e35,p-adbf5cb455f2,v-13e1f83ab8e1,ord-57c3d36af843,7,1,61.72,2026-11-25 17:57:58,True
c-656eddd027bd,s-f3b52169e448,u-d6ed97b30893,p-a3001257a4b2,v-96b63c5a783a,,One Size,1,88.94,2026-11-25 18:09:36,False
c-96d1fd13382b,s-c9986bd9e310,u-5e4b6f0a2c4f,p-64eb1e340d62,v-7b979e9c6f9a,,XXL,1,77.62,2026-11-25 18:23:55,False
c-3aa9ac0de003,s-c9986bd9e310,u-5e4b6f0a2c4f,p-b20bb23aee24,v-536fcb62e613,,M,1,51.24,2026-11-25 18:27:16,False
c-c5abb2306aa1,s-4944edc859d8,u-989f22805cdf,p-00a8d17239df,v-c8925fcb5236,ord-8ff45cd4eacd,One Size,1,75.14,2026-11-25 19:01:09,True
c-e5beba6d98fe,s-176989896169,u-d6479b05d980,p-2373d9a8c773,v-f471b75cac93,,S,2,54.69,2026-11-25 19:06:25,False
c-1af0e74769a8,s-240414617ad0,u-2cfb72d5b906,p-4f25c30da2b0,v-c6521a6efd4c,,XL,1,53.79,2026-11-25 19:10:35,False
c-f6cdeed0f0c1,s-6d4c1491d3d1,u-c636086c5d07,p-a80c401c9c7d,v-38436634647d,ord-3e341dadfd46,XS,1,55.96,2026-11-25 19:15:36,True
c-d9d735cd9bed,s-58ebc35ab677,u-f0f0d503e555,p-20383bde64c0,v-854c48376273,,XS,1,51.86,2026-11-25 19:33:03,False
c-2b88d2eeaddd,s-45ff6f92eda5,u-dd59c544a31c,p-7a9af4d8dfc5,v-23921be6bc21,,M,1,73.93,2026-11-25 19:44:27,False
c-c14c5b0b8994,s-28c1c61f2e0e,u-d7b2549ffb26,p-7df82a11550b,v-684fe01ec9cd,ord-f54e2d8795e6,XL,1,47.37,2026-11-25 19:50:33,True
c-9fa3e753e90d,s-408407165acc,u-108752752263,p-5e573a183823,v-f87448139134,ord-1d5f052f8210,M,1,54.77,2026-11-25 19:58:10,True
c-c037ed6696de,s-408407165acc,u-108752752263,p-d82c452cf314,v-a9a0884e0428,ord-1d5f052f8210,XL,1,65.12,2026-11-25 20:00:41,True
c-8370b97b25ab,s-24852286df9e,u-f7f4e903ca17,p-5d46b4dfb44a,v-2be739de6a6a,,XS,1,69.03,2026-11-25 20:01:25,False
c-8a6a384b3f34,s-d5a16161ed65,u-760a54767e59,p-e5be92dcd42e,v-f251635b2854,,XL,1,72.66,2026-11-25 20:11:05,False
c-220d24bee08e,s-d5a16161ed65,u-760a54767e59,p-49400352cbf6,v-c426ef5ec9ed,,M,1,46.8,2026-11-25 20:12:56,False
c-ec6c1b630d7e,s-a80f0aa21e5a,u-acd3f631ad2e,p-bf9915c4ef4b,v-e6ddacff6692,,XL,1,44.63,2026-11-25 20:13:09,False
c-48bd034fc277,s-46b8f82e6179,u-fd31c5c2a873,p-0b1b60d9b816,v-78728177378e,,S,1,30.88,2026-11-25 20:21:37,False
c-2833eef91aaa,s-6159624501e9,u-caa087cbe9b0,p-0d50a8dc2077,v-725257114c16,ord-1a20757b3c1c,6,1,73.52,2026-11-25 20:21:59,True
c-9174369eb634,s-f6cc7f41aa42,u-a073316cf2e4,p-fee372221c89,v-44e4e1ab14d1,,One Size,1,69.22,2026-11-25 20:26:03,False
c-c5a4019ef97a,s-29c62e595398,u-8407ddf3602a,p-c21e09af334a,v-1fb2e994569d,,XS,1,34.52,2026-11-25 20:39:40,False
c-3248cd5dc3ce,s-5ba0900506b9,u-f585795cae06,p-4cc2225888e1,v-20912a41e2d4,,L,1,25.82,2026-11-25 20:43:34,False
c-6c1748307168,s-447eaf21b8b9,u-76084ec3cb41,p-bc71a87c4f77,v-bfa13f9a8f50,,XL,1,42.64,2026-11-25 20:43:55,False
c-bcdf96a9be47,s-447eaf21b8b9,u-76084ec3cb41,p-0dcb0e8bfe55,v-11bed4bdde10,,XL,1,40.81,2026-11-25 20:45:22,False
c-578c99ed751a,s-f8769d7ac0c1,u-91d7f2da10d8,p-11da1292c305,v-a4b014a5e048,ord-2e69424abe12,One Size,1,52.3,2026-11-25 20:55:04,True
c-c998be82ae35,s-f9f9dd8be485,u-1f2de7f308b0,p-07391dbb01f3,v-61661d6b4b82,ord-27b26e8af63c,10,1,72.58,2026-11-25 20:56:13,True
c-e4ead8977ec4,s-caa2d85e41a5,u-80696b0be6f9,p-c76e2eb74adb,v-52bd3b95324f,ord-858d291af248,XL,1,97.88,2026-11-25 21:02:24,True
c-27cac7d1d0bf,s-c7d91684ad2a,u-420a00098f00,p-695593c4720b,v-90544483e75b,,XS,1,53.92,2026-11-25 21:04:34,False
c-6f740d5fe4ba,s-47ea27508eff,u-2a69a1604fa9,p-7402450e78f9,v-6fcd6ae33903,,One Size,1,92.69,2026-11-25 21:05:09,False
c-3e036232d86d,s-47ea27508eff,u-2a69a1604fa9,p-81736c770af9,v-7378068b62f0,,One Size,1,45.64,2026-11-25 21:06:03,False
c-fc525b5384cf,s-b458eac8c691,u-6f142527013b,p-021b2ba00e38,v-beacecae36ec,,XL,2,49.85,2026-11-25 21:22:42,False
c-effef00d41ba,s-6a9c50c11158,u-25da9c4915e9,p-760d6dd0006d,v-cb316c904352,ord-452f705590d3,XS,1,79.69,2026-11-25 21:23:09,True
c-24f48fd4fb4d,s-57a66402a7d7,u-9bd6742efa9f,p-39b141f5a83f,v-973a53095fcd,ord-23fa0f491818,L,1,54.04,2026-11-25 21:23:35,True
c-0e53961defc6,s-e61280ed7ab1,u-803ea8b23cf1,p-a599ac460f97,v-43661c69c61a,,S,1,54.66,2026-11-25 21:52:25,False
c-d57ab3fd9655,s-0a245a4b0dc6,u-1e7bd56159f4,p-abffc77ec41d,v-14ed2c767bb3,,XXL,2,70.02,2026-11-25 21:57:43,False
c-94edbd6a4363,s-a590d4e9a28c,u-b7921978c37e,p-26b848cb6a4d,v-9f176d91f1f0,,S,1,63.57,2026-11-25 22:10:19,False
c-2ad6ec4126ef,s-3b7107be754e,u-7d8d0713f817,p-6cc70e46c772,v-4b92bb8b1544,,M,1,86.67,2026-11-25 22:26:27,False
c-4b6a5dd10f02,s-14ee2281584e,u-aa5e3c03a269,p-f9bd93e8db90,v-1c954afa1512,,XXL,1,63.58,2026-11-25 22:34:56,False
c-7c0b62d3d1dc,s-693d431b89c9,u-608e77a08aa4,p-efaea1667ec0,v-7549aa41a1de,,XS,1,50.14,2026-11-25 22:36:52,False
c-a9cbc8cdb04a,s-a83c67e4dcbb,u-b8d7fbdc99cc,p-f1112dc1652b,v-2306a08ee8fa,,One Size,1,39.16,2026-11-25 22:37:10,False
c-3e929cc51963,s-6bc94200c1f0,u-7b8b8dcba8d3,p-50aa38f4e3cf,v-5b6d49a766ea,,M,1,17.3,2026-11-25 22:37:43,False
c-cd2414067884,s-19c035ef9b78,u-16af5c5fed9e,p-4916594c7d27,v-6ad2ecd52fd5,ord-32f133a3da28,XS,1,81.73,2026-11-25 22:43:08,True
c-23e1e8fd837b,s-7179b4f891ce,u-36e1dde7a02f,p-6a367bfb9811,v-dd79b2f25947,ord-6fe22a7bd7d8,M,1,59.32,2026-11-25 22:48:41,True
c-0dd897aa67bf,s-4264b43d1a89,u-8bb551271848,p-90c6661528cc,v-d2578346d01b,ord-b90b0682dbe1,L,1,43.76,2026-11-25 23:04:51,True
c-e7595956b945,s-4264b43d1a89,u-8bb551271848,p-857fd4a7e1b6,v-1d51d5facf95,ord-b90b0682dbe1,XXL,1,79.31,2026-11-25 23:06:28,True
c-c8c2e20fa68c,s-3082cc4e4aa6,u-7e21f49045cf,p-f48777346cc1,v-363b8c40ef4d,ord-fe50ac4c891d,11,1,52.61,2026-11-25 23:24:25,True
c-836c7e7f79f2,s-03cbfc6ba96f,u-8e5cef4692ba,p-fee372221c89,v-d31c92a70111,,One Size,1,69.22,2026-11-25 23:25:40,False
c-cf219f95e09e,s-37e0010ff4d3,u-4ed1fbfd62b3,p-c01b41fcaef3,v-1e572f11e012,,One Size,1,60.89,2026-11-25 23:25:47,False
c-3fc6f4a9c03e,s-37e0010ff4d3,u-4ed1fbfd62b3,p-8e567d1cd7a5,v-3b5b7e8fb27f,,L,1,21.2,2026-11-25 23:26:01,False
c-c544c1f62166,s-30ea90b02548,u-8d20ff50aab5,p-3599756ffff0,v-28aedeb63e20,ord-b369c6713ed7,XL,1,119.0,2026-11-25 23:46:41,True
c-745839626ac7,s-a5a822a662be,u-7e21f49045cf,p-164d873d107d,v-32fadaacd8af,,XL,1,61.62,2026-11-25 23:53:08,False
c-5040bf62f0bb,s-c6c2dbfc0657,u-793bf8a3a0c6,p-d422e80b330e,v-a9fab7237fd1,,One Size,1,107.07,2026-11-25 23:55:32,False
