order_id,session_id,user_id,total_items,gross_merchandise_value,discount_amount,shipping_fee,net_paid_amount,payment_method,checkout_step_reached,order_timestamp
ord-a6a4160d6b55,s-317fcc791719,u-12db0bbab77f,1,25.2,0.0,5.99,31.19,Credit Card,payment_complete,2026-10-01 00:38:08
ord-1024b57e9bf7,s-c3f66b268b49,u-eac8033e7d43,1,55.41,0.0,0.0,55.41,Credit Card,payment_complete,2026-10-01 00:42:27
ord-fb9ec5d9e975,s-db18aa6a7f3b,u-14d0b0fd14b1,2,95.8,0.0,0.0,95.8,Digital Wallet,payment_complete,2026-10-01 00:43:31
ord-cd937335ee75,s-ede7a00f6a47,u-bcc04f306611,1,54.4,0.0,0.0,54.4,Buy Now Pay Later,payment_complete,2026-10-01 01:54:40
ord-8dd3d4b270aa,s-9758435b12f5,u-b47863f6c251,1,54.65,5.0,0.0,49.65,Digital Wallet,payment_complete,2026-10-01 02:07:53
ord-418e3562d736,s-ab2d54a4063b,u-f2d39743fcc5,1,22.91,0.0,5.99,28.9,Credit Card,payment_complete,2026-10-01 02:11:50
ord-bf7085a52b95,s-91a2680a3772,u-950ce6142e90,1,18.86,0.0,5.99,24.85,Debit Card,payment_complete,2026-10-01 02:44:03
ord-95a3170b2962,s-3a7f32b5f149,u-40f1bc9a6f64,1,94.92,0.0,0.0,94.92,Debit Card,payment_complete,2026-10-01 03:26:22
ord-9120b27724ac,s-acbf7e114d4a,u-3bc89a6012bd,1,43.91,4.39,5.99,45.51,Digital Wallet,payment_complete,2026-10-01 03:28:13
ord-50f4c079cdc5,s-873290d6ee61,u-d6b08502590f,2,148.57,14.86,0.0,133.71,Credit Card,payment_complete,2026-10-01 04:15:01
ord-ef98d4f7433a,s-dfe9d0c759a9,u-c16f125676fe,1,82.48,0.0,0.0,82.48,Digital Wallet,payment_complete,2026-10-01 05:11:10
ord-f080734ec78b,s-ec99b532c465,u-972cba6ea8a2,1,50.14,0.0,0.0,50.14,Digital Wallet,payment_complete,2026-10-01 05:22:06
ord-fd12cde710b7,s-09ff7bfc84ab,u-6f142527013b,1,35.12,0.0,5.99,41.11,Credit Card,payment_complete,2026-10-01 05:22:10
ord-3fe48fcaa8c1,s-ad1c71091a14,u-0f47718b3493,1,109.84,0.0,0.0,109.84,Debit Card,payment_complete,2026-10-01 05:36:20
ord-1f05dc51d68f,s-d35af5f58f9f,u-8f7011e037e2,2,160.37,0.0,0.0,160.37,Buy Now Pay Later,payment_complete,2026-10-01 06:15:31
ord-061a1a3fc8a7,s-d9e9e2498fb9,u-12375285807b,3,118.84,0.0,0.0,118.84,Digital Wallet,payment_complete,2026-10-01 08:21:50
ord-5a6d37592723,s-3546e16a6ea1,u-5a1cfd335787,1,72.56,7.26,0.0,65.3,Debit Card,payment_complete,2026-10-01 08:23:19
ord-9f2f0620ef82,s-7bba3a1638f7,u-41dee02ab2eb,1,34.05,3.4,5.99,36.64,Digital Wallet,payment_complete,2026-10-01 09:57:47
ord-47b2609456b6,s-84ba819ad26f,u-6a5da8cd7265,2,110.58,0.0,0.0,110.58,Buy Now Pay Later,payment_complete,2026-10-01 10:23:51
ord-5c69bdb86271,s-7710ee14eddc,u-a187c9207c22,2,96.13,0.0,0.0,96.13,Digital Wallet,payment_complete,2026-10-01 11:57:43
ord-a1e6f3fde36c,s-ad17ed66b068,u-6431da5b4201,2,186.02,0.0,0.0,186.02,Digital Wallet,payment_complete,2026-10-01 12:07:45
ord-aaa935e6ee29,s-42e92585efe3,u-8bd3e6fbd7b0,1,33.64,0.0,5.99,39.63,Digital Wallet,payment_complete,2026-10-01 12:19:09
ord-4c1af59a74ab,s-47efa43680af,u-7d4e5a6b1128,1,58.11,5.0,0.0,53.11,Credit Card,payment_complete,2026-10-01 12:22:27
ord-2ac135434a1d,s-e32762dd089f,u-4fae5fa5b803,1,53.5,5.35,0.0,48.15,Digital Wallet,payment_complete,2026-10-01 13:25:53
ord-57e95fd1d651,s-cd8c43d61eb3,u-5d206665f0ef,2,145.39,0.0,0.0,145.39,Debit Card,payment_complete,2026-10-01 14:56:13
ord-ececd9d38354,s-173045eedde0,u-06c3023f859a,1,30.74,0.0,5.99,36.73,Credit Card,payment_complete,2026-10-01 16:09:41
ord-bfe6d7789e93,s-cac6b4e154f5,u-cdbe2eb31a53,1,103.09,0.0,0.0,103.09,Buy Now Pay Later,payment_complete,2026-10-01 16:37:57
ord-848463230fcf,s-1b4704e9df6a,u-b0293bdf6215,1,33.24,0.0,5.99,39.23,Digital Wallet,payment_complete,2026-10-01 17:13:57
ord-38038f469ad4,s-c71c66682540,u-1520fd7f8c8d,1,41.56,0.0,5.99,47.55,Credit Card,payment_complete,2026-10-01 18:07:26
ord-514d1819c644,s-d6e961fe2684,u-f5b7ca13a6fb,1,50.21,0.0,0.0,50.21,Digital Wallet,payment_complete,2026-10-01 19:44:57
ord-aab763f180e2,s-6b90e97602a9,u-33e88cfedd91,1,45.13,4.51,5.99,46.61,Buy Now Pay Later,payment_complete,2026-10-01 19:59:44
ord-f66e829f84d7,s-c88936959ed6,u-9337bec821b0,1,83.34,0.0,0.0,83.34,Digital Wallet,payment_complete,2026-10-01 20:46:11
ord-7e8349f4e817,s-3b5755492dfd,u-9c546ad79339,1,76.53,0.0,0.0,76.53,Debit Card,payment_complete,2026-10-01 20:51:34
ord-7894d9a3012a,s-4b12c47cabdd,u-bcb5ea412ee2,1,30.74,0.0,5.99,36.73,Buy Now Pay Later,payment_complete,2026-10-01 21:05:22
ord-37e23699f80c,s-ceef4f21f735,u-5d40b720cbe8,1,25.98,0.0,5.99,31.97,Digital Wallet,payment_complete,2026-10-01 21:12:50
ord-2eec040b3fc4,s-9bbfd7839ef1,u-195ef733b3cb,1,32.22,0.0,5.99,38.21,Debit Card,payment_complete,2026-10-01 21:47:39
ord-2690cbb4bb0a,s-6264bba5d4af,u-a7fbc87b1a63,1,48.74,0.0,5.99,54.73,Buy Now Pay Later,payment_complete,2026-10-01 22:07:04
ord-96f1a61a82b9,s-619dcd27aa5f,u-3bacb15cc922,1,57.56,0.0,0.0,57.56,Buy Now Pay Later,payment_complete,2026-10-01 22:22:05
ord-28ca6bcd3461,s-54ff763e7ffc,u-8c0aa4c1d8ce,2,93.42,0.0,0.0,93.42,Debit Card,payment_complete,2026-10-01 22:57:17
ord-a5eb46dbd9e7,s-abaf9f7aba2f,u-f01ad65c5a70,1,44.3,0.0,5.99,50.29,Credit Card,payment_complete,2026-10-02 00:11:19
ord-793a7a06d166,s-4b8bf42b88d3,u-8f5fe1efa4fe,1,26.83,0.0,5.99,32.82,Debit Card,payment_complete,2026-10-02 00:30:07
ord-6e711562f5b3,s-ef4351fc60e7,u-44415924bfc2,1,48.75,5.0,5.99,49.74,Digital Wallet,payment_complete,2026-10-02 00:58:20
ord-02d33286d71a,s-b3fc5f4931f1,u-5b52102d7f86,2,146.98,14.7,0.0,132.28,Digital Wallet,payment_complete,2026-10-02 03:43:40
ord-26fc5ccddc00,s-47f015b3b399,u-d255a19683d0,1,47.48,4.75,5.99,48.72,Credit Card,payment_complete,2026-10-02 05:18:26
ord-893957d0a623,s-a68983bde0f4,u-febb0af43a64,1,90.36,0.0,0.0,90.36,Credit Card,payment_complete,2026-10-02 08:42:37
ord-16317f7529c2,s-3ff13577f6e6,u-4047128c0a88,1,53.51,0.0,0.0,53.51,Digital Wallet,payment_complete,2026-10-02 08:46:29
ord-93942acb8547,s-b9c08ca38ac8,u-a1cb1eff27d7,3,192.34,0.0,0.0,192.34,Buy Now Pay Later,payment_complete,2026-10-02 08:47:08
ord-698250313528,s-6e98330ba103,u-82cb50fa4682,2,111.46,0.0,0.0,111.46,Debit Card,payment_complete,2026-10-02 09:00:03
ord-f24debf99584,s-ab9a3bd9bbdd,u-ae94af3ace53,1,19.7,0.0,5.99,25.69,Buy Now Pay Later,payment_complete,2026-10-02 09:01:39
ord-b6784c231a34,s-e8c5602a9b55,u-eeff4f509f40,1,44.94,5.0,5.99,45.93,Digital Wallet,payment_complete,2026-10-02 10:18:26
ord-f4b9ca41436a,s-f90a03583cee,u-0e2bd5b1f410,1,64.27,5.0,0.0,59.27,Credit Card,payment_complete,2026-10-02 10:21:26
ord-00c5e682a9af,s-69f762e55aca,u-d1814da007d6,1,45.46,0.0,5.99,51.45,Digital Wallet,payment_complete,2026-10-02 10:44:05
ord-63a18951e9c5,s-6fdb6e37b6e1,u-cfefecd68513,1,56.37,0.0,0.0,56.37,Digital Wallet,payment_complete,2026-10-02 13:44:34
ord-aa21735e0a22,s-07a142c47d60,u-b00e33a941a2,1,39.69,0.0,5.99,45.68,Digital Wallet,payment_complete,2026-10-02 14:15:36
ord-f87c9b8e843c,s-1548cd45fed7,u-f63df481c698,2,113.09,0.0,0.0,113.09,Debit Card,payment_complete,2026-10-02 14:51:52
ord-67e2d9da5a74,s-648479618683,u-181b7d54c753,1,67.26,0.0,0.0,67.26,Digital Wallet,payment_complete,2026-10-02 15:57:29
ord-782ac2597eb3,s-150c7a5e53a9,u-8198b177dbaf,1,67.52,0.0,0.0,67.52,Buy Now Pay Later,payment_complete,2026-10-02 16:30:21
ord-7bfcf3610100,s-ee05ee04589d,u-8c01457abb6c,1,83.84,8.38,0.0,75.46,Credit Card,payment_complete,2026-10-02 17:22:15
ord-4d8bbc444999,s-30f61ebf416a,u-e6b607d96a61,1,54.07,0.0,0.0,54.07,Digital Wallet,payment_complete,2026-10-02 18:47:04
ord-3805ecf5ae91,s-18c3eafd1073,u-82f41bd56e43,3,232.14,0.0,0.0,232.14,Credit Card,payment_complete,2026-10-02 18:55:09
ord-02f982698a74,s-6c8133b57040,u-90d64b7e124c,1,54.85,0.0,0.0,54.85,Credit Card,payment_complete,2026-10-02 19:14:45
ord-e3c373d4647a,s-acbc6df0f157,u-05931072060a,2,111.95,5.0,0.0,106.95,Debit Card,payment_complete,2026-10-02 19:18:19
ord-c83e98704946,s-246739156453,u-867843cf0e90,1,57.81,0.0,0.0,57.81,Digital Wallet,payment_complete,2026-10-02 19:24:15
ord-8c1a5c28eb4b,s-93b9958eaa0e,u-2750b5574e76,1,44.84,0.0,5.99,50.83,Buy Now Pay Later,payment_complete,2026-10-02 20:02:28
ord-aa0175d164c8,s-6f2957593e28,u-3c7c5a0610c0,1,60.5,6.05,0.0,54.45,Credit Card,payment_complete,2026-10-02 20:49:20
ord-ca367f78a5aa,s-8fa024c0fdd8,u-35034b284861,1,67.34,0.0,0.0,67.34,Digital Wallet,payment_complete,2026-10-02 20:53:26
ord-a72dc1c82950,s-20bae43dc189,u-3362bfaa5b14,1,48.33,5.0,5.99,49.32,Credit Card,payment_complete,2026-10-02 20:56:21
ord-c71f04e426c1,s-927fab6f551d,u-1b2bf6adf62e,1,62.21,0.0,0.0,62.21,Buy Now Pay Later,payment_complete,2026-10-02 22:17:26
ord-e4f55caf741c,s-6b69d55515e8,u-b1a95c012ca2,1,51.29,0.0,0.0,51.29,Debit Card,payment_complete,2026-10-02 23:55:26
ord-09d646130441,s-0c05c17d2d09,u-042501cb0918,1,46.99,0.0,5.99,52.98,Credit Card,payment_complete,2026-10-02 23:56:38
ord-35e4be4dacc7,s-a60961a4f163,u-016af5858e62,1,73.21,0.0,0.0,73.21,Debit Card,payment_complete,2026-10-03 00:07:36
ord-dad4714cf91a,s-030c31bc9038,u-78d904a8209a,3,101.09,0.0,0.0,101.09,Digital Wallet,payment_complete,2026-10-03 02:04:24
ord-ab3d6d98190d,s-d82425f8c243,u-43109917dace,1,59.37,5.0,0.0,54.37,Digital Wallet,payment_complete,2026-10-03 02:27:57
ord-41f02c8ace79,s-264dc480d4cc,u-9066ab8e0ef8,1,33.13,0.0,5.99,39.12,Buy Now Pay Later,payment_complete,2026-10-03 03:00:23
ord-cf827c6fda27,s-25c4f6b010bc,u-7e00b2523957,1,75.52,5.0,0.0,70.52,Debit Card,payment_complete,2026-10-03 04:17:29
ord-6abb72d138c4,s-cf90d2f8e549,u-09a82114be18,1,50.06,0.0,0.0,50.06,Debit Card,payment_complete,2026-10-03 05:05:53
ord-aba153f9a705,s-420fea800efd,u-44c7f306089d,1,36.62,0.0,5.99,42.61,Buy Now Pay Later,payment_complete,2026-10-03 05:17:22
ord-ba9d04b118e5,s-d9b0554090b6,u-e3b670d4ebb9,2,138.62,0.0,0.0,138.62,Digital Wallet,payment_complete,2026-10-03 06:39:01
ord-8c45cf9e7748,s-61b5388f8333,u-db3ef8905f2d,1,89.79,0.0,0.0,89.79,Credit Card,payment_complete,2026-10-03 06:49:30
ord-90ccd28fe0e6,s-1a189160101f,u-7844ed5d26b8,1,65.05,0.0,0.0,65.05,Digital Wallet,payment_complete,2026-10-03 07:07:15
ord-e1dec5e4c373,s-d4a3424979ae,u-26af95dbe8be,1,45.47,5.0,5.99,46.46,Digital Wallet,payment_complete,2026-10-03 07:10:22
ord-6b6cd0e17fbf,s-f83d9334220c,u-5f418885c002,1,76.72,0.0,0.0,76.72,Digital Wallet,payment_complete,2026-10-03 08:19:33
ord-5bf3fddf2c23,s-5abe67de8a19,u-2e2ffacd6566,1,61.88,0.0,0.0,61.88,Debit Card,payment_complete,2026-10-03 08:37:06
ord-75fca7ba12cd,s-7e876ddb559b,u-5c40f8f6cb3a,1,29.29,0.0,5.99,35.28,Credit Card,payment_complete,2026-10-03 09:14:35
ord-9d5866f0cc46,s-95b2863dae1f,u-731daca018b9,1,49.55,0.0,5.99,55.54,Buy Now Pay Later,payment_complete,2026-10-03 10:04:08
ord-da990dcbb030,s-af66a09a6ed0,u-2db11eb17684,1,63.85,0.0,0.0,63.85,Debit Card,payment_complete,2026-10-03 11:36:52
ord-9addcbf232be,s-1fd6fda5efc0,u-d23eb4e29ed5,1,54.12,0.0,0.0,54.12,Credit Card,payment_complete,2026-10-03 11:47:24
ord-75f20e5ad343,s-3a08cec2cedb,u-fc275b3b7c18,1,30.46,0.0,5.99,36.45,Debit Card,payment_complete,2026-10-03 12:59:10
ord-2af4a09a612c,s-b92801a7812c,u-6f9ea0cd77f2,1,46.92,0.0,5.99,52.91,Credit Card,payment_complete,2026-10-03 13:42:34
ord-ddc9ee299c5d,s-27b338689ccd,u-06bc70e01833,1,58.8,5.0,0.0,53.8,Credit Card,payment_complete,2026-10-03 15:15:20
ord-a9d801e0f5bc,s-2e54f8e8a3f2,u-ff22d623e987,1,69.05,0.0,0.0,69.05,Credit Card,payment_complete,2026-10-03 15:21:49
ord-2799dee6d162,s-bc4f5623b9bd,u-e2587b824691,1,109.84,0.0,0.0,109.84,Debit Card,payment_complete,2026-10-03 15:35:34
ord-1d9382279955,s-1a82241907ed,u-88513283a11e,1,30.68,0.0,5.99,36.67,Credit Card,payment_complete,2026-10-03 17:53:14
ord-216565da941d,s-a9bba9cfa0db,u-b0696cd33b01,1,93.01,0.0,0.0,93.01,Credit Card,payment_complete,2026-10-03 17:53:53
ord-91da50406d6e,s-5dd5e754e5a4,u-b1aed994edd4,2,79.98,8.0,0.0,71.98,Debit Card,payment_complete,2026-10-03 18:14:30
ord-cb255794746a,s-167af518df98,u-ffbcd63abef4,1,83.73,0.0,0.0,83.73,Buy Now Pay Later,payment_complete,2026-10-03 18:54:00
ord-33e201d64668,s-77ed199bd1e0,u-200b7a0b0136,2,131.23,0.0,0.0,131.23,Digital Wallet,payment_complete,2026-10-03 19:07:09
ord-e2e7d61828b7,s-f0901e3a2e6e,u-f7ced8b9bcb7,2,122.74,0.0,0.0,122.74,Digital Wallet,payment_complete,2026-10-03 19:16:36
ord-e021efe4e785,s-c9c89d3d5080,u-716b4d3b59a7,1,46.19,0.0,5.99,52.18,Digital Wallet,payment_complete,2026-10-03 19:30:07
ord-fa8726d71153,s-e3a9bea50ec9,u-382b2e5b6228,1,48.31,0.0,5.99,54.3,Debit Card,payment_complete,2026-10-03 20:28:18
ord-791ef88b7399,s-156f19c7fb58,u-315cc9c4f9ce,1,84.14,0.0,0.0,84.14,Credit Card,payment_complete,2026-10-03 20:44:36
ord-142980140877,s-08386cd70534,u-7c83871b4958,1,52.96,0.0,0.0,52.96,Digital Wallet,payment_complete,2026-10-03 21:22:34
ord-61ea3f651e3e,s-ff5b28d4c4ea,u-c42bbabffa73,1,71.84,0.0,0.0,71.84,Digital Wallet,payment_complete,2026-10-03 21:33:28
ord-94819da37753,s-b8685698eca1,u-b2f0a8527bbb,1,34.07,0.0,5.99,40.06,Credit Card,payment_complete,2026-10-03 21:48:57
ord-d34cfa96760f,s-bfbc08e6ed7b,u-7307359390f0,2,66.04,0.0,0.0,66.04,Credit Card,payment_complete,2026-10-03 22:08:36
ord-3ce5e030eeb4,s-bbe7119bcedb,u-40741ee7b9f3,1,66.53,0.0,0.0,66.53,Digital Wallet,payment_complete,2026-10-03 22:59:27
ord-c9c593114830,s-4b5bc509fac8,u-5240d0e488b4,1,75.12,7.51,0.0,67.61,Debit Card,payment_complete,2026-10-04 00:49:19
ord-d4f61bfaaec5,s-53eed13a4c18,u-3b145397e495,1,36.54,0.0,5.99,42.53,Credit Card,payment_complete,2026-10-04 01:49:54
ord-67f894aff693,s-4682a720694b,u-a54256e85eb1,2,242.78,0.0,0.0,242.78,Credit Card,payment_complete,2026-10-04 02:16:38
ord-668f7d433495,s-5e0b71ed7315,u-2596855ff3e0,1,49.47,0.0,5.99,55.46,Digital Wallet,payment_complete,2026-10-04 03:35:05
ord-24af85ffc5f7,s-0187ee2ada8b,u-a12c78447db1,1,54.25,5.0,0.0,49.25,Credit Card,payment_complete,2026-10-04 04:14:00
ord-baa4b4ef1bab,s-dd184eb365fa,u-f13ae11cd838,1,71.95,5.0,0.0,66.95,Digital Wallet,payment_complete,2026-10-04 04:27:59
ord-0182b84e7c81,s-22af55755baa,u-eb39dd2425af,1,52.3,0.0,0.0,52.3,Digital Wallet,payment_complete,2026-10-04 05:29:28
ord-6fc407997153,s-76494411cdd7,u-587431826857,1,25.2,0.0,5.99,31.19,Buy Now Pay Later,payment_complete,2026-10-04 06:24:20
ord-d1290d6282d5,s-04be4cabcca1,u-5c32f2418c85,1,40.38,0.0,5.99,46.37,Digital Wallet,payment_complete,2026-10-04 06:33:03
ord-89f94bc259f4,s-79a3f80ab60d,u-160d22ce457d,2,104.21,10.42,0.0,93.79,Credit Card,payment_complete,2026-10-04 06:52:16
ord-78c3ceeb4376,s-34ddd3a4df05,u-090bae9fba24,1,41.21,0.0,5.99,47.2,Debit Card,payment_complete,2026-10-04 07:07:02
ord-1fce2dff43e2,s-64896c9b58f7,u-750019546133,1,29.96,0.0,5.99,35.95,Credit Card,payment_complete,2026-10-04 07:14:30
ord-5ef200e93eff,s-dc7c24bf98b0,u-8b26858367fc,1,38.84,5.0,5.99,39.83,Digital Wallet,payment_complete,2026-10-04 07:56:27
ord-06a1bc96455e,s-0131e3bbfe37,u-ab8776740ab3,1,46.17,0.0,5.99,52.16,Digital Wallet,payment_complete,2026-10-04 08:21:48
ord-493119858618,s-0e9bfac67f20,u-c220f23846fc,1,43.29,0.0,5.99,49.28,Debit Card,payment_complete,2026-10-04 08:59:03
ord-3a300a746c96,s-44318858141d,u-43b5bebe465b,1,43.96,5.0,5.99,44.95,Credit Card,payment_complete,2026-10-04 09:51:00
ord-e1c09cc45644,s-297d9c82ef75,u-be2b1c716586,1,74.04,0.0,0.0,74.04,Digital Wallet,payment_complete,2026-10-04 10:37:50
ord-b2d0b3526214,s-38cec28b8ccc,u-b219719018c4,1,73.46,0.0,0.0,73.46,Credit Card,payment_complete,2026-10-04 11:48:54
ord-cafd17331334,s-64c435320b99,u-1a8b6dbc6788,2,150.03,15.0,0.0,135.03,Buy Now Pay Later,payment_complete,2026-10-04 12:03:46
ord-8172ab5ea2a7,s-cecf4838a11c,u-02ccfaeb8012,1,47.15,0.0,5.99,53.14,Credit Card,payment_complete,2026-10-04 12:45:23
ord-fbddcd1fb27f,s-8010c5983b3a,u-500d3502841d,1,65.92,0.0,0.0,65.92,Buy Now Pay Later,payment_complete,2026-10-04 13:05:53
ord-69b0fafb9538,s-7d33e45f30a5,u-4152aeca1481,1,55.41,0.0,0.0,55.41,Credit Card,payment_complete,2026-10-04 13:20:58
ord-9205b18b4a87,s-cf03d32fae96,u-2e59920afd07,1,59.11,0.0,0.0,59.11,Credit Card,payment_complete,2026-10-04 13:34:05
ord-b66791048af7,s-091e884089a3,u-4296a258655d,1,52.62,0.0,0.0,52.62,Digital Wallet,payment_complete,2026-10-04 13:49:48
ord-bd9f478aebae,s-daee63bf74e5,u-5246e3b3e4e3,1,52.8,0.0,0.0,52.8,Debit Card,payment_complete,2026-10-04 13:54:23
ord-0c33949c2291,s-e9a735c06033,u-66775e18fdc0,1,53.49,0.0,0.0,53.49,Credit Card,payment_complete,2026-10-04 14:31:55
ord-062c51f76024,s-6bf65317b501,u-c22773fe28aa,2,143.9,14.39,0.0,129.51,Debit Card,payment_complete,2026-10-04 15:54:00
ord-bac9b8cf2929,s-340f92f70dae,u-8650fbb8e4a1,2,165.06,0.0,0.0,165.06,Debit Card,payment_complete,2026-10-04 17:12:27
ord-6866251610d0,s-f090f0e065b2,u-ab198a7f6f17,1,93.85,9.38,0.0,84.47,Debit Card,payment_complete,2026-10-04 17:49:11
ord-3eeb7b34c71a,s-5c3de2872751,u-69e27e5b0608,1,94.61,0.0,0.0,94.61,Credit Card,payment_complete,2026-10-04 19:14:17
ord-0b01e7199904,s-a8937eda8f89,u-f456d6330e11,1,72.5,0.0,0.0,72.5,Digital Wallet,payment_complete,2026-10-04 19:17:04
ord-bc790ecf9fa1,s-8650cc2cb8d5,u-5b9ce8a29de4,1,121.39,0.0,0.0,121.39,Digital Wallet,payment_complete,2026-10-04 19:43:39
ord-8ea28a782096,s-45d3abce0e94,u-79d1094ed490,1,62.9,0.0,0.0,62.9,Digital Wallet,payment_complete,2026-10-04 21:41:29
ord-55d157cd3809,s-c9f74005de7e,u-66f2b0499f23,1,59.76,0.0,0.0,59.76,Digital Wallet,payment_complete,2026-10-04 22:05:11
ord-1fd83588e183,s-e98c3cbe76fb,u-46b39bf29fd1,1,38.17,0.0,5.99,44.16,Credit Card,payment_complete,2026-10-04 23:33:52
ord-e9a6d03fe237,s-889db6cd538c,u-c5f0974fc402,1,73.25,0.0,0.0,73.25,Digital Wallet,payment_complete,2026-10-05 00:34:07
ord-cf60ba56f5b2,s-ff5765898e0a,u-d2d0d65d705f,1,88.66,0.0,0.0,88.66,Credit Card,payment_complete,2026-10-05 00:48:07
ord-43ebcc429b57,s-acdb533dc845,u-3a19813b89c8,1,76.69,0.0,0.0,76.69,Digital Wallet,payment_complete,2026-10-05 02:14:04
ord-03a921fd521f,s-c0f76436dbeb,u-45d3c967023e,2,122.85,0.0,0.0,122.85,Credit Card,payment_complete,2026-10-05 02:44:22
ord-02b83cec271b,s-8867c66370de,u-81885ec32da5,3,201.07,0.0,0.0,201.07,Digital Wallet,payment_complete,2026-10-05 03:30:28
ord-cb57a9ac2f68,s-130968ae8438,u-2422a58d7b24,1,69.31,0.0,0.0,69.31,Digital Wallet,payment_complete,2026-10-05 04:28:46
ord-972100a406b7,s-5030954248f1,u-0acc6607c9cf,1,92.53,0.0,0.0,92.53,Credit Card,payment_complete,2026-10-05 04:47:15
ord-94f73c1da155,s-a60c35c4829b,u-3a1acbe54db0,1,40.39,0.0,5.99,46.38,Digital Wallet,payment_complete,2026-10-05 05:19:25
ord-49aecebdd6fc,s-121ad882be45,u-db8660177e07,2,84.35,0.0,0.0,84.35,Credit Card,payment_complete,2026-10-05 06:10:49
ord-6336513e1fbe,s-2726624a74db,u-21343296154c,2,111.34,11.13,0.0,100.21,Digital Wallet,payment_complete,2026-10-05 06:23:34
ord-d56f83cf21bf,s-f609e1375403,u-570d60745277,1,75.52,7.55,0.0,67.97,Digital Wallet,payment_complete,2026-10-05 06:39:49
ord-fe2eba41b44b,s-46f7b413a661,u-3f509cc33219,1,39.38,3.94,5.99,41.43,Credit Card,payment_complete,2026-10-05 07:11:03
ord-5cbd372325f4,s-316d7dcb6513,u-8ca0d56bd077,1,66.08,0.0,0.0,66.08,Credit Card,payment_complete,2026-10-05 07:18:30
ord-8890e2b49311,s-42f3ce836468,u-e85f8373eead,1,85.28,8.53,0.0,76.75,Buy Now Pay Later,payment_complete,2026-10-05 07:31:37
ord-bb02aa8758ab,s-d74013078cc4,u-f3d67d056448,1,32.47,0.0,5.99,38.46,Digital Wallet,payment_complete,2026-10-05 07:56:28
ord-be5e1b2237f5,s-c16835dc8aeb,u-9223e12957f0,1,12.73,0.0,5.99,18.72,Credit Card,payment_complete,2026-10-05 08:11:30
ord-ce735170630d,s-7f31bf9dfda7,u-479fa5ff7d6e,2,71.69,0.0,0.0,71.69,Credit Card,payment_complete,2026-10-05 08:28:17
ord-80ccb6750b89,s-c7cc9c649721,u-b8acf2bc74f9,1,28.93,0.0,5.99,34.92,Debit Card,payment_complete,2026-10-05 08:34:10
ord-24b9f4b8b64e,s-15ef705e116b,u-e0dacc9b3712,2,107.88,5.0,0.0,102.88,Credit Card,payment_complete,2026-10-05 09:26:15
ord-401a2d4ee3f0,s-530a7cc9d993,u-69e735ddaf93,1,59.11,0.0,0.0,59.11,Credit Card,payment_complete,2026-10-05 09:42:59
ord-66fb7677342b,s-eac17e082132,u-b9ca0bae6e16,1,73.91,0.0,0.0,73.91,Digital Wallet,payment_complete,2026-10-05 10:01:07
ord-b20e0cc0612d,s-eb53011f29f4,u-39054e4bc6fb,2,118.09,11.81,0.0,106.28,Buy Now Pay Later,payment_complete,2026-10-05 10:49:33
ord-e61ff5e740a4,s-e30b570eaed1,u-71df72f5f5db,1,97.85,0.0,0.0,97.85,Debit Card,payment_complete,2026-10-05 10:50:48
ord-a5d576554796,s-e8ca14ae7990,u-5c0868974982,1,54.77,0.0,0.0,54.77,Credit Card,payment_complete,2026-10-05 11:03:30
ord-d20b37b498db,s-9f710995e605,u-ee74f4b53ad5,1,29.16,0.0,5.99,35.15,Credit Card,payment_complete,2026-10-05 11:42:10
ord-7480b81fb16b,s-fd36cda98334,u-f12ff5907955,1,80.16,5.0,0.0,75.16,Digital Wallet,payment_complete,2026-10-05 12:08:55
ord-1fb3e6bd4cc6,s-5cf0bd00d76e,u-fd253d0794b7,1,92.69,9.27,0.0,83.42,Credit Card,payment_complete,2026-10-05 13:34:04
ord-602c30851f1f,s-e699d4bba6b1,u-0792fef77a65,1,101.41,0.0,0.0,101.41,Debit Card,payment_complete,2026-10-05 14:26:10
ord-b8db8851616d,s-d666af065d66,u-0c3a6dfed2c2,1,23.57,0.0,5.99,29.56,Debit Card,payment_complete,2026-10-05 15:07:55
ord-b1b6d54235f8,s-ea15cf27ce18,u-1ffcd57cfdf3,2,76.48,0.0,0.0,76.48,Digital Wallet,payment_complete,2026-10-05 16:16:26
ord-5b6233512974,s-baf49742bc86,u-dd3a146e7b56,1,131.98,0.0,0.0,131.98,Digital Wallet,payment_complete,2026-10-05 16:45:24
ord-70213d4635e8,s-c8aa8e91996b,u-a258c81439ec,2,50.92,0.0,0.0,50.92,Debit Card,payment_complete,2026-10-05 17:00:23
ord-5a4b59fee71d,s-32402bd145d4,u-d6aec5a56bfb,1,22.91,0.0,5.99,28.9,Digital Wallet,payment_complete,2026-10-05 17:48:48
ord-360b7c8786ed,s-6d4ceeee8784,u-8131dfa1b138,2,51.41,0.0,0.0,51.41,Buy Now Pay Later,payment_complete,2026-10-05 17:48:58
ord-b9caedbb9dfd,s-64bb7108c43b,u-c7ec87bf2967,1,57.58,0.0,0.0,57.58,Buy Now Pay Later,payment_complete,2026-10-05 17:53:41
ord-3573f0eacc1b,s-1a12d000f438,u-e8899298ce86,1,53.35,0.0,0.0,53.35,Buy Now Pay Later,payment_complete,2026-10-05 18:11:43
ord-97db29c8f2f7,s-c79d3fc1935c,u-0c450f227175,1,27.33,5.0,5.99,28.32,Credit Card,payment_complete,2026-10-05 18:37:40
ord-13737b02a2c3,s-972e97ff6840,u-05fa5847e235,1,82.48,0.0,0.0,82.48,Debit Card,payment_complete,2026-10-05 18:59:38
ord-adf32c623fd8,s-3879e8d5fa3b,u-12f8273f24d4,2,56.91,0.0,0.0,56.91,Credit Card,payment_complete,2026-10-05 19:16:13
ord-75d1fb7f123c,s-62cd96aabb1f,u-913346c91155,2,131.27,0.0,0.0,131.27,Debit Card,payment_complete,2026-10-05 20:06:24
ord-b68088f76b53,s-3a331b06e6a0,u-9150a7ac672f,1,43.29,0.0,5.99,49.28,Credit Card,payment_complete,2026-10-05 20:18:29
ord-83f42a4e9640,s-b73a58e000e8,u-489e1b217bc9,1,25.38,5.0,5.99,26.37,Digital Wallet,payment_complete,2026-10-05 20:44:42
ord-2612a4bcb64c,s-e426860c5af1,u-4536599fabe7,2,113.36,0.0,0.0,113.36,Digital Wallet,payment_complete,2026-10-05 21:04:34
ord-b9df18bd34e1,s-489bed7c8366,u-f62c2e095a7e,2,74.9,0.0,0.0,74.9,Credit Card,payment_complete,2026-10-05 21:47:50
ord-d7da187ebb00,s-96ae1091de56,u-ad766c49aac8,1,19.7,0.0,5.99,25.69,Debit Card,payment_complete,2026-10-05 22:34:31
ord-3b64d73d07ba,s-a49869b64fa1,u-74ec825eb946,1,93.75,0.0,0.0,93.75,Credit Card,payment_complete,2026-10-05 23:58:59
ord-2ed7b1e3c834,s-9fd29b3e0f8d,u-526b62911502,1,59.47,0.0,0.0,59.47,Buy Now Pay Later,payment_complete,2026-10-06 00:47:51
ord-105b80478601,s-cc5ee18c0a2c,u-f0e9cf5abd65,1,51.15,0.0,0.0,51.15,Credit Card,payment_complete,2026-10-06 01:17:46
ord-32be13641dc5,s-535e59511fc9,u-aae18de7069c,1,82.81,8.28,0.0,74.53,Credit Card,payment_complete,2026-10-06 02:14:12
ord-200d2559cf61,s-ba5d9367ff7f,u-9b209806d113,1,33.67,0.0,5.99,39.66,Digital Wallet,payment_complete,2026-10-06 02:54:25
ord-0f87eefb12d5,s-cb557b95b2ca,u-3bb4b45f6f23,2,149.82,14.98,0.0,134.84,Debit Card,payment_complete,2026-10-06 03:06:12
ord-8dc4b7db435e,s-1ab8ab37d228,u-eb4cda9f3049,1,27.45,0.0,5.99,33.44,Digital Wallet,payment_complete,2026-10-06 03:15:34
ord-d21f88d5e7d6,s-16d1162ed2b3,u-b44bf6a85d36,1,30.77,0.0,5.99,36.76,Credit Card,payment_complete,2026-10-06 04:07:10
ord-053154dc0bf2,s-749c8e72776e,u-ff0f3e6c1903,1,86.13,0.0,0.0,86.13,Debit Card,payment_complete,2026-10-06 04:29:59
ord-b58a7039517a,s-ebf4a84bcd45,u-cca4bd7e67bd,3,133.21,0.0,0.0,133.21,Digital Wallet,payment_complete,2026-10-06 04:55:59
ord-7634203ae2eb,s-25a63a4ba521,u-641672610cad,1,56.35,0.0,0.0,56.35,Credit Card,payment_complete,2026-10-06 04:57:07
ord-b82a3f1a6fca,s-1750d773047f,u-3b4719e84e7f,2,169.48,0.0,0.0,169.48,Digital Wallet,payment_complete,2026-10-06 05:14:46
ord-76f0b7623880,s-5aa2033aa5c3,u-7878f7d989de,1,39.17,0.0,5.99,45.16,Digital Wallet,payment_complete,2026-10-06 05:23:09
ord-330fde3a2e13,s-4e46f534b19e,u-60bc882adc8a,2,174.1,0.0,0.0,174.1,Credit Card,payment_complete,2026-10-06 05:36:22
ord-693e57d6256e,s-362a35c780e6,u-7aaa4a1d6223,1,43.16,0.0,5.99,49.15,Digital Wallet,payment_complete,2026-10-06 05:46:37
ord-00fcb3413b00,s-d5b41c404804,u-ed510fda7356,2,82.42,0.0,0.0,82.42,Credit Card,payment_complete,2026-10-06 07:48:19
ord-d7af8dafcad1,s-8871d118e66a,u-9e21a9e59a3e,2,105.29,10.53,0.0,94.76,Credit Card,payment_complete,2026-10-06 07:55:29
ord-ccfd6fd6b105,s-39c725496059,u-f13dc253d0a8,1,84.12,0.0,0.0,84.12,Credit Card,payment_complete,2026-10-06 08:24:32
ord-8c3a02b09922,s-3f2cba669bd0,u-e41aadfa464d,1,66.92,5.0,0.0,61.92,Buy Now Pay Later,payment_complete,2026-10-06 09:19:35
ord-dc718863f6d2,s-b1de886f1252,u-feaad3c9a8a2,1,66.51,0.0,0.0,66.51,Debit Card,payment_complete,2026-10-06 09:29:42
ord-bbc09ec6173d,s-86fdd1bd3046,u-82d3d8e92729,1,25.08,0.0,5.99,31.07,Debit Card,payment_complete,2026-10-06 09:38:36
ord-21484fa1d74b,s-202b39a30c97,u-5c5d58ab8ee3,1,36.21,0.0,5.99,42.2,Credit Card,payment_complete,2026-10-06 10:39:28
ord-8182f4dfb93c,s-7db627f1b5f6,u-099b8b3b0685,1,97.73,9.77,0.0,87.96,Digital Wallet,payment_complete,2026-10-06 11:23:48
ord-ac2c5b70c75e,s-9ad336178650,u-54e868a50550,1,55.21,0.0,0.0,55.21,Debit Card,payment_complete,2026-10-06 11:57:06
ord-c451fea1f37f,s-1cafc472dd9a,u-b1cf5163ea2b,2,129.48,0.0,0.0,129.48,Digital Wallet,payment_complete,2026-10-06 12:11:48
ord-09420a1d8d28,s-a6d118ade067,u-91a0988fbb55,1,83.98,8.4,0.0,75.58,Digital Wallet,payment_complete,2026-10-06 13:04:26
ord-81e3ae3c6ac5,s-360e04b82152,u-03412379b5db,1,65.74,0.0,0.0,65.74,Debit Card,payment_complete,2026-10-06 14:03:50
ord-aef4e54113a6,s-8c02c6af3a1f,u-b9b40d8ba5be,1,57.18,0.0,0.0,57.18,Digital Wallet,payment_complete,2026-10-06 14:28:53
ord-6325d3848c85,s-e53cd3e87da6,u-fdc635ebdc71,3,189.7,0.0,0.0,189.7,Debit Card,payment_complete,2026-10-06 14:32:30
ord-91e3fed50adc,s-c7ac5a9565de,u-91f28b5fca82,1,29.1,0.0,5.99,35.09,Digital Wallet,payment_complete,2026-10-06 18:01:22
ord-9374f1df236b,s-8f1fbc5e3d09,u-cbdf9554d582,1,64.34,0.0,0.0,64.34,Credit Card,payment_complete,2026-10-06 18:20:39
ord-40134b02eece,s-8e23d52b2451,u-caa6ec905d8c,1,42.09,0.0,5.99,48.08,Credit Card,payment_complete,2026-10-06 19:04:13
ord-7f61f95e0a10,s-d5bb87effd4a,u-e61e15dbb3ef,1,83.14,0.0,0.0,83.14,Credit Card,payment_complete,2026-10-06 19:32:46
ord-0d43a6406c41,s-ab59f88259f0,u-730205316a68,1,104.03,0.0,0.0,104.03,Buy Now Pay Later,payment_complete,2026-10-06 19:59:34
ord-2ef75c7c66b5,s-5203a666d2b6,u-ff3bf46823d5,1,51.25,0.0,0.0,51.25,Digital Wallet,payment_complete,2026-10-06 20:53:15
ord-80176329419f,s-0c280195a260,u-a22a4c9ce69f,1,76.72,0.0,0.0,76.72,Digital Wallet,payment_complete,2026-10-06 20:58:20
ord-6a03512cc1ff,s-baf515b7b5dc,u-509b1302ce7e,1,57.18,0.0,0.0,57.18,Buy Now Pay Later,payment_complete,2026-10-06 21:27:27
ord-e295b6df5c60,s-81558c79043b,u-df910f4db729,1,89.46,0.0,0.0,89.46,Debit Card,payment_complete,2026-10-06 23:19:12
ord-3c5829ae1d10,s-1216f7f8dd78,u-dc78b762addf,1,60.89,0.0,0.0,60.89,Credit Card,payment_complete,2026-10-06 23:39:40
ord-6d61c4389786,s-b699251ae96c,u-2ed877b4db49,1,57.95,0.0,0.0,57.95,Digital Wallet,payment_complete,2026-10-06 23:55:41
ord-f9a75ddc44ab,s-5b32c185f947,u-d5c55d346218,1,26.51,0.0,5.99,32.5,Debit Card,payment_complete,2026-10-07 00:03:46
ord-df572a1e270f,s-da52aef3ac8f,u-d9d88543752a,1,90.36,0.0,0.0,90.36,Buy Now Pay Later,payment_complete,2026-10-07 00:28:36
ord-fa1a27f97d86,s-71a93613db69,u-c570d658f6bb,1,54.04,0.0,0.0,54.04,Buy Now Pay Later,payment_complete,2026-10-07 01:02:49
ord-d4aca0890793,s-dca88864353a,u-379897e17182,1,77.62,5.0,0.0,72.62,Credit Card,payment_complete,2026-10-07 01:43:47
ord-f603eade2c37,s-8f94457a1692,u-710f974139ed,1,41.28,0.0,5.99,47.27,Credit Card,payment_complete,2026-10-07 03:13:09
ord-e470161a314f,s-6c5279935452,u-7e4cb9bbaf37,1,23.24,0.0,5.99,29.23,Digital Wallet,payment_complete,2026-10-07 03:19:41
ord-b9e7afedf872,s-f16c173b05fa,u-205b3ac3ddf2,1,61.62,0.0,0.0,61.62,Debit Card,payment_complete,2026-10-07 04:29:53
ord-13e58e06fc3f,s-f7d24599f86c,u-59e79717e973,2,132.32,0.0,0.0,132.32,Buy Now Pay Later,payment_complete,2026-10-07 06:13:08
ord-45c3a9237e74,s-2e1202a8c921,u-08d0eaced10f,1,61.7,0.0,0.0,61.7,Digital Wallet,payment_complete,2026-10-07 07:06:16
ord-85ecfab9ae2c,s-0112c5ab4ae3,u-1dc0e1144062,1,62.17,0.0,0.0,62.17,Digital Wallet,payment_complete,2026-10-07 07:23:20
ord-ea12dfcc5b6e,s-9739ef5c9bb2,u-19832a01c2f5,1,109.84,0.0,0.0,109.84,Buy Now Pay Later,payment_complete,2026-10-07 07:49:32
ord-3cc884143261,s-2755fdac3250,u-9e4adebef0b2,1,110.31,0.0,0.0,110.31,Credit Card,payment_complete,2026-10-07 08:14:14
ord-dd1cc542788b,s-010b12aeb06e,u-db3ef8905f2d,1,47.54,0.0,5.99,53.53,Buy Now Pay Later,payment_complete,2026-10-07 09:34:31
ord-d7ff792780b6,s-e792148b3211,u-249c3b1d6a17,1,61.7,0.0,0.0,61.7,Digital Wallet,payment_complete,2026-10-07 10:31:02
ord-e12521bebe14,s-3937fe7c0dd1,u-15c5b25ccb36,1,63.3,0.0,0.0,63.3,Digital Wallet,payment_complete,2026-10-07 11:34:12
ord-7d84e81c3bc6,s-8159515b34fd,u-e6a4572d7c3f,1,141.85,0.0,0.0,141.85,Digital Wallet,payment_complete,2026-10-07 11:36:36
ord-22431ddd5148,s-1ed575edc63d,u-b38bbf2e06a6,1,25.09,0.0,5.99,31.08,Credit Card,payment_complete,2026-10-07 12:39:13
ord-e8a42c3d6154,s-caa1a13d8476,u-232edd7f7a05,1,73.93,0.0,0.0,73.93,Digital Wallet,payment_complete,2026-10-07 12:59:05
ord-3a0ff0746f83,s-952821dca5bf,u-ebf139cb18d6,1,47.03,4.7,5.99,48.32,Digital Wallet,payment_complete,2026-10-07 13:15:25
ord-b4f0a904d727,s-dbb25146e28d,u-85a80aefcf43,1,88.95,0.0,0.0,88.95,Debit Card,payment_complete,2026-10-07 13:38:12
ord-c3718783ce26,s-1718dc551374,u-11a3f3401ea1,1,33.24,0.0,5.99,39.23,Buy Now Pay Later,payment_complete,2026-10-07 14:36:03
ord-6f7456162de7,s-fdc56e27785d,u-1fd7b641c117,1,53.51,0.0,0.0,53.51,Digital Wallet,payment_complete,2026-10-07 15:40:06
ord-fb993ad4017c,s-8e2dbc40b175,u-19106d47a685,1,64.85,0.0,0.0,64.85,Buy Now Pay Later,payment_complete,2026-10-07 16:05:50
ord-afb3b1d80d63,s-f15b8c8b1a10,u-fe858ae5bebd,1,64.56,0.0,0.0,64.56,Digital Wallet,payment_complete,2026-10-07 16:08:36
ord-060aa9c73c11,s-f660269a8a73,u-732476f30423,1,55.29,0.0,0.0,55.29,Digital Wallet,payment_complete,2026-10-07 16:29:43
ord-2e94716946fd,s-d0bcfa429c57,u-490f7e0dc0ad,1,72.33,0.0,0.0,72.33,Debit Card,payment_complete,2026-10-07 16:31:32
ord-e082df8326ef,s-9d9bd240b39b,u-78dc5ecc5530,3,121.78,0.0,0.0,121.78,Digital Wallet,payment_complete,2026-10-07 18:08:27
ord-046e78d834e8,s-d214abea23c7,u-e97b44258a9e,2,76.32,5.0,0.0,71.32,Digital Wallet,payment_complete,2026-10-07 18:14:20
ord-3d689218ea4c,s-62767dc9e1a1,u-e2a30a1a8a61,1,40.0,0.0,5.99,45.99,Digital Wallet,payment_complete,2026-10-07 21:02:24
ord-618bbddacb23,s-cd9084876d70,u-dc001313ba4d,2,119.79,0.0,0.0,119.79,Credit Card,payment_complete,2026-10-07 22:13:07
ord-3bdf48f4289c,s-fcad204d528d,u-a4cc4e71c120,1,79.82,0.0,0.0,79.82,Credit Card,payment_complete,2026-10-07 22:24:38
ord-19dae6ebb2ca,s-f9d2cdd9c772,u-ef24d073809a,1,54.39,0.0,0.0,54.39,Credit Card,payment_complete,2026-10-07 22:41:14
ord-b12debcfd9ae,s-73ecf1b02580,u-c541787833bf,2,118.69,0.0,0.0,118.69,Digital Wallet,payment_complete,2026-10-07 23:11:20
ord-e722666163b2,s-0bee3e4fd299,u-53a9c6867b2f,1,22.91,0.0,5.99,28.9,Debit Card,payment_complete,2026-10-07 23:15:01
ord-59b944aa5b70,s-327738f08028,u-b6a3b3904d94,1,70.5,0.0,0.0,70.5,Digital Wallet,payment_complete,2026-10-07 23:23:00
ord-834323ae62f7,s-019a56749b1e,u-f82f9dcba962,2,122.4,0.0,0.0,122.4,Credit Card,payment_complete,2026-10-08 00:48:08
ord-0790b24147b7,s-cba591b68424,u-7d19a36e2f64,1,108.74,0.0,0.0,108.74,Digital Wallet,payment_complete,2026-10-08 01:27:53
ord-61eefec16c14,s-b4b4dfcd79a7,u-1094f4989b45,1,31.22,0.0,5.99,37.21,Digital Wallet,payment_complete,2026-10-08 02:45:13
ord-4f0c9e75a3ff,s-e9619f568c35,u-388138a1f654,1,54.32,5.0,0.0,49.32,Credit Card,payment_complete,2026-10-08 03:18:24
ord-e59c3d5c1115,s-6c9f880b8dd2,u-cbb7f96ad1fc,1,37.09,0.0,5.99,43.08,Buy Now Pay Later,payment_complete,2026-10-08 04:04:06
ord-03d8b98d94a0,s-928f799f3701,u-a007d7103bed,2,129.12,0.0,0.0,129.12,Digital Wallet,payment_complete,2026-10-08 04:31:50
ord-893e0b358468,s-0b225b80af0b,u-89c08cfafef5,1,42.51,0.0,5.99,48.5,Digital Wallet,payment_complete,2026-10-08 04:49:22
ord-9fa93d041c05,s-362afbac161a,u-90523f27de74,1,51.6,0.0,0.0,51.6,Debit Card,payment_complete,2026-10-08 05:08:09
ord-cafbb9189880,s-d702f1ebbb65,u-3bb160fda46f,3,340.07,0.0,0.0,340.07,Debit Card,payment_complete,2026-10-08 05:21:28
ord-597521de4238,s-a5496f469590,u-bd79391ffa81,1,54.38,0.0,0.0,54.38,Digital Wallet,payment_complete,2026-10-08 08:05:29
ord-99e959d5514c,s-d3e7a314d488,u-3a21ca368917,1,46.95,4.7,5.99,48.24,Buy Now Pay Later,payment_complete,2026-10-08 08:33:51
ord-dc31ebe1f400,s-e4ed9da24c5a,u-ed510fda7356,1,54.65,0.0,0.0,54.65,Credit Card,payment_complete,2026-10-08 08:59:21
ord-0b9862e7900b,s-2cb8c005b4b1,u-657710e306ca,1,31.62,5.0,5.99,32.61,Debit Card,payment_complete,2026-10-08 09:13:09
ord-ba443e11f81f,s-80153fd7b935,u-5d711938f9b3,2,177.92,0.0,0.0,177.92,Debit Card,payment_complete,2026-10-08 12:03:07
ord-8dd7b1b83b20,s-907d6fcdc95d,u-8e879bbc6183,1,45.04,0.0,5.99,51.03,Digital Wallet,payment_complete,2026-10-08 12:15:04
ord-5429f5d76d80,s-4093f343f6d3,u-f79b093e626b,3,184.44,0.0,0.0,184.44,Digital Wallet,payment_complete,2026-10-08 12:32:12
ord-55f32c439edf,s-a4c54cf10ba9,u-34a42368c372,1,27.27,0.0,5.99,33.26,Credit Card,payment_complete,2026-10-08 12:32:12
ord-7b50962f6c67,s-9065b1b4c0f7,u-77ac3191cf6b,1,24.95,5.0,5.99,25.94,Digital Wallet,payment_complete,2026-10-08 13:31:24
ord-ecc2891d3a02,s-34585f1382b4,u-a722447f990f,2,121.5,5.0,0.0,116.5,Digital Wallet,payment_complete,2026-10-08 14:15:13
ord-1079b7dbe9ad,s-893fe727d205,u-909340c57e52,1,44.09,0.0,5.99,50.08,Credit Card,payment_complete,2026-10-08 14:26:22
ord-7cfd467dd598,s-e3f5d6babe29,u-46888bb209b0,1,80.74,0.0,0.0,80.74,Digital Wallet,payment_complete,2026-10-08 14:49:20
ord-5bc09d3c4d7c,s-8bd6e4337c4a,u-6e28d40ee591,1,80.94,0.0,0.0,80.94,Credit Card,payment_complete,2026-10-08 15:16:28
ord-74f219f35865,s-e6052e40bc6c,u-9e47f58e69a0,1,56.72,5.0,0.0,51.72,Credit Card,payment_complete,2026-10-08 17:12:13
ord-c4ca67148140,s-4c0af3366506,u-4033f2d3f8cd,2,103.06,10.31,0.0,92.75,Credit Card,payment_complete,2026-10-08 17:22:27
ord-703d12392444,s-42fecc3ffe56,u-c751f578a40e,1,59.4,0.0,0.0,59.4,Debit Card,payment_complete,2026-10-08 17:53:45
ord-d7b5acfbb895,s-ac9042389c99,u-7bbde316e9bd,1,56.27,5.63,0.0,50.64,Digital Wallet,payment_complete,2026-10-08 17:55:40
ord-7fb943997c46,s-29f4f8d6a1eb,u-84a106ea9701,1,55.1,5.0,0.0,50.1,Digital Wallet,payment_complete,2026-10-08 17:59:54
ord-1115aaef2372,s-b8eed2240213,u-2797bd5cec69,1,122.69,0.0,0.0,122.69,Buy Now Pay Later,payment_complete,2026-10-08 18:00:02
ord-72af2afbf867,s-22d0212c693d,u-5cc8ca26afcf,1,61.69,0.0,0.0,61.69,Debit Card,payment_complete,2026-10-08 18:05:08
ord-ce59e8d7e47a,s-6f8db9786065,u-7c05bdf7a286,1,61.69,0.0,0.0,61.69,Credit Card,payment_complete,2026-10-08 18:52:59
ord-b4e028eff3a4,s-452a93495a31,u-136228a07691,1,50.51,5.0,0.0,45.51,Digital Wallet,payment_complete,2026-10-08 19:06:49
ord-104132c3071b,s-895ed12a276b,u-72870c3ad2fa,2,71.87,7.19,0.0,64.68,Buy Now Pay Later,payment_complete,2026-10-08 19:28:40
ord-b4e17a7a327f,s-533388acaf22,u-573e1726104f,1,82.16,0.0,0.0,82.16,Digital Wallet,payment_complete,2026-10-08 20:05:10
ord-82506ae2e8b4,s-1b62ff386070,u-53ee536db86c,1,38.89,0.0,5.99,44.88,Digital Wallet,payment_complete,2026-10-08 20:39:41
ord-60a5a725571c,s-34262d150042,u-343ef6272448,1,76.05,0.0,0.0,76.05,Buy Now Pay Later,payment_complete,2026-10-08 20:40:45
ord-4dc33579551b,s-f69d1ec9ef29,u-a733b7a0a107,2,186.35,0.0,0.0,186.35,Credit Card,payment_complete,2026-10-08 20:55:57
ord-787cc303dd5d,s-38fda2ee3a9e,u-7b476faaaf62,1,75.47,0.0,0.0,75.47,Digital Wallet,payment_complete,2026-10-08 21:10:27
ord-bf79dbe22bbf,s-b9469d4db3de,u-2aaf12ce6b90,1,34.23,5.0,5.99,35.22,Digital Wallet,payment_complete,2026-10-08 21:14:44
ord-be533bdcb98b,s-ca5d23fdd4fd,u-614118e3bfdc,1,67.64,0.0,0.0,67.64,Buy Now Pay Later,payment_complete,2026-10-08 21:42:18
ord-62e866e2e2b9,s-89678e679d10,u-51883d5c3504,1,53.05,5.0,0.0,48.05,Digital Wallet,payment_complete,2026-10-08 23:54:46
ord-33feaa6a9983,s-081afc7e765d,u-0154ae244e78,1,117.23,11.72,0.0,105.51,Buy Now Pay Later,payment_complete,2026-10-09 00:37:51
ord-95e4445561d8,s-1a0df7f0971c,u-cdfa4b4740dd,1,17.63,0.0,5.99,23.62,Credit Card,payment_complete,2026-10-09 00:42:29
ord-d54d69468336,s-e58cc2c4c962,u-134995d42d46,1,51.28,0.0,0.0,51.28,Credit Card,payment_complete,2026-10-09 00:46:54
ord-49f8283b5985,s-c1995d73a5f1,u-1bfc195c4cf4,1,36.59,3.66,5.99,38.92,Digital Wallet,payment_complete,2026-10-09 02:34:54
ord-c405eafdf44e,s-5cfa5f4d9e25,u-f4f51945330a,1,61.52,6.15,0.0,55.37,Credit Card,payment_complete,2026-10-09 03:39:27
ord-e2bf4d109f10,s-b27d44bb43f8,u-f5e9281f0ca4,1,86.13,5.0,0.0,81.13,Credit Card,payment_complete,2026-10-09 04:18:32
ord-be42a8256c5a,s-0f8c20d24222,u-15db2888a74a,2,93.35,0.0,0.0,93.35,Debit Card,payment_complete,2026-10-09 04:53:58
ord-b6d493bc587d,s-b5e90a9710c4,u-8cc43d1c6877,1,52.81,0.0,0.0,52.81,Credit Card,payment_complete,2026-10-09 05:04:48
ord-7f35c177a177,s-5f8d24e8eb99,u-476594ee6c49,1,42.67,0.0,5.99,48.66,Digital Wallet,payment_complete,2026-10-09 05:06:48
ord-f39164257355,s-500137b427a6,u-c34e772d136f,1,62.42,0.0,0.0,62.42,Credit Card,payment_complete,2026-10-09 05:30:10
ord-96781bd2f956,s-33547e59468a,u-df42315da9be,1,50.6,0.0,0.0,50.6,Digital Wallet,payment_complete,2026-10-09 05:48:33
ord-4cc7d50efa40,s-10a84ee3b1aa,u-5e71bfe4929f,2,77.8,0.0,0.0,77.8,Digital Wallet,payment_complete,2026-10-09 05:50:28
ord-607d9d1d6128,s-c1dd66b5ea00,u-76a65f903e5a,1,44.51,0.0,5.99,50.5,Credit Card,payment_complete,2026-10-09 06:51:54
ord-76ff117f089c,s-757dcf73d2ff,u-8db7fb185405,1,18.02,1.8,5.99,22.21,Credit Card,payment_complete,2026-10-09 07:00:31
ord-7679e98b944a,s-12e7c930b40c,u-469a56e1a424,1,75.68,0.0,0.0,75.68,Debit Card,payment_complete,2026-10-09 07:49:18
ord-fc61472ad9bd,s-0c6c56db7400,u-da453f8aec17,1,20.57,5.0,5.99,21.56,Credit Card,payment_complete,2026-10-09 08:59:07
ord-cf0b5139f633,s-e1b4e6818a94,u-ce76d0cd3563,1,72.0,5.0,0.0,67.0,Digital Wallet,payment_complete,2026-10-09 09:27:53
ord-a8f5e1e56f51,s-5a2b95ec73f0,u-567a3b1df110,1,65.05,6.5,0.0,58.55,Digital Wallet,payment_complete,2026-10-09 09:28:36
ord-9346511e0302,s-f9f8d58e937c,u-c04a70b268f4,1,10.97,0.0,5.99,16.96,Digital Wallet,payment_complete,2026-10-09 09:59:53
ord-e7a9b8b4b04d,s-0a2ab323ae0f,u-e2755b090349,1,72.9,0.0,0.0,72.9,Debit Card,payment_complete,2026-10-09 10:05:51
ord-0ab4ce3abdc7,s-fd1b3e12c899,u-ab44f6323c80,1,64.57,0.0,0.0,64.57,Debit Card,payment_complete,2026-10-09 10:26:49
ord-4858c9fc540e,s-4777be08ecc4,u-a4e567e4c4c2,1,61.1,0.0,0.0,61.1,Credit Card,payment_complete,2026-10-09 10:57:20
ord-2e593d8d2e8d,s-ff433c5d0a49,u-305a2bf0a0a5,1,93.85,9.38,0.0,84.47,Digital Wallet,payment_complete,2026-10-09 11:19:05
ord-2f52dc16ee51,s-91cf4d9f249c,u-62b34961a2a5,1,33.02,0.0,5.99,39.01,Buy Now Pay Later,payment_complete,2026-10-09 11:21:47
ord-e40ddd1dee5a,s-3a84e7aa1402,u-409bc1f4ab9e,2,96.53,5.0,0.0,91.53,Credit Card,payment_complete,2026-10-09 11:39:24
ord-10379db972ab,s-3dfe639250ca,u-e0b817f2009e,2,74.4,0.0,0.0,74.4,Digital Wallet,payment_complete,2026-10-09 11:46:38
ord-707cf7e5e35d,s-fb7938b4431a,u-8b5b32f5deb0,1,51.25,0.0,0.0,51.25,Digital Wallet,payment_complete,2026-10-09 12:00:39
ord-7df62af89b33,s-23a12683689a,u-646170706f9d,1,75.58,0.0,0.0,75.58,Credit Card,payment_complete,2026-10-09 12:22:21
ord-fb5054190165,s-a17f0bf137c6,u-181b7d54c753,1,82.71,0.0,0.0,82.71,Credit Card,payment_complete,2026-10-09 13:07:33
ord-61695478b77d,s-fb1b7ec371be,u-d20cfc96fe5a,1,73.93,5.0,0.0,68.93,Debit Card,payment_complete,2026-10-09 13:43:53
ord-7359493a3f7c,s-62776c1a55ee,u-f00d5bb24e8b,1,54.91,0.0,0.0,54.91,Credit Card,payment_complete,2026-10-09 14:30:11
ord-8fafbd406c2e,s-ced990dfdb5e,u-a9876e2c54ff,1,58.22,0.0,0.0,58.22,Buy Now Pay Later,payment_complete,2026-10-09 15:08:32
ord-8e8dab9779d1,s-c04d72b3c78b,u-039024996113,1,106.53,0.0,0.0,106.53,Digital Wallet,payment_complete,2026-10-09 16:01:26
ord-79f09838edb3,s-8d4b75c30ce5,u-d42e3b18ec83,1,21.37,0.0,5.99,27.36,Digital Wallet,payment_complete,2026-10-09 16:12:06
ord-c9177e258391,s-2c8296277718,u-b1a60a99b0d5,1,61.88,6.19,0.0,55.69,Digital Wallet,payment_complete,2026-10-09 16:37:51
ord-6943e06e31a3,s-66a483b9fccb,u-d0fc365ce825,1,53.7,5.37,0.0,48.33,Debit Card,payment_complete,2026-10-09 17:11:13
ord-f913e7f01ee1,s-5304064d929a,u-f432b7621c85,3,175.37,0.0,0.0,175.37,Digital Wallet,payment_complete,2026-10-09 17:32:40
ord-fd5c3e47af42,s-1743d7640f51,u-73bc0ceae2d2,1,73.46,5.0,0.0,68.46,Debit Card,payment_complete,2026-10-09 18:17:04
ord-17571aa7acac,s-6dd4f34debb6,u-f274b8e1bb66,1,58.22,0.0,0.0,58.22,Credit Card,payment_complete,2026-10-09 19:02:34
ord-ee5b2c185703,s-7284d5a1f24c,u-428b5e843ce7,1,40.84,5.0,5.99,41.83,Buy Now Pay Later,payment_complete,2026-10-09 20:10:15
ord-aee5fd543288,s-68ab664a2e9f,u-c5f0974fc402,1,85.98,0.0,0.0,85.98,Credit Card,payment_complete,2026-10-09 20:25:37
ord-3efa5f183ef9,s-1aad3362ef21,u-a28dfbfc5c08,2,158.7,0.0,0.0,158.7,Credit Card,payment_complete,2026-10-09 20:35:19
ord-26f39d3967da,s-cd850e6a52dd,u-be358fd54315,2,134.35,0.0,0.0,134.35,Digital Wallet,payment_complete,2026-10-09 21:13:25
ord-f2f76176530d,s-9060e0fe9d52,u-7a8ec7152100,1,15.51,0.0,5.99,21.5,Credit Card,payment_complete,2026-10-09 21:15:50
ord-4294e42d63fb,s-d11a3a692871,u-8784707b209a,1,83.14,0.0,0.0,83.14,Digital Wallet,payment_complete,2026-10-09 21:48:07
ord-fc9899e95961,s-aeb2baaac599,u-020a89ec9915,1,32.96,0.0,5.99,38.95,Digital Wallet,payment_complete,2026-10-09 23:35:44
ord-c0d615bcd8f6,s-49fe372f6769,u-f94b80497132,1,57.14,0.0,0.0,57.14,Credit Card,payment_complete,2026-10-09 23:52:53
ord-f238110952fc,s-edf6a30f94ff,u-b563f74f350f,1,60.52,0.0,0.0,60.52,Digital Wallet,payment_complete,2026-10-10 00:00:54
ord-8767b0d27d4b,s-660899b34beb,u-fc58c1c893d9,1,48.33,0.0,5.99,54.32,Credit Card,payment_complete,2026-10-10 02:10:07
ord-d638e9cb7e3d,s-0278e518f591,u-eb0ceafde20b,1,55.26,0.0,0.0,55.26,Digital Wallet,payment_complete,2026-10-10 02:19:22
ord-e3e57d8436c8,s-000d8121c3a7,u-1d80490470a5,1,71.03,0.0,0.0,71.03,Debit Card,payment_complete,2026-10-10 03:04:57
ord-1067d92d23e6,s-431cac139914,u-84797ad94058,1,55.27,0.0,0.0,55.27,Credit Card,payment_complete,2026-10-10 03:09:47
ord-2263ac32e819,s-2f6cab50e3d0,u-040d6fe9aa57,1,47.48,0.0,5.99,53.47,Digital Wallet,payment_complete,2026-10-10 03:18:35
ord-f68f7878c5f9,s-44f7559e8ff9,u-60b4ef977d8e,1,73.23,5.0,0.0,68.23,Debit Card,payment_complete,2026-10-10 05:25:26
ord-765813a83f41,s-d7830b340e74,u-b707d75d4d3e,2,126.34,0.0,0.0,126.34,Digital Wallet,payment_complete,2026-10-10 05:38:04
ord-18ea81a3ba88,s-f62c8f6affbb,u-0e1d501a3272,1,49.96,0.0,5.99,55.95,Credit Card,payment_complete,2026-10-10 05:57:20
ord-dd5c6cf9190e,s-9ff2d7a749db,u-a792701e4344,1,63.16,0.0,0.0,63.16,Credit Card,payment_complete,2026-10-10 06:52:29
ord-222f00cf7f6e,s-858da85c8207,u-ca41ab1511af,1,65.6,6.56,0.0,59.04,Digital Wallet,payment_complete,2026-10-10 07:19:30
ord-2f78685fe6cf,s-abdaf926baf7,u-5e9ebfcb4c2d,1,46.29,0.0,5.99,52.28,Credit Card,payment_complete,2026-10-10 07:44:17
ord-3b6fd2d35495,s-741d5e9e7aa2,u-bcb8fbdca7eb,1,48.33,0.0,5.99,54.32,Debit Card,payment_complete,2026-10-10 09:07:00
ord-f250a3e08760,s-1bbe881b1665,u-8a621e30bba8,1,75.28,0.0,0.0,75.28,Debit Card,payment_complete,2026-10-10 09:17:21
ord-9a91984e2278,s-82bbcbd466d5,u-670f5faee5f2,1,25.71,5.0,5.99,26.7,Credit Card,payment_complete,2026-10-10 10:17:39
ord-68457c02893c,s-6ae7b7bf09e8,u-b657d5efe9a0,1,64.32,0.0,0.0,64.32,Digital Wallet,payment_complete,2026-10-10 10:20:22
ord-db660de3d4ea,s-b4d1b8108f0a,u-57a68f56c490,1,30.33,3.03,5.99,33.29,Credit Card,payment_complete,2026-10-10 10:33:55
ord-ca254766a26f,s-ba990573bc17,u-5cde2aafac3e,1,66.87,0.0,0.0,66.87,Credit Card,payment_complete,2026-10-10 11:34:49
ord-bc82c824082c,s-e83d6a88a8ce,u-b701eeab8f03,1,53.67,0.0,0.0,53.67,Digital Wallet,payment_complete,2026-10-10 12:53:20
ord-0169d70d0660,s-a5ce1738d3b8,u-e4cf302e1b8a,1,65.09,0.0,0.0,65.09,Credit Card,payment_complete,2026-10-10 12:54:13
ord-42a3a63115d3,s-06e371dec438,u-4c3644bf1f6f,1,59.66,0.0,0.0,59.66,Digital Wallet,payment_complete,2026-10-10 12:54:52
ord-732d502cb791,s-fc6214b174b8,u-1dad2945fc77,2,162.43,0.0,0.0,162.43,Digital Wallet,payment_complete,2026-10-10 13:01:55
ord-8754211d35b1,s-282b0915aba2,u-b676dafe6d14,1,31.88,0.0,5.99,37.87,Credit Card,payment_complete,2026-10-10 13:22:42
ord-9259a5a4a934,s-8e49eac86054,u-235c03ca5023,1,104.89,0.0,0.0,104.89,Credit Card,payment_complete,2026-10-10 13:42:44
ord-9c92afcbd09a,s-fa51d1d2dd42,u-62e182d043ed,1,23.41,0.0,5.99,29.4,Debit Card,payment_complete,2026-10-10 14:36:45
ord-92547bb0bc0d,s-cc2492aba23f,u-c9f44c95be5a,1,29.07,0.0,5.99,35.06,Buy Now Pay Later,payment_complete,2026-10-10 15:41:26
ord-91d4ee6a3eac,s-16d2a5c871d5,u-dfee5e7ece3d,2,128.7,0.0,0.0,128.7,Digital Wallet,payment_complete,2026-10-10 15:55:39
ord-ad1d7d317eb1,s-cb5e66fad5f7,u-4c952e423c23,1,52.3,0.0,0.0,52.3,Credit Card,payment_complete,2026-10-10 16:02:00
ord-e5e2ac034a89,s-f07e35ecf8e8,u-57154d437386,1,35.12,0.0,5.99,41.11,Digital Wallet,payment_complete,2026-10-10 17:21:21
ord-eea95429b714,s-7374923ad231,u-971befa2fcb5,1,19.82,0.0,5.99,25.81,Debit Card,payment_complete,2026-10-10 17:42:28
ord-031354be40bd,s-2c77ae4b8f7e,u-9dedb8f3a033,2,112.7,0.0,0.0,112.7,Buy Now Pay Later,payment_complete,2026-10-10 18:17:56
ord-4fa3c3038df5,s-537cdb866f8e,u-33fa7498fabe,1,40.61,5.0,5.99,41.6,Debit Card,payment_complete,2026-10-10 18:25:41
ord-89e036d92196,s-f8bd3072d872,u-837b64d43f2f,2,94.88,0.0,0.0,94.88,Credit Card,payment_complete,2026-10-10 18:46:57
ord-fe65d520f1fc,s-c78fc43cfe59,u-5b12645d7dea,2,101.74,5.0,0.0,96.74,Debit Card,payment_complete,2026-10-10 19:40:56
ord-182fa70db2bd,s-2367fd9df9d3,u-fc6d682a297d,1,38.35,0.0,5.99,44.34,Digital Wallet,payment_complete,2026-10-10 19:42:26
ord-1cdea5aeb3f6,s-07ce59c9550a,u-d543330a107a,1,71.71,0.0,0.0,71.71,Credit Card,payment_complete,2026-10-10 21:56:11
ord-0293e00a4474,s-1dad565d5b69,u-401bf32ef0ad,1,44.63,0.0,5.99,50.62,Credit Card,payment_complete,2026-10-10 22:11:47
ord-73e0fa6a71ff,s-0e83fe73f909,u-f20226e1a0b8,1,25.46,0.0,5.99,31.45,Debit Card,payment_complete,2026-10-10 22:18:28
ord-25812a19a0ab,s-fc65d93ce3c7,u-d587cfd243c9,1,33.67,0.0,5.99,39.66,Credit Card,payment_complete,2026-10-10 22:26:31
ord-57e140d0c026,s-d9a013ec0bcd,u-d7fd4d90bf8b,1,72.5,0.0,0.0,72.5,Digital Wallet,payment_complete,2026-10-10 22:48:28
ord-36385c191d1c,s-54a59fe66389,u-537e218194a4,1,49.55,4.96,5.99,50.58,Credit Card,payment_complete,2026-10-10 22:51:22
ord-866b51297dc0,s-da517a3aedf4,u-338caf1c82d5,1,32.4,0.0,5.99,38.39,Credit Card,payment_complete,2026-10-11 00:33:46
ord-49851099a27d,s-36bf34f6967a,u-333fd3e243e8,1,36.62,3.66,5.99,38.95,Digital Wallet,payment_complete,2026-10-11 01:18:03
ord-1c7c6796fcc5,s-1f430f6af08a,u-440606649ca7,1,36.58,0.0,5.99,42.57,Buy Now Pay Later,payment_complete,2026-10-11 01:25:55
ord-0cd3d7584278,s-e1b44dd0d230,u-008ea843353b,1,43.03,0.0,5.99,49.02,Credit Card,payment_complete,2026-10-11 02:08:17
ord-95dafa8d2e91,s-1402924e3516,u-c0f1efc4fa6a,2,126.28,5.0,0.0,121.28,Digital Wallet,payment_complete,2026-10-11 02:11:12
ord-9ad2302a465b,s-6624f4451306,u-5708ecb98cef,1,50.16,0.0,0.0,50.16,Credit Card,payment_complete,2026-10-11 02:21:22
ord-d33ea29debf6,s-2f4c8581cee6,u-dc3ad021e6f8,1,147.86,0.0,0.0,147.86,Buy Now Pay Later,payment_complete,2026-10-11 02:50:04
ord-89b446164674,s-eaaf9d8b08c1,u-4feeab50e051,3,270.88,0.0,0.0,270.88,Credit Card,payment_complete,2026-10-11 02:57:26
ord-ca106599a9a3,s-ea3182572d0a,u-5e9982c5f9fa,1,24.06,0.0,5.99,30.05,Debit Card,payment_complete,2026-10-11 03:53:04
ord-4e2c65ffbbe7,s-2355547c8154,u-339225689f8a,1,53.33,5.0,0.0,48.33,Digital Wallet,payment_complete,2026-10-11 05:03:09
ord-318aa669d804,s-e2060d15606f,u-fa6fa6e0922f,1,75.28,0.0,0.0,75.28,Digital Wallet,payment_complete,2026-10-11 05:22:49
ord-7d9aa5ea740c,s-7e3c99882ed4,u-791d47cdd0c1,1,43.87,0.0,5.99,49.86,Debit Card,payment_complete,2026-10-11 05:34:24
ord-93363920b127,s-fc7081fc055a,u-064ce731fba0,1,49.31,4.93,5.99,50.37,Buy Now Pay Later,payment_complete,2026-10-11 06:18:26
ord-3d3ceb80f9d7,s-922b6c3bef09,u-da354b3adc2f,1,35.35,0.0,5.99,41.34,Digital Wallet,payment_complete,2026-10-11 06:51:33
ord-807b5d97444a,s-c04b17a511ab,u-dfea6d34e0fd,2,93.71,0.0,0.0,93.71,Digital Wallet,payment_complete,2026-10-11 07:14:33
ord-7cf07ae93a73,s-af1269c47181,u-ffa28cfd661f,2,91.52,5.0,0.0,86.52,Buy Now Pay Later,payment_complete,2026-10-11 07:23:10
ord-955e2cd814dd,s-4a9a9024aed5,u-c5e2e128a201,1,64.09,5.0,0.0,59.09,Digital Wallet,payment_complete,2026-10-11 07:57:25
ord-71f8b8f74ae5,s-e1426476ce2d,u-691c18384cb8,1,33.86,0.0,5.99,39.85,Buy Now Pay Later,payment_complete,2026-10-11 08:12:02
ord-7bb5f0e70b78,s-61ea6241cbfd,u-e17fecc05d4d,1,69.31,5.0,0.0,64.31,Debit Card,payment_complete,2026-10-11 08:12:12
ord-72ac204931e2,s-6a87913443b4,u-f133be099395,2,87.87,0.0,0.0,87.87,Credit Card,payment_complete,2026-10-11 08:25:26
ord-c01d8ee4e5e1,s-b781872a0585,u-13bff40c19b0,2,58.2,0.0,0.0,58.2,Debit Card,payment_complete,2026-10-11 09:10:31
ord-9bdff018787a,s-fef07abadf7c,u-0815c49610dc,2,80.68,5.0,0.0,75.68,Digital Wallet,payment_complete,2026-10-11 11:01:18
ord-19939fc719e4,s-1b60f61a4fed,u-5e3f39a9ecb3,1,71.25,0.0,0.0,71.25,Digital Wallet,payment_complete,2026-10-11 11:21:13
ord-6c938e30977b,s-afe10f556df0,u-dcb55f6f9aff,2,160.6,0.0,0.0,160.6,Digital Wallet,payment_complete,2026-10-11 11:43:29
ord-81f5569bc79c,s-880e5b6491ae,u-fc5a37721a39,1,148.8,14.88,0.0,133.92,Digital Wallet,payment_complete,2026-10-11 11:56:16
ord-d07d7aa40fb4,s-8022d0ccad16,u-d6adfa4ae723,1,50.21,5.02,0.0,45.19,Digital Wallet,payment_complete,2026-10-11 12:38:39
ord-7bc7a1b28ad9,s-f98d6e1cacf1,u-31022b2d0ca8,1,40.61,0.0,5.99,46.6,Credit Card,payment_complete,2026-10-11 12:51:20
ord-97bacc9a4db3,s-b544ba83cfa1,u-5d8f961bf353,1,77.83,0.0,0.0,77.83,Buy Now Pay Later,payment_complete,2026-10-11 13:43:36
ord-f3adbe44688c,s-55d64a789ee9,u-a13065c90d2f,1,33.67,0.0,5.99,39.66,Debit Card,payment_complete,2026-10-11 13:45:34
ord-11f3b7dc68c1,s-3549e7dd44b8,u-417db37f0803,2,109.54,0.0,0.0,109.54,Digital Wallet,payment_complete,2026-10-11 14:25:52
ord-11d5efa40fc6,s-2471f25e0064,u-60b4ef977d8e,2,103.92,0.0,0.0,103.92,Digital Wallet,payment_complete,2026-10-11 14:30:15
ord-a79737965718,s-275835da76df,u-5fcba96db89b,2,170.64,0.0,0.0,170.64,Credit Card,payment_complete,2026-10-11 14:45:54
ord-526f3f44baac,s-f335b9b89090,u-d3d30af0df40,1,61.01,0.0,0.0,61.01,Digital Wallet,payment_complete,2026-10-11 15:06:09
ord-941d884ca9b5,s-c7ce7d5da833,u-5ad8eb36bf4e,1,60.95,0.0,0.0,60.95,Debit Card,payment_complete,2026-10-11 15:16:52
ord-deffdcf832f3,s-5829ceda1868,u-7f549aeed4ec,1,46.29,4.63,5.99,47.65,Digital Wallet,payment_complete,2026-10-11 15:45:15
ord-162d8426af2d,s-6d743b1233a7,u-5708ecb98cef,1,123.73,0.0,0.0,123.73,Digital Wallet,payment_complete,2026-10-11 15:48:16
ord-4d682317fd75,s-91ede21fc5ba,u-7def89983459,1,66.51,0.0,0.0,66.51,Debit Card,payment_complete,2026-10-11 16:28:57
ord-eae871a84650,s-fdaf0fb40b53,u-c45b0104e777,1,73.23,0.0,0.0,73.23,Credit Card,payment_complete,2026-10-11 16:41:33
ord-3595445f97a7,s-4298184eada1,u-06a8b0a12fe0,1,92.53,0.0,0.0,92.53,Digital Wallet,payment_complete,2026-10-11 16:58:19
ord-f6008d170bd1,s-5da2cfcf82f2,u-198ff60ebdb5,2,168.64,0.0,0.0,168.64,Digital Wallet,payment_complete,2026-10-11 17:22:45
ord-50dfe4356971,s-d2683c703278,u-b15cee34d352,2,101.38,0.0,0.0,101.38,Debit Card,payment_complete,2026-10-11 17:24:05
ord-49ac165c4f2f,s-f0eb412d6405,u-8eeb34ed8716,1,44.41,0.0,5.99,50.4,Credit Card,payment_complete,2026-10-11 17:59:34
ord-da0f13886dc9,s-766d579cf85e,u-cc40355967a5,2,125.24,0.0,0.0,125.24,Digital Wallet,payment_complete,2026-10-11 18:06:26
ord-cc1b0344cd75,s-82c5541f906f,u-ea93605d98aa,1,46.31,0.0,5.99,52.3,Credit Card,payment_complete,2026-10-11 18:20:00
ord-64708ba68449,s-dbd350bec7c8,u-ef8a91939adc,1,62.87,5.0,0.0,57.87,Digital Wallet,payment_complete,2026-10-11 18:26:20
ord-f7eb2898dfae,s-9d1628eaae26,u-4664f9933519,1,74.45,0.0,0.0,74.45,Debit Card,payment_complete,2026-10-11 18:32:25
ord-828fcea5539d,s-cb9ece6c8664,u-1e26afad43c2,1,60.24,0.0,0.0,60.24,Digital Wallet,payment_complete,2026-10-11 19:31:01
ord-d09a18881dc3,s-8e27ed9f24b7,u-e08d71c64b66,1,65.25,0.0,0.0,65.25,Digital Wallet,payment_complete,2026-10-11 19:34:06
ord-978b0ea6117a,s-31cc00a99152,u-f66e6b6c84d7,1,73.37,5.0,0.0,68.37,Digital Wallet,payment_complete,2026-10-11 20:12:42
ord-ad3bd4521323,s-8fefaa7ff068,u-f3e047e17518,3,140.25,0.0,0.0,140.25,Digital Wallet,payment_complete,2026-10-11 20:19:16
ord-94b81957be59,s-5ef07109ba47,u-533c6ce230cd,1,54.25,0.0,0.0,54.25,Buy Now Pay Later,payment_complete,2026-10-11 20:38:36
ord-54c85fd612da,s-8dc0fb74015d,u-0684b396b4a0,1,49.84,0.0,5.99,55.83,Credit Card,payment_complete,2026-10-11 22:03:24
ord-fd1c869aa079,s-b04f83c7c8fe,u-99d64c647f7a,1,38.95,0.0,5.99,44.94,Buy Now Pay Later,payment_complete,2026-10-11 22:21:13
ord-cb793cc4f154,s-422a9183e35a,u-3ff810d126ed,1,65.09,0.0,0.0,65.09,Buy Now Pay Later,payment_complete,2026-10-12 00:04:43
ord-878aa9cfd6a3,s-90c02840ef5f,u-8b77db9a65dd,1,60.23,6.02,0.0,54.21,Digital Wallet,payment_complete,2026-10-12 00:57:00
ord-10b152166f40,s-efcf8c42517f,u-3c5ef91a84cb,1,84.34,0.0,0.0,84.34,Credit Card,payment_complete,2026-10-12 01:58:54
ord-92300dc03c50,s-ae5be32332c6,u-448c57adf872,1,61.12,0.0,0.0,61.12,Credit Card,payment_complete,2026-10-12 03:51:42
ord-41e337cdf9fa,s-a36d185ed076,u-7d8d0713f817,1,73.43,0.0,0.0,73.43,Digital Wallet,payment_complete,2026-10-12 04:20:38
ord-7a421be7c7a4,s-017aa7a10b2f,u-4bef2dd17b13,1,62.67,0.0,0.0,62.67,Debit Card,payment_complete,2026-10-12 04:44:33
ord-27f274bf8e89,s-15ef6511e581,u-954ff5414b2a,1,73.25,0.0,0.0,73.25,Digital Wallet,payment_complete,2026-10-12 05:02:54
ord-e6ab487f2b1c,s-c68ea01665e8,u-d93ffd4bccca,2,182.94,18.29,0.0,164.65,Debit Card,payment_complete,2026-10-12 05:19:27
ord-a19663ad7de7,s-d08798d41db6,u-d23d973f9022,1,17.08,0.0,5.99,23.07,Digital Wallet,payment_complete,2026-10-12 06:23:17
ord-f96c290a85c5,s-b87d1e7c5551,u-a4c6614e3bec,1,24.93,0.0,5.99,30.92,Credit Card,payment_complete,2026-10-12 10:20:09
ord-b7e94977a375,s-4e44204964a6,u-2bc2dffe6a83,1,45.67,0.0,5.99,51.66,Credit Card,payment_complete,2026-10-12 12:31:45
ord-78160efe34dd,s-595b10a00c11,u-bf5c171a50dd,2,160.5,0.0,0.0,160.5,Credit Card,payment_complete,2026-10-12 12:36:12
ord-cf4eb0769c4f,s-cac314fb44a0,u-61a4ce229010,1,49.51,4.95,5.99,50.55,Credit Card,payment_complete,2026-10-12 12:36:38
ord-fd20c0472206,s-c61e948cf05b,u-3407d68b1fd5,1,51.89,0.0,0.0,51.89,Buy Now Pay Later,payment_complete,2026-10-12 12:47:56
ord-cd7d0289d5f1,s-58902876f960,u-54fb1e731c8d,1,20.14,2.01,5.99,24.12,Credit Card,payment_complete,2026-10-12 12:58:35
ord-d391e66afba9,s-6cc5f61f16f7,u-14df998e0390,1,31.88,0.0,5.99,37.87,Digital Wallet,payment_complete,2026-10-12 14:05:10
ord-9b66dec85d13,s-31341a535268,u-8cf8366c46bc,2,93.9,0.0,0.0,93.9,Debit Card,payment_complete,2026-10-12 14:13:37
ord-1fa158681b36,s-6b793826ef86,u-461b75b44b1d,1,78.8,7.88,0.0,70.92,Digital Wallet,payment_complete,2026-10-12 14:21:58
ord-a695c063e68c,s-83fb34cc65af,u-b84482d564fb,1,61.32,0.0,0.0,61.32,Digital Wallet,payment_complete,2026-10-12 14:54:00
ord-7d47c96bb342,s-0a0851156ab8,u-556ef8366669,1,55.24,5.0,0.0,50.24,Credit Card,payment_complete,2026-10-12 15:29:15
ord-6113f088665f,s-56be4f4b5f85,u-dc2482a6e8ef,1,67.46,5.0,0.0,62.46,Buy Now Pay Later,payment_complete,2026-10-12 15:39:07
ord-2e7e47c193bd,s-73f8d99a204b,u-0ea6631409fb,2,121.0,12.1,0.0,108.9,Debit Card,payment_complete,2026-10-12 16:47:48
ord-7af7bc539063,s-cb5181c515a2,u-88ffb3019ec8,1,70.99,5.0,0.0,65.99,Credit Card,payment_complete,2026-10-12 18:45:09
ord-079d08ba4c9c,s-48ce3d83f838,u-4feeab50e051,2,175.91,0.0,0.0,175.91,Buy Now Pay Later,payment_complete,2026-10-12 19:09:23
ord-ebf93d1073b9,s-932b5e1b3d37,u-36100b15f074,1,73.37,0.0,0.0,73.37,Buy Now Pay Later,payment_complete,2026-10-12 19:09:29
ord-5b530e331240,s-c60d300054bd,u-c124d0fa817c,1,36.23,0.0,5.99,42.22,Digital Wallet,payment_complete,2026-10-12 21:06:50
ord-93eee521cef3,s-fabed16349e2,u-916e7dcff243,1,72.02,0.0,0.0,72.02,Debit Card,payment_complete,2026-10-12 21:19:46
ord-24694663d9d0,s-87632323ef26,u-7784727bd271,1,32.36,0.0,5.99,38.35,Digital Wallet,payment_complete,2026-10-12 21:28:43
ord-32211c2d3676,s-32204448c68e,u-5764d7fd7979,1,75.82,0.0,0.0,75.82,Debit Card,payment_complete,2026-10-12 21:40:12
ord-eef347a7f422,s-a99e77954365,u-e59db2890a4a,1,56.92,0.0,0.0,56.92,Debit Card,payment_complete,2026-10-12 21:51:36
ord-be1d41b378d5,s-a9dffb6d6898,u-36eb9f5ff361,1,69.46,0.0,0.0,69.46,Debit Card,payment_complete,2026-10-12 22:19:13
ord-99a5faac93db,s-f5414c8b9b42,u-433e8dc41266,1,72.07,0.0,0.0,72.07,Digital Wallet,payment_complete,2026-10-12 22:36:59
ord-f81025dd14da,s-312c1e901658,u-e71939058aee,1,54.86,0.0,0.0,54.86,Buy Now Pay Later,payment_complete,2026-10-12 23:26:54
ord-e619b57d2d5d,s-dcf72b8e759b,u-cbd74c0b78a1,2,112.85,0.0,0.0,112.85,Digital Wallet,payment_complete,2026-10-12 23:27:36
ord-0923a0ff50c9,s-7d84a1ce0a9e,u-ff22d623e987,3,185.12,0.0,0.0,185.12,Digital Wallet,payment_complete,2026-10-13 00:11:16
ord-a4ee613d8b65,s-4a36b7add943,u-597638c21443,2,71.86,0.0,0.0,71.86,Buy Now Pay Later,payment_complete,2026-10-13 00:14:09
ord-04d20dd12af4,s-78b1b915b404,u-fe10defd6b2c,1,104.83,0.0,0.0,104.83,Credit Card,payment_complete,2026-10-13 01:05:39
ord-7618c0948202,s-a667be909013,u-0353b05ae00a,2,71.41,0.0,0.0,71.41,Credit Card,payment_complete,2026-10-13 01:57:34
ord-50f0c2df9aca,s-a77ae1281525,u-8695d95a6385,1,36.36,0.0,5.99,42.35,Buy Now Pay Later,payment_complete,2026-10-13 03:12:10
ord-905c54801ea7,s-2d7dff52c6a2,u-ba9df90ae711,1,41.98,0.0,5.99,47.97,Digital Wallet,payment_complete,2026-10-13 03:28:02
ord-01bae342beb1,s-067a939e62dc,u-195fb8ce7d09,1,67.88,0.0,0.0,67.88,Debit Card,payment_complete,2026-10-13 03:42:12
ord-f68150db766b,s-519eb2646036,u-cc5b804fc0fc,1,73.46,0.0,0.0,73.46,Debit Card,payment_complete,2026-10-13 03:57:10
ord-e9aa44d0fc80,s-3b46d2baf200,u-ccbf334f6190,2,121.02,0.0,0.0,121.02,Debit Card,payment_complete,2026-10-13 03:59:40
ord-77fdfbdeb451,s-a2a65a45b7e7,u-a7ab22b9ec5e,2,94.74,0.0,0.0,94.74,Buy Now Pay Later,payment_complete,2026-10-13 04:05:53
ord-5f267ad12cc2,s-88a838d55b0d,u-c78f69f2ca99,1,43.76,4.38,5.99,45.37,Buy Now Pay Later,payment_complete,2026-10-13 04:16:19
ord-85bad6c60608,s-d038cd281311,u-fc9c97019b72,1,58.13,5.0,0.0,53.13,Credit Card,payment_complete,2026-10-13 04:57:08
ord-1c331674608c,s-6d94062d14ce,u-9c594ff89d39,2,109.96,0.0,0.0,109.96,Digital Wallet,payment_complete,2026-10-13 05:10:20
ord-182e2afdfa13,s-0730a69d7a52,u-bf85fc11d4a4,1,61.79,0.0,0.0,61.79,Debit Card,payment_complete,2026-10-13 05:44:03
ord-ee734e27822e,s-4497f4ac10e4,u-a10d454a8d67,1,79.52,0.0,0.0,79.52,Credit Card,payment_complete,2026-10-13 06:49:45
ord-65d124dbfd65,s-bd83e9209758,u-abffde053c16,1,58.33,0.0,0.0,58.33,Debit Card,payment_complete,2026-10-13 07:03:06
ord-ffe81f94e919,s-894eb53e7bef,u-de07018ecefe,1,22.68,0.0,5.99,28.67,Debit Card,payment_complete,2026-10-13 07:37:53
ord-7dcf4eb38dd4,s-9a60bab13952,u-12f10af43ff6,1,111.35,5.0,0.0,106.35,Credit Card,payment_complete,2026-10-13 07:55:25
ord-f3b1e4ea2034,s-c4482501d0c3,u-5f93071ccdb5,1,28.78,0.0,5.99,34.77,Debit Card,payment_complete,2026-10-13 09:27:31
ord-6ba761951d68,s-d589ed8e0d07,u-0de37a04abd5,1,103.23,0.0,0.0,103.23,Digital Wallet,payment_complete,2026-10-13 09:29:14
ord-f4c652d3ff8b,s-103a66accad5,u-875264dc0875,1,28.51,0.0,5.99,34.5,Credit Card,payment_complete,2026-10-13 09:56:29
ord-ecf6ba4ece5d,s-64d06eae681a,u-8833529fea53,1,51.39,0.0,0.0,51.39,Digital Wallet,payment_complete,2026-10-13 10:09:06
ord-1c0b9cc518f3,s-fa15ccc1030e,u-4b2b3f8d0375,1,33.77,0.0,5.99,39.76,Digital Wallet,payment_complete,2026-10-13 10:10:15
ord-29aef2821532,s-051c8c28e71e,u-0c9058b27f9c,4,171.92,0.0,0.0,171.92,Credit Card,payment_complete,2026-10-13 10:10:22
ord-9b5fabc1d525,s-5d597dc1f37e,u-71d4f61eaf27,1,50.6,0.0,0.0,50.6,Digital Wallet,payment_complete,2026-10-13 10:52:55
ord-83571c594fb6,s-df3e0f371745,u-fa0c9e9cabf1,1,32.96,0.0,5.99,38.95,Digital Wallet,payment_complete,2026-10-13 11:07:25
ord-574556d819e7,s-9f25f3b60e03,u-1dfd0890c5fc,1,43.08,0.0,5.99,49.07,Credit Card,payment_complete,2026-10-13 12:01:25
ord-48e517b8db5c,s-9846ecbfbf36,u-a59401f43f9a,1,79.28,0.0,0.0,79.28,Digital Wallet,payment_complete,2026-10-13 12:42:35
ord-a0ade59f3d7e,s-57c2c42b2faa,u-5845c3975c79,1,121.73,0.0,0.0,121.73,Digital Wallet,payment_complete,2026-10-13 14:15:01
ord-5b40b9b8c564,s-000e2c056238,u-8aa3e096bc41,2,111.99,11.2,0.0,100.79,Digital Wallet,payment_complete,2026-10-13 14:36:04
ord-783a8d286da1,s-0b204a260e05,u-2ed5610b697b,1,75.65,0.0,0.0,75.65,Digital Wallet,payment_complete,2026-10-13 15:49:13
ord-ae28ce987989,s-74b9905c5474,u-4033f2d3f8cd,2,226.2,22.62,0.0,203.58,Digital Wallet,payment_complete,2026-10-13 16:01:06
ord-87ca1031a284,s-08145de5a643,u-a76f2706817e,1,61.8,0.0,0.0,61.8,Credit Card,payment_complete,2026-10-13 17:26:24
ord-4747e06e172c,s-477f4d107449,u-f0889518ad98,1,62.17,5.0,0.0,57.17,Digital Wallet,payment_complete,2026-10-13 18:24:07
ord-6e56eff1057d,s-c54561d48a4e,u-1a9b6da580b9,1,50.86,0.0,0.0,50.86,Debit Card,payment_complete,2026-10-13 18:28:39
ord-a0afd733a723,s-300dddb2d683,u-5a9617b5ea39,1,91.47,0.0,0.0,91.47,Credit Card,payment_complete,2026-10-13 19:06:21
ord-2d1fb6b01874,s-80f0686756e1,u-6cac3999136c,1,42.09,0.0,5.99,48.08,Digital Wallet,payment_complete,2026-10-13 20:46:44
ord-ae63f3b22627,s-6766e176ef37,u-2480743cadc0,1,50.01,0.0,0.0,50.01,Digital Wallet,payment_complete,2026-10-13 20:58:09
ord-325918c16238,s-6d5bac6fc8fe,u-86f37254ba66,1,56.27,0.0,0.0,56.27,Digital Wallet,payment_complete,2026-10-13 21:42:12
ord-1a754deda586,s-2ae563a83f3e,u-97ef650ecbd3,1,42.24,0.0,5.99,48.23,Debit Card,payment_complete,2026-10-13 21:49:40
ord-04b2963e9495,s-b1df3b3ad53d,u-62e74a0472ae,1,52.11,0.0,0.0,52.11,Credit Card,payment_complete,2026-10-13 21:50:24
ord-ffcec8488643,s-7013027b3149,u-0ea0869013b2,1,60.31,0.0,0.0,60.31,Credit Card,payment_complete,2026-10-13 21:59:16
ord-1848ee5a962c,s-cf22c5536fda,u-dbb2abb1ba52,2,94.59,0.0,0.0,94.59,Digital Wallet,payment_complete,2026-10-13 23:13:53
ord-93e763c851b3,s-9402fd40a636,u-72f9963fe723,1,55.96,0.0,0.0,55.96,Credit Card,payment_complete,2026-10-13 23:35:45
ord-d828d86a3024,s-8eed04c38ec9,u-179243cf662c,2,125.82,0.0,0.0,125.82,Debit Card,payment_complete,2026-10-13 23:43:08
ord-aa7b2fc49050,s-77f8352d62a9,u-0178dc2bc048,1,33.24,0.0,5.99,39.23,Credit Card,payment_complete,2026-10-14 00:17:09
ord-bc78ca56f072,s-05a0356f4cbb,u-c63c1d28556a,1,80.21,0.0,0.0,80.21,Digital Wallet,payment_complete,2026-10-14 00:42:13
ord-fb906dd22ebf,s-f0bafc9105d8,u-69c1b2935a70,2,185.82,0.0,0.0,185.82,Digital Wallet,payment_complete,2026-10-14 01:02:16
ord-1de50b48c86e,s-1024d574f6ad,u-881d718a1d07,1,79.16,0.0,0.0,79.16,Buy Now Pay Later,payment_complete,2026-10-14 01:06:07
ord-dd69847e8e5d,s-860ba6358fff,u-4a5e8b802894,1,46.87,5.0,5.99,47.86,Credit Card,payment_complete,2026-10-14 01:07:39
ord-55bfdca8ce0e,s-96b807169d7a,u-9791f5e15c61,1,32.33,3.23,5.99,35.09,Credit Card,payment_complete,2026-10-14 01:59:51
ord-ccb4c2eb1cea,s-788456eedb32,u-326303e85a6e,1,65.0,0.0,0.0,65.0,Credit Card,payment_complete,2026-10-14 02:52:03
ord-af96ad055761,s-a0c9fd080eb1,u-11cf42269907,1,23.55,0.0,5.99,29.54,Digital Wallet,payment_complete,2026-10-14 03:11:15
ord-88247fc86aef,s-9187173b6a5d,u-bad9522ab9a8,1,77.65,0.0,0.0,77.65,Digital Wallet,payment_complete,2026-10-14 03:20:00
ord-7bdacca3032e,s-7b8c322cebad,u-4ff47b78d16c,1,66.89,0.0,0.0,66.89,Digital Wallet,payment_complete,2026-10-14 03:26:14
ord-52b1c7a134c3,s-01bd37903479,u-c4671ec9219d,2,229.4,22.94,0.0,206.46,Credit Card,payment_complete,2026-10-14 03:53:05
ord-0c55ade2eeb2,s-61e3d7384195,u-ab81af5693ed,1,34.52,0.0,5.99,40.51,Digital Wallet,payment_complete,2026-10-14 04:58:58
ord-e0f47b880127,s-2460306e6034,u-3aa60c2e5a27,3,217.28,0.0,0.0,217.28,Digital Wallet,payment_complete,2026-10-14 05:29:58
ord-dee0c5f0f74e,s-bb32a575b115,u-8ed8b944cca7,1,55.41,5.0,0.0,50.41,Credit Card,payment_complete,2026-10-14 05:39:48
ord-cf82882c297c,s-806c8382267c,u-b8786128e285,2,68.14,0.0,0.0,68.14,Digital Wallet,payment_complete,2026-10-14 05:57:06
ord-42c27818b716,s-319164b7d2d3,u-cbf3d67bb31d,1,92.22,0.0,0.0,92.22,Buy Now Pay Later,payment_complete,2026-10-14 06:02:56
ord-172721f8538f,s-72133f0ccdd2,u-7ac429f8f8df,1,84.42,0.0,0.0,84.42,Digital Wallet,payment_complete,2026-10-14 06:09:39
ord-2e11725e321b,s-645ee7b42556,u-54faf3b4fda7,1,20.24,5.0,5.99,21.23,Credit Card,payment_complete,2026-10-14 06:38:00
ord-f92c523092ac,s-c55ede43da77,u-85c217f70814,1,69.03,0.0,0.0,69.03,Digital Wallet,payment_complete,2026-10-14 06:51:48
ord-04274a0fedef,s-efbdb5e83143,u-f0d3a623d19e,1,47.15,0.0,5.99,53.14,Digital Wallet,payment_complete,2026-10-14 06:57:31
ord-8d30e20329b8,s-ef4cc8e75e19,u-ba58925cbf50,1,108.22,0.0,0.0,108.22,Credit Card,payment_complete,2026-10-14 07:25:02
ord-295b948ad274,s-0fdd7300b280,u-9c99c3314b47,1,116.51,0.0,0.0,116.51,Digital Wallet,payment_complete,2026-10-14 08:09:03
ord-d9e221f77ec5,s-a5a46032cf56,u-c025893ca559,2,120.66,0.0,0.0,120.66,Credit Card,payment_complete,2026-10-14 08:35:43
ord-3dd634c269df,s-c2b6e5931cbf,u-fdfcc776035b,2,77.62,0.0,0.0,77.62,Buy Now Pay Later,payment_complete,2026-10-14 08:48:27
ord-6255a2c9156c,s-2cac2c9b98ca,u-cba19d8defed,2,134.68,0.0,0.0,134.68,Debit Card,payment_complete,2026-10-14 09:19:21
ord-aa9f03bea813,s-ec45b31f2a3b,u-f0bd9d3b36af,1,55.47,0.0,0.0,55.47,Debit Card,payment_complete,2026-10-14 10:49:02
ord-7e3793612bf6,s-39259d0c81c9,u-358f16c628ff,1,68.58,6.86,0.0,61.72,Credit Card,payment_complete,2026-10-14 10:53:54
ord-807060f05f83,s-caaddb0def32,u-a39b07318e79,1,52.71,0.0,0.0,52.71,Credit Card,payment_complete,2026-10-14 11:32:48
ord-1c6b79f41fee,s-f9af8ed82d8e,u-d4827737b5fd,1,58.37,5.0,0.0,53.37,Digital Wallet,payment_complete,2026-10-14 12:30:21
ord-d974dd92b0fd,s-fcad357e39cc,u-4aad07c599f0,4,123.24,0.0,0.0,123.24,Digital Wallet,payment_complete,2026-10-14 12:57:56
ord-374e1ff61a09,s-607765c4798f,u-dcc399f5ab4f,1,61.42,0.0,0.0,61.42,Credit Card,payment_complete,2026-10-14 13:08:18
ord-48d0d2b5c55b,s-980455d18839,u-86dfb48db530,1,39.6,0.0,5.99,45.59,Digital Wallet,payment_complete,2026-10-14 13:22:01
ord-92fc9f51e1e0,s-db4986a3f665,u-1beab18b5013,1,58.83,0.0,0.0,58.83,Digital Wallet,payment_complete,2026-10-14 13:33:45
ord-8c07ec90a62a,s-f7ccb96d144a,u-719e39f347b5,2,158.56,0.0,0.0,158.56,Debit Card,payment_complete,2026-10-14 14:37:00
ord-3badd9386c15,s-dd65f9eed387,u-2d4a1cefec2a,1,32.25,0.0,5.99,38.24,Debit Card,payment_complete,2026-10-14 15:17:46
ord-73a8bdf02e39,s-a12dc0ddbb4f,u-182fe5a61740,2,185.18,0.0,0.0,185.18,Digital Wallet,payment_complete,2026-10-14 15:23:29
ord-2f69cae3f758,s-cb2b55369ae9,u-4e4a7ceccd9e,1,64.85,0.0,0.0,64.85,Digital Wallet,payment_complete,2026-10-14 15:25:14
ord-5f0639605601,s-3cfb54d0fec7,u-94963ce619e8,2,103.02,0.0,0.0,103.02,Digital Wallet,payment_complete,2026-10-14 15:26:01
ord-df9af501eecf,s-a7ac404a134e,u-ecbfbc7df025,1,68.31,0.0,0.0,68.31,Credit Card,payment_complete,2026-10-14 15:43:48
ord-f7cbd3d5c4bc,s-21b55f820d65,u-f7304499ac27,2,117.21,0.0,0.0,117.21,Digital Wallet,payment_complete,2026-10-14 15:46:55
ord-5694d4781e84,s-a10e2197da2f,u-eb805485c9b3,3,178.74,5.0,0.0,173.74,Buy Now Pay Later,payment_complete,2026-10-14 16:15:39
ord-81431ee0ad34,s-6baa0ff57f0b,u-bc1f2165d5ab,1,64.32,6.43,0.0,57.89,Digital Wallet,payment_complete,2026-10-14 16:46:33
ord-ef9e8cf9eb4c,s-8eb6f74ee05b,u-74cf22ae0b08,1,43.83,0.0,5.99,49.82,Credit Card,payment_complete,2026-10-14 16:57:29
ord-3c456177b4c6,s-413d8a5dbe59,u-78b9edaaf981,1,41.78,0.0,5.99,47.77,Credit Card,payment_complete,2026-10-14 17:11:37
ord-06d2f44acf95,s-d53414a26d0a,u-95c292aa4005,1,19.82,0.0,5.99,25.81,Digital Wallet,payment_complete,2026-10-14 17:22:53
ord-45aa392539ff,s-afc10e218242,u-dd367d3617d0,1,47.54,0.0,5.99,53.53,Buy Now Pay Later,payment_complete,2026-10-14 18:16:57
ord-14e56669d715,s-082f2cf27d9c,u-2610ccb1a980,1,106.53,0.0,0.0,106.53,Buy Now Pay Later,payment_complete,2026-10-14 18:40:36
ord-5c77c7e701d1,s-0859f1c64645,u-5deb776d0dd3,1,20.5,0.0,5.99,26.49,Digital Wallet,payment_complete,2026-10-14 18:58:26
ord-d38b8b6788e3,s-5e31529e76ef,u-c910d49cb84a,1,71.08,0.0,0.0,71.08,Debit Card,payment_complete,2026-10-14 19:12:13
ord-ee23bb45fbd2,s-39e96c5c511b,u-c4dc7fa0b14c,1,87.5,0.0,0.0,87.5,Credit Card,payment_complete,2026-10-14 19:43:38
ord-fa2ba1b757fb,s-867d26370ceb,u-aba725255814,2,177.18,0.0,0.0,177.18,Digital Wallet,payment_complete,2026-10-14 19:54:26
ord-430fa617623b,s-30d05326bc1d,u-3449aaf9ca2a,1,52.8,0.0,0.0,52.8,Debit Card,payment_complete,2026-10-14 20:21:54
ord-fcc3449324e4,s-f76b3358ca7b,u-20c9f72673de,1,53.49,0.0,0.0,53.49,Debit Card,payment_complete,2026-10-14 20:46:10
ord-a7245b1bcd51,s-b9857e32fea1,u-43109917dace,1,62.88,0.0,0.0,62.88,Credit Card,payment_complete,2026-10-14 22:58:19
ord-f73cb5f2d405,s-3cf82f01b377,u-44cb5eeb5f6c,2,172.26,0.0,0.0,172.26,Digital Wallet,payment_complete,2026-10-14 23:53:01
ord-3b1eebab20c2,s-3bf08143abbd,u-e94d2d971c7a,1,66.54,0.0,0.0,66.54,Credit Card,payment_complete,2026-10-15 01:01:49
ord-184ab6acf62a,s-c27d63e4a19e,u-276c007e7eca,1,28.14,0.0,5.99,34.13,Credit Card,payment_complete,2026-10-15 01:13:39
ord-65d38cf1dea0,s-42ce8f7b7c30,u-0105a2e4ea15,1,85.58,0.0,0.0,85.58,Credit Card,payment_complete,2026-10-15 01:27:56
ord-c0b3e929ea86,s-2a862e57a778,u-2105ea0eef58,1,40.24,0.0,5.99,46.23,Credit Card,payment_complete,2026-10-15 01:28:10
ord-70623d26b2ab,s-2d503e7f0a1c,u-3ca38d0796fc,2,53.98,0.0,0.0,53.98,Credit Card,payment_complete,2026-10-15 01:54:57
ord-f33524be6ce5,s-0845bf6409e9,u-47a7e77d1804,1,28.02,0.0,5.99,34.01,Credit Card,payment_complete,2026-10-15 02:12:27
ord-7a8d8fe2c4c8,s-27ba171f08db,u-8021c7bf8fe1,1,59.66,0.0,0.0,59.66,Buy Now Pay Later,payment_complete,2026-10-15 02:51:40
ord-48eeeb3c0e54,s-41d46da20317,u-9f08781de2dd,1,77.18,5.0,0.0,72.18,Debit Card,payment_complete,2026-10-15 03:07:02
ord-8cd55d72fcc3,s-6d1f256f0723,u-4f87093af297,1,76.53,0.0,0.0,76.53,Buy Now Pay Later,payment_complete,2026-10-15 03:36:43
ord-f458695a21a6,s-14b4740d8484,u-b2fdc927a24d,1,60.37,0.0,0.0,60.37,Digital Wallet,payment_complete,2026-10-15 04:19:33
ord-d1c454a99f7d,s-56f1bf1554ea,u-c59060e41720,2,99.1,0.0,0.0,99.1,Credit Card,payment_complete,2026-10-15 04:29:55
ord-f1c08e20d098,s-f4d2f2b204c3,u-dcabc02afb4d,1,84.12,0.0,0.0,84.12,Digital Wallet,payment_complete,2026-10-15 05:09:13
ord-ad073154519a,s-51d4b5edc9e6,u-7522008c4533,1,54.25,0.0,0.0,54.25,Buy Now Pay Later,payment_complete,2026-10-15 07:18:06
ord-4c4d12747f4f,s-ace6ea9f8e2b,u-e3c44213a2bd,2,109.2,0.0,0.0,109.2,Buy Now Pay Later,payment_complete,2026-10-15 07:31:52
ord-a7221f7547c7,s-3c95bc5c4728,u-fc50ea5ac0ce,1,51.39,0.0,0.0,51.39,Digital Wallet,payment_complete,2026-10-15 07:35:13
ord-c292c9a69884,s-f796c5630299,u-ec96cbbd1d5a,1,30.04,0.0,5.99,36.03,Digital Wallet,payment_complete,2026-10-15 09:22:24
ord-8d122f409ef5,s-1f8d6419bb8d,u-9598adf4a355,1,28.51,0.0,5.99,34.5,Digital Wallet,payment_complete,2026-10-15 09:38:46
ord-cfdbac556709,s-02f48a44d7da,u-2bc36935faf9,1,53.76,0.0,0.0,53.76,Digital Wallet,payment_complete,2026-10-15 09:39:24
ord-dba885dad180,s-037f2d1e220f,u-0df08ce6adaf,1,26.19,0.0,5.99,32.18,Digital Wallet,payment_complete,2026-10-15 10:19:21
ord-56aa8e704fe9,s-4f7cde2abc88,u-3258763279f7,1,44.42,0.0,5.99,50.41,Credit Card,payment_complete,2026-10-15 11:08:44
ord-d23728ee932d,s-a015a84cd2d5,u-4e3e7bba1651,2,103.93,0.0,0.0,103.93,Debit Card,payment_complete,2026-10-15 12:13:15
ord-651f190bcd7f,s-5809cdde98e5,u-57c756a4e723,2,110.1,0.0,0.0,110.1,Digital Wallet,payment_complete,2026-10-15 12:29:55
ord-2ff19a9b7984,s-fad56e81ab47,u-c1e1c111fb0f,1,56.29,0.0,0.0,56.29,Digital Wallet,payment_complete,2026-10-15 12:57:28
ord-5da727adfa23,s-1b8041f3cf9a,u-3e2ad9afadfd,3,219.87,0.0,0.0,219.87,Digital Wallet,payment_complete,2026-10-15 13:38:24
ord-230909012484,s-0e2fa074dd47,u-118128237978,1,59.54,0.0,0.0,59.54,Credit Card,payment_complete,2026-10-15 15:16:02
ord-04d8df7596a7,s-585fc3d97a6c,u-d047c56a2d90,2,98.87,5.0,0.0,93.87,Credit Card,payment_complete,2026-10-15 15:39:43
ord-49648d8e2e33,s-5d7805106d64,u-11150082caa7,1,91.74,9.17,0.0,82.57,Digital Wallet,payment_complete,2026-10-15 15:49:15
ord-d62ca68fc5d5,s-9dee3316ecdd,u-963f29c1e80a,1,79.77,0.0,0.0,79.77,Debit Card,payment_complete,2026-10-15 16:01:20
ord-763a8dc5decf,s-bc1a14d6e075,u-c34e772d136f,1,50.35,5.04,0.0,45.31,Credit Card,payment_complete,2026-10-15 16:09:52
ord-b03bfae493c2,s-b7d34030ae91,u-8eec8325fc99,1,85.34,0.0,0.0,85.34,Buy Now Pay Later,payment_complete,2026-10-15 16:55:03
ord-4bd75bcd4e05,s-75636ff7c33e,u-9a744d1a01dc,2,120.59,5.0,0.0,115.59,Digital Wallet,payment_complete,2026-10-15 17:18:04
ord-893cec690c3a,s-6c2304fd62ba,u-483201de5849,1,75.1,0.0,0.0,75.1,Debit Card,payment_complete,2026-10-15 17:18:25
ord-b2ec4c9d71c6,s-2af6c6f9314a,u-9dd78e2da0aa,2,107.5,10.75,0.0,96.75,Digital Wallet,payment_complete,2026-10-15 18:51:41
ord-464a3fed30fe,s-8c1ff0bcee5e,u-a7a89efcb49f,1,71.52,0.0,0.0,71.52,Digital Wallet,payment_complete,2026-10-15 19:12:09
ord-98fb8b2f4f46,s-2a3e4af84699,u-a10facb40d97,1,51.88,0.0,0.0,51.88,Digital Wallet,payment_complete,2026-10-15 19:47:56
ord-e2b5303e84c7,s-68b463274e36,u-fcda9ac63b28,1,59.63,0.0,0.0,59.63,Credit Card,payment_complete,2026-10-15 20:09:50
ord-c3dae6df706d,s-2f705c2e0c88,u-d2391b1b98de,1,85.58,0.0,0.0,85.58,Buy Now Pay Later,payment_complete,2026-10-15 21:02:05
ord-398010fb62db,s-d91c23561650,u-5e63ae263298,1,66.03,0.0,0.0,66.03,Debit Card,payment_complete,2026-10-15 21:12:31
ord-1de324938be8,s-a954584e37d3,u-355f7526938a,2,123.17,0.0,0.0,123.17,Digital Wallet,payment_complete,2026-10-15 21:22:00
ord-058627e38a4e,s-38ba55585675,u-2af51450f35d,3,151.24,0.0,0.0,151.24,Credit Card,payment_complete,2026-10-15 21:34:21
ord-671b03dac0e4,s-f4ca21df3751,u-5aa9ed1c2ad9,3,187.4,0.0,0.0,187.4,Digital Wallet,payment_complete,2026-10-15 22:15:58
ord-3521462ad013,s-50f0a6e0aacf,u-66cd64b92f32,1,45.66,5.0,5.99,46.65,Credit Card,payment_complete,2026-10-15 22:25:06
ord-2a36205a3978,s-54c9e854b3ff,u-60bb4a9eaf52,1,46.7,0.0,5.99,52.69,Digital Wallet,payment_complete,2026-10-15 23:13:47
ord-ef38c3d15d4b,s-1d09b8d0e891,u-1c1983a15232,1,67.51,0.0,0.0,67.51,Credit Card,payment_complete,2026-10-15 23:46:28
ord-6ca59eecfdab,s-c8a3275be9ab,u-c0cbe4e921dd,1,21.46,0.0,5.99,27.45,Credit Card,payment_complete,2026-10-15 23:52:57
ord-321dd69dfcee,s-0d511cbeda83,u-79a19bfb6555,1,37.43,3.74,5.99,39.68,Digital Wallet,payment_complete,2026-10-15 23:52:58
ord-b06f44cf16ae,s-2aefa5e95ae4,u-a7a89efcb49f,1,72.79,0.0,0.0,72.79,Debit Card,payment_complete,2026-10-15 23:55:33
ord-115c256c8bea,s-a32753a10928,u-ff8b2e5b5ab0,1,62.56,0.0,0.0,62.56,Credit Card,payment_complete,2026-10-16 00:33:31
ord-8daeeb3ebadb,s-41fa94e40ec1,u-cdfa95b8950a,1,62.67,0.0,0.0,62.67,Buy Now Pay Later,payment_complete,2026-10-16 00:46:31
ord-c50fb6676d46,s-b43f357d8d02,u-99e396529986,1,32.52,0.0,5.99,38.51,Digital Wallet,payment_complete,2026-10-16 01:01:05
ord-a23742f33696,s-a2cf3f8e92b5,u-4171158ffab1,1,72.72,0.0,0.0,72.72,Credit Card,payment_complete,2026-10-16 02:08:34
ord-f64711c06a24,s-e5c9ef4283b8,u-134e0cb26c54,1,75.01,0.0,0.0,75.01,Digital Wallet,payment_complete,2026-10-16 02:31:30
ord-b9ea5b66aa30,s-7735d9263d9a,u-1ed3b4fc9ce5,1,38.6,0.0,5.99,44.59,Digital Wallet,payment_complete,2026-10-16 03:30:45
ord-a495fe1d6e1d,s-b576ec5113dd,u-4cd281e08432,1,50.54,0.0,0.0,50.54,Digital Wallet,payment_complete,2026-10-16 04:41:06
ord-e382b0f8b4d5,s-231dd6c7355a,u-30772d66384d,1,54.53,0.0,0.0,54.53,Buy Now Pay Later,payment_complete,2026-10-16 04:53:45
ord-bb7ce29bf106,s-7078594a69cb,u-9dedb8f3a033,1,43.39,0.0,5.99,49.38,Debit Card,payment_complete,2026-10-16 05:49:17
ord-ea0b4696948c,s-450cd7711ec3,u-531822d0f052,1,71.4,0.0,0.0,71.4,Digital Wallet,payment_complete,2026-10-16 06:21:54
ord-dfe6a2f29eb3,s-9f58867bd014,u-0a16c0711995,1,56.35,5.0,0.0,51.35,Digital Wallet,payment_complete,2026-10-16 06:53:34
ord-b2b078a9f992,s-a39505f62c48,u-e1fbc978322d,1,70.75,0.0,0.0,70.75,Digital Wallet,payment_complete,2026-10-16 07:15:07
ord-89f20950daed,s-eef66966a919,u-a7a3ad095005,1,67.42,0.0,0.0,67.42,Digital Wallet,payment_complete,2026-10-16 07:21:22
ord-60341e284968,s-6f1e47df37d5,u-52950e232bd4,1,95.7,5.0,0.0,90.7,Digital Wallet,payment_complete,2026-10-16 08:48:14
ord-7abccd902fad,s-5aa9f587f724,u-eef1908a2c38,1,37.38,0.0,5.99,43.37,Debit Card,payment_complete,2026-10-16 09:08:02
ord-1f0721a4b8d2,s-8ec60a343f97,u-11650dfe3aac,1,59.31,0.0,0.0,59.31,Debit Card,payment_complete,2026-10-16 10:20:34
ord-088870e46031,s-8b7d1c8f8166,u-ef0cc75c8819,1,79.25,5.0,0.0,74.25,Debit Card,payment_complete,2026-10-16 11:21:06
ord-86460f88358b,s-1492116b97c8,u-95cbf0ce9cb7,1,40.86,5.0,5.99,41.85,Digital Wallet,payment_complete,2026-10-16 12:10:38
ord-9cbe7b7cbc73,s-d2f418e915e9,u-065b2939607e,1,43.55,0.0,5.99,49.54,Digital Wallet,payment_complete,2026-10-16 12:23:38
ord-481d1a1e2504,s-bea39f926ed0,u-b9f67897db67,1,52.97,0.0,0.0,52.97,Digital Wallet,payment_complete,2026-10-16 12:44:11
ord-3c6890c952cb,s-06f6f7f875de,u-95452f6a9eae,1,74.29,0.0,0.0,74.29,Digital Wallet,payment_complete,2026-10-16 13:19:49
ord-44f86ec09955,s-d2034e273fa0,u-d29a434665f2,1,119.0,5.0,0.0,114.0,Credit Card,payment_complete,2026-10-16 14:43:33
ord-9331c6b1eaf8,s-6fa6d24d9c44,u-19832a01c2f5,2,117.14,0.0,0.0,117.14,Debit Card,payment_complete,2026-10-16 17:01:23
ord-273e1c7648f2,s-d3e873a78f18,u-5f69dcf9c6fa,1,39.21,0.0,5.99,45.2,Buy Now Pay Later,payment_complete,2026-10-16 17:43:59
ord-062652419878,s-b1aae9170703,u-758c71ebfef7,1,73.65,0.0,0.0,73.65,Buy Now Pay Later,payment_complete,2026-10-16 18:00:51
ord-0fcde08f63b9,s-8d66d93d32d6,u-f4ab353e27b4,1,39.94,0.0,5.99,45.93,Digital Wallet,payment_complete,2026-10-16 18:36:58
ord-6fcd7f7bd23e,s-b4fab8cf08f4,u-c6167d0ddcdf,1,93.86,0.0,0.0,93.86,Credit Card,payment_complete,2026-10-16 19:14:57
ord-3317b705e36c,s-2c9f43aa4e48,u-21bac9326fdf,1,33.05,0.0,5.99,39.04,Buy Now Pay Later,payment_complete,2026-10-16 19:43:47
ord-d087c880de17,s-4ad5bb4f46d0,u-c124d0fa817c,1,62.08,0.0,0.0,62.08,Debit Card,payment_complete,2026-10-16 21:35:54
ord-0e2daca56658,s-2a3c2992b8f7,u-b81d003c3024,1,39.79,0.0,5.99,45.78,Digital Wallet,payment_complete,2026-10-16 22:31:27
ord-5786512cb3a8,s-84e9667775ac,u-91f13e6784d4,1,83.67,8.37,0.0,75.3,Digital Wallet,payment_complete,2026-10-16 23:01:52
ord-75206f203d14,s-4d0f543bca3b,u-e5e85fa1ebbb,1,78.84,0.0,0.0,78.84,Credit Card,payment_complete,2026-10-17 00:13:35
ord-e3175af4ac1b,s-6517c4981518,u-0b406b4a73b3,1,28.93,0.0,5.99,34.92,Debit Card,payment_complete,2026-10-17 00:23:45
ord-3dd74e61d0a4,s-f4a02b72df92,u-6710ffba65e2,2,121.41,0.0,0.0,121.41,Digital Wallet,payment_complete,2026-10-17 01:14:44
ord-8f7394b4e043,s-f346494567f8,u-cd7d84c59b4f,1,85.36,8.54,0.0,76.82,Digital Wallet,payment_complete,2026-10-17 01:28:08
ord-5f99705f85c2,s-039156aa0518,u-9bd6742efa9f,1,66.51,0.0,0.0,66.51,Credit Card,payment_complete,2026-10-17 02:14:08
ord-b298d8c98331,s-bbad77355c69,u-c13aab4d10c4,2,94.94,0.0,0.0,94.94,Buy Now Pay Later,payment_complete,2026-10-17 02:22:52
ord-64315cd8d60e,s-0549e29e3bce,u-7a487d091010,1,109.84,0.0,0.0,109.84,Buy Now Pay Later,payment_complete,2026-10-17 03:42:53
ord-99f8d73545ef,s-874112375ddb,u-9ac55eafc6f7,1,55.79,0.0,0.0,55.79,Buy Now Pay Later,payment_complete,2026-10-17 03:53:44
ord-ca0954714837,s-3f3e51a8a575,u-257aab7a57b1,1,72.79,0.0,0.0,72.79,Digital Wallet,payment_complete,2026-10-17 04:13:24
ord-23c61b4dd4a9,s-b6d52dc3f8ac,u-92e3ac94a657,2,145.07,0.0,0.0,145.07,Digital Wallet,payment_complete,2026-10-17 04:26:20
ord-a20527625d6f,s-b0038ffcce70,u-b3143c2f0620,2,133.74,0.0,0.0,133.74,Credit Card,payment_complete,2026-10-17 06:37:58
ord-2f6efcb95d2f,s-5d0da5fbc23d,u-10827186b14d,2,219.68,0.0,0.0,219.68,Digital Wallet,payment_complete,2026-10-17 06:43:01
ord-bc70cd3512f1,s-18dab50a1803,u-5bdc109227cb,1,45.08,0.0,5.99,51.07,Buy Now Pay Later,payment_complete,2026-10-17 06:47:41
ord-2b6ce0a170b8,s-e6985975a9f2,u-fef12583ffeb,1,81.73,5.0,0.0,76.73,Buy Now Pay Later,payment_complete,2026-10-17 07:01:41
ord-82d0aaa9d6e2,s-e39de55997a7,u-ddb3ef55d11a,1,48.5,0.0,5.99,54.49,Digital Wallet,payment_complete,2026-10-17 07:02:07
ord-bf789c91e321,s-38550351bc7f,u-de19a34f1279,1,53.49,0.0,0.0,53.49,Debit Card,payment_complete,2026-10-17 07:28:15
ord-962f78eba687,s-dcab1d28eb5b,u-2a56c47d393c,3,229.05,0.0,0.0,229.05,Digital Wallet,payment_complete,2026-10-17 07:39:11
ord-1f51538366b6,s-16d9b418a930,u-d7fc83db189f,2,65.92,0.0,0.0,65.92,Buy Now Pay Later,payment_complete,2026-10-17 07:39:33
ord-c6e74daabfe9,s-3d92dc32ac04,u-d5064ec24f23,1,53.51,0.0,0.0,53.51,Debit Card,payment_complete,2026-10-17 08:17:39
ord-e2c0ea0675e8,s-589d722a715f,u-28c2ef1a4046,1,73.25,5.0,0.0,68.25,Credit Card,payment_complete,2026-10-17 09:17:50
ord-cc0e7174c160,s-075fcc0e3bc9,u-defb524f72d9,1,23.52,0.0,5.99,29.51,Buy Now Pay Later,payment_complete,2026-10-17 09:33:05
ord-c47b7726a084,s-96dea436b67a,u-b497a61007ba,1,56.34,0.0,0.0,56.34,Digital Wallet,payment_complete,2026-10-17 10:04:58
ord-dbedb3114a73,s-50603e0a9b9d,u-7f6b2e6dbe41,1,53.7,0.0,0.0,53.7,Debit Card,payment_complete,2026-10-17 10:20:33
ord-d7551720f52a,s-0e1c7000b501,u-56486bae8a11,2,167.68,0.0,0.0,167.68,Debit Card,payment_complete,2026-10-17 10:26:24
ord-84bb7aead290,s-fee691d717e6,u-50b24a9474f9,1,45.77,0.0,5.99,51.76,Credit Card,payment_complete,2026-10-17 11:30:28
ord-2398e32639c2,s-9320d384c53c,u-9cd06e539613,1,58.83,5.0,0.0,53.83,Credit Card,payment_complete,2026-10-17 11:46:02
ord-f29c123bd4e8,s-023e90b08c73,u-a9e6ab1c9ef0,1,28.02,2.8,5.99,31.21,Debit Card,payment_complete,2026-10-17 11:54:41
ord-b19788d4a8ef,s-4dd7b76265b0,u-4b6c4e31aac3,1,51.37,0.0,0.0,51.37,Digital Wallet,payment_complete,2026-10-17 13:07:34
ord-40aff6bc8458,s-ac38ed134fd6,u-67c9b5d4e5a0,1,40.61,0.0,5.99,46.6,Digital Wallet,payment_complete,2026-10-17 13:51:54
ord-434bbed2f1df,s-953773b361f6,u-7cdb8dc9f6cf,1,70.25,0.0,0.0,70.25,Digital Wallet,payment_complete,2026-10-17 14:07:47
ord-c9794d17b8fc,s-8cdf2dd6bda1,u-a476c0562e67,1,60.48,0.0,0.0,60.48,Debit Card,payment_complete,2026-10-17 15:03:48
ord-4cd27a866c6f,s-ca34e6d45b29,u-5b45d979a056,1,144.3,0.0,0.0,144.3,Buy Now Pay Later,payment_complete,2026-10-17 15:17:19
ord-3d43c89c9f77,s-433d5916766a,u-1b04baf61e02,1,54.27,5.0,0.0,49.27,Buy Now Pay Later,payment_complete,2026-10-17 15:19:23
ord-46ae406a9ac0,s-b226f3c40c6c,u-6a853b84babd,1,74.29,0.0,0.0,74.29,Digital Wallet,payment_complete,2026-10-17 15:43:32
ord-a9243f752a84,s-328d1babf035,u-8709fa147985,1,71.25,5.0,0.0,66.25,Digital Wallet,payment_complete,2026-10-17 16:14:41
ord-2c743973af99,s-1d543f4f8c3b,u-e3d399df9dde,1,30.46,0.0,5.99,36.45,Credit Card,payment_complete,2026-10-17 16:46:10
ord-cef2ffb45df5,s-1a64fa9b45ac,u-bc8fd4f252a0,2,76.59,5.0,0.0,71.59,Credit Card,payment_complete,2026-10-17 17:46:11
ord-db41719103cd,s-b5590fd6cd63,u-dbcd0a0972be,1,54.91,0.0,0.0,54.91,Buy Now Pay Later,payment_complete,2026-10-17 18:39:05
ord-ad199a718f14,s-fcac06cfbfcc,u-7a98ad79b309,1,71.01,0.0,0.0,71.01,Digital Wallet,payment_complete,2026-10-17 19:23:02
ord-e4ef94a53138,s-f2156ad9f98e,u-5a231e88f34d,1,62.98,0.0,0.0,62.98,Credit Card,payment_complete,2026-10-17 20:03:56
ord-7c075b04ee0b,s-faf8237dd0bc,u-16545ff53a49,1,55.27,0.0,0.0,55.27,Digital Wallet,payment_complete,2026-10-17 20:46:18
ord-431587a71cdd,s-3ff107d23eb7,u-f1dc0c1e0e7d,1,77.65,0.0,0.0,77.65,Digital Wallet,payment_complete,2026-10-17 21:21:43
ord-f7eb04b0db26,s-6c2f4998c0ed,u-888df61b97b9,1,58.83,0.0,0.0,58.83,Digital Wallet,payment_complete,2026-10-17 21:25:23
ord-5c44434b4f56,s-2423fa522c38,u-5a1d311cbba4,1,47.03,5.0,5.99,48.02,Digital Wallet,payment_complete,2026-10-17 22:43:11
ord-892ca383173e,s-316010b91c51,u-28aa57f4834e,1,75.8,0.0,0.0,75.8,Buy Now Pay Later,payment_complete,2026-10-17 22:54:56
ord-dd63781c905f,s-fc1fab38e935,u-cec50b172242,1,37.26,0.0,5.99,43.25,Digital Wallet,payment_complete,2026-10-17 23:05:47
ord-576e5bc86d70,s-1629cb16fb22,u-1f2e042dd8a0,1,51.6,5.16,0.0,46.44,Credit Card,payment_complete,2026-10-17 23:48:45
ord-12e51718f5f1,s-221677603768,u-36388ac1910b,2,113.28,0.0,0.0,113.28,Credit Card,payment_complete,2026-10-18 00:20:41
ord-3f373b2623ca,s-d39385bf1959,u-45d5add03110,2,117.18,0.0,0.0,117.18,Digital Wallet,payment_complete,2026-10-18 02:05:13
ord-8bec2bbc978e,s-54d4efd39775,u-defb524f72d9,1,43.4,0.0,5.99,49.39,Digital Wallet,payment_complete,2026-10-18 02:41:53
ord-4aad6c0ddb43,s-319e5b72bd76,u-c581e09c76e9,1,61.7,0.0,0.0,61.7,Buy Now Pay Later,payment_complete,2026-10-18 03:25:21
ord-d28f6e562828,s-c07568bc86c4,u-84b91c18bbc9,1,53.49,0.0,0.0,53.49,Credit Card,payment_complete,2026-10-18 03:39:13
ord-172700797061,s-a47c530e9344,u-ed89463e4e98,1,28.82,5.0,5.99,29.81,Digital Wallet,payment_complete,2026-10-18 04:22:30
ord-8a89cd22ab3a,s-5269b3ed20cc,u-4f827a0c20dc,1,46.92,0.0,5.99,52.91,Buy Now Pay Later,payment_complete,2026-10-18 04:23:53
ord-35eb21d85db5,s-f51510545d3a,u-1719abf997f1,1,27.41,0.0,5.99,33.4,Debit Card,payment_complete,2026-10-18 05:19:33
ord-2df91da8b8bb,s-93017cf9e68f,u-0b5c85f94a99,1,18.98,5.0,5.99,19.97,Debit Card,payment_complete,2026-10-18 05:28:03
ord-86e5b1217f0d,s-0d910b42097f,u-0b3b6b2e854b,1,58.54,0.0,0.0,58.54,Buy Now Pay Later,payment_complete,2026-10-18 06:41:43
ord-9d8bc8489ed6,s-51cf91375d81,u-21ff75683144,1,75.38,0.0,0.0,75.38,Credit Card,payment_complete,2026-10-18 06:51:34
ord-b06626fc0e8b,s-e3adb4b5f156,u-46568f84f2b3,1,78.7,5.0,0.0,73.7,Digital Wallet,payment_complete,2026-10-18 06:56:33
ord-a59ee601216f,s-c219ed392648,u-ba51e395ad85,1,73.25,0.0,0.0,73.25,Credit Card,payment_complete,2026-10-18 07:18:37
ord-4a975981df48,s-085c3e019801,u-5ca20d675f22,1,129.69,0.0,0.0,129.69,Credit Card,payment_complete,2026-10-18 08:13:16
ord-04de65a5dc83,s-82c80756211b,u-7d48564d00af,1,29.85,0.0,5.99,35.84,Credit Card,payment_complete,2026-10-18 08:29:53
ord-1f5a79da983f,s-fafb8d47a9f2,u-b657d5efe9a0,1,41.68,5.0,5.99,42.67,Credit Card,payment_complete,2026-10-18 08:48:51
ord-689d36a7f179,s-49cb6b002b72,u-3120d2b9b524,1,75.65,5.0,0.0,70.65,Credit Card,payment_complete,2026-10-18 08:51:03
ord-5af0b853f97c,s-f2d0e2b7d711,u-d55f136352b5,1,26.19,0.0,5.99,32.18,Digital Wallet,payment_complete,2026-10-18 08:52:40
ord-1704e61fe350,s-993348bf2d6d,u-8174b3ec9ef0,1,46.31,0.0,5.99,52.3,Debit Card,payment_complete,2026-10-18 08:59:59
ord-e415cd62eb4e,s-4492784e3a6b,u-05737a5ffcfc,1,66.32,5.0,0.0,61.32,Digital Wallet,payment_complete,2026-10-18 09:56:58
ord-d57dae88dbb5,s-8862531e4006,u-ff7e5bfa7d74,1,27.41,0.0,5.99,33.4,Digital Wallet,payment_complete,2026-10-18 10:10:56
ord-a23a0360b543,s-f5dc7f4dc626,u-e16b2de4d9da,1,44.63,0.0,5.99,50.62,Credit Card,payment_complete,2026-10-18 10:36:12
ord-bed177d7a4b7,s-ef6dc87b5eb5,u-3ab960e4f303,1,105.91,5.0,0.0,100.91,Digital Wallet,payment_complete,2026-10-18 10:37:11
ord-36e33d21f55c,s-1fa1355d71b7,u-3feccf541ca0,2,80.34,0.0,0.0,80.34,Digital Wallet,payment_complete,2026-10-18 11:15:14
ord-447fcffe87ce,s-59d90cb887f4,u-140543b125c5,2,68.02,0.0,0.0,68.02,Buy Now Pay Later,payment_complete,2026-10-18 11:23:38
ord-44f86bce7897,s-617a5f9c3d7c,u-8c477c464233,2,95.74,9.57,0.0,86.17,Digital Wallet,payment_complete,2026-10-18 11:37:56
ord-ec06908a3bb5,s-9e11d3b85cc9,u-d8fa3f3e3e29,2,185.96,0.0,0.0,185.96,Buy Now Pay Later,payment_complete,2026-10-18 12:41:54
ord-109469e87e59,s-3211ae977f30,u-286ad8628ffc,2,48.76,0.0,5.99,54.75,Buy Now Pay Later,payment_complete,2026-10-18 13:32:00
ord-68cd9e4ff5e7,s-40e4e88e7ec1,u-33c5857c259d,1,33.57,3.36,5.99,36.2,Digital Wallet,payment_complete,2026-10-18 13:59:11
ord-c40886690a17,s-18a6145caef0,u-d650edec84c8,3,151.22,0.0,0.0,151.22,Digital Wallet,payment_complete,2026-10-18 16:43:27
ord-f161b3ce5765,s-b3682858aab5,u-dd76dd41a673,1,36.23,0.0,5.99,42.22,Debit Card,payment_complete,2026-10-18 17:01:51
ord-95de361ed687,s-80d1908a3894,u-dd765701719d,1,17.97,0.0,5.99,23.96,Credit Card,payment_complete,2026-10-18 18:05:18
ord-bef55bacdd6c,s-69c51b69c391,u-699f6073823a,2,112.14,0.0,0.0,112.14,Debit Card,payment_complete,2026-10-18 19:22:45
ord-15de18dfcf2a,s-24e35829bb3b,u-afbda63984d8,2,148.5,0.0,0.0,148.5,Digital Wallet,payment_complete,2026-10-18 19:30:55
ord-927d87ebb258,s-450386387032,u-1431bf2d13b9,1,61.72,0.0,0.0,61.72,Digital Wallet,payment_complete,2026-10-18 19:40:44
ord-638cd4bfd563,s-db906327ef23,u-bc500d9d8bad,1,41.99,0.0,5.99,47.98,Digital Wallet,payment_complete,2026-10-18 19:42:17
ord-79905101c013,s-34a931426826,u-051bc2bbae83,1,91.61,0.0,0.0,91.61,Buy Now Pay Later,payment_complete,2026-10-18 19:44:22
ord-ab3194197561,s-c6d2fb3a4bae,u-6111f86f10c6,1,29.52,0.0,5.99,35.51,Credit Card,payment_complete,2026-10-18 21:00:22
ord-41dcf8daa259,s-648d69f807e2,u-3cac243d3f86,2,99.11,5.0,0.0,94.11,Digital Wallet,payment_complete,2026-10-18 21:16:57
ord-e1205a67de38,s-9035ad3f1051,u-644566d12211,1,92.87,5.0,0.0,87.87,Debit Card,payment_complete,2026-10-18 21:27:10
ord-92cb63846576,s-f94dff2219d0,u-c8de04fc9d3c,1,38.16,0.0,5.99,44.15,Credit Card,payment_complete,2026-10-18 21:57:31
ord-5970a498e27a,s-0705b0d4eff7,u-fe27507e60ac,1,38.12,0.0,5.99,44.11,Debit Card,payment_complete,2026-10-18 22:24:10
ord-cfcd930fa4db,s-b3006af6d37d,u-e8316e3958d3,1,54.74,0.0,0.0,54.74,Digital Wallet,payment_complete,2026-10-18 22:28:08
ord-22688ef77b50,s-70a1d5ccacc4,u-fc7957ebb6f2,1,47.54,0.0,5.99,53.53,Credit Card,payment_complete,2026-10-18 23:32:30
ord-033464732b55,s-227b0adc6e16,u-c42bbabffa73,2,134.52,13.45,0.0,121.07,Credit Card,payment_complete,2026-10-18 23:35:29
ord-cd057978a00f,s-7c6fff36319c,u-aa7e74abfa79,2,108.58,0.0,0.0,108.58,Buy Now Pay Later,payment_complete,2026-10-19 00:06:29
ord-ae2c19d7705b,s-a6d6c4a5be3e,u-0568d75de75e,1,43.45,0.0,5.99,49.44,Buy Now Pay Later,payment_complete,2026-10-19 02:12:38
ord-d184247566cf,s-46392e90b01c,u-f3a432ea52e9,4,202.85,0.0,0.0,202.85,Buy Now Pay Later,payment_complete,2026-10-19 02:21:39
ord-198e8623d4f8,s-597afd426cd8,u-55e863f7bacf,1,44.51,0.0,5.99,50.5,Digital Wallet,payment_complete,2026-10-19 02:25:19
ord-200f53aa96a0,s-832f6d1add47,u-31cc9d3fa303,2,135.14,0.0,0.0,135.14,Credit Card,payment_complete,2026-10-19 02:42:12
ord-58d4ab884e07,s-b52c75f85e73,u-82459bd72d03,2,95.36,0.0,0.0,95.36,Credit Card,payment_complete,2026-10-19 03:04:30
ord-4082bbeb62b8,s-c7598a710aec,u-3c97df29b358,1,50.39,0.0,0.0,50.39,Credit Card,payment_complete,2026-10-19 03:43:11
ord-d16648194776,s-39f89083fa3a,u-f6a15667b08f,1,46.82,5.0,5.99,47.81,Digital Wallet,payment_complete,2026-10-19 03:51:17
ord-84177bf75c35,s-295c8a30d972,u-6ad428c30dd2,2,136.5,0.0,0.0,136.5,Digital Wallet,payment_complete,2026-10-19 04:35:02
ord-25dd66036d69,s-b5e847a4d8c2,u-c083e3b9233f,1,86.05,5.0,0.0,81.05,Debit Card,payment_complete,2026-10-19 04:50:19
ord-0cb3ee227596,s-2638c507c875,u-b5bb9179a86c,1,32.33,0.0,5.99,38.32,Credit Card,payment_complete,2026-10-19 05:36:56
ord-29ae5d9f10d9,s-14f3b985a991,u-46f902a97123,1,54.19,0.0,0.0,54.19,Buy Now Pay Later,payment_complete,2026-10-19 05:43:21
ord-1d2e868d0a26,s-d482ddf644da,u-57969e0722f7,1,76.99,0.0,0.0,76.99,Digital Wallet,payment_complete,2026-10-19 06:01:36
ord-e6a01456434e,s-c0965f3c4674,u-61971648d22b,1,24.83,0.0,5.99,30.82,Buy Now Pay Later,payment_complete,2026-10-19 06:02:17
ord-a92fb0c23cae,s-c3f247c60492,u-6d4dcc7e54c0,1,60.14,0.0,0.0,60.14,Digital Wallet,payment_complete,2026-10-19 06:09:11
ord-d1b402241b3d,s-1ccb9fa472a5,u-382d2bcb7dba,1,75.82,0.0,0.0,75.82,Debit Card,payment_complete,2026-10-19 08:32:00
ord-0a9cc376962a,s-6a8a6245787b,u-5c1d220a2415,1,76.57,0.0,0.0,76.57,Digital Wallet,payment_complete,2026-10-19 09:04:02
ord-887ca3f08e31,s-24a7d0c09c5c,u-dbed9b203535,1,57.19,0.0,0.0,57.19,Digital Wallet,payment_complete,2026-10-19 09:21:44
ord-2bb7bb474f1b,s-5795fe317dea,u-26b2365a71a3,1,41.99,0.0,5.99,47.98,Credit Card,payment_complete,2026-10-19 09:55:43
ord-55d0b80e866f,s-1c922cf271bb,u-c53de12cbab0,1,76.37,0.0,0.0,76.37,Digital Wallet,payment_complete,2026-10-19 10:21:02
ord-cfa64fce84b1,s-9730869eeb24,u-cc0c79b3dd0e,1,53.49,0.0,0.0,53.49,Digital Wallet,payment_complete,2026-10-19 10:23:26
ord-d550f6d8a2d7,s-f90d8e379d65,u-bb05f1d500bc,2,89.56,0.0,0.0,89.56,Digital Wallet,payment_complete,2026-10-19 10:49:08
ord-1885ba93a703,s-a79578ff2fc8,u-4b283b26d6fc,3,179.24,0.0,0.0,179.24,Digital Wallet,payment_complete,2026-10-19 11:18:11
ord-4fcc441af523,s-47acd695f709,u-e347b4b8552d,1,54.4,0.0,0.0,54.4,Digital Wallet,payment_complete,2026-10-19 11:24:24
ord-e4fb11898c56,s-87439cbcdb72,u-49791c306dd7,1,97.69,0.0,0.0,97.69,Debit Card,payment_complete,2026-10-19 12:18:04
ord-df70d6c2e4db,s-5d9717f6329a,u-0bcaa5552edc,1,22.61,0.0,5.99,28.6,Buy Now Pay Later,payment_complete,2026-10-19 13:37:06
ord-f6f9a3080c3f,s-51a6883590ec,u-63e0bee93da2,1,102.13,0.0,0.0,102.13,Credit Card,payment_complete,2026-10-19 14:16:31
ord-bb4a0c28b2ee,s-c8dac9d915ab,u-e6d64670af83,1,55.41,0.0,0.0,55.41,Buy Now Pay Later,payment_complete,2026-10-19 16:02:15
ord-b571f7024ad5,s-e0e062bd176d,u-1f7bc6e56188,2,60.92,0.0,0.0,60.92,Credit Card,payment_complete,2026-10-19 17:22:10
ord-8432c0095bc9,s-d3f3f350b1e3,u-81d32d4b6c92,1,62.67,0.0,0.0,62.67,Digital Wallet,payment_complete,2026-10-19 17:26:09
ord-4ce5a53e7de5,s-301cc29b8fe1,u-132f07a6a007,2,95.11,0.0,0.0,95.11,Digital Wallet,payment_complete,2026-10-19 17:39:06
ord-e10aa103d7c6,s-3a8b3cd9e0bb,u-9288d0bcc481,1,53.33,0.0,0.0,53.33,Digital Wallet,payment_complete,2026-10-19 17:48:49
ord-fbe0efcb3c04,s-81c56f829fea,u-8adfc1cf62f1,1,74.12,5.0,0.0,69.12,Debit Card,payment_complete,2026-10-19 18:02:40
ord-4ec0bde794d5,s-df42c08aa1c7,u-10aa58a141fb,2,49.66,0.0,5.99,55.65,Digital Wallet,payment_complete,2026-10-19 18:24:16
ord-ffd9cb28e082,s-2ac2f82a44de,u-9c3cc58d48c0,1,60.87,0.0,0.0,60.87,Debit Card,payment_complete,2026-10-19 18:56:22
ord-1ea5fec3a374,s-48ad85c693a3,u-515d3b6cd100,1,53.05,0.0,0.0,53.05,Credit Card,payment_complete,2026-10-19 19:20:13
ord-940ebadf7a87,s-4954d8a6804a,u-499f9390d5cd,1,23.93,0.0,5.99,29.92,Credit Card,payment_complete,2026-10-19 19:24:14
ord-2817463ba6db,s-058113229644,u-d636c5f2a27e,1,59.66,5.97,0.0,53.69,Credit Card,payment_complete,2026-10-19 19:31:44
ord-1a75faacfe22,s-6826158ad9de,u-6fc27942b944,1,88.95,0.0,0.0,88.95,Buy Now Pay Later,payment_complete,2026-10-19 19:46:13
ord-313b89171aac,s-482c027fb946,u-b633bae83a8b,1,54.55,5.0,0.0,49.55,Digital Wallet,payment_complete,2026-10-19 19:49:25
ord-ca11d221fb60,s-9d22517953b9,u-efc143417f9a,1,52.56,5.26,0.0,47.3,Credit Card,payment_complete,2026-10-19 20:04:39
ord-6b3f8d9eea14,s-2409a295e1d3,u-0f47718b3493,1,21.37,0.0,5.99,27.36,Digital Wallet,payment_complete,2026-10-19 20:46:49
ord-67d7d135d476,s-afec0d9264d8,u-56284f070137,1,54.53,5.0,0.0,49.53,Credit Card,payment_complete,2026-10-19 21:11:01
ord-bfd757aa5352,s-96dc53962b4e,u-81d8a4f9dba8,1,58.33,0.0,0.0,58.33,Digital Wallet,payment_complete,2026-10-19 21:53:41
ord-56c93706ffe1,s-6090a2ef005b,u-3bd29c2c7cf1,1,65.74,6.57,0.0,59.17,Digital Wallet,payment_complete,2026-10-19 23:00:52
ord-cc804633ed67,s-e36c9491c035,u-68d09a65dcbd,1,34.78,0.0,5.99,40.77,Debit Card,payment_complete,2026-10-20 00:28:35
ord-e65b90eaf05d,s-40f93e59bcf0,u-eb92cbdfe678,2,80.33,0.0,0.0,80.33,Buy Now Pay Later,payment_complete,2026-10-20 00:35:27
ord-009f26608384,s-82fb5238e02c,u-675eee50347a,1,85.81,0.0,0.0,85.81,Digital Wallet,payment_complete,2026-10-20 01:00:10
ord-348fb1a5a472,s-9530a1698b6c,u-51a2a60252c5,1,62.98,5.0,0.0,57.98,Digital Wallet,payment_complete,2026-10-20 01:22:22
ord-dc7e49f929c0,s-d9cb0d5a5cc9,u-ef8bbb97dd9e,1,68.02,0.0,0.0,68.02,Credit Card,payment_complete,2026-10-20 02:11:22
ord-73c3d8623dc3,s-aa07c8457b72,u-e3eb5ab3fbd1,1,77.1,0.0,0.0,77.1,Digital Wallet,payment_complete,2026-10-20 02:27:59
ord-97b7f9df7f2a,s-acd96c534c8f,u-909340c57e52,2,75.92,0.0,0.0,75.92,Digital Wallet,payment_complete,2026-10-20 02:54:25
ord-e47c04fffec1,s-048c22eb4d75,u-b899e8b405a8,1,36.58,0.0,5.99,42.57,Digital Wallet,payment_complete,2026-10-20 03:36:14
ord-8cc3c8ab5187,s-6cfba7b05f1f,u-87d0fccaa0b8,1,54.22,0.0,0.0,54.22,Credit Card,payment_complete,2026-10-20 04:21:55
ord-50801d94fb45,s-99ebdbef0c5e,u-3db1515d50ec,2,142.58,0.0,0.0,142.58,Digital Wallet,payment_complete,2026-10-20 04:34:36
ord-6ad305d999e0,s-157cb6073704,u-3010a60db14d,2,178.26,0.0,0.0,178.26,Digital Wallet,payment_complete,2026-10-20 06:17:29
ord-957fe2571831,s-5063b0cc8881,u-1d36bbb0238f,1,65.17,0.0,0.0,65.17,Credit Card,payment_complete,2026-10-20 06:59:05
ord-894d38776df6,s-431a752558b2,u-3f700b53a3b9,2,100.32,10.03,0.0,90.29,Credit Card,payment_complete,2026-10-20 07:49:41
ord-bad5f655b63d,s-0c1abae75a60,u-76c8c324dc30,1,58.54,0.0,0.0,58.54,Digital Wallet,payment_complete,2026-10-20 08:52:43
ord-78d1b2d9f618,s-246f2cd1e3ae,u-09ca04f6399f,1,48.74,0.0,5.99,54.73,Credit Card,payment_complete,2026-10-20 09:07:33
ord-77a38ac93195,s-944431b285aa,u-2222eee39282,1,107.62,0.0,0.0,107.62,Digital Wallet,payment_complete,2026-10-20 09:21:56
ord-05a66ebe7f15,s-d009ae691f6e,u-760a54767e59,1,61.72,0.0,0.0,61.72,Digital Wallet,payment_complete,2026-10-20 09:33:51
ord-f634819ade96,s-e951cdfcccd5,u-213dc8d7c4f5,1,57.91,0.0,0.0,57.91,Digital Wallet,payment_complete,2026-10-20 10:38:00
ord-fc4776a85b4b,s-176b3697ee38,u-abffe0e44558,1,43.7,0.0,5.99,49.69,Digital Wallet,payment_complete,2026-10-20 10:48:00
ord-ad0dacce41ec,s-bab23525b5b7,u-02192d8030d6,3,167.96,0.0,0.0,167.96,Digital Wallet,payment_complete,2026-10-20 10:53:19
ord-de0de5fbcbd7,s-61def53f1b59,u-d2188334a47c,2,101.08,0.0,0.0,101.08,Credit Card,payment_complete,2026-10-20 11:02:13
ord-6fa67d2bd76e,s-d2801607c122,u-8efebcb80864,1,85.98,0.0,0.0,85.98,Credit Card,payment_complete,2026-10-20 11:28:23
ord-e5ecf2a2a668,s-d8225cef460d,u-2a93bba1c364,1,48.62,0.0,5.99,54.61,Debit Card,payment_complete,2026-10-20 11:40:08
ord-90771e94e8f5,s-10ff30439a2f,u-efa3d854f26c,1,66.32,0.0,0.0,66.32,Digital Wallet,payment_complete,2026-10-20 12:07:15
ord-693793fcfb26,s-ec70bb339470,u-a247a55a0fa3,1,82.84,0.0,0.0,82.84,Buy Now Pay Later,payment_complete,2026-10-20 12:33:38
ord-3143eaa814eb,s-d1e3a2dd6a0e,u-d2572a899ac7,1,85.81,8.58,0.0,77.23,Digital Wallet,payment_complete,2026-10-20 12:46:28
ord-045f3af9ed9c,s-abd2bce2225f,u-a6d1b0580f2f,1,37.17,5.0,5.99,38.16,Credit Card,payment_complete,2026-10-20 13:10:52
ord-7f9428f36554,s-44ad42f35c92,u-b7be44d648fb,1,48.5,5.0,5.99,49.49,Credit Card,payment_complete,2026-10-20 14:10:59
ord-5cf14d497dae,s-3e6768985b0e,u-e23228fe77f4,1,61.69,0.0,0.0,61.69,Credit Card,payment_complete,2026-10-20 14:46:33
ord-9ff0f8651c9f,s-796eb5ce068a,u-1dc84346fc5e,3,193.3,0.0,0.0,193.3,Debit Card,payment_complete,2026-10-20 15:17:47
ord-90c5875c3a6b,s-f6a5a2d934b6,u-4cc150d8a1f1,1,34.05,0.0,5.99,40.04,Buy Now Pay Later,payment_complete,2026-10-20 15:31:34
ord-bf421a471224,s-cf8cf9d771b7,u-c1deba2ea05a,2,176.24,0.0,0.0,176.24,Digital Wallet,payment_complete,2026-10-20 15:40:52
ord-27473984124d,s-e8fa56be2b47,u-592bfec4a8a7,1,102.56,0.0,0.0,102.56,Buy Now Pay Later,payment_complete,2026-10-20 15:44:47
ord-c7fe2fbdb7d3,s-c89b3d8c58ef,u-de8d6b523b4a,1,15.09,0.0,5.99,21.08,Credit Card,payment_complete,2026-10-20 18:48:12
ord-7a16b5644ba1,s-733cc51cdc77,u-90d014d52fcb,1,56.32,0.0,0.0,56.32,Debit Card,payment_complete,2026-10-20 18:49:19
ord-2d4c17f58abb,s-e35634c90236,u-bccbc5b0dd36,2,163.66,0.0,0.0,163.66,Credit Card,payment_complete,2026-10-20 18:58:57
ord-bea8357c1c38,s-aa739a4b18d5,u-14e1bc955799,2,131.06,5.0,0.0,126.06,Buy Now Pay Later,payment_complete,2026-10-20 19:11:39
ord-7eac4d5d7fc3,s-cf84ac64f645,u-64d06e9c5cdc,1,56.34,0.0,0.0,56.34,Digital Wallet,payment_complete,2026-10-20 19:42:13
ord-c83d0a97f544,s-6f54077b0ed9,u-95a36d095faa,1,114.0,0.0,0.0,114.0,Credit Card,payment_complete,2026-10-20 20:07:43
ord-ed77d6175204,s-c3ab6c551b0a,u-01185aed4307,1,75.01,0.0,0.0,75.01,Credit Card,payment_complete,2026-10-20 20:13:01
ord-21f75fa5cec6,s-6e9692a2d484,u-3358e00afc8a,1,77.51,0.0,0.0,77.51,Digital Wallet,payment_complete,2026-10-20 20:56:09
ord-0239af142dbd,s-275a607c81bf,u-9ac09b447f08,1,28.82,5.0,5.99,29.81,Digital Wallet,payment_complete,2026-10-20 21:28:48
ord-808e22e8b969,s-b48d8f2c7fa2,u-9ccbb450db8d,1,27.33,0.0,5.99,33.32,Digital Wallet,payment_complete,2026-10-20 21:51:40
ord-9de3e0440346,s-5dbb2c32e2e2,u-f94b80497132,1,36.59,5.0,5.99,37.58,Digital Wallet,payment_complete,2026-10-20 22:30:35
ord-9d1a71701f47,s-88589c3be915,u-78a259287acd,1,50.01,0.0,0.0,50.01,Digital Wallet,payment_complete,2026-10-20 23:11:58
ord-ccb8a27cc788,s-82c35ad54824,u-48a3fc66b0fb,1,49.55,0.0,5.99,55.54,Digital Wallet,payment_complete,2026-10-21 01:05:58
ord-5d0537da244e,s-79ae70ea4d0d,u-ec75982161cf,1,48.33,5.0,5.99,49.32,Debit Card,payment_complete,2026-10-21 01:11:23
ord-11aef3618cc9,s-0395b928b5d0,u-0cecd31961bd,1,88.59,0.0,0.0,88.59,Credit Card,payment_complete,2026-10-21 01:33:36
ord-9e0cf1a49d93,s-91a0f37b5f68,u-ace031b620cf,1,34.49,5.0,5.99,35.48,Credit Card,payment_complete,2026-10-21 01:56:41
ord-488ac595834b,s-2754f27f63e8,u-3eed82f08d31,1,90.57,9.06,0.0,81.51,Credit Card,payment_complete,2026-10-21 02:03:58
ord-f86f74a4f1ab,s-83c15e103e97,u-3af048f7ff1c,1,31.62,0.0,5.99,37.61,Digital Wallet,payment_complete,2026-10-21 02:30:28
ord-14dd7399543e,s-5f82f5633f6c,u-62e80b7bc287,1,82.84,8.28,0.0,74.56,Debit Card,payment_complete,2026-10-21 02:43:57
ord-a24c252f4afa,s-e2b1a082b77f,u-37c9e74a4cd0,2,122.71,0.0,0.0,122.71,Digital Wallet,payment_complete,2026-10-21 03:16:48
ord-0b72fd8efd66,s-fa55e6cb475f,u-f305c16fddf9,1,82.35,0.0,0.0,82.35,Debit Card,payment_complete,2026-10-21 03:35:33
ord-ca90719e0439,s-ee9f360cab28,u-2f83c7b061f5,1,80.94,0.0,0.0,80.94,Digital Wallet,payment_complete,2026-10-21 03:50:46
ord-ef28f6cc6d51,s-97f0aeae9b90,u-a384bf0f8c28,1,73.31,0.0,0.0,73.31,Credit Card,payment_complete,2026-10-21 03:51:22
ord-130c38a58f33,s-dee9696cfdeb,u-01a96d6ea5f6,1,39.38,0.0,5.99,45.37,Buy Now Pay Later,payment_complete,2026-10-21 04:19:36
ord-c965934f30ef,s-8feb6863bc86,u-9ec24de2cd05,3,155.35,0.0,0.0,155.35,Digital Wallet,payment_complete,2026-10-21 04:28:32
ord-cbafbae4786a,s-24e0e8d457ee,u-228cab859657,1,29.1,0.0,5.99,35.09,Debit Card,payment_complete,2026-10-21 04:31:11
ord-579124f93e13,s-b331da9f580b,u-a06f4f5aa12e,1,78.25,0.0,0.0,78.25,Debit Card,payment_complete,2026-10-21 04:41:41
ord-28d2684ce688,s-06a05fb186c9,u-cc06f422823d,1,33.86,0.0,5.99,39.85,Digital Wallet,payment_complete,2026-10-21 04:59:56
ord-7bab8128e80d,s-ad6ad5cc5010,u-5753e61f7747,1,42.51,5.0,5.99,43.5,Digital Wallet,payment_complete,2026-10-21 06:44:00
ord-cbfde7381a2a,s-fbe21d4e13fc,u-42a3c90fb0eb,2,79.11,0.0,0.0,79.11,Credit Card,payment_complete,2026-10-21 07:37:03
ord-0ff082ef88db,s-1cc072ad72b2,u-913791a69459,2,171.65,5.0,0.0,166.65,Digital Wallet,payment_complete,2026-10-21 07:39:54
ord-aeffd5276a20,s-968a460212b9,u-f41637f32f7a,1,81.31,0.0,0.0,81.31,Buy Now Pay Later,payment_complete,2026-10-21 07:41:58
ord-ae309be6d561,s-78040f1cc701,u-75a4d16a39c3,1,41.37,0.0,5.99,47.36,Digital Wallet,payment_complete,2026-10-21 07:53:51
ord-935e9e3eab10,s-9aed84a810c2,u-b2a464fae335,1,148.8,0.0,0.0,148.8,Digital Wallet,payment_complete,2026-10-21 08:14:08
ord-bfef3b30b7ba,s-f7ff01051a23,u-6bc07ce147cd,1,61.59,0.0,0.0,61.59,Digital Wallet,payment_complete,2026-10-21 08:31:42
ord-bd9e0b09de8e,s-65e69fd736f7,u-1771f7239d2b,1,53.76,0.0,0.0,53.76,Debit Card,payment_complete,2026-10-21 08:50:26
ord-90bf04e6abd4,s-5ad68f1e2adb,u-3be9f326aecb,1,73.37,5.0,0.0,68.37,Digital Wallet,payment_complete,2026-10-21 08:53:50
ord-5429f860ef31,s-3967c7540bdc,u-65d9027b7ad2,1,40.33,0.0,5.99,46.32,Credit Card,payment_complete,2026-10-21 09:17:33
ord-dfceaada498b,s-03a6b621dcdb,u-99eb8d6ed991,1,60.33,0.0,0.0,60.33,Debit Card,payment_complete,2026-10-21 09:21:27
ord-b53e6ed782df,s-0c5ed6be6c3b,u-d6adfa4ae723,1,44.51,4.45,5.99,46.05,Credit Card,payment_complete,2026-10-21 09:21:51
ord-e26a204d364d,s-1a4b0fafb2e4,u-73896b197b3d,1,37.88,0.0,5.99,43.87,Digital Wallet,payment_complete,2026-10-21 09:26:00
ord-85f04ef9b769,s-75a207c13645,u-35edc8892b21,2,153.51,15.35,0.0,138.16,Digital Wallet,payment_complete,2026-10-21 09:44:49
ord-53a191cff030,s-ff2a12215a6b,u-97edb0460423,1,103.81,5.0,0.0,98.81,Digital Wallet,payment_complete,2026-10-21 11:08:11
ord-c11a3cdd3ae5,s-658af3447fdb,u-44c85a60f996,2,79.84,0.0,0.0,79.84,Digital Wallet,payment_complete,2026-10-21 11:12:32
ord-e613a7e7eb22,s-1e7138489347,u-5ab064172711,1,75.87,0.0,0.0,75.87,Credit Card,payment_complete,2026-10-21 12:06:12
ord-45656d5651d6,s-b215c674d629,u-36fadcba858c,2,95.8,0.0,0.0,95.8,Digital Wallet,payment_complete,2026-10-21 13:42:46
ord-2a8b67644f65,s-ff5c04e58503,u-d951fc9b8474,1,56.68,0.0,0.0,56.68,Digital Wallet,payment_complete,2026-10-21 14:40:41
ord-6b7b7e64972b,s-517ed13e23cd,u-064afba31a35,1,56.32,0.0,0.0,56.32,Debit Card,payment_complete,2026-10-21 14:41:43
ord-f3eed5994ae4,s-fa67936eee0b,u-2276c9263494,1,53.61,5.0,0.0,48.61,Digital Wallet,payment_complete,2026-10-21 16:21:57
ord-f94d53076416,s-dfadf2ca6fe0,u-b99ae7ade5c2,1,48.82,4.88,5.99,49.93,Credit Card,payment_complete,2026-10-21 16:32:09
ord-490bd5d196d9,s-176ee942d2cd,u-cbdf9554d582,1,77.1,0.0,0.0,77.1,Credit Card,payment_complete,2026-10-21 16:59:38
ord-f271c9dfe674,s-8a67ac93d965,u-228c5f1ae337,2,98.52,9.85,0.0,88.67,Debit Card,payment_complete,2026-10-21 18:18:08
ord-9dad3c6aceab,s-d30899668d5d,u-1039aff62616,1,90.62,5.0,0.0,85.62,Digital Wallet,payment_complete,2026-10-21 18:22:53
ord-bd1274baed5c,s-1e107594b2cf,u-c45f70d73b52,1,27.45,0.0,5.99,33.44,Credit Card,payment_complete,2026-10-21 18:46:46
ord-d39e9cdf129a,s-5bca404bf603,u-b7b68ce31109,1,28.83,0.0,5.99,34.82,Buy Now Pay Later,payment_complete,2026-10-21 19:12:07
ord-51e3f1935c20,s-ff8e1f98e9e3,u-44824e07a1a6,1,50.39,5.0,0.0,45.39,Credit Card,payment_complete,2026-10-21 19:35:27
ord-47422241bab8,s-485c33181166,u-a939bd8c193b,1,73.61,0.0,0.0,73.61,Debit Card,payment_complete,2026-10-21 19:57:15
ord-e87e18d60056,s-931e4e6dbb53,u-51ccadb18bfb,1,67.34,0.0,0.0,67.34,Credit Card,payment_complete,2026-10-21 21:37:26
ord-0909f9673b43,s-bb5733352b8f,u-f82f9dcba962,2,119.57,0.0,0.0,119.57,Debit Card,payment_complete,2026-10-21 21:46:05
ord-c73216c0606f,s-015708ad36a7,u-abeff14e36bb,1,109.84,5.0,0.0,104.84,Debit Card,payment_complete,2026-10-21 21:53:42
ord-fc13bb5439c8,s-951efb5e2bf6,u-5425d4b2a719,1,48.5,0.0,5.99,54.49,Debit Card,payment_complete,2026-10-21 22:07:50
ord-15b2ec769e0e,s-b7b2249af883,u-b7be64d4e59c,2,126.91,0.0,0.0,126.91,Digital Wallet,payment_complete,2026-10-21 22:20:25
ord-90bc6bc8bbd7,s-abfea75a05c7,u-5c1c14aad1d0,1,77.92,0.0,0.0,77.92,Debit Card,payment_complete,2026-10-21 22:51:11
ord-898c142a158b,s-3fa26c2dc10e,u-f6f40dc6c82c,1,73.46,0.0,0.0,73.46,Buy Now Pay Later,payment_complete,2026-10-21 23:27:55
ord-377a290a9b34,s-317c5307478c,u-9b46f4d52453,1,96.76,0.0,0.0,96.76,Credit Card,payment_complete,2026-10-22 00:10:53
ord-cf3b1a1ffa81,s-c01941370dd0,u-c9dc9ee51aa9,2,132.3,0.0,0.0,132.3,Credit Card,payment_complete,2026-10-22 00:13:27
ord-c7705e3e741e,s-f468f5f997f6,u-37369f341a70,1,56.23,0.0,0.0,56.23,Debit Card,payment_complete,2026-10-22 01:03:30
ord-ab150640471f,s-d67ca66a44fa,u-9044725cbb5c,1,49.51,5.0,5.99,50.5,Digital Wallet,payment_complete,2026-10-22 01:40:27
ord-f7bf79e2b36c,s-62c691caa324,u-f6301f4bf0af,1,45.93,4.59,5.99,47.33,Buy Now Pay Later,payment_complete,2026-10-22 01:44:29
ord-93a8d3347e56,s-7ea73be715ea,u-5a1d311cbba4,2,192.12,0.0,0.0,192.12,Credit Card,payment_complete,2026-10-22 01:51:41
ord-4093f7bb92d5,s-ad398e58b0c6,u-2a0a0e3128a8,1,33.55,0.0,5.99,39.54,Credit Card,payment_complete,2026-10-22 02:08:31
ord-88d78bcb952a,s-55c8bda2f713,u-badce0f4651e,1,43.92,0.0,5.99,49.91,Buy Now Pay Later,payment_complete,2026-10-22 02:59:31
ord-1495d85be257,s-9b07b8b888a7,u-43a83ab2483a,1,46.19,0.0,5.99,52.18,Debit Card,payment_complete,2026-10-22 03:06:25
ord-ec0127462b2d,s-b534d06a8044,u-cd8821da97e6,1,49.33,0.0,5.99,55.32,Digital Wallet,payment_complete,2026-10-22 03:50:47
ord-5631cc0b714c,s-ac275022c18b,u-b24600c7c5c2,1,88.13,8.81,0.0,79.32,Credit Card,payment_complete,2026-10-22 04:09:46
ord-926e917ce6fb,s-64547afa81d7,u-ba2d859c7fe6,1,85.7,0.0,0.0,85.7,Credit Card,payment_complete,2026-10-22 04:41:31
ord-21d381bf9826,s-71222d51e9fb,u-d7de24f3e4e7,2,146.48,14.65,0.0,131.83,Digital Wallet,payment_complete,2026-10-22 04:57:29
ord-1bf17315481d,s-79f9e7f16c86,u-c62c83d6297f,1,62.18,0.0,0.0,62.18,Debit Card,payment_complete,2026-10-22 06:45:26
ord-3e7e8d98cfe9,s-72c104d19691,u-cebb79269d14,1,46.0,0.0,5.99,51.99,Debit Card,payment_complete,2026-10-22 06:48:54
ord-5b23f23bf9c4,s-5f22e959d866,u-ee6fcdf17f5b,1,50.79,5.08,0.0,45.71,Credit Card,payment_complete,2026-10-22 06:54:01
ord-670431a2b7e9,s-d80d5d77245d,u-0dbf2993eef6,1,40.56,0.0,5.99,46.55,Credit Card,payment_complete,2026-10-22 06:54:48
ord-f351579d0877,s-9d060bab476c,u-0a5c2f15b4ab,1,86.75,0.0,0.0,86.75,Buy Now Pay Later,payment_complete,2026-10-22 07:13:09
ord-0384e3a07b59,s-5c4f5fa8c72c,u-c7699641aa02,2,108.44,0.0,0.0,108.44,Credit Card,payment_complete,2026-10-22 07:23:28
ord-fa497bac6dce,s-9b052d942f46,u-f354a09fc575,2,185.06,0.0,0.0,185.06,Digital Wallet,payment_complete,2026-10-22 08:01:09
ord-d1c56f296dc9,s-0336945bd2fc,u-72fa3563a57a,1,41.73,0.0,5.99,47.72,Debit Card,payment_complete,2026-10-22 08:02:56
ord-34f1ec41fc1d,s-5d097f0cc814,u-1b72d6847d4a,1,20.24,0.0,5.99,26.23,Debit Card,payment_complete,2026-10-22 09:40:32
ord-330723efa3da,s-6884275477a9,u-9c24e0f40be6,1,31.87,3.19,5.99,34.67,Digital Wallet,payment_complete,2026-10-22 09:45:41
ord-5fd4cd4994bc,s-0eb3ee4b4f3e,u-10e32f8d1a08,2,100.25,10.03,0.0,90.22,Debit Card,payment_complete,2026-10-22 11:08:01
ord-9f7014e482cf,s-99ac839feca8,u-6558b3bf0762,2,121.42,5.0,0.0,116.42,Credit Card,payment_complete,2026-10-22 13:24:40
ord-b7864ba64ab0,s-cd48df15b52b,u-6368d2dab1e2,1,84.18,8.42,0.0,75.76,Debit Card,payment_complete,2026-10-22 14:12:36
ord-4baf2bf032c9,s-d95e4853c1ba,u-b0957d157831,2,111.34,0.0,0.0,111.34,Digital Wallet,payment_complete,2026-10-22 14:33:40
ord-196695923ac2,s-27fad9766f28,u-b8c0b318603c,1,80.38,0.0,0.0,80.38,Credit Card,payment_complete,2026-10-22 14:48:49
ord-98451487aebf,s-8cea985dc48e,u-5581c57a4587,1,34.51,0.0,5.99,40.5,Digital Wallet,payment_complete,2026-10-22 15:26:58
ord-8f2fd18e28ab,s-5e06e37d626b,u-7536bf0b3c1b,1,61.06,5.0,0.0,56.06,Digital Wallet,payment_complete,2026-10-22 16:18:55
ord-c28943dc33bb,s-0a9e5f93a64c,u-d8f506b87a4f,2,119.72,0.0,0.0,119.72,Digital Wallet,payment_complete,2026-10-22 16:29:28
ord-471beccdd4c9,s-a07cb90c6907,u-c43bf53b6bbb,1,104.31,5.0,0.0,99.31,Debit Card,payment_complete,2026-10-22 17:01:28
ord-555c9066142a,s-2d8092373a74,u-61fc5d49b3f7,1,34.12,0.0,5.99,40.11,Debit Card,payment_complete,2026-10-22 17:52:19
ord-fdbc46a93190,s-078ad0a443c8,u-09cdb28d8192,1,37.37,5.0,5.99,38.36,Debit Card,payment_complete,2026-10-22 18:36:42
ord-ff8034fa3610,s-46e3a63d9ca6,u-061af415ab54,1,17.63,0.0,5.99,23.62,Digital Wallet,payment_complete,2026-10-22 18:36:49
ord-607314203469,s-2bc3edff63d1,u-7156ca49d6dc,1,63.85,0.0,0.0,63.85,Credit Card,payment_complete,2026-10-22 18:45:06
ord-2d463c4dadd4,s-fb2d369c8484,u-be7cfeb696a3,1,41.41,0.0,5.99,47.4,Credit Card,payment_complete,2026-10-22 18:51:53
ord-7040edb9a63a,s-c583a7f58a0f,u-1734e7dba9e7,1,59.12,0.0,0.0,59.12,Digital Wallet,payment_complete,2026-10-22 19:15:05
ord-25dacaf89452,s-5aa6ebeb9653,u-1e4b3e00d72b,2,128.87,0.0,0.0,128.87,Digital Wallet,payment_complete,2026-10-22 19:15:45
ord-ce692e1cb091,s-fdd5d92e7b69,u-4d0f5b099393,1,49.85,0.0,5.99,55.84,Digital Wallet,payment_complete,2026-10-22 19:38:02
ord-6043602892ad,s-8213da88aee9,u-0055d8dbd677,1,73.46,5.0,0.0,68.46,Buy Now Pay Later,payment_complete,2026-10-22 20:41:08
ord-0d6cb71f301b,s-e3d06167c986,u-8d17caae7180,1,36.5,0.0,5.99,42.49,Digital Wallet,payment_complete,2026-10-22 20:44:14
ord-66b2788044db,s-c1d7b944e4e5,u-95771fbdc1dd,1,61.79,5.0,0.0,56.79,Digital Wallet,payment_complete,2026-10-22 21:14:17
ord-54dd76e01d6e,s-a7d6b0c94fde,u-f791815b58f4,1,84.18,0.0,0.0,84.18,Digital Wallet,payment_complete,2026-10-22 22:54:49
ord-498ef965adac,s-00d723302f0d,u-6fb0de3a264b,1,64.35,5.0,0.0,59.35,Credit Card,payment_complete,2026-10-22 23:56:27
ord-27eb7fd71ff7,s-c6c809648f5d,u-c9cdbf70d080,1,49.97,0.0,5.99,55.96,Credit Card,payment_complete,2026-10-23 00:01:58
ord-c376d1fc536a,s-f417ff3feb08,u-7ad223da87e9,1,33.13,0.0,5.99,39.12,Credit Card,payment_complete,2026-10-23 00:02:03
ord-192cc29630da,s-469716276f28,u-86fea8510670,1,64.32,0.0,0.0,64.32,Credit Card,payment_complete,2026-10-23 00:16:23
ord-acc34407e2a0,s-ee22e94fe5c6,u-f5c0d30de48b,1,69.67,0.0,0.0,69.67,Digital Wallet,payment_complete,2026-10-23 01:07:23
ord-2ea11e915366,s-ee084abb0986,u-6f9ea0cd77f2,2,83.86,0.0,0.0,83.86,Credit Card,payment_complete,2026-10-23 02:04:29
ord-523b32a8fa13,s-4cc5b7dceca3,u-02e377a41baa,3,155.62,0.0,0.0,155.62,Debit Card,payment_complete,2026-10-23 02:44:15
ord-c47d3f23165b,s-ba2f4364ec7e,u-ea75b39fc5aa,1,33.64,0.0,5.99,39.63,Credit Card,payment_complete,2026-10-23 02:51:17
ord-4ef622a1dc90,s-0c9b5f18a38f,u-4f390d47a464,1,52.96,0.0,0.0,52.96,Buy Now Pay Later,payment_complete,2026-10-23 03:18:32
ord-df39ec85afc8,s-a127a1fe7081,u-4031348f89b8,1,115.12,0.0,0.0,115.12,Credit Card,payment_complete,2026-10-23 03:53:52
ord-7dc878c01f24,s-e9e379c0dc45,u-a790861efe86,1,59.11,0.0,0.0,59.11,Digital Wallet,payment_complete,2026-10-23 04:19:35
ord-d381f83215a8,s-c25cef86a0ef,u-9925be0ba19e,1,76.99,0.0,0.0,76.99,Debit Card,payment_complete,2026-10-23 05:16:06
ord-84ada1fca247,s-28977134c639,u-7067a7fca4c1,1,55.29,0.0,0.0,55.29,Buy Now Pay Later,payment_complete,2026-10-23 05:25:16
ord-429864d34fc0,s-8827314d5b7b,u-bad9522ab9a8,1,50.19,0.0,0.0,50.19,Digital Wallet,payment_complete,2026-10-23 06:15:12
ord-2284fe37cc54,s-b457908463a8,u-54ba9e94b7c2,1,58.37,0.0,0.0,58.37,Digital Wallet,payment_complete,2026-10-23 06:36:06
ord-25eab54340ac,s-50f70721a04d,u-c09db39e8b5e,1,103.61,0.0,0.0,103.61,Digital Wallet,payment_complete,2026-10-23 07:20:11
ord-73ff24bc915a,s-10c4de645d41,u-ce6fa8b7d6ba,2,89.48,0.0,0.0,89.48,Credit Card,payment_complete,2026-10-23 08:44:56
ord-9d3175d6ef5e,s-96fe9ddeeb9e,u-a927cf3a44ba,2,116.86,11.69,0.0,105.17,Digital Wallet,payment_complete,2026-10-23 08:45:42
ord-645d60a96154,s-6291f9c76d93,u-fc10b722ee31,2,72.1,0.0,0.0,72.1,Digital Wallet,payment_complete,2026-10-23 08:56:57
ord-5761ccd20126,s-301ddf7d1f0e,u-0d23538d90e5,1,71.97,0.0,0.0,71.97,Debit Card,payment_complete,2026-10-23 09:12:45
ord-4450a9abdea0,s-65091e7069a3,u-04452af0e2b4,1,79.26,0.0,0.0,79.26,Debit Card,payment_complete,2026-10-23 10:15:49
ord-3a4239a486f0,s-3275213dbaaa,u-b527daeac1d4,3,164.57,0.0,0.0,164.57,Debit Card,payment_complete,2026-10-23 10:26:44
ord-f4e01336ce99,s-a57f840e3992,u-b437d33b3d7d,1,59.63,5.96,0.0,53.67,Debit Card,payment_complete,2026-10-23 10:42:57
ord-9528a1118c2b,s-2b371bc3abb8,u-4cebd60f9e42,2,125.58,0.0,0.0,125.58,Debit Card,payment_complete,2026-10-23 10:44:42
ord-9407bbc59a24,s-8b0637a0cdd8,u-2813e0e3e26e,2,149.46,0.0,0.0,149.46,Digital Wallet,payment_complete,2026-10-23 12:06:05
ord-16144a3de411,s-b5866e0f7e6b,u-4f6f0ebe5cae,1,29.1,5.0,5.99,30.09,Digital Wallet,payment_complete,2026-10-23 12:10:34
ord-878b79572778,s-8f33d4cdeb2b,u-ec4b2cf0d63f,1,102.13,0.0,0.0,102.13,Digital Wallet,payment_complete,2026-10-23 12:36:14
ord-53d30a08d2cf,s-b0c3b2e91700,u-d0f3d9b4162a,1,64.14,0.0,0.0,64.14,Digital Wallet,payment_complete,2026-10-23 12:47:56
ord-ba0252ebf07e,s-91994f4afa0e,u-b0afc7c96dab,2,97.59,0.0,0.0,97.59,Credit Card,payment_complete,2026-10-23 12:48:07
ord-55400941473e,s-56a16c0ce5b8,u-25edcda26b62,1,76.99,0.0,0.0,76.99,Buy Now Pay Later,payment_complete,2026-10-23 13:28:52
ord-d3c661c7fe7a,s-a439d191ec19,u-a91d86819b36,2,71.32,0.0,0.0,71.32,Credit Card,payment_complete,2026-10-23 14:00:09
ord-5647aa708d02,s-a0340459677d,u-2d09512fb081,1,28.13,0.0,5.99,34.12,Buy Now Pay Later,payment_complete,2026-10-23 15:12:40
ord-b43c42b6d9df,s-d51d9b8f19fe,u-300a914a5c42,1,50.7,0.0,0.0,50.7,Debit Card,payment_complete,2026-10-23 15:29:14
ord-a9e6c56588ec,s-0fa875c7b504,u-b9ed0ed6a2c9,1,40.26,0.0,5.99,46.25,Digital Wallet,payment_complete,2026-10-23 15:57:54
ord-135fdd19da4d,s-74078925eb4c,u-34c6099fba0a,2,87.55,0.0,0.0,87.55,Digital Wallet,payment_complete,2026-10-23 16:29:59
ord-cecc13ad3983,s-19473ca2670a,u-b5131de3ef89,1,25.46,0.0,5.99,31.45,Debit Card,payment_complete,2026-10-23 16:32:56
ord-ecc42ce3973d,s-4087e3a98c03,u-99708094d2b8,1,63.17,0.0,0.0,63.17,Credit Card,payment_complete,2026-10-23 16:49:38
ord-cefe85c91c4f,s-8261e48e68cc,u-fb1a381b4574,1,69.95,0.0,0.0,69.95,Credit Card,payment_complete,2026-10-23 16:53:28
ord-5376b5f49dba,s-c70602e52795,u-820dec987626,2,113.44,0.0,0.0,113.44,Debit Card,payment_complete,2026-10-23 16:53:30
ord-98679968c503,s-2f01eb54b234,u-5a0834b9095a,1,50.83,0.0,0.0,50.83,Digital Wallet,payment_complete,2026-10-23 17:38:43
ord-f54a014049b1,s-2b8c1e1881b9,u-7b1633dcd95f,3,110.24,0.0,0.0,110.24,Digital Wallet,payment_complete,2026-10-23 17:53:09
ord-c51b61ac5502,s-5fff84514379,u-27dad3023110,1,64.56,0.0,0.0,64.56,Credit Card,payment_complete,2026-10-23 18:16:31
ord-23990d2ea7be,s-1960d9942a53,u-e99a3fb7b96b,1,103.62,0.0,0.0,103.62,Digital Wallet,payment_complete,2026-10-23 18:52:00
ord-0f422be4be01,s-346a62b3420f,u-8fd424ea7d7a,1,73.21,0.0,0.0,73.21,Digital Wallet,payment_complete,2026-10-23 19:01:27
ord-5c02fee02b4f,s-b2377b196be0,u-5ca0db851c7c,1,84.74,0.0,0.0,84.74,Credit Card,payment_complete,2026-10-23 19:17:22
ord-b969f091bf52,s-890301d47174,u-11408efb9e2d,1,90.74,0.0,0.0,90.74,Debit Card,payment_complete,2026-10-23 19:23:13
ord-b73de47d0c94,s-16547f7109fe,u-ddab9d24b7db,2,152.98,0.0,0.0,152.98,Digital Wallet,payment_complete,2026-10-23 19:57:02
ord-e15001bb5eea,s-9216ba479388,u-f75d14eaeefc,1,61.42,0.0,0.0,61.42,Credit Card,payment_complete,2026-10-23 20:14:00
ord-d9c4441026fc,s-ce6536f31981,u-3765243923ae,1,123.73,0.0,0.0,123.73,Debit Card,payment_complete,2026-10-23 20:35:19
ord-b998bf727fb1,s-d2d381c06c52,u-61a4ce229010,1,54.04,5.4,0.0,48.64,Debit Card,payment_complete,2026-10-23 21:53:10
ord-6f8d2a0b6d2c,s-6dfc85af4cf3,u-64c817043541,1,48.76,0.0,5.99,54.75,Digital Wallet,payment_complete,2026-10-23 22:09:01
ord-9e9e7680cc0e,s-665819adeb74,u-81e08b4ef7ef,1,77.92,0.0,0.0,77.92,Digital Wallet,payment_complete,2026-10-23 22:16:59
ord-e7dff8b1c9f3,s-9f94dd2ffb40,u-778f957a4c17,1,97.59,0.0,0.0,97.59,Credit Card,payment_complete,2026-10-23 22:31:19
ord-ed5cf987ea27,s-aa74987ad108,u-41307dae4818,1,38.24,3.82,5.99,40.41,Digital Wallet,payment_complete,2026-10-23 22:38:18
ord-bc9180e1bc7f,s-f4e60b35f49d,u-0dbd66351d83,1,42.64,0.0,5.99,48.63,Debit Card,payment_complete,2026-10-24 00:22:11
ord-d0278887bf98,s-79919eb0d0e7,u-b466e37031c5,2,115.62,0.0,0.0,115.62,Digital Wallet,payment_complete,2026-10-24 00:28:24
ord-974031da535a,s-f365a1ed9172,u-a4fbb49623b0,1,50.06,0.0,0.0,50.06,Digital Wallet,payment_complete,2026-10-24 00:48:44
ord-6469d2a09e61,s-fb464f7377f4,u-50de8feb667d,2,101.13,0.0,0.0,101.13,Buy Now Pay Later,payment_complete,2026-10-24 00:53:41
ord-9f8624fea93c,s-bdf69825579c,u-2a04f9e9a173,1,50.06,0.0,0.0,50.06,Digital Wallet,payment_complete,2026-10-24 01:37:03
ord-dd7786509d53,s-9eabb00c6fef,u-7b22b69b3e7c,1,91.84,0.0,0.0,91.84,Digital Wallet,payment_complete,2026-10-24 01:59:13
ord-87fb3659b998,s-2bd3128404e0,u-07c824a2d2f9,1,42.64,0.0,5.99,48.63,Buy Now Pay Later,payment_complete,2026-10-24 02:41:29
ord-14c5b76a4fec,s-1b456b2712d0,u-2d7a34e4b872,2,77.98,0.0,0.0,77.98,Digital Wallet,payment_complete,2026-10-24 02:54:25
ord-82ca8516388a,s-1debeeef0084,u-abed73d00810,1,34.57,0.0,5.99,40.56,Digital Wallet,payment_complete,2026-10-24 03:29:00
ord-c51f4603b608,s-b30560bbce8d,u-e9503f9b9609,1,122.85,12.29,0.0,110.56,Credit Card,payment_complete,2026-10-24 04:10:26
ord-ca76bde052ea,s-8ffa3eee480f,u-36398bee7493,1,74.76,0.0,0.0,74.76,Buy Now Pay Later,payment_complete,2026-10-24 04:14:06
ord-62d0680c482b,s-8e80d0adbabd,u-73bc0ceae2d2,1,66.32,0.0,0.0,66.32,Digital Wallet,payment_complete,2026-10-24 04:30:10
ord-2d56e459cced,s-fe2da97b6d30,u-29e7f32010dc,1,37.46,0.0,5.99,43.45,Credit Card,payment_complete,2026-10-24 05:17:28
ord-b0d46b766c0f,s-f2197a6e4d86,u-201f631ef5f2,2,119.89,0.0,0.0,119.89,Digital Wallet,payment_complete,2026-10-24 06:34:41
ord-114cffc2c022,s-4bf41348ba29,u-8cc917edb1ea,1,92.53,0.0,0.0,92.53,Digital Wallet,payment_complete,2026-10-24 06:39:29
ord-18105c20e75c,s-fb40d8d0850d,u-f20c2d39d117,1,72.83,7.28,0.0,65.55,Digital Wallet,payment_complete,2026-10-24 06:40:14
ord-e7c32f0e5360,s-8b5d37424669,u-88f982e19459,1,51.51,0.0,0.0,51.51,Digital Wallet,payment_complete,2026-10-24 07:32:36
ord-c82e9125026e,s-7fe23cad1399,u-89509027fce3,1,50.39,0.0,0.0,50.39,Debit Card,payment_complete,2026-10-24 07:55:28
ord-f300769b3178,s-04e8faaa700b,u-5d8f961bf353,2,65.7,0.0,0.0,65.7,Digital Wallet,payment_complete,2026-10-24 09:26:50
ord-8a611ce4dc74,s-e8a96569ad82,u-32bffd536172,1,31.81,0.0,5.99,37.8,Digital Wallet,payment_complete,2026-10-24 09:32:54
ord-8d174a1914cb,s-623aba197b14,u-383e2e77e540,1,68.46,0.0,0.0,68.46,Credit Card,payment_complete,2026-10-24 10:22:06
ord-83a940d7af8b,s-8662c8318836,u-04be1b0d66d8,1,126.84,0.0,0.0,126.84,Credit Card,payment_complete,2026-10-24 10:31:03
ord-272954041761,s-7b51d83d30fb,u-2de29f4ef938,2,206.46,0.0,0.0,206.46,Digital Wallet,payment_complete,2026-10-24 11:27:05
ord-381f8cab4428,s-3373849d80ed,u-c58eb61a7945,1,92.71,0.0,0.0,92.71,Credit Card,payment_complete,2026-10-24 11:32:42
ord-c660968c90b9,s-bc4b2ed26ac8,u-2d2090422ec7,1,50.27,0.0,0.0,50.27,Digital Wallet,payment_complete,2026-10-24 11:50:19
ord-fb9c1b810655,s-8a60626ed716,u-ff7e5bfa7d74,1,79.26,0.0,0.0,79.26,Debit Card,payment_complete,2026-10-24 11:55:23
ord-f8fdde02e35e,s-746902c6e5b7,u-589854eebf67,2,132.22,0.0,0.0,132.22,Debit Card,payment_complete,2026-10-24 11:55:27
ord-9b8e393ac3e7,s-e7ace96dc0ff,u-87b258756ddc,1,71.52,5.0,0.0,66.52,Credit Card,payment_complete,2026-10-24 11:59:46
ord-68c665da1e39,s-0ebc5f48c0e8,u-d07a8e9d0311,1,36.83,5.0,5.99,37.82,Digital Wallet,payment_complete,2026-10-24 12:31:31
ord-ff27c6d4ab15,s-e3ea9cef2106,u-f3c4c60c225b,1,53.61,5.0,0.0,48.61,Buy Now Pay Later,payment_complete,2026-10-24 12:55:52
ord-283e4b2c0392,s-a0e26ca43059,u-0f8dfcb11074,2,137.0,0.0,0.0,137.0,Credit Card,payment_complete,2026-10-24 12:56:15
ord-3650e4e3a29f,s-5bf306a92d87,u-de9901f2b135,1,46.95,5.0,5.99,47.94,Credit Card,payment_complete,2026-10-24 13:50:42
ord-77cade8e80fd,s-e81d056b3ffe,u-130554e99de2,1,65.29,6.53,0.0,58.76,Buy Now Pay Later,payment_complete,2026-10-24 14:24:32
ord-64270b133655,s-36576a560fd6,u-44858c71f155,1,64.56,0.0,0.0,64.56,Digital Wallet,payment_complete,2026-10-24 14:37:53
ord-30a0cf588c77,s-dca8636b059b,u-cb0fbf4136f9,2,193.95,0.0,0.0,193.95,Debit Card,payment_complete,2026-10-24 15:02:23
ord-26db6f64d538,s-840ef4551a1a,u-ba8da52c4946,1,60.51,0.0,0.0,60.51,Digital Wallet,payment_complete,2026-10-24 16:21:02
ord-12251f2f951f,s-2f4403d84ddd,u-719c33ae0f58,1,60.34,6.03,0.0,54.31,Digital Wallet,payment_complete,2026-10-24 17:03:27
ord-724b0621604e,s-cd3177bb7814,u-5d69a14e0c13,1,61.27,0.0,0.0,61.27,Buy Now Pay Later,payment_complete,2026-10-24 17:34:09
ord-4df600198269,s-6579c9ca87ee,u-50aa85a67076,3,175.97,0.0,0.0,175.97,Buy Now Pay Later,payment_complete,2026-10-24 17:52:57
ord-ebc177cb237b,s-dfe8b07f61bd,u-7d29e85227ce,2,181.04,0.0,0.0,181.04,Buy Now Pay Later,payment_complete,2026-10-24 19:03:41
ord-9570674027e2,s-4a1d609567d1,u-0e249e98bfff,1,83.92,8.39,0.0,75.53,Digital Wallet,payment_complete,2026-10-24 19:28:43
ord-c6b865e1ea88,s-f9708673807c,u-134995d42d46,1,67.46,5.0,0.0,62.46,Digital Wallet,payment_complete,2026-10-24 20:35:39
ord-9b222c5bc862,s-9ea6f1ec293b,u-2b7d545c6b69,1,54.69,0.0,0.0,54.69,Credit Card,payment_complete,2026-10-24 20:44:40
ord-cf996015a4b8,s-efeead169a4a,u-b27566897acc,1,65.6,0.0,0.0,65.6,Credit Card,payment_complete,2026-10-24 21:00:06
ord-eaf1bcb89533,s-2b294d60e938,u-504b2e056cf9,1,28.34,0.0,5.99,34.33,Debit Card,payment_complete,2026-10-24 21:06:48
ord-b30137e0f31e,s-add2bfaa0b11,u-4412db5455b8,2,123.45,0.0,0.0,123.45,Debit Card,payment_complete,2026-10-24 21:36:38
ord-af0a67680503,s-42f8034a6c70,u-9dd3dbc06e2a,1,54.38,0.0,0.0,54.38,Debit Card,payment_complete,2026-10-24 21:44:48
ord-ba1252d6c8cd,s-8f607364c6ed,u-837b64d43f2f,1,47.18,4.72,5.99,48.45,Buy Now Pay Later,payment_complete,2026-10-24 21:51:49
ord-e25218e71598,s-16b662b41fed,u-9d311983ee78,1,66.51,0.0,0.0,66.51,Credit Card,payment_complete,2026-10-24 22:22:27
ord-5a957e104d3d,s-0ba74720cc59,u-297ec1f2f9df,1,57.86,5.0,0.0,52.86,Buy Now Pay Later,payment_complete,2026-10-24 22:23:07
ord-102f3387ade2,s-2f565ef4c43e,u-43b5bebe465b,2,138.09,0.0,0.0,138.09,Digital Wallet,payment_complete,2026-10-24 22:25:19
ord-510b5b61d92b,s-82f109611b95,u-a79c48c7c653,1,74.45,0.0,0.0,74.45,Credit Card,payment_complete,2026-10-24 23:14:44
ord-35b41abc3239,s-85cde91fd27d,u-837975dbb22b,1,49.55,0.0,5.99,55.54,Buy Now Pay Later,payment_complete,2026-10-24 23:41:15
ord-570587d90019,s-752aa61dc381,u-c27f1c0c70f6,2,150.04,0.0,0.0,150.04,Buy Now Pay Later,payment_complete,2026-10-24 23:52:39
ord-4b82bc9b2e3a,s-946d422823cc,u-e0ddfb27b761,1,64.69,0.0,0.0,64.69,Digital Wallet,payment_complete,2026-10-25 00:19:04
ord-7c252a12587a,s-5ac5f7582b80,u-9843c7a52f33,1,59.4,0.0,0.0,59.4,Digital Wallet,payment_complete,2026-10-25 00:46:12
ord-6f863d9e295b,s-eade4e75eb55,u-80d59b01e7df,1,55.1,0.0,0.0,55.1,Credit Card,payment_complete,2026-10-25 01:06:30
ord-3330ff65a776,s-cba35c1c0198,u-56542ccb36df,2,127.23,0.0,0.0,127.23,Debit Card,payment_complete,2026-10-25 01:43:08
ord-752a6d83fa45,s-83e081f28a95,u-c89a46c7549a,1,82.26,0.0,0.0,82.26,Digital Wallet,payment_complete,2026-10-25 02:10:55
ord-ba7244aababb,s-efed4bf9267c,u-2d2b3f0850f7,4,228.31,0.0,0.0,228.31,Credit Card,payment_complete,2026-10-25 02:15:55
ord-9ae72d2df639,s-76ce7331a855,u-9f6bcf786d33,1,34.56,0.0,5.99,40.55,Credit Card,payment_complete,2026-10-25 02:19:47
ord-83c8645f4865,s-d0783a93e078,u-284700fe7623,2,99.16,0.0,0.0,99.16,Credit Card,payment_complete,2026-10-25 02:31:17
ord-3c8afcc83f52,s-1346597056be,u-b002db3f60dd,1,29.29,0.0,5.99,35.28,Debit Card,payment_complete,2026-10-25 02:57:40
ord-06a83bc9c55f,s-1da852ee5156,u-a2c84cf15e1e,1,50.7,0.0,0.0,50.7,Debit Card,payment_complete,2026-10-25 02:58:30
ord-f79f2bc11595,s-2ccbf256c799,u-238402552d55,1,85.64,0.0,0.0,85.64,Debit Card,payment_complete,2026-10-25 03:06:17
ord-e2f6a83ec6cf,s-c0d3f2a48252,u-c02e41959ce9,1,57.22,0.0,0.0,57.22,Digital Wallet,payment_complete,2026-10-25 03:12:38
ord-620de9fc7b60,s-c9a21ce2bdba,u-5e15cddd7810,1,52.18,0.0,0.0,52.18,Debit Card,payment_complete,2026-10-25 03:27:36
ord-bee7b454c6b3,s-ae78edf75e6d,u-0a11a00b9376,1,51.53,0.0,0.0,51.53,Credit Card,payment_complete,2026-10-25 04:46:14
ord-208bc5e61e86,s-445c6f60a663,u-81e08b4ef7ef,1,76.43,0.0,0.0,76.43,Credit Card,payment_complete,2026-10-25 05:16:10
ord-d8ac229ffb12,s-f6edfbfe7e6e,u-5b45d979a056,1,61.62,0.0,0.0,61.62,Digital Wallet,payment_complete,2026-10-25 05:34:18
ord-458e58ff6171,s-65dd7e1215f6,u-3010a60db14d,1,49.91,0.0,5.99,55.9,Credit Card,payment_complete,2026-10-25 05:37:58
ord-a54cc5f2944f,s-89dc246bdbec,u-e58e539bd3a7,1,66.77,0.0,0.0,66.77,Debit Card,payment_complete,2026-10-25 06:15:05
ord-0646fbcee7e2,s-29607ddb995b,u-ceec0b4d0c5a,1,59.76,0.0,0.0,59.76,Credit Card,payment_complete,2026-10-25 06:36:53
ord-a935fc126443,s-eccc2b12696a,u-6a24eb6a3898,1,46.92,0.0,5.99,52.91,Digital Wallet,payment_complete,2026-10-25 07:08:23
ord-4d0f6ba4bd58,s-03b09dfb6a44,u-b74bf6d8ef2c,2,173.16,0.0,0.0,173.16,Digital Wallet,payment_complete,2026-10-25 07:13:31
ord-e5dcc8ed48f3,s-0b4bbcf8c31f,u-ed4bfc5502c0,3,236.87,0.0,0.0,236.87,Buy Now Pay Later,payment_complete,2026-10-25 07:20:13
ord-85d5d2e1fe26,s-4ff6d7678597,u-5961862721b8,1,69.4,0.0,0.0,69.4,Credit Card,payment_complete,2026-10-25 07:22:40
ord-6638866cc517,s-e94b66de27bf,u-621949b29248,1,47.54,0.0,5.99,53.53,Credit Card,payment_complete,2026-10-25 07:46:16
ord-a4f82a0700e1,s-6198bd476a11,u-06a99f724bf5,1,65.09,0.0,0.0,65.09,Debit Card,payment_complete,2026-10-25 08:33:09
ord-1c452c9a918f,s-aa4ec70e313b,u-20d7dfe35700,1,86.47,5.0,0.0,81.47,Credit Card,payment_complete,2026-10-25 08:43:15
ord-ab0565bb6d22,s-2bfad70507ea,u-ec38ab5c71f1,1,72.49,0.0,0.0,72.49,Credit Card,payment_complete,2026-10-25 08:45:09
ord-1be459946d44,s-5ddc1184b2e3,u-2d1d09aeb33e,3,155.81,0.0,0.0,155.81,Debit Card,payment_complete,2026-10-25 09:18:06
ord-90068ac487d1,s-a4c423af110e,u-ed5e2e323c10,1,104.62,10.46,0.0,94.16,Buy Now Pay Later,payment_complete,2026-10-25 09:34:29
ord-e7fa77d8e6b8,s-cfd142297e00,u-e4c12b984dad,3,181.68,0.0,0.0,181.68,Credit Card,payment_complete,2026-10-25 10:10:20
ord-adc4cde966ce,s-9236b4e6e020,u-50fb66b1440a,1,55.1,5.51,0.0,49.59,Buy Now Pay Later,payment_complete,2026-10-25 10:45:42
ord-47c58dc89d13,s-4e96ef0eb3c0,u-d0d81fe8b3f9,1,54.3,0.0,0.0,54.3,Digital Wallet,payment_complete,2026-10-25 10:51:39
ord-f0a9499c3523,s-403560bdce01,u-7c80bbd139bc,1,40.39,0.0,5.99,46.38,Digital Wallet,payment_complete,2026-10-25 10:57:26
ord-95991de1e488,s-734ca3219eab,u-44199f6e7016,1,85.52,8.55,0.0,76.97,Digital Wallet,payment_complete,2026-10-25 11:57:36
ord-06374416fc3b,s-82ffae1845fe,u-c5ad7e8fc674,1,66.55,0.0,0.0,66.55,Digital Wallet,payment_complete,2026-10-25 12:15:57
ord-3a285923988a,s-b64171d862f7,u-0c786ad421a0,3,198.17,0.0,0.0,198.17,Credit Card,payment_complete,2026-10-25 12:26:33
ord-d7abb7cf3da7,s-47e78cbbc2c1,u-f00cc8714c8e,2,127.6,5.0,0.0,122.6,Debit Card,payment_complete,2026-10-25 12:36:38
ord-05a7ec8e92ac,s-8f666d2bdba3,u-5b52102d7f86,1,91.92,9.19,0.0,82.73,Debit Card,payment_complete,2026-10-25 12:44:14
ord-9e7b7802926e,s-bfc12d1071f8,u-cb3592eb0cf2,1,59.04,0.0,0.0,59.04,Credit Card,payment_complete,2026-10-25 13:02:58
ord-0f64a625e92d,s-4093bb3d222c,u-0d1d4aa355db,1,30.46,0.0,5.99,36.45,Credit Card,payment_complete,2026-10-25 13:10:13
ord-d380ec7280d0,s-c12e84634a02,u-7495194802bf,1,73.58,5.0,0.0,68.58,Digital Wallet,payment_complete,2026-10-25 13:32:57
ord-06630d5f8dae,s-3e9cef727f6b,u-1fdbd3aa5229,1,47.26,0.0,5.99,53.25,Credit Card,payment_complete,2026-10-25 14:12:03
ord-28d4f4f7c491,s-d383509b5d6b,u-c999c2e60fb4,2,111.62,0.0,0.0,111.62,Debit Card,payment_complete,2026-10-25 14:55:36
ord-b15cabb8db43,s-de6f11c8623e,u-cf4e83f4235c,4,309.16,0.0,0.0,309.16,Credit Card,payment_complete,2026-10-25 15:52:08
ord-58070566a9bb,s-342027858c82,u-792f3e54714b,1,40.84,5.0,5.99,41.83,Credit Card,payment_complete,2026-10-25 16:16:23
ord-a521d6896f93,s-12cca7ffccb2,u-9564cec84f65,1,58.86,0.0,0.0,58.86,Digital Wallet,payment_complete,2026-10-25 16:17:45
ord-0189411e79b0,s-f534f32f25cf,u-9cf2f67c34cb,5,294.51,5.0,0.0,289.51,Credit Card,payment_complete,2026-10-25 19:54:31
ord-ccbe14a6a882,s-6236b552ef3d,u-b73526cedf79,2,41.0,5.0,5.99,41.99,Credit Card,payment_complete,2026-10-25 20:19:44
ord-f277f916d588,s-09b67f6578d5,u-aa492fd0170a,1,37.96,5.0,5.99,38.95,Digital Wallet,payment_complete,2026-10-25 20:23:32
ord-31ad73d9c45b,s-f4ebafd0ff6a,u-4bd8be4f29c3,1,74.04,0.0,0.0,74.04,Buy Now Pay Later,payment_complete,2026-10-25 20:37:48
ord-3d429ed5de47,s-ea14947459c8,u-78eeee8d2ee8,2,113.6,0.0,0.0,113.6,Credit Card,payment_complete,2026-10-25 20:46:55
ord-d36e5401374c,s-72ac5f75b67e,u-99eb8d6ed991,1,60.89,0.0,0.0,60.89,Digital Wallet,payment_complete,2026-10-25 21:11:55
ord-936122b391bd,s-39acf9dc067e,u-7d33280dec24,1,54.39,5.0,0.0,49.39,Credit Card,payment_complete,2026-10-25 21:18:28
ord-e6cfd6236d86,s-5e9d8bf164c4,u-3bd2bfc4820a,1,96.4,0.0,0.0,96.4,Debit Card,payment_complete,2026-10-25 21:24:01
ord-f4d72f43afd0,s-c28444b4c500,u-41fa91b67618,1,34.7,0.0,5.99,40.69,Digital Wallet,payment_complete,2026-10-25 22:07:58
ord-0f988f29abc9,s-f098580ef9b4,u-06521c34b8b8,2,112.36,0.0,0.0,112.36,Credit Card,payment_complete,2026-10-25 22:18:01
ord-7c6aebe68329,s-dc9d08f9dbf2,u-ba484596f672,1,74.89,0.0,0.0,74.89,Credit Card,payment_complete,2026-10-25 22:33:50
ord-7dde7c847f79,s-c6e383a688d6,u-1968eab7585d,1,41.99,0.0,5.99,47.98,Digital Wallet,payment_complete,2026-10-25 22:39:17
ord-c0452f4b3fe8,s-f3f55f9fd52a,u-613d5113bc25,1,30.68,0.0,5.99,36.67,Credit Card,payment_complete,2026-10-25 22:41:21
ord-d2381379175f,s-5f96c953a5c3,u-6e108cdb9b85,1,57.56,0.0,0.0,57.56,Digital Wallet,payment_complete,2026-10-25 23:46:46
ord-0a0b89a1dc89,s-26b4834f4233,u-ddc367adc3fc,1,27.12,5.0,5.99,28.11,Credit Card,payment_complete,2026-10-26 00:07:13
ord-28de0a907cd5,s-dcc23ba8ecc9,u-bc08e1bdfe42,2,58.14,0.0,0.0,58.14,Digital Wallet,payment_complete,2026-10-26 00:08:17
ord-8ce28e83057b,s-c592ac954fd1,u-8efbbbd85b99,1,40.84,0.0,5.99,46.83,Debit Card,payment_complete,2026-10-26 00:11:21
ord-5759e53f80da,s-de1e310b1a4d,u-771c53d81445,1,29.96,3.0,5.99,32.95,Credit Card,payment_complete,2026-10-26 00:36:35
ord-ec6f6f22d77b,s-f69011073bae,u-7503ec4647ca,1,41.78,0.0,5.99,47.77,Credit Card,payment_complete,2026-10-26 00:51:28
ord-4dbf0cf19484,s-07642ac71e9e,u-80c8420a6e49,1,67.64,6.76,0.0,60.88,Credit Card,payment_complete,2026-10-26 02:07:32
ord-2f6042d886de,s-07d55e0f3b59,u-dd64efafafe2,1,71.97,0.0,0.0,71.97,Digital Wallet,payment_complete,2026-10-26 02:36:35
ord-38ef2324a557,s-6f35a7adece9,u-5c078c71ebd2,2,73.24,5.0,0.0,68.24,Digital Wallet,payment_complete,2026-10-26 03:44:27
ord-9c66f3455b13,s-7e8d5478fecb,u-ae19ea87d9b0,1,60.71,0.0,0.0,60.71,Debit Card,payment_complete,2026-10-26 05:16:39
ord-c7c50863a4be,s-10f0c9251c92,u-45f9c7324141,1,38.95,0.0,5.99,44.94,Buy Now Pay Later,payment_complete,2026-10-26 05:32:55
ord-02d635918119,s-3f25470be960,u-88bca72bc5ec,1,31.71,0.0,5.99,37.7,Debit Card,payment_complete,2026-10-26 05:34:49
ord-3498fe2e3f51,s-a9a0e8d1dbe5,u-e396ee6f85b1,2,149.02,5.0,0.0,144.02,Digital Wallet,payment_complete,2026-10-26 05:37:00
ord-1b4ea19ce2aa,s-03c3c6bda6f7,u-f940462c2321,1,46.29,0.0,5.99,52.28,Digital Wallet,payment_complete,2026-10-26 06:00:07
ord-d67f507b3558,s-3f66fa48917b,u-04452af0e2b4,1,67.65,0.0,0.0,67.65,Digital Wallet,payment_complete,2026-10-26 06:12:16
ord-1cc92919ce04,s-7ad480c5ee84,u-d5db79de712c,1,47.54,0.0,5.99,53.53,Digital Wallet,payment_complete,2026-10-26 07:56:50
ord-c11459040f0c,s-84ada5b8a95d,u-c677ac15398c,1,37.15,0.0,5.99,43.14,Digital Wallet,payment_complete,2026-10-26 08:09:31
ord-6d7610f4dc68,s-1787fb526ba2,u-d86f3539fc01,3,180.85,0.0,0.0,180.85,Digital Wallet,payment_complete,2026-10-26 09:33:39
ord-49fcab9d2d47,s-92afc3ec685a,u-b4562821476b,1,55.29,0.0,0.0,55.29,Digital Wallet,payment_complete,2026-10-26 09:46:48
ord-9ff970f788cc,s-141ab4f82b90,u-cd07d8fdc30a,1,62.67,0.0,0.0,62.67,Credit Card,payment_complete,2026-10-26 10:01:04
ord-b7a527a55c8d,s-13762e70b016,u-f22d93d5698f,3,161.43,16.14,0.0,145.29,Digital Wallet,payment_complete,2026-10-26 10:06:57
ord-d5ebd5143eb2,s-f98e2e93e0bc,u-0297b0fb86d4,2,58.32,5.0,0.0,53.32,Digital Wallet,payment_complete,2026-10-26 10:53:25
ord-26759c372955,s-43b408ed0a3c,u-8cd389fc9e27,1,53.98,5.0,0.0,48.98,Digital Wallet,payment_complete,2026-10-26 10:59:02
ord-972f83b14d0c,s-d941c277f835,u-14619fc4dbd6,1,38.21,5.0,5.99,39.2,Debit Card,payment_complete,2026-10-26 11:01:27
ord-c7cd5ad1e910,s-d8f7d854f828,u-e706cee24a68,2,113.72,0.0,0.0,113.72,Digital Wallet,payment_complete,2026-10-26 11:02:16
ord-41a53cd5030e,s-9250ef5bf91c,u-d998c112ceda,1,66.67,0.0,0.0,66.67,Credit Card,payment_complete,2026-10-26 11:14:08
ord-51ebefbed6a3,s-188c4b3b41da,u-18a6c332bb27,2,147.58,0.0,0.0,147.58,Debit Card,payment_complete,2026-10-26 11:18:32
ord-3170d552e9df,s-a957c1003ae2,u-e4308bee6a9e,2,115.6,0.0,0.0,115.6,Buy Now Pay Later,payment_complete,2026-10-26 11:37:36
ord-a2852e13d5ba,s-1130c28f2576,u-3bb8f51047c0,1,30.74,0.0,5.99,36.73,Digital Wallet,payment_complete,2026-10-26 11:54:03
ord-c9afa3b52126,s-e9eab413d2ac,u-569fbec7ae86,2,88.05,0.0,0.0,88.05,Digital Wallet,payment_complete,2026-10-26 11:54:19
ord-27f26f2e30bc,s-5703e7e51cbe,u-aed49680a06b,1,56.84,5.0,0.0,51.84,Digital Wallet,payment_complete,2026-10-26 12:01:45
ord-1ff9e560caff,s-2e328a886795,u-2f1d1ab3e91b,1,73.93,0.0,0.0,73.93,Debit Card,payment_complete,2026-10-26 12:02:33
ord-3001e7409544,s-93800f72e2d8,u-32eaf9cc866b,1,63.88,0.0,0.0,63.88,Digital Wallet,payment_complete,2026-10-26 12:11:01
ord-899f4b501b2c,s-e0c9e056e2f1,u-fd253d0794b7,1,42.56,0.0,5.99,48.55,Credit Card,payment_complete,2026-10-26 12:21:13
ord-7a20abd2ed04,s-6aee1fb7e4ae,u-8a08f834934a,1,101.01,0.0,0.0,101.01,Buy Now Pay Later,payment_complete,2026-10-26 12:32:33
ord-17f62cc4f662,s-9fd23a84789e,u-6876532af330,1,87.4,0.0,0.0,87.4,Debit Card,payment_complete,2026-10-26 12:37:54
ord-c99be08604b0,s-acd64008a9dc,u-6e87cab4138d,1,39.38,0.0,5.99,45.37,Debit Card,payment_complete,2026-10-26 13:35:30
ord-faeec3d74f21,s-2d7d106ae3f1,u-84475f0af475,1,60.45,5.0,0.0,55.45,Debit Card,payment_complete,2026-10-26 13:57:08
ord-04e1ede1910e,s-61915b6efa81,u-33e1624890f6,1,31.71,0.0,5.99,37.7,Credit Card,payment_complete,2026-10-26 14:34:45
ord-33c6162cdab3,s-813feae44cff,u-dd3a146e7b56,1,63.8,0.0,0.0,63.8,Digital Wallet,payment_complete,2026-10-26 14:48:54
ord-63f3d2889cd5,s-3fb5e6aad788,u-d80a03355bbe,1,119.8,0.0,0.0,119.8,Digital Wallet,payment_complete,2026-10-26 15:07:05
ord-27064528e0bb,s-f9c4974f1d42,u-930c68e3a3b1,1,37.04,0.0,5.99,43.03,Credit Card,payment_complete,2026-10-26 15:20:22
ord-a2239a61f859,s-46a8360c6332,u-569c11f0184a,3,200.29,0.0,0.0,200.29,Credit Card,payment_complete,2026-10-26 15:26:28
ord-c2534f0d95b1,s-8372a863c63c,u-6e9967dcd225,1,71.29,0.0,0.0,71.29,Digital Wallet,payment_complete,2026-10-26 15:31:00
ord-4eb87c141592,s-6fc95d569ae6,u-4026bbb1aa88,1,41.93,0.0,5.99,47.92,Credit Card,payment_complete,2026-10-26 15:41:56
ord-b72c8f8ca7c9,s-9440756c01c0,u-07b7c26e775f,1,59.12,0.0,0.0,59.12,Credit Card,payment_complete,2026-10-26 16:05:57
ord-6d19e990f15e,s-0ad4060d7163,u-24ce00d5661f,1,106.91,10.69,0.0,96.22,Credit Card,payment_complete,2026-10-26 16:18:39
ord-6eb69b605b6f,s-cd8264ed1504,u-2ac8b882005c,2,207.22,5.0,0.0,202.22,Digital Wallet,payment_complete,2026-10-26 16:23:01
ord-a3183f76b678,s-0f9995a68065,u-8da5f8661b29,1,102.56,0.0,0.0,102.56,Debit Card,payment_complete,2026-10-26 17:10:56
ord-e49c057363d7,s-2af873750dc7,u-287422f30a0b,1,61.46,0.0,0.0,61.46,Digital Wallet,payment_complete,2026-10-26 17:54:39
ord-70ba212b0763,s-fed1c1f10955,u-3570a6d22600,1,51.86,0.0,0.0,51.86,Digital Wallet,payment_complete,2026-10-26 19:50:04
ord-d486058ab8ba,s-7c248ca6c473,u-291dfa191e01,1,50.51,5.05,0.0,45.46,Digital Wallet,payment_complete,2026-10-26 19:57:19
ord-870eaa51944d,s-ed5a1d08dd36,u-f3de4538247d,1,58.83,0.0,0.0,58.83,Credit Card,payment_complete,2026-10-26 20:40:53
ord-f57bed689763,s-2041f1a6d5a0,u-1f3f7f6c25b1,1,26.45,0.0,5.99,32.44,Buy Now Pay Later,payment_complete,2026-10-26 20:54:36
ord-9a1ceb084e44,s-de62fc5e7aba,u-fd31c5c2a873,1,53.05,0.0,0.0,53.05,Credit Card,payment_complete,2026-10-26 21:00:10
ord-b40d84b4741d,s-827403ff561c,u-54704ab07310,2,172.24,0.0,0.0,172.24,Buy Now Pay Later,payment_complete,2026-10-26 21:57:57
ord-9594914e8772,s-20bc85a5a1d6,u-10d48d66280a,1,91.74,5.0,0.0,86.74,Digital Wallet,payment_complete,2026-10-26 22:59:31
ord-eded01128a67,s-f01e6b5f16e8,u-f79d71e9545a,1,107.9,0.0,0.0,107.9,Debit Card,payment_complete,2026-10-26 23:17:04
ord-95736bc92581,s-3a334ecf6e48,u-96837588aa41,1,112.46,0.0,0.0,112.46,Buy Now Pay Later,payment_complete,2026-10-26 23:44:30
ord-fd8b53ea8732,s-006973239558,u-a728e653e389,1,36.54,0.0,5.99,42.53,Digital Wallet,payment_complete,2026-10-26 23:46:55
ord-cd24b543e302,s-c17ed23ab4a0,u-588006129dbf,1,104.75,0.0,0.0,104.75,Debit Card,payment_complete,2026-10-27 00:00:09
ord-a20e106b85ed,s-cb2a2338385b,u-ddacebea961f,1,47.54,0.0,5.99,53.53,Credit Card,payment_complete,2026-10-27 00:27:20
ord-f8f8b84cbdf5,s-91e0173bb930,u-3e2ad9afadfd,1,54.27,0.0,0.0,54.27,Buy Now Pay Later,payment_complete,2026-10-27 00:31:11
ord-791eb20ee4df,s-92cf5546f574,u-92012cc8f37f,2,208.06,0.0,0.0,208.06,Digital Wallet,payment_complete,2026-10-27 00:41:20
ord-00e870866279,s-daa84319e3c6,u-3b058826347f,2,106.58,5.0,0.0,101.58,Credit Card,payment_complete,2026-10-27 01:38:21
ord-fa5fc493d5a0,s-be0f7220f2e5,u-64acca4fe96e,1,73.61,5.0,0.0,68.61,Credit Card,payment_complete,2026-10-27 01:45:07
ord-0370ff28ea8d,s-5a87abda3511,u-961d00f575e8,1,85.28,8.53,0.0,76.75,Digital Wallet,payment_complete,2026-10-27 02:24:49
ord-ec34af9d4a6c,s-e68c2f6791e6,u-66b94547b309,1,39.54,0.0,5.99,45.53,Credit Card,payment_complete,2026-10-27 02:42:28
ord-cc172965bb15,s-8b57264138ea,u-d9f4f8359da9,1,62.01,0.0,0.0,62.01,Digital Wallet,payment_complete,2026-10-27 03:22:28
ord-9010b5ed4cc7,s-9b032475f4fd,u-1a37e3538fc0,1,44.94,0.0,5.99,50.93,Debit Card,payment_complete,2026-10-27 03:41:58
ord-8b887aaa4c42,s-63908a847d49,u-833a45ea154e,1,59.4,5.0,0.0,54.4,Digital Wallet,payment_complete,2026-10-27 04:00:30
ord-38f95948d1df,s-12794275a097,u-ddb96a814b7e,1,56.87,5.69,0.0,51.18,Debit Card,payment_complete,2026-10-27 04:11:02
ord-78a9fe896931,s-021c26283125,u-7a9e858a188f,1,29.29,0.0,5.99,35.28,Buy Now Pay Later,payment_complete,2026-10-27 04:14:45
ord-066a4bde250d,s-5f79aa0900c2,u-2772a83e6736,1,55.25,5.0,0.0,50.25,Buy Now Pay Later,payment_complete,2026-10-27 04:34:15
ord-2aab59a9f3df,s-494e6189f646,u-c18809ea6c0b,1,73.43,0.0,0.0,73.43,Credit Card,payment_complete,2026-10-27 04:54:14
ord-43a772d0b5cb,s-90ca26cb2a70,u-98472074cfc3,1,61.32,0.0,0.0,61.32,Digital Wallet,payment_complete,2026-10-27 05:00:46
ord-690232643542,s-b1312fe880c6,u-8b7309136bee,3,257.14,0.0,0.0,257.14,Digital Wallet,payment_complete,2026-10-27 05:42:38
ord-b2f41f5d4965,s-77c76bd17bab,u-abfc5012ed26,1,31.02,0.0,5.99,37.01,Digital Wallet,payment_complete,2026-10-27 06:15:46
ord-ec85f63c19fc,s-0a640f974022,u-0b4768fe3f1d,1,88.26,0.0,0.0,88.26,Digital Wallet,payment_complete,2026-10-27 06:38:49
ord-1f07f22648f7,s-3e39fa2903ef,u-f5f7df97942a,1,49.31,0.0,5.99,55.3,Digital Wallet,payment_complete,2026-10-27 07:00:29
ord-d26a5fb20866,s-0a53818e1760,u-e55782545933,1,75.8,0.0,0.0,75.8,Digital Wallet,payment_complete,2026-10-27 07:16:50
ord-4d71aaf5aa9d,s-fd2cb56d0c00,u-746787300023,1,96.4,0.0,0.0,96.4,Debit Card,payment_complete,2026-10-27 07:18:02
ord-e5677b17e5ab,s-9c92d079e133,u-934fb9270043,1,65.29,0.0,0.0,65.29,Buy Now Pay Later,payment_complete,2026-10-27 07:43:31
ord-668c109d060c,s-d2395fbd9e07,u-5f0d15a7245b,1,27.07,0.0,5.99,33.06,Credit Card,payment_complete,2026-10-27 07:47:01
ord-8db7579d356a,s-700bf78e0cb0,u-ca144ec84750,3,168.22,0.0,0.0,168.22,Buy Now Pay Later,payment_complete,2026-10-27 08:15:50
ord-85ea9b2c0336,s-013c6c0cd806,u-98d6b241c559,2,81.45,0.0,0.0,81.45,Debit Card,payment_complete,2026-10-27 09:35:33
ord-fd330179e082,s-65a0551d910d,u-3435a2cee9ce,1,77.92,0.0,0.0,77.92,Digital Wallet,payment_complete,2026-10-27 09:53:53
ord-21b4bdbb1b8d,s-26901b5b67bf,u-ce2040565188,1,54.53,5.0,0.0,49.53,Credit Card,payment_complete,2026-10-27 10:15:57
ord-3f9f15b88f45,s-27a69be3a1a0,u-9e8ae8eba500,1,53.72,0.0,0.0,53.72,Credit Card,payment_complete,2026-10-27 10:18:34
ord-97a11aed1f3a,s-95115bbe09a0,u-f50f42f9f835,1,76.53,0.0,0.0,76.53,Digital Wallet,payment_complete,2026-10-27 10:30:49
ord-9a52dc8ee4e2,s-8d5077a6e7c5,u-724ceae5d834,1,50.51,0.0,0.0,50.51,Credit Card,payment_complete,2026-10-27 10:50:46
ord-1e9308855c7b,s-632a3b3bf5e8,u-5a8b163a96f7,1,59.26,0.0,0.0,59.26,Digital Wallet,payment_complete,2026-10-27 10:57:08
ord-bb104e488534,s-4c2296780b55,u-7322a608a875,2,92.22,0.0,0.0,92.22,Digital Wallet,payment_complete,2026-10-27 11:11:04
ord-c5a3824975a7,s-23794cc52e67,u-f103092f6f9c,2,51.29,0.0,0.0,51.29,Debit Card,payment_complete,2026-10-27 11:14:28
ord-091c12cc7afb,s-712e9692e529,u-28c2ef1a4046,2,127.14,12.71,0.0,114.43,Digital Wallet,payment_complete,2026-10-27 11:19:22
ord-e93e6b1441d1,s-d791dc00b780,u-80bf336a9302,1,51.0,0.0,0.0,51.0,Credit Card,payment_complete,2026-10-27 11:48:19
ord-ea8ee5e7c24d,s-f22e87809a79,u-3dccd7836e21,1,89.79,0.0,0.0,89.79,Digital Wallet,payment_complete,2026-10-27 11:53:49
ord-bcf408b280d6,s-60a917b662d7,u-9322a50f829e,2,111.64,0.0,0.0,111.64,Credit Card,payment_complete,2026-10-27 12:35:26
ord-dd2fede4571f,s-8f88653c9a61,u-e70523ffb1d6,1,94.47,0.0,0.0,94.47,Digital Wallet,payment_complete,2026-10-27 13:01:24
ord-7d0e796522a2,s-8b745ab6d475,u-9c04802b2fd0,1,60.34,0.0,0.0,60.34,Buy Now Pay Later,payment_complete,2026-10-27 14:26:06
ord-e2a118962b1b,s-1f5565b1eb4d,u-70ee1f2da3d9,1,57.18,0.0,0.0,57.18,Digital Wallet,payment_complete,2026-10-27 14:31:33
ord-16b681d2fce9,s-04b8b5acdc29,u-34a42bcc88ec,3,207.47,0.0,0.0,207.47,Buy Now Pay Later,payment_complete,2026-10-27 15:03:44
ord-d29a941a770a,s-964f1ce92a03,u-88e8e8496723,1,75.58,0.0,0.0,75.58,Digital Wallet,payment_complete,2026-10-27 15:43:35
ord-9246b3ff6607,s-73e7ec8892c5,u-1182e9d2dd21,1,54.85,5.0,0.0,49.85,Digital Wallet,payment_complete,2026-10-27 15:58:52
ord-3ffd8558a861,s-78cc212e9ea1,u-33fb592bcf7d,1,52.41,0.0,0.0,52.41,Digital Wallet,payment_complete,2026-10-27 16:30:55
ord-04444b4b6242,s-063e360ba5cf,u-8b945ccb5af0,1,54.3,0.0,0.0,54.3,Digital Wallet,payment_complete,2026-10-27 18:23:56
ord-19bfc5881a2a,s-99a146d4354b,u-cee0a43c4e6a,1,43.73,0.0,5.99,49.72,Credit Card,payment_complete,2026-10-27 18:55:46
ord-0fee07471bfd,s-dc55ef8e33ea,u-2a6fdea9083d,1,22.25,0.0,5.99,28.24,Debit Card,payment_complete,2026-10-27 19:09:49
ord-558e86916348,s-c638f83a175d,u-8696f3009f71,1,83.34,8.33,0.0,75.01,Digital Wallet,payment_complete,2026-10-27 19:11:16
ord-ca416990fbbf,s-27b020956e7d,u-ea24f38421d8,3,268.89,0.0,0.0,268.89,Digital Wallet,payment_complete,2026-10-27 20:04:15
ord-eed91df48cef,s-09c4f647d434,u-bee2f35661b2,2,147.04,0.0,0.0,147.04,Credit Card,payment_complete,2026-10-27 20:11:34
ord-e2ec5b11eb4e,s-bb064de141d7,u-f8198ac4870d,1,105.42,0.0,0.0,105.42,Digital Wallet,payment_complete,2026-10-27 20:16:46
ord-3669087d69a3,s-ab6370233f72,u-e777fedaf590,1,104.75,0.0,0.0,104.75,Credit Card,payment_complete,2026-10-27 20:29:02
ord-62914e3e07bf,s-243466da49fb,u-6ed098360bf7,1,76.2,0.0,0.0,76.2,Digital Wallet,payment_complete,2026-10-27 20:35:40
ord-b7e82db5a2d1,s-49084be1dcd4,u-1a2dac78dca8,1,57.67,0.0,0.0,57.67,Debit Card,payment_complete,2026-10-27 21:30:34
ord-0926617d6617,s-c73e2fd73e88,u-4d3ae155e534,1,76.49,0.0,0.0,76.49,Debit Card,payment_complete,2026-10-27 21:49:29
ord-4519352c48d7,s-30e662f73a99,u-47b999f95c06,2,87.12,0.0,0.0,87.12,Digital Wallet,payment_complete,2026-10-27 22:18:01
ord-5b877afa8092,s-9e40ffff28e9,u-95b3b0b988d1,1,74.04,0.0,0.0,74.04,Digital Wallet,payment_complete,2026-10-27 22:46:07
ord-55c6b4c10d2e,s-d8e8f14deeb3,u-3884cebcfd4d,2,96.81,9.68,0.0,87.13,Debit Card,payment_complete,2026-10-27 23:11:49
ord-f5278493a6ea,s-298fb4bb73b2,u-2dd277d37342,1,68.99,5.0,0.0,63.99,Credit Card,payment_complete,2026-10-28 00:38:20
ord-c09fd5fa3bf1,s-8e32e92f1568,u-d5d7b61ceeec,1,63.74,0.0,0.0,63.74,Digital Wallet,payment_complete,2026-10-28 01:09:10
ord-51d5d94a859f,s-882c0b35116a,u-37fa93366e34,1,91.97,0.0,0.0,91.97,Digital Wallet,payment_complete,2026-10-28 01:41:58
ord-cbafcff3224d,s-fb65cd0969fd,u-4567d291d6a7,1,69.95,5.0,0.0,64.95,Credit Card,payment_complete,2026-10-28 02:54:41
ord-7e76614a9c8e,s-adc871d6da05,u-9e317398f380,1,50.21,0.0,0.0,50.21,Digital Wallet,payment_complete,2026-10-28 03:58:40
ord-09a5095dfc7a,s-37aa0c557724,u-cac57fcaff14,1,80.36,0.0,0.0,80.36,Digital Wallet,payment_complete,2026-10-28 04:20:16
ord-78d6e221e44c,s-6947e3385f13,u-1815798c035c,2,155.96,0.0,0.0,155.96,Credit Card,payment_complete,2026-10-28 04:24:05
ord-5a4468f33669,s-061b2a42dbd8,u-fe4df86fc065,1,59.31,0.0,0.0,59.31,Digital Wallet,payment_complete,2026-10-28 04:25:27
ord-502f8825cb5a,s-d684e6e19924,u-8d0d4fec6e42,1,72.66,0.0,0.0,72.66,Credit Card,payment_complete,2026-10-28 04:31:38
ord-6a6551b7a567,s-3cfa36622f70,u-7d934fc7abaf,1,106.06,5.0,0.0,101.06,Digital Wallet,payment_complete,2026-10-28 04:42:28
ord-6134264d7b25,s-45ae9ab61619,u-004075462b61,1,46.78,4.68,5.99,48.09,Credit Card,payment_complete,2026-10-28 04:48:45
ord-1baef500290a,s-0c2d9d5d0684,u-9eb9b96a9978,1,50.25,0.0,0.0,50.25,Credit Card,payment_complete,2026-10-28 05:14:10
ord-3c48af69d167,s-0bc150275471,u-4485daa04bdd,1,51.25,5.12,0.0,46.13,Debit Card,payment_complete,2026-10-28 05:16:23
ord-f2d1a4e7e150,s-a7311f4df876,u-b7de2d4c03a0,1,116.6,11.66,0.0,104.94,Digital Wallet,payment_complete,2026-10-28 05:20:12
ord-d6caf5f6ea57,s-e5867abd7378,u-17cfe63d2359,1,56.92,0.0,0.0,56.92,Digital Wallet,payment_complete,2026-10-28 05:24:17
ord-400d5530676d,s-24a762cf492b,u-33b64d3c538e,1,43.46,0.0,5.99,49.45,Credit Card,payment_complete,2026-10-28 05:32:03
ord-93eb35d452a6,s-4462c84b1516,u-fe2bcc2a274e,1,54.98,0.0,0.0,54.98,Digital Wallet,payment_complete,2026-10-28 05:45:15
ord-4ebafda30ed2,s-c97083b40aef,u-d9ff879ecb7b,1,51.24,5.0,0.0,46.24,Credit Card,payment_complete,2026-10-28 06:08:53
ord-88c268105a12,s-041127332bfa,u-543211b667ad,2,227.24,5.0,0.0,222.24,Credit Card,payment_complete,2026-10-28 07:10:11
ord-c7308dfca7f9,s-3ee935222237,u-42c221fe95a0,1,48.62,0.0,5.99,54.61,Credit Card,payment_complete,2026-10-28 07:57:48
ord-162334a248d1,s-32044808d909,u-c1cf26604b83,1,66.89,5.0,0.0,61.89,Credit Card,payment_complete,2026-10-28 08:44:22
ord-41a1bc128234,s-3cef31a00cff,u-1ba2c30bfce1,1,31.81,5.0,5.99,32.8,Buy Now Pay Later,payment_complete,2026-10-28 09:52:48
ord-295fcbb9c15a,s-7743b486ce21,u-31b7bcc56037,1,58.16,0.0,0.0,58.16,Digital Wallet,payment_complete,2026-10-28 10:07:26
ord-3b065d7e0ce3,s-82dc631c33c7,u-5fc695e3d6b4,1,73.58,0.0,0.0,73.58,Digital Wallet,payment_complete,2026-10-28 10:18:33
ord-3d4fcfb7bf67,s-8f1dc1c95f4f,u-a0bdfc83ee86,1,107.9,0.0,0.0,107.9,Buy Now Pay Later,payment_complete,2026-10-28 11:31:36
ord-554ef4f9904f,s-a41424e6bfee,u-d8dc735bf667,1,60.5,5.0,0.0,55.5,Credit Card,payment_complete,2026-10-28 11:56:49
ord-c5455929bcb7,s-550e0e7660af,u-918b24133d20,1,37.04,0.0,5.99,43.03,Digital Wallet,payment_complete,2026-10-28 11:57:08
ord-f711f8515673,s-28eeb123da43,u-083a66352ff2,1,57.14,0.0,0.0,57.14,Credit Card,payment_complete,2026-10-28 12:19:44
ord-967ba5d7305b,s-07d59c7b15a4,u-383bb13acb65,1,24.7,0.0,5.99,30.69,Digital Wallet,payment_complete,2026-10-28 12:24:11
ord-6cfe5e60b3aa,s-70d2beb4dd75,u-e585877e459c,1,45.77,0.0,5.99,51.76,Digital Wallet,payment_complete,2026-10-28 12:34:54
ord-34e9eb7fe923,s-a1ca60ca9cf2,u-80372444713d,1,62.0,0.0,0.0,62.0,Credit Card,payment_complete,2026-10-28 12:56:57
ord-cc6c5bdb33c3,s-060eb30c1845,u-bff54d50c658,1,66.77,0.0,0.0,66.77,Debit Card,payment_complete,2026-10-28 12:57:15
ord-2f7f0240221a,s-cf620c6fe397,u-6226dee2c011,2,102.66,0.0,0.0,102.66,Digital Wallet,payment_complete,2026-10-28 13:49:49
ord-ea60cc93d27e,s-3dd47c337edb,u-ac65e33f3d48,2,133.68,13.37,0.0,120.31,Digital Wallet,payment_complete,2026-10-28 13:54:44
ord-c86913779614,s-6a49a847c94d,u-196f5bd86bfc,1,85.81,0.0,0.0,85.81,Buy Now Pay Later,payment_complete,2026-10-28 14:25:33
ord-63c2baad2594,s-ac7b57d38185,u-74f9a6f05b7c,1,41.73,4.17,5.99,43.55,Buy Now Pay Later,payment_complete,2026-10-28 14:27:59
ord-9ebab50e6dfa,s-424aae19675c,u-5065b8d59f8b,1,126.99,0.0,0.0,126.99,Digital Wallet,payment_complete,2026-10-28 14:30:15
ord-e15106330bb4,s-b22c0ed0e166,u-4cfc95fb048a,1,39.35,0.0,5.99,45.34,Credit Card,payment_complete,2026-10-28 14:35:18
ord-3c62999b860a,s-e559197bbf92,u-9b913945360a,2,106.98,5.0,0.0,101.98,Digital Wallet,payment_complete,2026-10-28 15:10:27
ord-cbc530450219,s-b5d4cfc7e341,u-824f4cb0c5d1,1,46.71,0.0,5.99,52.7,Credit Card,payment_complete,2026-10-28 15:16:57
ord-86df2aea5458,s-96d7a72c8973,u-fa7c5ef4590b,1,74.41,0.0,0.0,74.41,Digital Wallet,payment_complete,2026-10-28 15:27:45
ord-830ccc656cbb,s-f2599f849100,u-d889f332e308,1,71.95,0.0,0.0,71.95,Digital Wallet,payment_complete,2026-10-28 15:41:28
ord-a8ea926e362f,s-90b9f0371067,u-c53de12cbab0,1,123.61,0.0,0.0,123.61,Debit Card,payment_complete,2026-10-28 16:13:07
ord-da52d829bdf3,s-a160b8da5b2f,u-23ed637e9567,1,44.58,0.0,5.99,50.57,Digital Wallet,payment_complete,2026-10-28 16:13:32
ord-b17d481e1a0a,s-b11846036caa,u-b9433a8fcb36,1,42.21,0.0,5.99,48.2,Buy Now Pay Later,payment_complete,2026-10-28 16:13:45
ord-9961272a6a2e,s-2d4d85cd139d,u-bb7f66d47cb2,1,39.38,0.0,5.99,45.37,Debit Card,payment_complete,2026-10-28 16:55:18
ord-867ac564a7d2,s-43d99d5a26bd,u-373f8c4c0efb,2,79.97,5.0,0.0,74.97,Credit Card,payment_complete,2026-10-28 17:52:14
ord-6a19ecea5821,s-1a0127cb4cd9,u-7439526251a0,2,114.39,0.0,0.0,114.39,Digital Wallet,payment_complete,2026-10-28 17:54:50
ord-b1d4f6394800,s-2bbd17d7a1e4,u-42a2aa985314,1,47.39,4.74,5.99,48.64,Digital Wallet,payment_complete,2026-10-28 18:14:01
ord-e35e29fc0f0d,s-4dcf6d33b65e,u-6568762dc29c,1,51.53,0.0,0.0,51.53,Digital Wallet,payment_complete,2026-10-28 18:48:15
ord-0e5d4720b9c2,s-c33a817534a5,u-2b45b7ab2c30,2,87.79,0.0,0.0,87.79,Digital Wallet,payment_complete,2026-10-28 19:03:51
ord-48e1463617bd,s-78e92fd850c9,u-3f9c713c773e,1,35.38,0.0,5.99,41.37,Credit Card,payment_complete,2026-10-28 20:25:58
ord-f221f7309dbe,s-7f59ac8c4db1,u-dd43ebdfab03,3,140.61,0.0,0.0,140.61,Digital Wallet,payment_complete,2026-10-28 20:45:51
ord-b5e9b0f3a302,s-4e916ee7b53d,u-8b4a86e33d9c,1,104.08,0.0,0.0,104.08,Credit Card,payment_complete,2026-10-28 21:50:03
ord-e403f5885c8b,s-fd6b74d5905b,u-ed6481ffd326,1,58.86,0.0,0.0,58.86,Credit Card,payment_complete,2026-10-28 21:58:05
ord-dc08c6a58d83,s-dd36af20247a,u-8cfdc3e52b2c,1,50.6,5.0,0.0,45.6,Credit Card,payment_complete,2026-10-28 22:05:34
ord-d0cd60e1e952,s-85953b8de8dd,u-83494f5f692e,1,48.41,4.84,5.99,49.56,Digital Wallet,payment_complete,2026-10-28 22:34:54
ord-803288c8f6e8,s-78424d2a2aa3,u-7efe11e83cec,1,44.09,0.0,5.99,50.08,Credit Card,payment_complete,2026-10-28 23:50:05
ord-59fa101505a3,s-b040f0716d3b,u-8027bbaf7aa6,1,29.44,0.0,5.99,35.43,Buy Now Pay Later,payment_complete,2026-10-28 23:58:06
ord-f05cdfa3b70f,s-287cfafdeb9a,u-c2fd1fd4637c,1,78.93,5.0,0.0,73.93,Credit Card,payment_complete,2026-10-29 00:11:50
ord-e2b88c0fcfe9,s-febf9091ffca,u-879828c174cc,2,139.78,0.0,0.0,139.78,Credit Card,payment_complete,2026-10-29 01:58:55
ord-da21ae970778,s-db15c377e6e4,u-b944465aa2a3,1,23.57,0.0,5.99,29.56,Digital Wallet,payment_complete,2026-10-29 02:14:25
ord-65ac4c53be0b,s-8c0ca880ccb5,u-ca3c1e0cf8cc,1,54.69,0.0,0.0,54.69,Debit Card,payment_complete,2026-10-29 02:24:16
ord-a36bf8cbfa0a,s-b40bb53ee899,u-0a5957679969,1,104.31,0.0,0.0,104.31,Buy Now Pay Later,payment_complete,2026-10-29 02:29:25
ord-6e3faa63c175,s-9096895363cd,u-5a230b7636f9,3,174.56,5.0,0.0,169.56,Buy Now Pay Later,payment_complete,2026-10-29 03:07:51
ord-2fb5b7665125,s-a66e3d1c7078,u-0159b5d8d613,3,208.68,0.0,0.0,208.68,Digital Wallet,payment_complete,2026-10-29 03:29:58
ord-e74ec8fbaae5,s-d1d9434f8351,u-6ccbf378cdc6,2,230.97,0.0,0.0,230.97,Digital Wallet,payment_complete,2026-10-29 03:49:48
ord-ed3263f89f76,s-245ce45c8b8f,u-4ca7d5056d46,1,59.76,5.0,0.0,54.76,Digital Wallet,payment_complete,2026-10-29 04:07:10
ord-dbdee17b2c80,s-8e6d06c1a353,u-e8125acae86c,1,41.34,0.0,5.99,47.33,Debit Card,payment_complete,2026-10-29 04:12:55
ord-6ce73454b888,s-68f927f8f700,u-1ba2c30bfce1,1,104.89,10.49,0.0,94.4,Digital Wallet,payment_complete,2026-10-29 04:47:21
ord-99c6cfbfa402,s-d47fb13e2d36,u-b56f6eebebb8,1,75.28,7.53,0.0,67.75,Digital Wallet,payment_complete,2026-10-29 06:01:53
ord-542ec534cc8a,s-9730020b0f28,u-af9a37126bf9,2,41.96,4.2,5.99,43.75,Buy Now Pay Later,payment_complete,2026-10-29 07:33:59
ord-572a292fcfaa,s-83419a208120,u-269ef6bad2c1,2,71.49,0.0,0.0,71.49,Credit Card,payment_complete,2026-10-29 08:38:28
ord-4e894c339c0c,s-7fa9fd6eb399,u-f30d3417e103,1,34.51,0.0,5.99,40.5,Digital Wallet,payment_complete,2026-10-29 09:29:30
ord-aba631a92226,s-28c622e37731,u-acd0f37610d6,1,49.23,0.0,5.99,55.22,Digital Wallet,payment_complete,2026-10-29 09:45:20
ord-6d4942b66a80,s-b52a3c62a357,u-0b8021bb211b,2,153.14,0.0,0.0,153.14,Digital Wallet,payment_complete,2026-10-29 10:52:02
ord-88f6542e3fde,s-ba906e297b7f,u-1d827c0adfca,1,32.33,0.0,5.99,38.32,Credit Card,payment_complete,2026-10-29 11:08:42
ord-995be54cb940,s-45de38944c56,u-b5dc28a695aa,1,30.82,0.0,5.99,36.81,Credit Card,payment_complete,2026-10-29 11:36:49
ord-255f8c8aaf65,s-d6535d7fbb1a,u-4791af6fe4ca,1,57.18,0.0,0.0,57.18,Digital Wallet,payment_complete,2026-10-29 12:04:48
ord-4a6f4c1864d2,s-99c1c675a89d,u-fdb77a85f73c,1,126.84,0.0,0.0,126.84,Digital Wallet,payment_complete,2026-10-29 12:40:37
ord-f9b713c7d0c4,s-032636ad300b,u-db594a394f70,1,41.28,5.0,5.99,42.27,Digital Wallet,payment_complete,2026-10-29 12:40:57
ord-f6bc37bc8c89,s-4b8ce732d2ec,u-4476a2b92ac7,1,95.29,0.0,0.0,95.29,Debit Card,payment_complete,2026-10-29 13:16:02
ord-19042057cb7a,s-0ee3d8eaca57,u-51407398bf7e,1,28.14,0.0,5.99,34.13,Digital Wallet,payment_complete,2026-10-29 14:15:43
ord-a36501984701,s-feeea1fbfc33,u-69d4cd736c32,1,28.25,0.0,5.99,34.24,Credit Card,payment_complete,2026-10-29 14:16:37
ord-a316f47f846b,s-c7abe74b2246,u-2199f229bfac,1,88.66,0.0,0.0,88.66,Digital Wallet,payment_complete,2026-10-29 14:37:56
ord-fd27e2b05266,s-f5c324e6fb3d,u-bf113e55cf4c,1,30.88,0.0,5.99,36.87,Debit Card,payment_complete,2026-10-29 15:28:47
ord-70d790d4c57f,s-801254a8992a,u-a83057c6f502,1,73.37,5.0,0.0,68.37,Credit Card,payment_complete,2026-10-29 16:02:39
ord-9ae0d9b3be4b,s-9b11378ffa3b,u-7d5956ddd705,1,58.33,5.0,0.0,53.33,Digital Wallet,payment_complete,2026-10-29 16:20:10
ord-5df4cf4ff2a9,s-648081f60746,u-62cc8814f91f,1,59.09,0.0,0.0,59.09,Buy Now Pay Later,payment_complete,2026-10-29 17:11:32
ord-6867d994f67e,s-941f73e62b7e,u-749e797b9fad,1,24.22,0.0,5.99,30.21,Buy Now Pay Later,payment_complete,2026-10-29 17:12:09
ord-c90892a60af4,s-37568deeeb19,u-ab0ee7500e98,1,52.97,5.0,0.0,47.97,Digital Wallet,payment_complete,2026-10-29 17:36:06
ord-e5e8aaa78e4b,s-a2c17b847726,u-db3584362d4d,1,73.43,0.0,0.0,73.43,Buy Now Pay Later,payment_complete,2026-10-29 18:25:33
ord-cb88ee9f316f,s-90021b5d5c49,u-cc3420668a85,2,67.12,0.0,0.0,67.12,Credit Card,payment_complete,2026-10-29 19:42:23
ord-f38278a96422,s-bda045a4a4de,u-f40b45a94793,1,43.39,0.0,5.99,49.38,Credit Card,payment_complete,2026-10-29 21:14:44
ord-197d44dd54ee,s-64d98636571b,u-fe1857d26b0a,2,86.61,0.0,0.0,86.61,Digital Wallet,payment_complete,2026-10-29 21:54:10
ord-41997c5ebda2,s-3440a804d988,u-fe84a6458bda,1,50.14,0.0,0.0,50.14,Buy Now Pay Later,payment_complete,2026-10-29 22:29:44
ord-835a7883f52c,s-d8457fa93699,u-c9f95246b38d,2,126.36,0.0,0.0,126.36,Digital Wallet,payment_complete,2026-10-29 22:35:48
ord-ee21da4c9b4e,s-0a2d1fdf58de,u-a5a7a8256e5b,2,60.28,0.0,0.0,60.28,Digital Wallet,payment_complete,2026-10-29 22:56:40
ord-7f1973afa051,s-d8a946468e90,u-a3fade417f84,1,75.58,0.0,0.0,75.58,Digital Wallet,payment_complete,2026-10-29 23:08:06
ord-054ab2d74bbe,s-e11fb643d47a,u-f2f618211fa9,2,165.2,5.0,0.0,160.2,Credit Card,payment_complete,2026-10-29 23:38:43
ord-60323437a860,s-538448068282,u-d340d3ea4acc,2,116.1,0.0,0.0,116.1,Debit Card,payment_complete,2026-10-29 23:49:14
ord-97006f1aed99,s-659f66d7dff3,u-d4ea1fc91483,1,54.4,0.0,0.0,54.4,Buy Now Pay Later,payment_complete,2026-10-30 01:08:03
ord-78e62b2ae658,s-7ed1591df4bc,u-f92e115053ff,2,72.22,0.0,0.0,72.22,Digital Wallet,payment_complete,2026-10-30 01:22:01
ord-eb539e0e32ee,s-9a9ee88936b2,u-e51bb070ec98,1,68.28,0.0,0.0,68.28,Debit Card,payment_complete,2026-10-30 01:31:09
ord-dc35d412b371,s-94665996fdd9,u-2168b28a3091,1,48.82,4.88,5.99,49.93,Credit Card,payment_complete,2026-10-30 02:10:26
ord-88f9b3948c63,s-95e185dd5e8b,u-e45b02f6835c,2,94.06,0.0,0.0,94.06,Digital Wallet,payment_complete,2026-10-30 02:50:23
ord-653f34d6f486,s-9bb07c072c5c,u-ff8dd90a2f21,1,36.37,0.0,5.99,42.36,Credit Card,payment_complete,2026-10-30 03:16:10
ord-d312526db665,s-28ad21d60ff6,u-e5f941c31c17,2,117.72,0.0,0.0,117.72,Digital Wallet,payment_complete,2026-10-30 03:30:01
ord-aee1cf351711,s-719dc3ce07eb,u-ae372ba7bf45,3,204.96,0.0,0.0,204.96,Debit Card,payment_complete,2026-10-30 03:50:51
ord-0d5d9fd8ccb2,s-0eed5faf9b47,u-f18c1dff61ec,1,32.05,0.0,5.99,38.04,Buy Now Pay Later,payment_complete,2026-10-30 04:07:57
ord-12d97104542a,s-dd45e3679698,u-a1fdfd8079e0,1,53.74,5.0,0.0,48.74,Digital Wallet,payment_complete,2026-10-30 04:29:58
ord-77452400c434,s-47bd77c57087,u-4387bc144981,1,85.58,0.0,0.0,85.58,Buy Now Pay Later,payment_complete,2026-10-30 04:50:11
ord-f3599358b41f,s-d34c1e8d45fe,u-e0f0472dd308,1,30.07,0.0,5.99,36.06,Debit Card,payment_complete,2026-10-30 05:23:59
ord-e1f1c503a00d,s-f8ab76c14552,u-cbdf9554d582,1,42.83,4.28,5.99,44.54,Debit Card,payment_complete,2026-10-30 05:46:26
ord-5a6faacd194a,s-f226c9f07fdb,u-86f8695d419f,1,38.6,0.0,5.99,44.59,Debit Card,payment_complete,2026-10-30 06:16:35
ord-883b2ac338a7,s-b76bc567d8d7,u-b6c2ca489dd8,1,63.88,0.0,0.0,63.88,Digital Wallet,payment_complete,2026-10-30 06:30:42
ord-1c44e3b7f75d,s-4e326a1707a9,u-82a86852cdab,2,178.94,0.0,0.0,178.94,Credit Card,payment_complete,2026-10-30 07:05:46
ord-1ea27ca0ea76,s-d660161343e4,u-ea792a46fff0,2,79.76,0.0,0.0,79.76,Digital Wallet,payment_complete,2026-10-30 07:30:17
ord-d1866665dbeb,s-45fdb783ac47,u-2b4eb3c9b9b6,4,358.65,5.0,0.0,353.65,Digital Wallet,payment_complete,2026-10-30 07:50:52
ord-3f10dbd5180b,s-0c700019d8ba,u-27587ded08fc,1,55.29,0.0,0.0,55.29,Digital Wallet,payment_complete,2026-10-30 08:04:45
ord-1e925bcb6fd1,s-fe0ed93b006a,u-469975a4c1e4,1,85.32,0.0,0.0,85.32,Debit Card,payment_complete,2026-10-30 08:32:41
ord-69b27bc5ad78,s-98bd540cf34f,u-7679263e5ab8,1,29.1,0.0,5.99,35.09,Digital Wallet,payment_complete,2026-10-30 08:56:50
ord-cc3c5c2c253c,s-adfa3a8bbc15,u-069319351c31,1,84.67,0.0,0.0,84.67,Digital Wallet,payment_complete,2026-10-30 10:17:06
ord-00e58eacd126,s-444677e4bbc3,u-ef1850d444f1,1,95.83,0.0,0.0,95.83,Buy Now Pay Later,payment_complete,2026-10-30 10:43:06
ord-3a72c49e0c91,s-613fbd7ee96d,u-f22d93d5698f,2,94.11,9.41,0.0,84.7,Buy Now Pay Later,payment_complete,2026-10-30 10:54:29
ord-7512d15726a9,s-edb3cf708bad,u-b1455a7a8cae,1,50.15,0.0,0.0,50.15,Digital Wallet,payment_complete,2026-10-30 11:36:36
ord-11b4513f32f4,s-aff1271a20a3,u-9d851603eca0,1,125.58,0.0,0.0,125.58,Digital Wallet,payment_complete,2026-10-30 12:06:32
ord-7f11e4aaa8db,s-9b3b067e2e67,u-ab81af5693ed,1,53.33,0.0,0.0,53.33,Debit Card,payment_complete,2026-10-30 12:41:15
ord-feec261d6a3a,s-253c9caeb5b4,u-5e2eb96e9702,2,66.35,0.0,0.0,66.35,Debit Card,payment_complete,2026-10-30 13:19:22
ord-39c2ad3b3268,s-c25e7f7a8782,u-134397c9109c,1,55.52,0.0,0.0,55.52,Digital Wallet,payment_complete,2026-10-30 13:44:23
ord-7e32ba7f1e62,s-11b8b255f67f,u-d7b4dcf7346d,1,53.49,0.0,0.0,53.49,Credit Card,payment_complete,2026-10-30 14:09:42
ord-1bb3f8ef2e76,s-7d712ef6341d,u-b08b4e5e646a,1,60.87,0.0,0.0,60.87,Credit Card,payment_complete,2026-10-30 14:31:55
ord-3a4ec7761837,s-ddd1d7a1dfbc,u-c0ddc853f5af,1,59.43,0.0,0.0,59.43,Credit Card,payment_complete,2026-10-30 14:44:19
ord-852add9df97f,s-5afbc64c2d1a,u-6548ec63bc78,2,66.26,0.0,0.0,66.26,Digital Wallet,payment_complete,2026-10-30 14:51:32
ord-dc8a743e1df2,s-9201cd35bec8,u-afb0e904b74d,2,119.77,0.0,0.0,119.77,Debit Card,payment_complete,2026-10-30 15:27:38
ord-f401a52cbb04,s-779d2ac9e8fd,u-dcdc6a601902,1,87.4,0.0,0.0,87.4,Debit Card,payment_complete,2026-10-30 16:42:15
ord-2296bad4b1fc,s-cc5ff6168b38,u-5aecc9dc999b,1,79.43,0.0,0.0,79.43,Debit Card,payment_complete,2026-10-30 16:58:02
ord-5adc26551e62,s-91427a71330d,u-cb00164905f1,1,36.5,0.0,5.99,42.49,Digital Wallet,payment_complete,2026-10-30 17:46:21
ord-8097dce98f72,s-f883316b4327,u-5f5461cee1ae,1,80.74,0.0,0.0,80.74,Credit Card,payment_complete,2026-10-30 17:46:43
ord-4b3d8e354ee9,s-73b95f2345ca,u-21cb57203b86,1,46.8,0.0,5.99,52.79,Buy Now Pay Later,payment_complete,2026-10-30 17:55:29
ord-449c893920d0,s-a7716f7d09f2,u-5e515b9e1055,1,20.11,0.0,5.99,26.1,Digital Wallet,payment_complete,2026-10-30 18:50:49
ord-fbbc9991b2af,s-da06da72664d,u-e6b607d96a61,2,76.66,0.0,0.0,76.66,Debit Card,payment_complete,2026-10-30 19:59:14
ord-51ec4691dd82,s-b829c3786cea,u-6f94f88ce350,2,88.26,0.0,0.0,88.26,Debit Card,payment_complete,2026-10-30 20:03:21
ord-207b39e06780,s-c4598ced6955,u-1a3585121d5d,2,97.66,5.0,0.0,92.66,Digital Wallet,payment_complete,2026-10-30 21:05:57
ord-98dc349626e8,s-4bf509d3ad8a,u-cfc06675e305,1,147.86,5.0,0.0,142.86,Digital Wallet,payment_complete,2026-10-30 21:30:41
ord-1f349b607ecf,s-dc3d7c022d24,u-577de7eced5f,1,52.62,0.0,0.0,52.62,Credit Card,payment_complete,2026-10-30 21:36:01
ord-82755e5eba34,s-60a9ab2defb0,u-b2890ef48ee4,1,91.74,0.0,0.0,91.74,Digital Wallet,payment_complete,2026-10-30 21:43:20
ord-2700ceff3ef1,s-43f2aeeda6b3,u-e174bc60a0a5,1,27.34,0.0,5.99,33.33,Digital Wallet,payment_complete,2026-10-30 22:10:51
ord-900d60f9ca7d,s-66286a8dd146,u-ae6e7fe38bde,2,123.44,12.34,0.0,111.1,Digital Wallet,payment_complete,2026-10-30 22:44:45
ord-4e5ac48ba01d,s-56ee0caedfeb,u-b7cb1ce5b767,1,57.71,5.0,0.0,52.71,Digital Wallet,payment_complete,2026-10-30 23:31:44
ord-2db15fe7a10f,s-628a502be0e3,u-69d4cd736c32,1,31.62,0.0,5.99,37.61,Digital Wallet,payment_complete,2026-10-30 23:34:33
ord-927527c6d126,s-50859037e320,u-bd79391ffa81,1,57.18,5.0,0.0,52.18,Digital Wallet,payment_complete,2026-10-30 23:57:27
ord-bec610dc0e31,s-e4e3cb4e1469,u-578fe7c2e2bb,2,144.68,0.0,0.0,144.68,Digital Wallet,payment_complete,2026-10-31 00:03:58
ord-9c5e23130660,s-eee33ca3661b,u-6c89ff551cac,1,22.68,0.0,5.99,28.67,Digital Wallet,payment_complete,2026-10-31 00:16:06
ord-10db34712496,s-3ffae8cce88e,u-ad3f88faf35a,1,40.84,5.0,5.99,41.83,Credit Card,payment_complete,2026-10-31 00:42:38
ord-092812ccf077,s-90093bf7c021,u-6fe4adae89d8,1,53.05,0.0,0.0,53.05,Credit Card,payment_complete,2026-10-31 00:52:33
ord-77c89e82e4ca,s-6ad09eaeca7d,u-68cfda4e2383,1,79.51,0.0,0.0,79.51,Debit Card,payment_complete,2026-10-31 01:28:09
ord-f77441d7384c,s-b0457b3b2d3b,u-5deb776d0dd3,2,112.72,11.27,0.0,101.45,Digital Wallet,payment_complete,2026-10-31 01:37:48
ord-999930a3bd90,s-5d37c037c120,u-5be175dd194c,1,82.92,0.0,0.0,82.92,Digital Wallet,payment_complete,2026-10-31 01:41:29
ord-dee089369a9a,s-9c6733669a25,u-8ea637285402,1,67.88,0.0,0.0,67.88,Buy Now Pay Later,payment_complete,2026-10-31 01:52:08
ord-547329334430,s-f1755ae3b848,u-444735d75df6,2,105.75,0.0,0.0,105.75,Digital Wallet,payment_complete,2026-10-31 02:22:51
ord-7c9a3d111c9c,s-cb401bcb5469,u-379e27c87d51,2,136.97,0.0,0.0,136.97,Credit Card,payment_complete,2026-10-31 02:48:33
ord-5c17666a5cb6,s-3a639692cf63,u-567d88c0eeae,2,113.44,0.0,0.0,113.44,Digital Wallet,payment_complete,2026-10-31 03:14:58
ord-5b30b8c4fbd1,s-948cc65ac31b,u-bd53db4b1a2c,1,50.25,5.0,0.0,45.25,Debit Card,payment_complete,2026-10-31 04:11:40
ord-71c803120e26,s-c9dfe30b2fa8,u-461b75b44b1d,1,117.23,0.0,0.0,117.23,Credit Card,payment_complete,2026-10-31 04:21:35
ord-429dbf53dbc9,s-cd1c2be8e3ef,u-dec2131979ad,1,79.19,0.0,0.0,79.19,Digital Wallet,payment_complete,2026-10-31 04:25:10
ord-2b54a5fc32b6,s-3f62f27395fa,u-ec48e783b66f,1,131.98,5.0,0.0,126.98,Digital Wallet,payment_complete,2026-10-31 04:50:14
ord-3a2b70f401aa,s-6f101b1c2e02,u-f4ae7e9680ee,1,27.35,0.0,5.99,33.34,Digital Wallet,payment_complete,2026-10-31 06:13:53
ord-45151d449262,s-b7954abd48ab,u-e6febb56a7f1,1,40.61,0.0,5.99,46.6,Credit Card,payment_complete,2026-10-31 06:34:46
ord-68c40ceb9ba5,s-d07ae7d02732,u-a9b8e982f2b2,1,45.88,0.0,5.99,51.87,Credit Card,payment_complete,2026-10-31 07:05:25
ord-158cf2275779,s-4b0306d6f736,u-969e5f67097b,1,66.03,0.0,0.0,66.03,Credit Card,payment_complete,2026-10-31 08:01:25
ord-ae2e4f63ed66,s-e9b10834c137,u-04baa97e63fb,2,145.16,0.0,0.0,145.16,Debit Card,payment_complete,2026-10-31 08:25:17
ord-e7bcd790bc05,s-17de98f9d809,u-7dc00aee2e5c,1,51.29,5.0,0.0,46.29,Credit Card,payment_complete,2026-10-31 09:16:48
ord-164d90d0909b,s-f85403286af1,u-33ef258b0f82,1,89.87,0.0,0.0,89.87,Digital Wallet,payment_complete,2026-10-31 09:19:56
ord-7c13993388f9,s-f9fca67881a9,u-6fceb464a8e0,2,77.4,0.0,0.0,77.4,Credit Card,payment_complete,2026-10-31 09:42:32
ord-a1775751e7f1,s-9eb0e51dcf60,u-5c22c220323e,1,59.36,0.0,0.0,59.36,Credit Card,payment_complete,2026-10-31 09:46:10
ord-fd56213cc83d,s-621e850fb095,u-ef861e745fdd,1,19.1,0.0,5.99,25.09,Digital Wallet,payment_complete,2026-10-31 09:56:23
ord-c7eeb52d5e43,s-28a4563da82b,u-9baa1e96723f,1,26.19,0.0,5.99,32.18,Credit Card,payment_complete,2026-10-31 11:14:41
ord-9e4d09939281,s-3d3bd18cb822,u-eac916208862,2,52.38,0.0,0.0,52.38,Buy Now Pay Later,payment_complete,2026-10-31 11:27:49
ord-f8ffb3c89dde,s-a984199376cb,u-6732ea54157f,1,45.34,4.53,5.99,46.8,Digital Wallet,payment_complete,2026-10-31 11:30:05
ord-a565ab18d081,s-aec6e79d8be4,u-103bb6dd0b37,2,93.56,0.0,0.0,93.56,Debit Card,payment_complete,2026-10-31 12:57:38
ord-f26652882fb5,s-3683cffef511,u-b7812f5e9915,2,120.66,0.0,0.0,120.66,Debit Card,payment_complete,2026-10-31 13:39:39
ord-3123270e9cbc,s-d51acef81199,u-ba77660ed585,1,113.17,0.0,0.0,113.17,Digital Wallet,payment_complete,2026-10-31 15:00:21
ord-b638b03f035b,s-48f2e20bd8b7,u-35e75fb4228b,2,127.71,0.0,0.0,127.71,Digital Wallet,payment_complete,2026-10-31 15:11:10
ord-d11a4942376c,s-24da2d9bac9b,u-074a80987fbc,1,69.95,0.0,0.0,69.95,Credit Card,payment_complete,2026-10-31 15:52:58
ord-1ddfd20e5b1b,s-8551cc599c15,u-36e1dde7a02f,1,39.04,0.0,5.99,45.03,Debit Card,payment_complete,2026-10-31 15:55:36
ord-18f1903f7e4e,s-8248fb74e92c,u-cb268446cc1b,1,97.54,5.0,0.0,92.54,Credit Card,payment_complete,2026-10-31 16:28:44
ord-a115f48ff1bb,s-e0a3f53d042f,u-71afa2786e94,1,12.73,0.0,5.99,18.72,Credit Card,payment_complete,2026-10-31 18:14:36
ord-7fd7541db8c1,s-04c5479f80dd,u-b42afdffcd89,1,60.31,0.0,0.0,60.31,Credit Card,payment_complete,2026-10-31 20:05:04
ord-4ab3ea2d9451,s-5d7a20599c62,u-d0d1e01f69d6,1,84.14,0.0,0.0,84.14,Digital Wallet,payment_complete,2026-10-31 20:39:02
ord-edc7a002de4f,s-ce75b453ba17,u-22a726b76d7c,1,30.06,0.0,5.99,36.05,Digital Wallet,payment_complete,2026-10-31 21:10:32
ord-2671250a0294,s-cf019a8cfd11,u-5de2bf693d1e,1,68.4,0.0,0.0,68.4,Credit Card,payment_complete,2026-10-31 21:13:21
ord-c1d6d5663605,s-32dcc08e3b85,u-f499ea14abdd,1,63.18,0.0,0.0,63.18,Digital Wallet,payment_complete,2026-10-31 21:18:38
ord-a960520322a4,s-8779e28a826b,u-08c2e9b7b6a3,1,42.83,4.28,5.99,44.54,Debit Card,payment_complete,2026-10-31 21:25:29
ord-8d496bce035e,s-677e119c624b,u-cf6fc53d7565,2,162.42,5.0,0.0,157.42,Digital Wallet,payment_complete,2026-10-31 22:09:46
ord-558081eadff6,s-5ba5f8127d5c,u-d286356f545f,1,59.36,0.0,0.0,59.36,Digital Wallet,payment_complete,2026-10-31 22:22:01
ord-f80864fa9165,s-37839b5cb7e4,u-06545398f86c,1,37.43,0.0,5.99,43.42,Credit Card,payment_complete,2026-10-31 22:44:25
ord-0d66bcb90c8a,s-0f8b9c8aed74,u-e65018f9ae18,1,52.04,5.0,0.0,47.04,Credit Card,payment_complete,2026-10-31 23:05:43
ord-4d2c80139b95,s-a1476a1ca726,u-1a75cff7884b,2,98.23,5.0,0.0,93.23,Credit Card,payment_complete,2026-10-31 23:27:48
ord-1eee9ab300d8,s-9f1f1954c4fc,u-5a78fa6dd15b,1,86.13,5.0,0.0,81.13,Debit Card,payment_complete,2026-10-31 23:48:21
ord-cff8f1b70819,s-8b123e24a9ac,u-b73526cedf79,1,42.21,5.0,5.99,43.2,Digital Wallet,payment_complete,2026-11-01 01:04:53
ord-91040fe97783,s-57c260269d6f,u-00df59abaa44,1,38.19,0.0,5.99,44.18,Credit Card,payment_complete,2026-11-01 01:55:11
ord-58d1befffe35,s-a59225e4dc82,u-7712468b67d2,1,85.36,5.0,0.0,80.36,Digital Wallet,payment_complete,2026-11-01 02:07:23
ord-4bc8f3b03ac1,s-1ccd5b96d3d3,u-842d4041416d,1,106.91,0.0,0.0,106.91,Digital Wallet,payment_complete,2026-11-01 02:19:23
ord-fae418cd64da,s-84087888a83a,u-bc450f2b46fa,1,62.25,0.0,0.0,62.25,Digital Wallet,payment_complete,2026-11-01 02:47:06
ord-1422b4fac151,s-76ccae37b189,u-2c69b574dfb6,1,63.51,0.0,0.0,63.51,Credit Card,payment_complete,2026-11-01 03:28:58
ord-d79a78b2d479,s-846594b06069,u-3000f6fea96f,2,204.87,0.0,0.0,204.87,Debit Card,payment_complete,2026-11-01 03:31:49
ord-979817b602f4,s-22a394542841,u-cda18c3012f0,2,129.12,5.0,0.0,124.12,Digital Wallet,payment_complete,2026-11-01 04:11:14
ord-489ffc71648a,s-51719fbfdc3a,u-49dbbd84fe8f,1,51.28,0.0,0.0,51.28,Buy Now Pay Later,payment_complete,2026-11-01 04:45:26
ord-140b5ecc23b1,s-5d03722c2d83,u-4ed4968a04ec,1,53.63,0.0,0.0,53.63,Digital Wallet,payment_complete,2026-11-01 05:26:43
ord-4c49d63dee6d,s-2c9ba43f1308,u-9bcd52a45938,1,75.47,0.0,0.0,75.47,Buy Now Pay Later,payment_complete,2026-11-01 05:32:45
ord-2b273152b9e1,s-8455430e5c45,u-6ef7286d510a,1,62.0,0.0,0.0,62.0,Debit Card,payment_complete,2026-11-01 05:38:21
ord-5f6ba351f982,s-a70e4cff1dac,u-60beb8ca0a2d,3,231.72,0.0,0.0,231.72,Digital Wallet,payment_complete,2026-11-01 05:54:48
ord-3c7eefd43d79,s-4984683a9da7,u-c383275697e1,1,65.53,0.0,0.0,65.53,Credit Card,payment_complete,2026-11-01 06:12:10
ord-eae1dbd6d2cb,s-33705207fcbc,u-ef126b068ae6,2,226.2,0.0,0.0,226.2,Credit Card,payment_complete,2026-11-01 06:39:01
ord-950f3306dc17,s-e5bb19336e13,u-0c5f1dc0812c,1,74.12,0.0,0.0,74.12,Debit Card,payment_complete,2026-11-01 06:53:51
ord-aacc953cd889,s-1bdeda9e939b,u-9674f0277fac,3,175.83,0.0,0.0,175.83,Digital Wallet,payment_complete,2026-11-01 07:27:08
ord-8a76d73f068b,s-c9ff8bb2e97b,u-b38bff33acac,2,96.82,9.68,0.0,87.14,Digital Wallet,payment_complete,2026-11-01 08:02:34
ord-027bb14a284a,s-d9d5ae817b16,u-85e819988a02,1,122.69,0.0,0.0,122.69,Credit Card,payment_complete,2026-11-01 08:11:41
ord-f44fc770576a,s-35e4cec1f0a4,u-8a3529d54344,1,74.22,0.0,0.0,74.22,Debit Card,payment_complete,2026-11-01 09:16:26
ord-3551e9334ad3,s-c9fc9196beb5,u-aebeab7553bd,1,37.15,0.0,5.99,43.14,Debit Card,payment_complete,2026-11-01 09:59:12
ord-eec68add4b3c,s-afaeb271a1c6,u-898c3df6f3fb,1,62.45,0.0,0.0,62.45,Digital Wallet,payment_complete,2026-11-01 10:31:07
ord-a8bea82a5503,s-4321a2d240a4,u-3af73be8e53d,1,113.17,0.0,0.0,113.17,Debit Card,payment_complete,2026-11-01 10:56:21
ord-38dc1b196e4c,s-39d094c3c5b0,u-f730669475a4,1,102.82,0.0,0.0,102.82,Credit Card,payment_complete,2026-11-01 11:12:30
ord-886cb75d5fc6,s-c18ba0b349db,u-7e83a0d828ab,2,96.95,0.0,0.0,96.95,Digital Wallet,payment_complete,2026-11-01 11:15:01
ord-548e22b5047d,s-c97a3e20fd9b,u-bfb014614073,1,50.51,0.0,0.0,50.51,Buy Now Pay Later,payment_complete,2026-11-01 11:34:21
ord-65b76b3bb16f,s-ddf2d357c905,u-573ecbf4a03a,1,85.32,0.0,0.0,85.32,Debit Card,payment_complete,2026-11-01 11:39:40
ord-c348e2fc75ff,s-6f01ce6f527b,u-4668beeb091c,1,62.46,0.0,0.0,62.46,Credit Card,payment_complete,2026-11-01 12:12:47
ord-703ec8b1f70f,s-43543e3a76e5,u-9b9f8d7e5252,1,53.04,0.0,0.0,53.04,Buy Now Pay Later,payment_complete,2026-11-01 12:24:41
ord-35106237ef9e,s-eddc6c9350e9,u-74efe5be0ed0,1,59.83,5.98,0.0,53.85,Debit Card,payment_complete,2026-11-01 12:37:53
ord-5fc3ae54f6d6,s-bc6c9011303b,u-ddc1d84b1745,1,44.51,0.0,5.99,50.5,Buy Now Pay Later,payment_complete,2026-11-01 12:46:37
ord-17e37b33c566,s-e0811c4b24ed,u-ab4846e6e753,3,174.85,17.48,0.0,157.37,Debit Card,payment_complete,2026-11-01 12:52:22
ord-c6779f2b6f61,s-9214e77b59d9,u-eac2d7d72e36,1,22.25,0.0,5.99,28.24,Digital Wallet,payment_complete,2026-11-01 13:02:30
ord-7ce903a78077,s-158e2d5b86c0,u-d465b86e87ba,1,48.03,0.0,5.99,54.02,Digital Wallet,payment_complete,2026-11-01 13:58:04
ord-f12a20dab0c6,s-e0c57a017462,u-c395f7b31b34,1,73.37,0.0,0.0,73.37,Buy Now Pay Later,payment_complete,2026-11-01 14:00:47
ord-27698e16bd5d,s-b18e83d629b2,u-87eb393fc68b,1,13.73,0.0,5.99,19.72,Debit Card,payment_complete,2026-11-01 14:08:54
ord-6d865c76eeb7,s-e13be5dd110d,u-5e7eecde72ec,1,48.93,0.0,5.99,54.92,Debit Card,payment_complete,2026-11-01 14:16:00
ord-a297e529d5d3,s-986412409b5a,u-09a82114be18,2,146.38,14.64,0.0,131.74,Digital Wallet,payment_complete,2026-11-01 14:22:37
ord-be438a4c22db,s-46624c4a0272,u-24dce54a4506,1,38.24,0.0,5.99,44.23,Credit Card,payment_complete,2026-11-01 14:49:31
ord-21978e2c7f8a,s-d5a8933090e3,u-d66cc729e19d,1,84.91,0.0,0.0,84.91,Debit Card,payment_complete,2026-11-01 15:12:50
ord-cb911e38a20e,s-7491fb5bd3e2,u-f0d4e2023dfa,1,29.44,0.0,5.99,35.43,Buy Now Pay Later,payment_complete,2026-11-01 15:20:36
ord-b8478784f4dc,s-7f14720f7246,u-7fffc4421dda,3,202.8,0.0,0.0,202.8,Digital Wallet,payment_complete,2026-11-01 15:36:20
ord-7a1ef55d919f,s-fb812cd42141,u-e6cf1e81ee1f,1,42.27,0.0,5.99,48.26,Digital Wallet,payment_complete,2026-11-01 15:37:12
ord-17b53d599e79,s-013f53c0d369,u-83eeb4f7934b,1,78.22,0.0,0.0,78.22,Digital Wallet,payment_complete,2026-11-01 15:42:32
ord-788c24df7f9d,s-ef0490235125,u-a94ec57d1620,1,54.12,0.0,0.0,54.12,Buy Now Pay Later,payment_complete,2026-11-01 15:43:25
ord-4661aa379592,s-09c4b19fb4af,u-4dbdc9aeb460,2,127.97,5.0,0.0,122.97,Digital Wallet,payment_complete,2026-11-01 15:57:28
ord-ba2517e39785,s-beeb31300385,u-cf867860d1ef,1,30.07,0.0,5.99,36.06,Digital Wallet,payment_complete,2026-11-01 16:00:49
ord-5ee465fe4a2a,s-2db2d791d211,u-cc1beb66505d,1,47.21,0.0,5.99,53.2,Buy Now Pay Later,payment_complete,2026-11-01 16:11:09
ord-dcbbd7b368be,s-7b56325d43be,u-5f72b3266075,1,53.15,0.0,0.0,53.15,Digital Wallet,payment_complete,2026-11-01 16:12:01
ord-4194126480f3,s-827b08cbc74b,u-46b39bf29fd1,1,50.48,0.0,0.0,50.48,Credit Card,payment_complete,2026-11-01 16:15:50
ord-1fd5350128e5,s-14dcb5f039d5,u-7ee8c7e9d236,3,265.17,0.0,0.0,265.17,Digital Wallet,payment_complete,2026-11-01 16:17:52
ord-3f0b710cf29b,s-4d9f0b037902,u-8c2073201cd9,1,30.0,0.0,5.99,35.99,Digital Wallet,payment_complete,2026-11-01 16:51:12
ord-2882bb4436b0,s-e1abf1436904,u-787903a3c7d3,1,60.31,0.0,0.0,60.31,Credit Card,payment_complete,2026-11-01 17:36:55
ord-320d2cce8dbe,s-5f02e0cc53f9,u-a720fcd4739f,1,53.05,5.3,0.0,47.75,Digital Wallet,payment_complete,2026-11-01 17:47:30
ord-d494aaa519c1,s-89f1eaeb67ef,u-4ba7893df78d,1,67.89,5.0,0.0,62.89,Digital Wallet,payment_complete,2026-11-01 18:43:36
ord-ba9ad071e552,s-9ea12e1f626c,u-831d7486e982,1,45.44,0.0,5.99,51.43,Credit Card,payment_complete,2026-11-01 19:43:56
ord-2e2bb00db4c1,s-0171fb9bf774,u-5e9995aaf5e7,1,81.98,0.0,0.0,81.98,Digital Wallet,payment_complete,2026-11-01 19:49:22
ord-c778595a6289,s-da4055adc7fa,u-228c5f1ae337,3,152.48,0.0,0.0,152.48,Credit Card,payment_complete,2026-11-01 19:53:15
ord-ddc8252ad895,s-7770cbc1fc44,u-04fa9b6563c6,1,39.37,0.0,5.99,45.36,Digital Wallet,payment_complete,2026-11-01 19:57:34
ord-0170fb543612,s-75e45c6753b1,u-442499051531,1,45.18,0.0,5.99,51.17,Credit Card,payment_complete,2026-11-01 20:05:47
ord-94160e32158a,s-3638ed84d7a2,u-0489677b47a1,1,39.79,0.0,5.99,45.78,Debit Card,payment_complete,2026-11-01 21:23:36
ord-284a90efbc12,s-ebe86555d6c6,u-aabc155fcc52,1,38.6,5.0,5.99,39.59,Digital Wallet,payment_complete,2026-11-01 21:49:42
ord-3c4a9a8c6a4e,s-2b8a1591d7e0,u-b71adf50503f,1,37.09,0.0,5.99,43.08,Credit Card,payment_complete,2026-11-01 21:50:40
ord-701bc5a5e945,s-1bc3a08f9c23,u-f1fa9e35363e,1,86.86,0.0,0.0,86.86,Digital Wallet,payment_complete,2026-11-01 21:59:56
ord-3b5dfd2ab597,s-7ce3bd967f9a,u-a22a4c9ce69f,1,103.77,10.38,0.0,93.39,Digital Wallet,payment_complete,2026-11-01 22:16:55
ord-5c5afd5ed3a5,s-31eff5294c37,u-322077c6d9e5,2,115.44,0.0,0.0,115.44,Debit Card,payment_complete,2026-11-01 23:08:17
ord-4407cf7bde11,s-120288442c95,u-8271b70337a0,2,90.96,0.0,0.0,90.96,Digital Wallet,payment_complete,2026-11-02 00:42:11
ord-307f80ac3def,s-012702f47beb,u-586c32575849,1,36.23,0.0,5.99,42.22,Credit Card,payment_complete,2026-11-02 00:47:15
ord-4f79a8b65f72,s-f00efb9a0a4d,u-6a3b934a7b07,1,74.04,5.0,0.0,69.04,Debit Card,payment_complete,2026-11-02 03:11:53
ord-333d1308694e,s-9fbf6788ad26,u-801b56d40876,1,77.62,5.0,0.0,72.62,Debit Card,payment_complete,2026-11-02 03:29:12
ord-13ce10351fe5,s-1d6faa8578b6,u-4c71347c42f3,1,104.31,0.0,0.0,104.31,Digital Wallet,payment_complete,2026-11-02 03:30:09
ord-9633cfd8a5b4,s-35c1a09043c1,u-070b75b6139b,1,54.27,0.0,0.0,54.27,Debit Card,payment_complete,2026-11-02 03:59:19
ord-02008ff7b818,s-9f6db25d8de4,u-f9596218f8fd,1,83.09,0.0,0.0,83.09,Digital Wallet,payment_complete,2026-11-02 04:11:42
ord-1698d4a68526,s-7d84847c75ef,u-4cc2b71c1c67,2,130.58,0.0,0.0,130.58,Credit Card,payment_complete,2026-11-02 04:14:40
ord-5b35a5bcd6b2,s-a1e6d44f2582,u-caff0a499362,1,28.25,0.0,5.99,34.24,Buy Now Pay Later,payment_complete,2026-11-02 04:42:01
ord-c780da86b902,s-89fa76bca7ad,u-acf83d983f4d,1,74.45,0.0,0.0,74.45,Digital Wallet,payment_complete,2026-11-02 05:17:29
ord-e077d4485e03,s-64329fc8e0c6,u-2aa789acd2bb,1,46.0,0.0,5.99,51.99,Digital Wallet,payment_complete,2026-11-02 05:48:45
ord-1cc191c5e2fa,s-5998de6d3a90,u-64140295490d,1,45.7,0.0,5.99,51.69,Debit Card,payment_complete,2026-11-02 05:57:36
ord-67109e45630a,s-186f1d479953,u-26af95dbe8be,2,82.04,0.0,0.0,82.04,Credit Card,payment_complete,2026-11-02 07:28:15
ord-a981b79590f3,s-317f2cc6b03a,u-3b6f41c6d977,1,58.37,0.0,0.0,58.37,Digital Wallet,payment_complete,2026-11-02 07:56:39
ord-5d4651a67e2f,s-55a312f60bca,u-dd147ec1190b,2,91.74,0.0,0.0,91.74,Credit Card,payment_complete,2026-11-02 08:02:08
ord-0405d1c4bba0,s-84759a43424b,u-6527945b6979,1,72.95,0.0,0.0,72.95,Digital Wallet,payment_complete,2026-11-02 08:12:40
ord-feb7e10708cc,s-d296ca071377,u-654bd1ec1f93,2,51.41,0.0,0.0,51.41,Credit Card,payment_complete,2026-11-02 09:51:01
ord-47c78501ad11,s-4e90ac5bca61,u-08eb014fbf2d,2,84.02,0.0,0.0,84.02,Digital Wallet,payment_complete,2026-11-02 10:05:42
ord-440619949144,s-7b8006de9bf5,u-2d7a19320a0b,1,65.29,6.53,0.0,58.76,Debit Card,payment_complete,2026-11-02 10:16:06
ord-e37d0ed9a9c7,s-d2122e7173cb,u-ba3441360821,1,66.89,0.0,0.0,66.89,Credit Card,payment_complete,2026-11-02 11:01:42
ord-3d3bd9a9b895,s-dcd41301f547,u-6f22fa25400e,1,25.71,0.0,5.99,31.7,Buy Now Pay Later,payment_complete,2026-11-02 11:01:45
ord-917bbb92a4fb,s-2efcac7ae92f,u-29de76a10c21,1,59.32,5.0,0.0,54.32,Credit Card,payment_complete,2026-11-02 11:02:08
ord-484de17b63e6,s-14f57b8f7398,u-e88699d93cec,2,166.93,0.0,0.0,166.93,Credit Card,payment_complete,2026-11-02 11:13:10
ord-38b97515b103,s-aa1fc9a8bad7,u-53f554441d1a,1,102.56,0.0,0.0,102.56,Digital Wallet,payment_complete,2026-11-02 11:19:16
ord-208ce90ec61d,s-cc82aa06efe7,u-70e8d6f84150,1,40.17,0.0,5.99,46.16,Digital Wallet,payment_complete,2026-11-02 12:42:04
ord-6186743ffddc,s-7becd1ed17d0,u-0151d72703ff,1,23.57,5.0,5.99,24.56,Buy Now Pay Later,payment_complete,2026-11-02 13:36:08
ord-f5c29c8a5985,s-33048a2b5688,u-d4b796f7533b,1,75.65,0.0,0.0,75.65,Credit Card,payment_complete,2026-11-02 13:44:05
ord-a193ad659990,s-a145fa9b3766,u-5278c880a97f,1,56.34,0.0,0.0,56.34,Digital Wallet,payment_complete,2026-11-02 14:07:31
ord-8574f35e6144,s-4401725d919f,u-ff4cc0cc9260,1,51.53,0.0,0.0,51.53,Digital Wallet,payment_complete,2026-11-02 14:14:06
ord-e8ab0d0a2057,s-523178b0b1ee,u-d1f0369e1e9f,1,54.19,0.0,0.0,54.19,Credit Card,payment_complete,2026-11-02 16:34:22
ord-4f14d77cc23e,s-d89ce5f757aa,u-282fce0b1ac5,1,37.05,5.0,5.99,38.04,Debit Card,payment_complete,2026-11-02 17:00:58
ord-ea5801d7c7f0,s-bbcf4c73ccf9,u-e4046bdefee2,1,81.65,0.0,0.0,81.65,Credit Card,payment_complete,2026-11-02 17:15:56
ord-f62f8f5510f6,s-72caf3ca02fc,u-6988e6045b0d,1,33.97,5.0,5.99,34.96,Debit Card,payment_complete,2026-11-02 18:52:26
ord-cc2266542f26,s-6d1d7599d07b,u-1b0ed00e5eb5,1,58.8,0.0,0.0,58.8,Digital Wallet,payment_complete,2026-11-02 19:33:08
ord-b5970f9c209d,s-cf251142e141,u-afa9af80eaf0,3,148.38,0.0,0.0,148.38,Digital Wallet,payment_complete,2026-11-02 19:37:35
ord-661f1df6da41,s-eb45d7f3949d,u-86ab27e4e4b2,1,34.57,0.0,5.99,40.56,Credit Card,payment_complete,2026-11-02 19:49:53
ord-2cf7d357c440,s-634e3df0f35f,u-779bbede39ab,1,30.07,0.0,5.99,36.06,Buy Now Pay Later,payment_complete,2026-11-02 19:57:57
ord-b778dc6542f1,s-6657f319e909,u-213dc8d7c4f5,1,61.42,5.0,0.0,56.42,Digital Wallet,payment_complete,2026-11-02 20:14:41
ord-c2323c0cec56,s-90b5d5c9c664,u-ffd9f4a21de2,1,32.33,3.23,5.99,35.09,Digital Wallet,payment_complete,2026-11-02 20:39:44
ord-3fc25febae68,s-2196f63ff149,u-9a4e9db950af,1,77.83,7.78,0.0,70.05,Buy Now Pay Later,payment_complete,2026-11-02 20:43:01
ord-6a9c658639e0,s-0f72d28a42e0,u-44e1ff442ec8,1,54.25,5.0,0.0,49.25,Buy Now Pay Later,payment_complete,2026-11-02 20:50:11
ord-739fe428d384,s-96468f3ba792,u-843a67410429,1,86.92,0.0,0.0,86.92,Debit Card,payment_complete,2026-11-02 21:46:21
ord-71b5c43cac53,s-1d5ce0f5e299,u-9d311983ee78,2,121.9,0.0,0.0,121.9,Digital Wallet,payment_complete,2026-11-02 22:01:29
ord-76dc77c9d1fa,s-aee3b6f744af,u-1576122c4f2e,1,26.51,5.0,5.99,27.5,Credit Card,payment_complete,2026-11-02 22:31:16
ord-c48b1f085861,s-9392c820b955,u-5631c08dbfef,1,34.34,5.0,5.99,35.33,Debit Card,payment_complete,2026-11-02 22:42:50
ord-e41d21d1c9b4,s-4b7243437814,u-b1c772ec24ba,1,19.26,0.0,5.99,25.25,Digital Wallet,payment_complete,2026-11-02 23:05:10
ord-b16981d230b5,s-61ace6fd32b0,u-13b12cde8844,1,69.67,0.0,0.0,69.67,Debit Card,payment_complete,2026-11-03 00:07:14
ord-a89a77986ba1,s-8b3e7fa0d792,u-a39b07318e79,1,97.85,5.0,0.0,92.85,Digital Wallet,payment_complete,2026-11-03 00:40:17
ord-48c444815304,s-3002a60030f1,u-6ce82b222133,1,81.73,0.0,0.0,81.73,Digital Wallet,payment_complete,2026-11-03 01:35:53
ord-8cad18da9073,s-e7f8ed794769,u-e1e56f840e4c,1,65.53,0.0,0.0,65.53,Debit Card,payment_complete,2026-11-03 02:01:16
ord-cb22603cc684,s-8823ac4e6de2,u-74f4cb4ee2c1,1,59.05,0.0,0.0,59.05,Credit Card,payment_complete,2026-11-03 02:40:43
ord-2bcf54bd89b1,s-fbdb061f64f3,u-0502b80489b3,2,74.05,7.41,0.0,66.64,Credit Card,payment_complete,2026-11-03 02:53:42
ord-957cdf5dad98,s-160f10394c0a,u-7707dc1f065e,1,92.34,0.0,0.0,92.34,Digital Wallet,payment_complete,2026-11-03 03:05:56
ord-aa356cba59e9,s-37f47e9af01d,u-706d50a7513c,1,44.74,0.0,5.99,50.73,Digital Wallet,payment_complete,2026-11-03 03:06:12
ord-4ee7e6710213,s-0a5efac90b39,u-9510fcfa1686,1,114.7,11.47,0.0,103.23,Digital Wallet,payment_complete,2026-11-03 03:42:55
ord-41e226228526,s-79d2350a39c9,u-51542cd8388d,1,60.95,5.0,0.0,55.95,Credit Card,payment_complete,2026-11-03 03:49:47
ord-2efc2c4f937f,s-c71e09225c40,u-7fe6ed85ccc1,1,36.21,5.0,5.99,37.2,Credit Card,payment_complete,2026-11-03 05:04:07
ord-8e5037d23e05,s-e7707a8392f1,u-f0c9b320438e,1,59.74,0.0,0.0,59.74,Digital Wallet,payment_complete,2026-11-03 05:40:31
ord-84159d430686,s-53e819ffc2d8,u-0f4a19067b4d,1,33.24,0.0,5.99,39.23,Credit Card,payment_complete,2026-11-03 05:45:38
ord-9a37e9f7eae2,s-dcb2e8019c7b,u-5071158a136c,1,75.65,0.0,0.0,75.65,Digital Wallet,payment_complete,2026-11-03 06:15:54
ord-bb92c0457b1f,s-b87b06ec6400,u-42dce387297a,2,171.96,0.0,0.0,171.96,Digital Wallet,payment_complete,2026-11-03 06:22:33
ord-c565c2b483c4,s-228b009c623d,u-4421091e57b4,1,40.2,5.0,5.99,41.19,Debit Card,payment_complete,2026-11-03 06:33:27
ord-e5135dfed03a,s-131dd65e3ff6,u-a94be456940b,2,99.72,0.0,0.0,99.72,Credit Card,payment_complete,2026-11-03 06:35:44
ord-d6a7e6557a20,s-413c676009f4,u-e141495b06a7,1,131.98,0.0,0.0,131.98,Buy Now Pay Later,payment_complete,2026-11-03 07:23:23
ord-5fe5791461db,s-831f8ce579ce,u-220fadae7747,2,45.36,5.0,5.99,46.35,Buy Now Pay Later,payment_complete,2026-11-03 07:41:10
ord-9436ab73c6ae,s-4905c1979e21,u-56fcaa85a92f,1,104.83,0.0,0.0,104.83,Debit Card,payment_complete,2026-11-03 08:21:22
ord-8f97490c45a3,s-946d872e0b82,u-e21ca3a0976e,1,67.74,0.0,0.0,67.74,Credit Card,payment_complete,2026-11-03 08:42:21
ord-20f07baa3a7c,s-15b435c2baef,u-0af93fa7c5b3,1,59.26,0.0,0.0,59.26,Credit Card,payment_complete,2026-11-03 08:43:58
ord-d17648d68701,s-4c279fc6212f,u-19c1262aa64e,2,115.72,0.0,0.0,115.72,Debit Card,payment_complete,2026-11-03 08:58:10
ord-4efbbf4fee1c,s-f2b087246f8c,u-109f3d6f25cb,1,32.25,0.0,5.99,38.24,Credit Card,payment_complete,2026-11-03 09:09:20
ord-440531e06ddb,s-6f619d30cba0,u-7d9014b7b682,1,68.69,0.0,0.0,68.69,Digital Wallet,payment_complete,2026-11-03 09:13:46
ord-d923f448c650,s-62c5c4701b09,u-68f78f996042,1,62.56,0.0,0.0,62.56,Debit Card,payment_complete,2026-11-03 09:28:00
ord-703721937138,s-8c7729b52ba2,u-248e588c63cd,1,54.25,0.0,0.0,54.25,Debit Card,payment_complete,2026-11-03 09:37:00
ord-8fb9f9e21e35,s-5ab520a3b9c2,u-58e71ed48ee4,1,43.45,4.35,5.99,45.09,Digital Wallet,payment_complete,2026-11-03 09:38:40
ord-74e201792673,s-1cdf8e311632,u-f93621100c6b,1,40.39,0.0,5.99,46.38,Digital Wallet,payment_complete,2026-11-03 09:42:59
ord-b8a17ed64d14,s-50673df47428,u-deb447487687,1,47.39,0.0,5.99,53.38,Digital Wallet,payment_complete,2026-11-03 10:25:04
ord-2e8431569673,s-989fc1cf4180,u-27532b011fd0,2,146.74,0.0,0.0,146.74,Debit Card,payment_complete,2026-11-03 11:34:10
ord-8a3e1e11b992,s-e4f81fa8d976,u-76c8eba06aea,1,50.15,0.0,0.0,50.15,Digital Wallet,payment_complete,2026-11-03 11:51:25
ord-2577335d2235,s-4295ec2a1930,u-982d1b5ece2f,1,95.45,0.0,0.0,95.45,Digital Wallet,payment_complete,2026-11-03 12:00:49
ord-8d5632f82602,s-2fea9de9fcab,u-2b465d62e6e8,1,84.14,0.0,0.0,84.14,Credit Card,payment_complete,2026-11-03 12:30:39
ord-ae7dac1b8cf7,s-812dde90ea0e,u-34a2312cb2e3,1,66.32,0.0,0.0,66.32,Digital Wallet,payment_complete,2026-11-03 13:47:33
ord-088a025a13de,s-c6d054eb1af6,u-f7ab61e7d31e,1,57.04,0.0,0.0,57.04,Digital Wallet,payment_complete,2026-11-03 14:24:41
ord-e8e5b1f0005e,s-54ea6ec440bc,u-a79e154b6cfe,1,58.16,0.0,0.0,58.16,Buy Now Pay Later,payment_complete,2026-11-03 15:31:12
ord-b4f03275f893,s-03078acb6157,u-b78274cea4ba,1,30.34,0.0,5.99,36.33,Digital Wallet,payment_complete,2026-11-03 16:14:04
ord-af75bdd29d22,s-cd540264ea0f,u-0437c83d3e8a,1,102.14,0.0,0.0,102.14,Digital Wallet,payment_complete,2026-11-03 16:19:08
ord-fc784c3c0930,s-dc0a8f94fd83,u-44cda7069ebb,1,24.21,0.0,5.99,30.2,Buy Now Pay Later,payment_complete,2026-11-03 16:41:02
ord-742a1276702e,s-992f48c0b1bc,u-6006913a5c4f,1,56.71,0.0,0.0,56.71,Digital Wallet,payment_complete,2026-11-03 16:43:53
ord-b743a701021b,s-87de14f62df1,u-264eb793d90f,2,70.7,0.0,0.0,70.7,Credit Card,payment_complete,2026-11-03 16:45:06
ord-cb9d6d9e2df6,s-e8e8420135d8,u-ea2c667c5716,1,61.12,6.11,0.0,55.01,Debit Card,payment_complete,2026-11-03 16:46:31
ord-9f5cfb3e7c94,s-f741ee237695,u-9cd9296a5b9c,1,60.81,0.0,0.0,60.81,Debit Card,payment_complete,2026-11-03 17:02:48
ord-4c49d2eca83f,s-edc4b9e69742,u-4997fd5cab2e,1,123.34,0.0,0.0,123.34,Digital Wallet,payment_complete,2026-11-03 17:25:10
ord-f6ac89d7ab68,s-c445ed2cf3c1,u-6f44b1853fc2,1,54.19,0.0,0.0,54.19,Buy Now Pay Later,payment_complete,2026-11-03 18:41:31
ord-4e8f5bc53df1,s-cc575d964b15,u-da80c4bf9f4c,1,64.32,0.0,0.0,64.32,Digital Wallet,payment_complete,2026-11-03 19:31:35
ord-097293126a9e,s-e0f7bc0d240e,u-610a5c29d620,1,33.8,0.0,5.99,39.79,Digital Wallet,payment_complete,2026-11-03 20:00:06
ord-d54119a81a5c,s-6ba1e748309f,u-badd94fbd050,1,135.54,0.0,0.0,135.54,Digital Wallet,payment_complete,2026-11-03 20:27:24
ord-402273c8311b,s-02f3c6a0ffbe,u-5c1d220a2415,5,198.63,0.0,0.0,198.63,Buy Now Pay Later,payment_complete,2026-11-03 20:36:24
ord-1cc53aa25b00,s-7f7dd62927af,u-1aee4855403d,2,65.68,5.0,0.0,60.68,Credit Card,payment_complete,2026-11-03 20:46:50
ord-1808ecd60289,s-35fb89361357,u-0c73acfbfb2b,2,60.14,5.0,0.0,55.14,Buy Now Pay Later,payment_complete,2026-11-03 21:02:47
ord-838edbb7b2d6,s-5c49eb15a57c,u-7d8d0713f817,2,101.29,0.0,0.0,101.29,Digital Wallet,payment_complete,2026-11-03 21:06:56
ord-1837c255e869,s-29c65c3d2530,u-c1acc4b93741,1,76.72,5.0,0.0,71.72,Buy Now Pay Later,payment_complete,2026-11-03 21:24:43
ord-6cde0fcd0a24,s-879a80933456,u-490c8f76a5ee,1,66.77,0.0,0.0,66.77,Digital Wallet,payment_complete,2026-11-03 22:11:22
ord-7df6130a3de3,s-5fce8f28380a,u-d9e231062c53,1,40.17,0.0,5.99,46.16,Credit Card,payment_complete,2026-11-03 22:20:47
ord-7e43d5e4c9e1,s-be3295955787,u-e9c6bdf07046,1,36.21,0.0,5.99,42.2,Credit Card,payment_complete,2026-11-03 22:23:55
ord-484e0a23b407,s-71cd2f14284d,u-3ac9df89191f,1,77.55,0.0,0.0,77.55,Debit Card,payment_complete,2026-11-03 22:38:25
ord-8df92600f8ca,s-e67a71fc4983,u-8ca46c3a3c0e,1,47.54,0.0,5.99,53.53,Credit Card,payment_complete,2026-11-03 23:29:58
ord-eeff7ac84dd7,s-76e496d2bcc7,u-ea750b2f5e21,1,13.73,0.0,5.99,19.72,Digital Wallet,payment_complete,2026-11-03 23:43:04
ord-386f887d6525,s-e7cce0d7cb56,u-93abfe608cc3,1,40.77,0.0,5.99,46.76,Digital Wallet,payment_complete,2026-11-04 00:05:01
ord-785600a13f57,s-8d44732e6355,u-20c5246d4f1d,1,57.18,0.0,0.0,57.18,Credit Card,payment_complete,2026-11-04 00:46:44
ord-e4129ce22f8d,s-008587070406,u-39da1e018546,1,80.21,0.0,0.0,80.21,Credit Card,payment_complete,2026-11-04 01:36:04
ord-ced6d28e9805,s-34f8fc26083b,u-949818073383,1,55.24,0.0,0.0,55.24,Digital Wallet,payment_complete,2026-11-04 02:51:00
ord-aba1e9f4cbdb,s-63f597989ca1,u-597638c21443,2,68.98,0.0,0.0,68.98,Digital Wallet,payment_complete,2026-11-04 03:43:42
ord-4ce560dd9ac0,s-b70cbe42de91,u-29defecb4fcc,1,29.96,0.0,5.99,35.95,Digital Wallet,payment_complete,2026-11-04 03:47:45
ord-a7d13816a968,s-c9fe44d1469b,u-3f545cf24809,1,68.08,0.0,0.0,68.08,Digital Wallet,payment_complete,2026-11-04 04:16:11
ord-1d02bbcaff0e,s-4190d8699e04,u-1263a03a2f1a,1,51.53,0.0,0.0,51.53,Digital Wallet,payment_complete,2026-11-04 04:24:16
ord-7f72325f43f1,s-c38caf06856c,u-a1bde835eda1,1,17.08,0.0,5.99,23.07,Digital Wallet,payment_complete,2026-11-04 06:11:11
ord-091eff569c45,s-22590d53df59,u-ed8be59de3ac,1,58.54,0.0,0.0,58.54,Digital Wallet,payment_complete,2026-11-04 06:14:03
ord-b988bb387808,s-4edd7e4371f2,u-711aba05516c,1,97.54,0.0,0.0,97.54,Credit Card,payment_complete,2026-11-04 06:22:42
ord-c4be849da7c3,s-22affc57aa95,u-0e870e9ae4ca,2,166.68,0.0,0.0,166.68,Digital Wallet,payment_complete,2026-11-04 06:32:25
ord-ee103efa9c05,s-7e2093f0bf37,u-035a0c003e73,2,114.22,0.0,0.0,114.22,Credit Card,payment_complete,2026-11-04 07:38:17
ord-f1abbd3c6e44,s-acd669cb13cd,u-029c81e46b43,1,53.12,0.0,0.0,53.12,Debit Card,payment_complete,2026-11-04 08:26:09
ord-2a590167b8b8,s-ad85bf5fb51d,u-2cae60274b73,1,35.77,3.58,5.99,38.18,Debit Card,payment_complete,2026-11-04 08:37:35
ord-60b64ec007be,s-ec78c7522376,u-7bd648cc7440,1,43.03,0.0,5.99,49.02,Digital Wallet,payment_complete,2026-11-04 10:20:30
ord-5bc75e4bb589,s-d36bdca59889,u-ee6602384667,1,24.93,0.0,5.99,30.92,Credit Card,payment_complete,2026-11-04 10:26:37
ord-81b9b95b6f3c,s-ba62c3581488,u-52da5417e6c5,1,58.13,5.0,0.0,53.13,Debit Card,payment_complete,2026-11-04 11:18:03
ord-47a7025bf40a,s-f51093dea025,u-d0dba6730d60,2,149.46,0.0,0.0,149.46,Debit Card,payment_complete,2026-11-04 11:52:35
ord-928193cc78bc,s-21c52f57cff1,u-82c9233a9866,1,39.49,5.0,5.99,40.48,Debit Card,payment_complete,2026-11-04 12:17:33
ord-660da576ecc0,s-44e9e469904d,u-4412db5455b8,1,71.8,0.0,0.0,71.8,Credit Card,payment_complete,2026-11-04 12:44:00
ord-f83963866934,s-0bc1601be322,u-a20299ed6046,2,148.11,0.0,0.0,148.11,Digital Wallet,payment_complete,2026-11-04 13:31:24
ord-6ae83b67f7ab,s-0bed69140e35,u-8107fec1c4c1,1,67.38,0.0,0.0,67.38,Digital Wallet,payment_complete,2026-11-04 14:59:55
ord-870af37c91b8,s-de549c549b73,u-e454012768a8,2,83.49,0.0,0.0,83.49,Debit Card,payment_complete,2026-11-04 16:05:32
ord-9851288c0a4e,s-0fcd145d089c,u-1b119d85d858,1,58.25,0.0,0.0,58.25,Digital Wallet,payment_complete,2026-11-04 16:26:07
ord-44573da968eb,s-35cebf02e4ec,u-e892cb3ef757,1,75.68,0.0,0.0,75.68,Credit Card,payment_complete,2026-11-04 16:36:44
ord-0b0929600211,s-9e86558c7c95,u-f844abdc8d7f,1,61.12,0.0,0.0,61.12,Digital Wallet,payment_complete,2026-11-04 17:40:28
ord-5744aaf529ce,s-e8ad830f2fdf,u-567a3b1df110,1,38.06,0.0,5.99,44.05,Credit Card,payment_complete,2026-11-04 17:46:30
ord-7c412344269b,s-6ffc72c47b48,u-2be0231216ae,1,50.98,0.0,0.0,50.98,Digital Wallet,payment_complete,2026-11-04 17:57:41
ord-b450ac618c9b,s-e4b1593bd21f,u-5131cc20aa46,1,46.19,5.0,5.99,47.18,Digital Wallet,payment_complete,2026-11-04 18:36:03
ord-9e1c57b18e81,s-561c1e3844da,u-0648934bb1fb,2,148.31,0.0,0.0,148.31,Digital Wallet,payment_complete,2026-11-04 19:51:47
ord-a9194318a445,s-c014be0eb6ef,u-f55ae66f991a,1,109.84,0.0,0.0,109.84,Digital Wallet,payment_complete,2026-11-04 20:20:31
ord-b0331b644f1c,s-5727c48760ff,u-a1d587d7df60,1,40.81,0.0,5.99,46.8,Debit Card,payment_complete,2026-11-04 20:31:02
ord-0adcce9fc90a,s-af253b549065,u-62aabb815d72,3,183.3,0.0,0.0,183.3,Digital Wallet,payment_complete,2026-11-04 20:41:15
ord-dafca1b1214d,s-03ca34de0252,u-415f94ed7618,1,47.18,0.0,5.99,53.17,Digital Wallet,payment_complete,2026-11-04 21:05:18
ord-bf644c52f4e9,s-af750428ae73,u-bd31862e1b4e,1,112.46,11.25,0.0,101.21,Digital Wallet,payment_complete,2026-11-04 21:32:26
ord-d09d0860bc3a,s-1cc55f3bf6f3,u-1fe2af161e2e,1,52.61,0.0,0.0,52.61,Buy Now Pay Later,payment_complete,2026-11-04 22:10:04
ord-af922b5d3cba,s-006dd2a3f4c2,u-02e0d835f53b,2,89.85,8.98,0.0,80.87,Digital Wallet,payment_complete,2026-11-04 22:12:00
ord-885b61702003,s-ef6027545e0a,u-7bbe632e803e,1,63.88,5.0,0.0,58.88,Credit Card,payment_complete,2026-11-04 22:14:20
ord-7088757ddfcd,s-51f234b0430e,u-64d088cc22d6,2,132.64,0.0,0.0,132.64,Debit Card,payment_complete,2026-11-04 22:22:34
ord-9a88b8baf832,s-66d1ae18a262,u-76f71b195a6c,1,72.58,0.0,0.0,72.58,Credit Card,payment_complete,2026-11-04 23:47:17
ord-e5419791b02a,s-5ac98b6e4473,u-474fea5c9763,2,133.78,5.0,0.0,128.78,Digital Wallet,payment_complete,2026-11-04 23:53:05
ord-82a9ffdb7006,s-3786cbf31bb0,u-58a212b80cc4,1,62.47,0.0,0.0,62.47,Credit Card,payment_complete,2026-11-05 00:12:50
ord-fc5f5b8c259a,s-66ea139933d0,u-5a11719810d6,1,42.67,0.0,5.99,48.66,Digital Wallet,payment_complete,2026-11-05 01:50:42
ord-7572c3209039,s-7bbbc3260714,u-e0378c4725d1,3,139.54,5.0,0.0,134.54,Credit Card,payment_complete,2026-11-05 01:56:58
ord-4d85bd2d3a6a,s-5f6eacc4173e,u-2819d73b4df4,2,151.24,0.0,0.0,151.24,Digital Wallet,payment_complete,2026-11-05 02:01:54
ord-26a3f3a844b0,s-2c54b60a45e8,u-b5e221b770e2,2,70.01,7.0,0.0,63.01,Debit Card,payment_complete,2026-11-05 02:33:02
ord-18d8904a1e7a,s-f8cfa54a37fe,u-ac1393a33f7a,1,39.22,0.0,5.99,45.21,Credit Card,payment_complete,2026-11-05 02:42:32
ord-affc49979d6f,s-ae82761a1905,u-f226bab87183,3,174.39,5.0,0.0,169.39,Debit Card,payment_complete,2026-11-05 03:15:37
ord-618366bd7f0b,s-e4674a32d4b0,u-6746cd36fa1d,1,40.39,0.0,5.99,46.38,Debit Card,payment_complete,2026-11-05 03:58:49
ord-db001ebcf59d,s-13f7f425b2fd,u-14bc76f8c597,1,53.72,0.0,0.0,53.72,Digital Wallet,payment_complete,2026-11-05 04:08:09
ord-2d1d33abbf03,s-2377ea747743,u-7d934fc7abaf,1,81.11,0.0,0.0,81.11,Debit Card,payment_complete,2026-11-05 04:38:19
ord-277372730143,s-a6b0d34c1baa,u-10e3bcf98593,1,27.34,0.0,5.99,33.33,Credit Card,payment_complete,2026-11-05 05:00:01
ord-9e1a14c93bf9,s-70cfa90fb984,u-039b4902a325,2,105.61,0.0,0.0,105.61,Debit Card,payment_complete,2026-11-05 05:05:31
ord-e173679e2df5,s-05b5835e094d,u-01bd9a74d364,1,72.97,0.0,0.0,72.97,Debit Card,payment_complete,2026-11-05 05:43:19
ord-e26b58cd2d7a,s-b6faaf75a2f5,u-bc8c9434fa62,1,44.74,0.0,5.99,50.73,Buy Now Pay Later,payment_complete,2026-11-05 05:48:20
ord-68e8664a92d9,s-27d3d75c1fb7,u-5bfbf0653a5d,1,58.1,0.0,0.0,58.1,Credit Card,payment_complete,2026-11-05 06:29:43
ord-b82df66acc00,s-ae053bad853a,u-601a699400aa,1,46.71,0.0,5.99,52.7,Buy Now Pay Later,payment_complete,2026-11-05 06:47:49
ord-d94ccafd2b54,s-29c209bd067a,u-b14f6205b773,2,53.64,0.0,0.0,53.64,Debit Card,payment_complete,2026-11-05 07:03:44
ord-e87cdef2daa6,s-88e81120db16,u-41c0881a6139,2,119.47,0.0,0.0,119.47,Debit Card,payment_complete,2026-11-05 07:50:06
ord-05cb05ad3b3a,s-ee652e915042,u-fb5b0330e20d,1,61.91,0.0,0.0,61.91,Debit Card,payment_complete,2026-11-05 08:36:00
ord-f3b803b9679d,s-62ac565868fb,u-bc55a0171211,1,68.99,0.0,0.0,68.99,Credit Card,payment_complete,2026-11-05 08:47:52
ord-6628c5b21f64,s-d0fa67916fc0,u-96b3eaf84851,1,65.25,0.0,0.0,65.25,Digital Wallet,payment_complete,2026-11-05 10:00:26
ord-7ac52ab97762,s-a3eb6ab1aa86,u-0b73a9626414,1,47.18,0.0,5.99,53.17,Digital Wallet,payment_complete,2026-11-05 10:32:20
ord-669398904332,s-83f3f64c9de8,u-cd2464c74089,2,125.55,0.0,0.0,125.55,Credit Card,payment_complete,2026-11-05 11:20:08
ord-7617de57840c,s-1067777d2b7a,u-07c2a0131130,1,77.1,0.0,0.0,77.1,Debit Card,payment_complete,2026-11-05 11:49:47
ord-36099d0935e1,s-31710a01baf4,u-15b3063c38d6,2,112.09,0.0,0.0,112.09,Debit Card,payment_complete,2026-11-05 12:25:09
ord-9a1957c7166f,s-d1ca0dba0972,u-34079f85278c,1,31.22,0.0,5.99,37.21,Credit Card,payment_complete,2026-11-05 12:29:16
ord-c14639c0b3a5,s-2f2253efb847,u-5aa9f5019c44,1,29.52,5.0,5.99,30.51,Debit Card,payment_complete,2026-11-05 13:02:48
ord-6c394e7e7b66,s-9d5eb0a3d9f3,u-f8705556a860,1,35.81,0.0,5.99,41.8,Buy Now Pay Later,payment_complete,2026-11-05 13:03:28
ord-f7dcc3322533,s-3533947a11c8,u-b8e26d0fa476,1,53.7,0.0,0.0,53.7,Buy Now Pay Later,payment_complete,2026-11-05 13:22:58
ord-2678d9897acf,s-4be0f78b58ce,u-64d6e7afcf3a,1,31.88,0.0,5.99,37.87,Credit Card,payment_complete,2026-11-05 14:06:54
ord-2bcb4bb8f489,s-d9d9da235323,u-e2e0d32ea1a3,1,34.57,0.0,5.99,40.56,Credit Card,payment_complete,2026-11-05 14:31:31
ord-e7baa5b4035b,s-b9e6f386b5fe,u-1304db568892,1,50.79,0.0,0.0,50.79,Credit Card,payment_complete,2026-11-05 14:31:50
ord-e232d3a1ca77,s-8b5c50bd3bd2,u-ff56ee02a434,1,88.01,5.0,0.0,83.01,Debit Card,payment_complete,2026-11-05 14:55:33
ord-235234294cad,s-8ed2288693ec,u-674f4af9cc54,2,67.34,0.0,0.0,67.34,Credit Card,payment_complete,2026-11-05 15:39:29
ord-696f8451c061,s-499638640b4a,u-0d317123ba5d,1,28.82,0.0,5.99,34.81,Credit Card,payment_complete,2026-11-05 16:02:15
ord-21f971ec18fd,s-e530c699d34f,u-7c8e126246c5,1,62.46,6.25,0.0,56.21,Digital Wallet,payment_complete,2026-11-05 16:25:55
ord-f74d87de35de,s-bf4857efbd70,u-92377e9fec2d,1,85.28,0.0,0.0,85.28,Debit Card,payment_complete,2026-11-05 16:56:28
ord-e343ad717c83,s-c475a7ff3337,u-bd66bd180664,2,166.68,0.0,0.0,166.68,Digital Wallet,payment_complete,2026-11-05 17:19:13
ord-a65a87a5e857,s-413bdcd95e53,u-457f46c92242,1,48.82,5.0,5.99,49.81,Buy Now Pay Later,payment_complete,2026-11-05 17:33:16
ord-0b194beeccff,s-350331d55171,u-5e3bdad34384,1,55.26,0.0,0.0,55.26,Debit Card,payment_complete,2026-11-05 17:43:50
ord-33319653145e,s-5a516eb6e893,u-d4e5efdd2ace,2,70.76,0.0,0.0,70.76,Buy Now Pay Later,payment_complete,2026-11-05 18:11:14
ord-a4ca2e760381,s-45958792db3b,u-3fac3695767a,2,132.36,0.0,0.0,132.36,Buy Now Pay Later,payment_complete,2026-11-05 18:21:12
ord-3ad4b6a70f1d,s-2b558dead83f,u-8c6a8d0c13f6,1,45.92,0.0,5.99,51.91,Debit Card,payment_complete,2026-11-05 18:31:21
ord-7413e7596ef4,s-53864e876fed,u-47ec126add44,1,33.84,0.0,5.99,39.83,Credit Card,payment_complete,2026-11-05 18:32:18
ord-2bce9da7ace5,s-5eea48c9e299,u-de4082318f7b,1,26.82,5.0,5.99,27.81,Digital Wallet,payment_complete,2026-11-05 18:35:19
ord-9d7086316e02,s-4b9fca74bd08,u-39d1419e37ee,1,50.83,0.0,0.0,50.83,Digital Wallet,payment_complete,2026-11-05 18:42:50
ord-6b175f0f0e03,s-7e013a3a8bc2,u-f1c4300e3662,2,149.09,0.0,0.0,149.09,Debit Card,payment_complete,2026-11-05 18:45:07
ord-739664fe3b0e,s-0e5f7500ac33,u-5655e1c5d975,1,32.28,0.0,5.99,38.27,Credit Card,payment_complete,2026-11-05 19:13:28
ord-5b9cc45848b3,s-3672744cdefe,u-e12b308bcab8,1,32.75,0.0,5.99,38.74,Buy Now Pay Later,payment_complete,2026-11-05 19:31:07
ord-20ca5e394a64,s-a5fdc927406c,u-a17ccff1dff0,1,50.42,0.0,0.0,50.42,Buy Now Pay Later,payment_complete,2026-11-05 19:37:52
ord-5a811a126465,s-971321a4b8fc,u-87df9aa4c820,1,53.36,5.34,0.0,48.02,Credit Card,payment_complete,2026-11-05 19:46:44
ord-8656c72dce40,s-f1e3ad68e1c3,u-89d0d80e0398,3,166.9,0.0,0.0,166.9,Digital Wallet,payment_complete,2026-11-05 21:05:41
ord-068b0a3b79ce,s-f9839120283f,u-670f5faee5f2,1,67.42,6.74,0.0,60.68,Debit Card,payment_complete,2026-11-05 21:18:36
ord-124b1026d5c2,s-8fd34f503264,u-e7db982233ab,2,61.76,5.0,0.0,56.76,Credit Card,payment_complete,2026-11-05 21:24:28
ord-3913e2ab79c2,s-51d110010d5c,u-7bc7c504f993,1,57.18,5.0,0.0,52.18,Credit Card,payment_complete,2026-11-05 22:51:23
ord-cf3f7be09b3b,s-fe341678a9dd,u-13579accf8d6,1,51.8,5.0,0.0,46.8,Debit Card,payment_complete,2026-11-05 23:02:28
ord-1461f70a1c08,s-a7720532298e,u-d9b0befacdb0,1,57.23,0.0,0.0,57.23,Digital Wallet,payment_complete,2026-11-05 23:45:04
ord-7459219620b8,s-073e9ab0bf7e,u-b64f2049616d,2,124.76,0.0,0.0,124.76,Debit Card,payment_complete,2026-11-05 23:47:22
ord-5cd8be2a6835,s-af144c51b30d,u-7e4cb9bbaf37,1,46.95,4.7,5.99,48.24,Buy Now Pay Later,payment_complete,2026-11-06 00:30:06
ord-abbccf8d0146,s-cf686f7465f2,u-01edd1159d36,1,48.61,0.0,5.99,54.6,Buy Now Pay Later,payment_complete,2026-11-06 00:31:31
ord-e5722a7556d6,s-b77ae35cb1a7,u-3c516f114d66,1,38.46,0.0,5.99,44.45,Debit Card,payment_complete,2026-11-06 00:42:13
ord-26248a095f59,s-c0eeec718b04,u-dc3b053d0c09,1,33.13,0.0,5.99,39.12,Digital Wallet,payment_complete,2026-11-06 00:43:41
ord-c24607ef0a28,s-d9be7094b99d,u-62cc8814f91f,2,73.78,0.0,0.0,73.78,Debit Card,payment_complete,2026-11-06 01:13:01
ord-bc7540648a1e,s-90c4e8be2fb0,u-693083093867,1,72.27,0.0,0.0,72.27,Digital Wallet,payment_complete,2026-11-06 01:29:31
ord-26f6a3b5af29,s-8c9c06aed6cc,u-19bcc8134bfe,1,42.27,0.0,5.99,48.26,Debit Card,payment_complete,2026-11-06 03:14:23
ord-d36fa7b9d756,s-ec706f689b69,u-a0c15281e8c6,1,73.05,7.3,0.0,65.75,Credit Card,payment_complete,2026-11-06 03:23:58
ord-336c5ebe6139,s-fa887c727c80,u-6c44cf6ad160,2,151.31,0.0,0.0,151.31,Digital Wallet,payment_complete,2026-11-06 03:29:00
ord-f48517df2619,s-2fc6081e70bb,u-08e82deeaea8,1,44.21,0.0,5.99,50.2,Credit Card,payment_complete,2026-11-06 03:50:22
ord-53ae6f1a14c9,s-e320f33686b2,u-5e958bbea6ec,1,68.25,0.0,0.0,68.25,Debit Card,payment_complete,2026-11-06 04:46:58
ord-9edbafc1a39b,s-a8677b060625,u-f77da7903ceb,1,54.21,0.0,0.0,54.21,Digital Wallet,payment_complete,2026-11-06 05:12:59
ord-a1ce79e91e3e,s-258ba808c252,u-a90d839d7ec7,1,69.29,0.0,0.0,69.29,Credit Card,payment_complete,2026-11-06 05:53:42
ord-eaa9ab1a3949,s-44e07ec7ac08,u-fb2cfe24a0c8,1,82.48,0.0,0.0,82.48,Credit Card,payment_complete,2026-11-06 06:06:44
ord-2aa6d075de1c,s-a67cb1f46aeb,u-a2605d328838,1,126.82,0.0,0.0,126.82,Credit Card,payment_complete,2026-11-06 06:18:24
ord-4eeacddccc7d,s-41882ee1cd60,u-432a50d56f18,1,56.32,0.0,0.0,56.32,Digital Wallet,payment_complete,2026-11-06 06:28:36
ord-4a6b3bd6d949,s-e4db92f004f5,u-26049138588a,1,94.2,0.0,0.0,94.2,Digital Wallet,payment_complete,2026-11-06 07:31:57
ord-b7c0f201d075,s-19a045dac536,u-7536bf0b3c1b,1,111.24,0.0,0.0,111.24,Digital Wallet,payment_complete,2026-11-06 07:37:27
ord-af07c765bcb5,s-25ce020b33b7,u-e2cd0335fad0,1,63.85,0.0,0.0,63.85,Digital Wallet,payment_complete,2026-11-06 07:38:39
ord-878503bf6584,s-650804350cd8,u-d55aff2b37f0,1,19.26,0.0,5.99,25.25,Credit Card,payment_complete,2026-11-06 08:12:18
ord-ea65c760e9e1,s-534ce8c1a947,u-974373031152,1,51.25,0.0,0.0,51.25,Credit Card,payment_complete,2026-11-06 08:32:26
ord-693556f39d1f,s-91bd41e39c1f,u-c90f9b90867c,1,33.91,3.39,5.99,36.51,Debit Card,payment_complete,2026-11-06 09:03:57
ord-36f38eaddbc3,s-65123efbcc25,u-ba70c244cce1,1,101.01,0.0,0.0,101.01,Digital Wallet,payment_complete,2026-11-06 09:06:18
ord-ed3a4ae1be4c,s-1138dbaf38bb,u-cbd7f3ede504,1,83.98,5.0,0.0,78.98,Debit Card,payment_complete,2026-11-06 09:21:58
ord-9fa355c05f61,s-8784d36028f7,u-22dea451d40a,1,51.39,5.0,0.0,46.39,Buy Now Pay Later,payment_complete,2026-11-06 10:01:52
ord-ae3f385b2417,s-6aa2da21d629,u-40370e246802,2,178.74,0.0,0.0,178.74,Debit Card,payment_complete,2026-11-06 10:34:29
ord-462d10c4610a,s-97b60d61d62f,u-540cadd7b11b,1,86.05,0.0,0.0,86.05,Debit Card,payment_complete,2026-11-06 10:35:03
ord-9c4bed21bdbe,s-1b3a2dd2dfd0,u-d5c33cfc090d,1,70.15,0.0,0.0,70.15,Debit Card,payment_complete,2026-11-06 10:45:29
ord-03576e5200fd,s-3a322c07c35d,u-f86947d4315d,1,49.59,0.0,5.99,55.58,Credit Card,payment_complete,2026-11-06 11:04:28
ord-a21d0ce60db0,s-6431dee2c103,u-761f9125e80d,1,80.29,0.0,0.0,80.29,Debit Card,payment_complete,2026-11-06 11:23:45
ord-12ec10eec2b1,s-cbe2a99c3417,u-d49144ff185c,1,103.61,0.0,0.0,103.61,Digital Wallet,payment_complete,2026-11-06 11:23:47
ord-66098ff7783b,s-ba7b4604a007,u-7b99f11bceea,1,53.72,0.0,0.0,53.72,Digital Wallet,payment_complete,2026-11-06 11:39:11
ord-e8079147aef6,s-2127bf2e2a3c,u-9e65ef05e63e,1,48.77,0.0,5.99,54.76,Credit Card,payment_complete,2026-11-06 12:16:56
ord-679a4bda60b0,s-a796034303aa,u-296a6964fa8c,1,34.93,0.0,5.99,40.92,Digital Wallet,payment_complete,2026-11-06 12:32:59
ord-4acf8159c3aa,s-cd8bb417ebb9,u-71c7b0768f87,1,55.25,0.0,0.0,55.25,Credit Card,payment_complete,2026-11-06 12:40:09
ord-f8a0895b21cd,s-7ab2e0b2ba8d,u-b466e37031c5,1,52.56,0.0,0.0,52.56,Digital Wallet,payment_complete,2026-11-06 14:51:25
ord-75c0221dc099,s-c5660238af2a,u-fe4a80e74405,1,73.5,0.0,0.0,73.5,Debit Card,payment_complete,2026-11-06 15:42:26
ord-edb76c8f3c6b,s-5fef14709acc,u-492af6aab8cd,1,50.25,0.0,0.0,50.25,Buy Now Pay Later,payment_complete,2026-11-06 16:10:35
ord-0ef7ff4a67e8,s-140c17a1eedf,u-49bd65cb5254,1,104.21,0.0,0.0,104.21,Credit Card,payment_complete,2026-11-06 16:11:10
ord-821be95fff39,s-b1ad012eb581,u-435717495383,1,46.01,0.0,5.99,52.0,Buy Now Pay Later,payment_complete,2026-11-06 16:57:25
ord-37173be15700,s-02b047ba36b6,u-4bd784834223,1,75.87,0.0,0.0,75.87,Digital Wallet,payment_complete,2026-11-06 17:07:47
ord-cd9b1a82373b,s-35b8d7bff5d7,u-24d8d0a46372,1,63.82,0.0,0.0,63.82,Debit Card,payment_complete,2026-11-06 18:03:18
ord-9688e914e57b,s-1f48ad12cf73,u-8c9744d2a2e5,1,56.12,0.0,0.0,56.12,Credit Card,payment_complete,2026-11-06 18:04:42
ord-056523c4fb7f,s-527ad878edcb,u-954ef15e4d38,1,53.18,0.0,0.0,53.18,Buy Now Pay Later,payment_complete,2026-11-06 18:14:32
ord-5a653886bd9a,s-179bd9edc1d9,u-c09c6cdbdc18,1,43.4,0.0,5.99,49.39,Credit Card,payment_complete,2026-11-06 18:27:38
ord-da57a53d00ef,s-b358fc47ccf1,u-b167f8d81bde,1,74.9,0.0,0.0,74.9,Digital Wallet,payment_complete,2026-11-06 18:37:13
ord-3c7af0ce1a64,s-0229c7d8714b,u-e4768ee1c044,2,123.98,0.0,0.0,123.98,Credit Card,payment_complete,2026-11-06 19:12:04
ord-5ce73cb35f66,s-537d795ca0bf,u-bdf463205fde,1,24.22,2.42,5.99,27.79,Buy Now Pay Later,payment_complete,2026-11-06 19:31:47
ord-ffa4047d5189,s-a4c80afe3def,u-6cc416a7e990,1,79.16,0.0,0.0,79.16,Debit Card,payment_complete,2026-11-06 19:34:25
ord-68c330cb7f1e,s-d3d4e289aa44,u-f9c88af76679,3,111.39,0.0,0.0,111.39,Debit Card,payment_complete,2026-11-06 19:37:38
ord-96933dbcae5d,s-6ec115640816,u-250d49eff9ee,1,26.19,0.0,5.99,32.18,Digital Wallet,payment_complete,2026-11-06 20:03:07
ord-ce13e1a55233,s-a7d53332d871,u-9bb1d332dcd8,1,77.1,0.0,0.0,77.1,Credit Card,payment_complete,2026-11-06 20:14:11
ord-b218208d1531,s-31bb69140948,u-0830becde895,1,37.18,0.0,5.99,43.17,Credit Card,payment_complete,2026-11-06 20:21:05
ord-f11905073b07,s-32559e5f01d3,u-1182e9d2dd21,1,47.37,0.0,5.99,53.36,Buy Now Pay Later,payment_complete,2026-11-06 21:08:29
ord-fb99e9139521,s-fba9e6c8819e,u-0d75aa263ec8,1,71.88,0.0,0.0,71.88,Debit Card,payment_complete,2026-11-06 21:13:44
ord-c97847c2253c,s-be56b703f6cb,u-bc1007d4aadb,1,92.34,9.23,0.0,83.11,Buy Now Pay Later,payment_complete,2026-11-06 21:21:32
ord-a8c2bdbd107d,s-075c357ad0d4,u-07e4f05e0165,2,205.79,0.0,0.0,205.79,Credit Card,payment_complete,2026-11-06 21:29:40
ord-491de2617ef2,s-018e615dc810,u-5f994d8c33fe,1,86.86,0.0,0.0,86.86,Credit Card,payment_complete,2026-11-06 22:05:30
ord-40da02b2e14d,s-3cfc55903b6e,u-f872cd1bb138,1,50.21,0.0,0.0,50.21,Digital Wallet,payment_complete,2026-11-06 22:08:49
ord-2047d957bf94,s-1cb36a6f1925,u-4b37e419a136,1,43.78,5.0,5.99,44.77,Debit Card,payment_complete,2026-11-06 22:13:12
ord-ca79776fc83e,s-01c8edd11262,u-475fdbe327be,1,111.35,0.0,0.0,111.35,Digital Wallet,payment_complete,2026-11-06 22:15:21
ord-411b3905f8be,s-73c0c1a709d1,u-2f595973a381,2,107.0,0.0,0.0,107.0,Digital Wallet,payment_complete,2026-11-06 22:36:48
ord-68b928c236b0,s-94d92a683a01,u-c2aa98cbcdc4,2,132.64,0.0,0.0,132.64,Buy Now Pay Later,payment_complete,2026-11-06 23:18:41
ord-8b73e6aa963a,s-dd6291cc9155,u-9c00bbbf615b,3,215.04,0.0,0.0,215.04,Digital Wallet,payment_complete,2026-11-06 23:21:56
ord-70da54b731d8,s-5a0ee13b9e64,u-42f8e4dcb6b6,1,51.8,0.0,0.0,51.8,Debit Card,payment_complete,2026-11-06 23:34:31
ord-49b38945aa02,s-32852090315f,u-2ca686d4cc28,1,21.37,0.0,5.99,27.36,Buy Now Pay Later,payment_complete,2026-11-06 23:47:29
ord-d98804222c06,s-59cb6d2d0009,u-c4958cda0fc2,1,45.93,0.0,5.99,51.92,Digital Wallet,payment_complete,2026-11-07 00:15:40
ord-dbbb06ef6c75,s-9868cdebf61d,u-f793968dcb51,1,60.31,5.0,0.0,55.31,Credit Card,payment_complete,2026-11-07 00:36:41
ord-a773d6f0e1ca,s-6341a256d738,u-7df5908dd671,1,34.7,0.0,5.99,40.69,Debit Card,payment_complete,2026-11-07 01:01:23
ord-e5935045ea6a,s-0fbd717c1902,u-908975d1f7f8,1,83.98,0.0,0.0,83.98,Credit Card,payment_complete,2026-11-07 01:13:14
ord-851be30c5aab,s-2e7b59a98c6b,u-da37ca0a45de,1,74.89,0.0,0.0,74.89,Digital Wallet,payment_complete,2026-11-07 01:45:16
ord-e20461ee9ee5,s-9f4641a66e77,u-af1920f5bc41,1,49.91,0.0,5.99,55.9,Digital Wallet,payment_complete,2026-11-07 02:20:00
ord-41926ced2754,s-1e9ac3bd8668,u-44e377477cbe,1,33.57,0.0,5.99,39.56,Digital Wallet,payment_complete,2026-11-07 03:02:34
ord-5749131b5887,s-9463008c91f8,u-db8e3af398c6,2,89.22,0.0,0.0,89.22,Debit Card,payment_complete,2026-11-07 03:42:19
ord-22175f26d952,s-68b3b43d3423,u-1039aff62616,2,146.35,0.0,0.0,146.35,Buy Now Pay Later,payment_complete,2026-11-07 04:21:40
ord-53c86f4a9b22,s-93c8e8ed1b23,u-7404458df085,1,70.02,0.0,0.0,70.02,Digital Wallet,payment_complete,2026-11-07 04:40:59
ord-42a77d3488d4,s-eeef2f78bd10,u-c09fef95181c,1,32.87,0.0,5.99,38.86,Credit Card,payment_complete,2026-11-07 04:41:04
ord-f34e1845b14d,s-7b07f9883d30,u-912a0a5ac9f8,1,72.66,0.0,0.0,72.66,Digital Wallet,payment_complete,2026-11-07 04:45:41
ord-c517220da7cd,s-e60b419f25a1,u-4abd541e6184,1,88.26,0.0,0.0,88.26,Digital Wallet,payment_complete,2026-11-07 05:03:23
ord-fe002d3c177c,s-53118812ac17,u-56eb25afcf41,1,74.73,0.0,0.0,74.73,Credit Card,payment_complete,2026-11-07 05:45:06
ord-6041928a066e,s-4b492ef665ba,u-7c4eba28271a,1,77.68,0.0,0.0,77.68,Digital Wallet,payment_complete,2026-11-07 06:35:06
ord-4fe8dd769fb4,s-59adad82a9a8,u-3fa1975209f7,1,101.56,0.0,0.0,101.56,Debit Card,payment_complete,2026-11-07 06:39:51
ord-bb27ffdefd53,s-11c78dd26067,u-fbe2be23d611,1,37.38,0.0,5.99,43.37,Buy Now Pay Later,payment_complete,2026-11-07 07:10:25
ord-d2bf8bf80366,s-c23a88720c6e,u-a6eef4123106,2,78.57,0.0,0.0,78.57,Credit Card,payment_complete,2026-11-07 07:40:10
ord-a1ba803f04f4,s-b3295017d931,u-e0902acc0cc8,2,91.44,5.0,0.0,86.44,Credit Card,payment_complete,2026-11-07 08:14:10
ord-3fabf147896a,s-17b0a81d158b,u-32f98d2e71ee,1,71.29,0.0,0.0,71.29,Debit Card,payment_complete,2026-11-07 08:54:56
ord-d2c800a51a20,s-98f113992d24,u-eb7058e02c0b,1,43.66,0.0,5.99,49.65,Digital Wallet,payment_complete,2026-11-07 10:36:06
ord-89f2a927cac2,s-c8b53e629010,u-27b43bdbc179,1,76.2,0.0,0.0,76.2,Digital Wallet,payment_complete,2026-11-07 10:48:35
ord-bd2c58a324c9,s-40acf314206e,u-034086475eff,2,122.38,0.0,0.0,122.38,Digital Wallet,payment_complete,2026-11-07 11:04:22
ord-0e52f105aef4,s-c417224ef625,u-08f7440c8f7a,3,177.36,5.0,0.0,172.36,Buy Now Pay Later,payment_complete,2026-11-07 11:13:28
ord-d8c39bca1a63,s-986b4ddc2709,u-6217dfaba183,2,74.92,0.0,0.0,74.92,Digital Wallet,payment_complete,2026-11-07 11:52:01
ord-43e919dfcb52,s-de7cdaca3ee2,u-8387b7b75a87,1,62.74,0.0,0.0,62.74,Digital Wallet,payment_complete,2026-11-07 12:26:35
ord-c0bebd881151,s-d2e363b7d376,u-a2007f6eeb6f,1,88.95,0.0,0.0,88.95,Credit Card,payment_complete,2026-11-07 12:48:29
ord-ddadfd896957,s-b25d774fcc97,u-a09fe0018e0e,2,150.8,0.0,0.0,150.8,Debit Card,payment_complete,2026-11-07 13:03:01
ord-9c444193fae7,s-7e94acbed9b3,u-a97e595b1d5f,2,148.84,0.0,0.0,148.84,Credit Card,payment_complete,2026-11-07 13:09:39
ord-2ba8da9e34b7,s-8859d8b430da,u-933d8a9d1b00,1,67.53,5.0,0.0,62.53,Digital Wallet,payment_complete,2026-11-07 13:24:35
ord-43ad98aba5f5,s-00c7a070fe12,u-11f70110b9a4,1,43.27,0.0,5.99,49.26,Digital Wallet,payment_complete,2026-11-07 14:06:00
ord-f4afa91485ca,s-2a92e9324952,u-cbfb9022073b,1,50.02,0.0,0.0,50.02,Credit Card,payment_complete,2026-11-07 14:08:44
ord-328f96cd7a19,s-d72fd2026fc0,u-68cf4fcc1875,2,89.62,0.0,0.0,89.62,Digital Wallet,payment_complete,2026-11-07 14:21:28
ord-2477549ab2b6,s-5224d2333680,u-56243e785898,1,116.53,0.0,0.0,116.53,Credit Card,payment_complete,2026-11-07 14:34:40
ord-733c29460ba1,s-c56a8e320c55,u-e4dddb76ca62,1,56.92,0.0,0.0,56.92,Debit Card,payment_complete,2026-11-07 14:48:04
ord-3607158bce93,s-7a951377494a,u-11987c5f19db,1,61.72,0.0,0.0,61.72,Credit Card,payment_complete,2026-11-07 14:57:03
ord-5d649b98340f,s-df30977feee4,u-0570e9e759fc,3,271.26,0.0,0.0,271.26,Digital Wallet,payment_complete,2026-11-07 15:10:52
ord-1e4c705d025f,s-363df2c2a086,u-552e2e2d0495,2,106.78,0.0,0.0,106.78,Credit Card,payment_complete,2026-11-07 15:14:43
ord-d0c2e93a1594,s-1c1041088165,u-03cd302250ed,1,29.33,0.0,5.99,35.32,Credit Card,payment_complete,2026-11-07 16:02:52
ord-61f732e58000,s-44441e8bfee8,u-4f9edc2dc00f,2,63.5,0.0,0.0,63.5,Debit Card,payment_complete,2026-11-07 16:36:18
ord-c0e515d82226,s-7c6befa813d9,u-d9a17eeee3fd,1,80.68,5.0,0.0,75.68,Digital Wallet,payment_complete,2026-11-07 16:44:51
ord-3633397fb3ff,s-511f96919995,u-89041ce9b3fe,1,103.42,0.0,0.0,103.42,Digital Wallet,payment_complete,2026-11-07 16:48:30
ord-7dc136fa434c,s-b056bf4c9e84,u-0671bf5b1800,1,19.7,0.0,5.99,25.69,Digital Wallet,payment_complete,2026-11-07 16:51:46
ord-1c5cd23d60c2,s-3f3703dba288,u-b5bde0ea379a,3,132.63,5.0,0.0,127.63,Digital Wallet,payment_complete,2026-11-07 17:05:02
ord-045c187efbbc,s-cfdf09d2e67b,u-daa7287368b7,1,78.46,0.0,0.0,78.46,Credit Card,payment_complete,2026-11-07 17:12:59
ord-3dd36b0bb614,s-1b735da5c2a5,u-f8feafe6820e,1,71.13,0.0,0.0,71.13,Credit Card,payment_complete,2026-11-07 17:56:20
ord-5b360a9b3590,s-f6f199305e0f,u-fb7809f94ce5,2,84.48,8.45,0.0,76.03,Debit Card,payment_complete,2026-11-07 18:22:23
ord-0b1a09331ebb,s-3b1a8e8419c6,u-5d7f02005e5b,1,76.75,0.0,0.0,76.75,Credit Card,payment_complete,2026-11-07 18:31:47
ord-eb4104495b0e,s-f02986712848,u-f174a1e66cee,1,45.18,4.52,5.99,46.65,Digital Wallet,payment_complete,2026-11-07 18:36:39
ord-3d0d4ecb686c,s-c61a64648487,u-b2f545bbda64,2,153.08,0.0,0.0,153.08,Buy Now Pay Later,payment_complete,2026-11-07 19:25:59
ord-ca1c47ab5fcc,s-60ff340cc245,u-eba71a0aed86,1,68.58,0.0,0.0,68.58,Credit Card,payment_complete,2026-11-07 19:45:42
ord-a0c191446267,s-7f9384168326,u-81cbacf55b95,1,58.37,0.0,0.0,58.37,Digital Wallet,payment_complete,2026-11-07 21:04:58
ord-2100f6179cd1,s-619ad89b5b48,u-f63f846cb34e,1,39.69,0.0,5.99,45.68,Digital Wallet,payment_complete,2026-11-07 21:16:14
ord-ed447b7d867f,s-6bdce2b5869d,u-3582313a6a09,1,22.68,0.0,5.99,28.67,Digital Wallet,payment_complete,2026-11-07 21:20:48
ord-bb12b5c06a80,s-445b5376e565,u-5827462428c5,2,109.58,0.0,0.0,109.58,Debit Card,payment_complete,2026-11-07 21:45:38
ord-90bfb7a43086,s-1d9c474f29f4,u-f73575dacfe9,1,93.75,0.0,0.0,93.75,Credit Card,payment_complete,2026-11-07 22:18:41
ord-c0efcc7342bc,s-35290f5c0aee,u-315cc9c4f9ce,2,94.96,5.0,0.0,89.96,Credit Card,payment_complete,2026-11-07 23:12:36
ord-3b15cc7c20be,s-c3e39f51aa2b,u-8cc917edb1ea,1,58.16,5.82,0.0,52.34,Buy Now Pay Later,payment_complete,2026-11-07 23:55:29
ord-5efbe8502db7,s-47f7f20bacf3,u-ed9b3f714fed,1,58.9,0.0,0.0,58.9,Digital Wallet,payment_complete,2026-11-08 00:07:28
ord-dfa52a9deaef,s-b7ad1f27a1ff,u-6f801f5f0bce,1,73.21,0.0,0.0,73.21,Credit Card,payment_complete,2026-11-08 00:54:18
ord-e85e6314c15f,s-06d483e31d95,u-678987f03a03,1,67.91,0.0,0.0,67.91,Buy Now Pay Later,payment_complete,2026-11-08 02:22:35
ord-829c1dbef2c3,s-a5dcc480dcc7,u-929ec4a43ca9,1,64.56,0.0,0.0,64.56,Credit Card,payment_complete,2026-11-08 03:04:58
ord-60fcf92a153a,s-1812a6dc54e1,u-0159b5d8d613,1,76.49,0.0,0.0,76.49,Digital Wallet,payment_complete,2026-11-08 03:21:41
ord-78632e4258ff,s-745d5cbe258f,u-d5252a434a0e,1,17.08,5.0,5.99,18.07,Digital Wallet,payment_complete,2026-11-08 04:43:00
ord-f9955f1ce12c,s-e4e76e73c6eb,u-fb565dd6f7a8,1,71.8,0.0,0.0,71.8,Buy Now Pay Later,payment_complete,2026-11-08 04:51:38
ord-8991ec8fa699,s-03549be50386,u-589854eebf67,1,18.87,0.0,5.99,24.86,Debit Card,payment_complete,2026-11-08 05:10:59
ord-fdb0e9becacf,s-fbf8e5ac996a,u-4b5db11e7e10,2,90.3,9.03,0.0,81.27,Buy Now Pay Later,payment_complete,2026-11-08 05:25:00
ord-04ac89034895,s-34ce4964ad72,u-8a7ea7c1318b,1,87.53,0.0,0.0,87.53,Digital Wallet,payment_complete,2026-11-08 05:30:11
ord-3480c6ac3ec4,s-a219ed2c50cf,u-e208552bad96,1,33.34,0.0,5.99,39.33,Digital Wallet,payment_complete,2026-11-08 05:53:04
ord-4ee4f421cd3a,s-0c5e9848b657,u-176100db0cbb,1,44.6,0.0,5.99,50.59,Digital Wallet,payment_complete,2026-11-08 07:08:53
ord-ea6dc5475ec6,s-69097299298c,u-ab56bf16c826,1,67.91,6.79,0.0,61.12,Digital Wallet,payment_complete,2026-11-08 07:20:11
ord-f59026fa147c,s-e308652ea8ea,u-c45f1cdb6b05,1,53.35,0.0,0.0,53.35,Credit Card,payment_complete,2026-11-08 07:36:54
ord-14867d80b232,s-88d89dcf1c48,u-01acd03162f8,1,59.74,0.0,0.0,59.74,Digital Wallet,payment_complete,2026-11-08 07:47:16
ord-67109e22a797,s-0de9b6ec38fe,u-473fb3ec4662,1,147.86,14.79,0.0,133.07,Digital Wallet,payment_complete,2026-11-08 08:29:23
ord-f9b5f2caad8c,s-62a0f9bd2020,u-10eb55224fc1,2,97.5,0.0,0.0,97.5,Credit Card,payment_complete,2026-11-08 08:36:51
ord-83c6e6009e6e,s-b1684ff656fb,u-9b63d51807a1,1,91.55,0.0,0.0,91.55,Digital Wallet,payment_complete,2026-11-08 08:39:58
ord-c9a7289e9f6d,s-2571b60aa98f,u-61ca88bb34b9,1,61.59,0.0,0.0,61.59,Debit Card,payment_complete,2026-11-08 08:52:42
ord-397291e1ca66,s-31ab0caf3f81,u-ffa7cbf60684,1,53.39,5.0,0.0,48.39,Digital Wallet,payment_complete,2026-11-08 09:56:36
ord-92a7bd1a623a,s-648d08ab0d0a,u-67ad32dffc36,1,46.87,5.0,5.99,47.86,Buy Now Pay Later,payment_complete,2026-11-08 09:57:57
ord-86f7d4a45f77,s-26a7a7b22daf,u-7b5781274eba,1,73.23,0.0,0.0,73.23,Digital Wallet,payment_complete,2026-11-08 10:05:25
ord-0f0c75504bed,s-57a3918815e3,u-c0c1f1bb0ca4,5,345.53,0.0,0.0,345.53,Digital Wallet,payment_complete,2026-11-08 10:07:49
ord-bd59e600363e,s-24b6c7b8a461,u-3476bf8c500a,2,185.38,0.0,0.0,185.38,Digital Wallet,payment_complete,2026-11-08 10:24:12
ord-32467f7a43bd,s-80413e0400cd,u-13c2ff7dc52e,1,36.66,0.0,5.99,42.65,Digital Wallet,payment_complete,2026-11-08 11:00:43
ord-e49ac961c1ac,s-df1d7360d1b3,u-e47d51480bbe,1,24.22,0.0,5.99,30.21,Debit Card,payment_complete,2026-11-08 11:18:29
ord-ec38ab346677,s-fa8d32aff9a3,u-dd0ffc068761,2,119.65,5.0,0.0,114.65,Digital Wallet,payment_complete,2026-11-08 12:08:20
ord-ea0ae945e09c,s-a2a380e0527a,u-4f3e913700ff,1,47.48,5.0,5.99,48.47,Buy Now Pay Later,payment_complete,2026-11-08 12:22:27
ord-1371b1a4eda9,s-4abe6159c7cb,u-16af5c5fed9e,1,45.04,0.0,5.99,51.03,Buy Now Pay Later,payment_complete,2026-11-08 12:25:01
ord-8b3f7ca6c9c2,s-e5420cdbdebd,u-5f279c30686f,2,98.71,0.0,0.0,98.71,Digital Wallet,payment_complete,2026-11-08 12:36:43
ord-cf7dfda36bfd,s-e0c88ad55894,u-16ae550ab5e0,1,50.21,0.0,0.0,50.21,Digital Wallet,payment_complete,2026-11-08 12:55:40
ord-0bea86a76002,s-d4615f3e41bf,u-c18ec99279c7,1,48.86,0.0,5.99,54.85,Credit Card,payment_complete,2026-11-08 14:16:33
ord-043cda2003c8,s-fb20d5ce35ec,u-ebfe3401c405,1,19.82,0.0,5.99,25.81,Buy Now Pay Later,payment_complete,2026-11-08 14:40:32
ord-d70f154c0cbc,s-2fb973e526be,u-dc5ed498101e,1,86.75,0.0,0.0,86.75,Digital Wallet,payment_complete,2026-11-08 15:25:55
ord-3047ee233db4,s-04fe9a63fb73,u-f5a13c8bbdd0,1,27.39,0.0,5.99,33.38,Credit Card,payment_complete,2026-11-08 15:45:37
ord-a1f2469af2e7,s-ec194cf875d2,u-3d4529b25c66,3,158.01,0.0,0.0,158.01,Debit Card,payment_complete,2026-11-08 16:01:05
ord-e68084e17962,s-7be2127f1549,u-03026484ab62,1,53.5,0.0,0.0,53.5,Credit Card,payment_complete,2026-11-08 16:06:57
ord-a01427ca6a57,s-38761af60692,u-5bf0dd983623,1,51.28,0.0,0.0,51.28,Credit Card,payment_complete,2026-11-08 16:28:11
ord-0f12ea13316f,s-b074931f8ec5,u-e926db8f0361,1,59.37,5.0,0.0,54.37,Credit Card,payment_complete,2026-11-08 16:31:39
ord-a9c829ed8a44,s-506fe93aabb0,u-69e433cb7c2c,1,133.7,5.0,0.0,128.7,Credit Card,payment_complete,2026-11-08 17:06:59
ord-a9d50afad452,s-db1133b48c7a,u-9e317398f380,1,30.34,3.03,5.99,33.3,Digital Wallet,payment_complete,2026-11-08 17:12:27
ord-fe34fa334d24,s-07520d7df238,u-796a8691adce,1,59.96,0.0,0.0,59.96,Debit Card,payment_complete,2026-11-08 17:26:54
ord-80ae6bbd70fb,s-cb7f08fa05a0,u-743aa261007f,2,54.9,5.49,0.0,49.41,Digital Wallet,payment_complete,2026-11-08 17:36:37
ord-cec8005907ba,s-4f7a69127479,u-2db971c6d104,1,52.41,0.0,0.0,52.41,Digital Wallet,payment_complete,2026-11-08 17:37:50
ord-fabd9a7984b8,s-aef3f424d0ec,u-48f3f21df948,1,76.85,0.0,0.0,76.85,Debit Card,payment_complete,2026-11-08 17:40:17
ord-845e2f10e597,s-7dcaf684f3dc,u-5961862721b8,1,61.88,0.0,0.0,61.88,Credit Card,payment_complete,2026-11-08 18:04:56
ord-acf93454167c,s-f4d5fe06eed2,u-1133fd2661f2,1,32.33,0.0,5.99,38.32,Credit Card,payment_complete,2026-11-08 20:28:29
ord-060640f45c1e,s-da2129e438c1,u-70384382ab6c,5,149.25,5.0,0.0,144.25,Digital Wallet,payment_complete,2026-11-08 21:12:49
ord-9cb978a825e4,s-cb3aeb88cbd2,u-deb966c1db4c,1,70.02,5.0,0.0,65.02,Buy Now Pay Later,payment_complete,2026-11-08 21:15:47
ord-963d31a3bb32,s-4789f90ac83d,u-87df9aa4c820,1,57.33,0.0,0.0,57.33,Credit Card,payment_complete,2026-11-08 21:36:54
ord-84127059443c,s-20a158a7c8b7,u-67d91d45cac2,1,23.55,2.35,5.99,27.19,Credit Card,payment_complete,2026-11-08 22:12:37
ord-8e4eb0cf472a,s-a7ac94bd15ed,u-3f5f3211c3f7,1,57.56,0.0,0.0,57.56,Credit Card,payment_complete,2026-11-08 22:14:04
ord-22b85d803631,s-a7490671900c,u-79b7fd6ac8f7,1,31.88,0.0,5.99,37.87,Credit Card,payment_complete,2026-11-08 22:48:12
ord-e7720c6c8016,s-7322efea9557,u-98c246296113,1,55.29,5.0,0.0,50.29,Debit Card,payment_complete,2026-11-08 22:54:18
ord-5f5f809ade38,s-f4331ae1ead7,u-796a8691adce,3,143.15,0.0,0.0,143.15,Buy Now Pay Later,payment_complete,2026-11-08 23:24:26
ord-694acc16229a,s-48fc62621ec3,u-1787bd5e2213,3,157.58,0.0,0.0,157.58,Buy Now Pay Later,payment_complete,2026-11-09 00:24:09
ord-f6dbff1f5929,s-c3e89df50794,u-9455efb73c06,3,168.44,5.0,0.0,163.44,Digital Wallet,payment_complete,2026-11-09 00:28:32
ord-67371f262c72,s-10ef70fa476e,u-d75e93fe3d04,1,60.23,0.0,0.0,60.23,Credit Card,payment_complete,2026-11-09 00:36:49
ord-64b6ff0a4ddc,s-761ef6e5fc15,u-23d388ed6732,1,59.43,0.0,0.0,59.43,Credit Card,payment_complete,2026-11-09 01:05:05
ord-0215d9a59dfc,s-4fdff8c9d0a2,u-c6c5d67beb2e,2,110.38,0.0,0.0,110.38,Digital Wallet,payment_complete,2026-11-09 01:28:13
ord-6a2746cb9838,s-1c3d9f4ee9d9,u-0232987f5cbc,2,47.86,0.0,5.99,53.85,Credit Card,payment_complete,2026-11-09 01:32:48
ord-0ceb5742ae43,s-52e215c4d402,u-e5b5c6f96438,1,43.23,0.0,5.99,49.22,Digital Wallet,payment_complete,2026-11-09 01:34:49
ord-db237bf6057e,s-39e2d2452ada,u-200b7a0b0136,1,28.14,2.81,5.99,31.32,Credit Card,payment_complete,2026-11-09 01:53:35
ord-21a49876c008,s-c148ec458b52,u-43b5bebe465b,1,49.23,0.0,5.99,55.22,Digital Wallet,payment_complete,2026-11-09 02:00:29
ord-aaa58d456201,s-99a5b5c16a91,u-224a7b8fb1f7,1,49.85,0.0,5.99,55.84,Credit Card,payment_complete,2026-11-09 02:14:20
ord-5a3aeb347f15,s-2da37bb001b9,u-89e175fcf83f,2,101.02,0.0,0.0,101.02,Digital Wallet,payment_complete,2026-11-09 02:21:28
ord-7ef93aae1e6c,s-215cf26c2cff,u-50c975376e6b,2,120.76,0.0,0.0,120.76,Digital Wallet,payment_complete,2026-11-09 02:23:45
ord-eba3edece4aa,s-7e459d8c08e4,u-40fcf321817d,1,24.83,0.0,5.99,30.82,Digital Wallet,payment_complete,2026-11-09 02:30:09
ord-6742be32db5f,s-652ca5cf27ec,u-a2750aca0f12,1,84.25,0.0,0.0,84.25,Credit Card,payment_complete,2026-11-09 02:32:32
ord-25767ec741a3,s-5e9458e3e9c6,u-5aa9ed1c2ad9,1,84.67,0.0,0.0,84.67,Debit Card,payment_complete,2026-11-09 03:21:36
ord-3ca7ccff48c8,s-3617412e80a5,u-3e53a773e795,1,24.23,0.0,5.99,30.22,Digital Wallet,payment_complete,2026-11-09 03:58:59
ord-2e2b42900333,s-f9d4ff94531b,u-f50675937054,1,92.22,0.0,0.0,92.22,Digital Wallet,payment_complete,2026-11-09 04:01:01
ord-7947f78c4d71,s-a3d1944dc771,u-441b5e31db3e,1,49.97,0.0,5.99,55.96,Credit Card,payment_complete,2026-11-09 04:15:58
ord-d0b1d8876fea,s-8dd320aa4ac4,u-f70ac6414d5a,1,24.92,0.0,5.99,30.91,Digital Wallet,payment_complete,2026-11-09 04:47:55
ord-ab738595909b,s-e50c8c0b4fc9,u-25a2aa00704d,1,77.43,0.0,0.0,77.43,Digital Wallet,payment_complete,2026-11-09 05:13:34
ord-2934f65a2ab3,s-c39c715688f0,u-9e21a9e59a3e,1,24.7,0.0,5.99,30.69,Credit Card,payment_complete,2026-11-09 05:51:41
ord-38b2552c4889,s-8b4828de2192,u-82a41819d2d6,1,101.01,0.0,0.0,101.01,Digital Wallet,payment_complete,2026-11-09 05:52:33
ord-11a273455232,s-46598c668ea2,u-88bca72bc5ec,1,52.3,0.0,0.0,52.3,Buy Now Pay Later,payment_complete,2026-11-09 06:13:02
ord-4820580ba0f5,s-49b843042573,u-aeee1faff608,1,117.93,0.0,0.0,117.93,Digital Wallet,payment_complete,2026-11-09 06:45:33
ord-a07064bec6fa,s-a872ea26ebc8,u-8e1273b6312c,1,41.21,0.0,5.99,47.2,Digital Wallet,payment_complete,2026-11-09 06:55:30
ord-7b5eb99aebc8,s-85d89ef55909,u-16b9d617443c,1,33.02,0.0,5.99,39.01,Digital Wallet,payment_complete,2026-11-09 06:58:26
ord-5c590c2f6cda,s-983299f4d368,u-a96bbfc99a2e,2,111.61,0.0,0.0,111.61,Digital Wallet,payment_complete,2026-11-09 07:35:43
ord-a76490167508,s-898cccd36b5b,u-7d65e8bfb431,1,103.42,0.0,0.0,103.42,Digital Wallet,payment_complete,2026-11-09 07:55:18
ord-2857efeb95e8,s-99f88d02d8f0,u-d719f3cb8026,2,209.78,0.0,0.0,209.78,Buy Now Pay Later,payment_complete,2026-11-09 08:15:25
ord-821e59c57e43,s-d73cbd7a2579,u-b33b9f720d4a,1,58.33,0.0,0.0,58.33,Credit Card,payment_complete,2026-11-09 09:08:39
ord-08c158209340,s-2dd54e3f9675,u-476a56012119,2,118.95,0.0,0.0,118.95,Digital Wallet,payment_complete,2026-11-09 09:32:16
ord-7b1f12d00761,s-1c1832bb2ee6,u-7c6d5c43369f,1,18.65,0.0,5.99,24.64,Buy Now Pay Later,payment_complete,2026-11-09 10:19:12
ord-2ab3ba224b6a,s-cb7ebb66fbb9,u-2ab422e43e98,1,55.96,0.0,0.0,55.96,Digital Wallet,payment_complete,2026-11-09 10:52:39
ord-c84a77f50389,s-2929c1ed2ab3,u-1b5eb15ea79e,1,70.25,0.0,0.0,70.25,Credit Card,payment_complete,2026-11-09 10:53:37
ord-0ba4b7350a6e,s-bdcffd3bc485,u-35e633fd374c,1,57.7,0.0,0.0,57.7,Credit Card,payment_complete,2026-11-09 11:42:37
ord-9c4a6c1ee765,s-c2bb5921ae2c,u-e2f5363609c5,1,73.91,0.0,0.0,73.91,Debit Card,payment_complete,2026-11-09 11:43:13
ord-d9101cf484ad,s-077ee0acf1e5,u-a51c6a4243af,1,28.02,2.8,5.99,31.21,Debit Card,payment_complete,2026-11-09 12:51:34
ord-2f64e2ada732,s-08e17e711fa6,u-035a0c003e73,1,104.08,0.0,0.0,104.08,Digital Wallet,payment_complete,2026-11-09 12:52:24
ord-675d5a9f3633,s-959d2024d15a,u-db05e04853c5,1,67.91,0.0,0.0,67.91,Debit Card,payment_complete,2026-11-09 13:19:23
ord-be12ca86e0ba,s-4bb973708270,u-ede5e5f39262,1,68.46,0.0,0.0,68.46,Credit Card,payment_complete,2026-11-09 14:19:59
ord-2476647e49cd,s-7f2c9183500e,u-dfb49ada630f,1,51.91,5.19,0.0,46.72,Debit Card,payment_complete,2026-11-09 14:25:09
ord-fc84279f6263,s-1e044bab93d9,u-72268e827080,1,46.95,0.0,5.99,52.94,Debit Card,payment_complete,2026-11-09 15:32:32
ord-b15f0c5e46e8,s-f9dd7c3afdc6,u-f5e9281f0ca4,1,77.47,0.0,0.0,77.47,Buy Now Pay Later,payment_complete,2026-11-09 16:02:44
ord-de4d1dbaf902,s-145780364a35,u-b5ca5b6496c5,1,58.43,0.0,0.0,58.43,Digital Wallet,payment_complete,2026-11-09 16:19:30
ord-7a46c1ff90d5,s-4cc3d17037e3,u-c3be215fd76d,2,110.2,0.0,0.0,110.2,Credit Card,payment_complete,2026-11-09 16:21:12
ord-e7e8cd4d4e0e,s-8410cf7ceb0b,u-7abe6a4d165e,2,135.3,0.0,0.0,135.3,Buy Now Pay Later,payment_complete,2026-11-09 16:27:10
ord-dbdfe9af6d2d,s-56db14136788,u-31806967c81c,1,38.95,0.0,5.99,44.94,Credit Card,payment_complete,2026-11-09 16:30:47
ord-060b3e10049c,s-6b676d6a405c,u-5b19e9ebf9a2,3,181.85,0.0,0.0,181.85,Debit Card,payment_complete,2026-11-09 16:34:28
ord-f31ce0a9b92a,s-054f635084c3,u-df910f4db729,1,63.8,0.0,0.0,63.8,Buy Now Pay Later,payment_complete,2026-11-09 16:42:58
ord-7c5707a13410,s-51eb10808e9a,u-750b12aef467,1,45.67,0.0,5.99,51.66,Credit Card,payment_complete,2026-11-09 16:56:09
ord-f3e05c5d61db,s-069923956d21,u-b9433a8fcb36,2,31.02,0.0,5.99,37.01,Credit Card,payment_complete,2026-11-09 17:21:45
ord-83da982edc67,s-53418ac2456f,u-2c1d7af66ec7,1,48.76,0.0,5.99,54.75,Digital Wallet,payment_complete,2026-11-09 17:32:02
ord-70b0c5bf0cd1,s-59b29f6620be,u-b02508082ee4,1,109.84,0.0,0.0,109.84,Credit Card,payment_complete,2026-11-09 17:34:12
ord-d669bb66d431,s-2a3658259ed4,u-88804a0bb967,1,25.09,0.0,5.99,31.08,Digital Wallet,payment_complete,2026-11-09 18:42:03
ord-74fded92a2b5,s-8844f9633a65,u-329363aec2c1,1,56.32,0.0,0.0,56.32,Debit Card,payment_complete,2026-11-09 18:47:28
ord-41c3a95fc2d4,s-149b474e6920,u-e6793229a788,1,54.04,0.0,0.0,54.04,Debit Card,payment_complete,2026-11-09 19:23:14
ord-9514f7faf6b8,s-ebd2df6b2031,u-03e409b084e3,1,59.8,5.0,0.0,54.8,Debit Card,payment_complete,2026-11-09 19:26:01
ord-ffc7edc51c75,s-f19174a4c851,u-7ff80446ee13,1,82.6,8.26,0.0,74.34,Debit Card,payment_complete,2026-11-09 19:38:36
ord-87668631712c,s-544e761fc709,u-9146878d4e0c,2,128.31,0.0,0.0,128.31,Digital Wallet,payment_complete,2026-11-09 20:43:40
ord-999fa137280e,s-3e0c921fc872,u-3e7191e04e25,1,58.37,5.0,0.0,53.37,Credit Card,payment_complete,2026-11-09 21:02:01
ord-e5ca29c5ff43,s-e620dd99d3d3,u-304791851a50,1,53.63,0.0,0.0,53.63,Buy Now Pay Later,payment_complete,2026-11-09 21:22:07
ord-a6103a8f6589,s-4e587af6eb28,u-ac577b528dd4,1,38.89,0.0,5.99,44.88,Digital Wallet,payment_complete,2026-11-09 22:00:39
ord-f4f6f20277d8,s-82514fc8c595,u-202dee0f92df,2,159.89,5.0,0.0,154.89,Debit Card,payment_complete,2026-11-09 22:01:05
ord-b112b703047a,s-95aa6f5708ec,u-f5cdbd32c49d,2,62.92,6.29,0.0,56.63,Digital Wallet,payment_complete,2026-11-09 22:51:09
ord-eba3dbbcc569,s-fee6ad6f79f4,u-e9d44b733159,2,123.88,0.0,0.0,123.88,Digital Wallet,payment_complete,2026-11-09 23:17:56
ord-cdc2dbe1ac65,s-cf5235bd2bd4,u-dd0ffc068761,1,112.46,0.0,0.0,112.46,Digital Wallet,payment_complete,2026-11-09 23:28:23
ord-807a16b2c9d8,s-4f00e9aef082,u-318cbbc8bcb3,1,40.66,0.0,5.99,46.65,Debit Card,payment_complete,2026-11-09 23:55:27
ord-2b571e6dbfad,s-d5987f14d81e,u-b288affc8275,3,132.12,0.0,0.0,132.12,Credit Card,payment_complete,2026-11-10 00:22:47
ord-9c01de988c69,s-2129ca163734,u-d69da6657cc7,1,79.36,0.0,0.0,79.36,Digital Wallet,payment_complete,2026-11-10 00:33:33
ord-1b660fdfffdd,s-d547ba21bcee,u-917fa67f64db,1,28.49,0.0,5.99,34.48,Credit Card,payment_complete,2026-11-10 00:45:08
ord-27bce6eabef2,s-e9988087596a,u-b6c422b485c6,1,33.13,0.0,5.99,39.12,Digital Wallet,payment_complete,2026-11-10 01:09:48
ord-54f74296d623,s-256dd3d4dba5,u-65b3eb5a4bad,2,85.1,0.0,0.0,85.1,Digital Wallet,payment_complete,2026-11-10 01:23:28
ord-5a33d52f6ad5,s-69c72d20a0dd,u-4b0b7cdf8bad,1,60.89,6.09,0.0,54.8,Buy Now Pay Later,payment_complete,2026-11-10 01:39:18
ord-d8d5acc23d26,s-239ffc4e8821,u-064b2d98675c,1,54.12,0.0,0.0,54.12,Digital Wallet,payment_complete,2026-11-10 02:01:27
ord-d1c862a578bb,s-9fdb9e4833cf,u-fd6867ae7be7,1,40.39,0.0,5.99,46.38,Digital Wallet,payment_complete,2026-11-10 02:31:56
ord-87297aded930,s-e1f6cc3a6ce8,u-e7df4dd0b189,1,54.19,0.0,0.0,54.19,Credit Card,payment_complete,2026-11-10 02:37:14
ord-daafc0128e3f,s-ad3b7681f59e,u-3665606430c5,1,78.4,0.0,0.0,78.4,Digital Wallet,payment_complete,2026-11-10 03:58:39
ord-501e55a9bf44,s-e58c0665e8b7,u-10a4a0c0f469,1,60.48,0.0,0.0,60.48,Digital Wallet,payment_complete,2026-11-10 04:03:37
ord-ea49d7437fcd,s-2581c7ef4c1a,u-6cac3999136c,2,183.84,0.0,0.0,183.84,Digital Wallet,payment_complete,2026-11-10 04:24:30
ord-a57a6d8fa3b2,s-947ff718a895,u-198b0af3587a,1,55.66,0.0,0.0,55.66,Digital Wallet,payment_complete,2026-11-10 04:28:38
ord-ef51fbd19b08,s-810c3c33b50c,u-ab89e547ae31,2,98.76,0.0,0.0,98.76,Credit Card,payment_complete,2026-11-10 05:14:58
ord-e25e6fd4cfbc,s-2a7f04bca92a,u-7a390412ab2b,1,81.43,0.0,0.0,81.43,Digital Wallet,payment_complete,2026-11-10 06:01:43
ord-b7c6c2ed7a16,s-1b2d5e0d1a29,u-f10845ff22b6,1,18.98,1.9,5.99,23.07,Credit Card,payment_complete,2026-11-10 07:15:19
ord-b193ad0e8505,s-d7a0dd9132d3,u-ba8da52c4946,1,13.73,0.0,5.99,19.72,Credit Card,payment_complete,2026-11-10 07:24:19
ord-bc0619c29668,s-006b166cf993,u-c66fe2151a8c,1,39.17,5.0,5.99,40.16,Credit Card,payment_complete,2026-11-10 07:27:48
ord-dfc0332335f8,s-b4be9f8ad0a6,u-08ef80c7d70c,2,68.98,0.0,0.0,68.98,Credit Card,payment_complete,2026-11-10 07:28:03
ord-da33706ce12f,s-ac366400fb4b,u-588bc76f0505,1,49.85,0.0,5.99,55.84,Credit Card,payment_complete,2026-11-10 07:47:18
ord-1e0d7c6aabc9,s-3ff52a58841f,u-291edfd4caa9,1,27.27,5.0,5.99,28.26,Credit Card,payment_complete,2026-11-10 08:02:06
ord-899475a9774a,s-5997041b43b1,u-f29a5ef19c41,1,23.52,0.0,5.99,29.51,Digital Wallet,payment_complete,2026-11-10 08:11:46
ord-53cc5ee71ccf,s-83219a52f447,u-eb48118fe077,2,154.27,0.0,0.0,154.27,Digital Wallet,payment_complete,2026-11-10 08:14:53
ord-a2a3f3d1d9fa,s-2ece6c5f98e5,u-7608fbac08af,1,78.7,0.0,0.0,78.7,Digital Wallet,payment_complete,2026-11-10 09:00:11
ord-5ffed3a461cb,s-fae2cb467f2f,u-136695e373a3,1,101.49,0.0,0.0,101.49,Credit Card,payment_complete,2026-11-10 09:08:54
ord-5bc9d2935c49,s-65fd2c520ff0,u-b29664f0341e,2,201.85,0.0,0.0,201.85,Debit Card,payment_complete,2026-11-10 09:14:41
ord-87434ef20134,s-97c6cf9fff2c,u-e24b67f873e4,2,98.62,0.0,0.0,98.62,Buy Now Pay Later,payment_complete,2026-11-10 09:16:24
ord-513d7636662a,s-d7294377dbc6,u-dda319f9685d,2,164.71,0.0,0.0,164.71,Digital Wallet,payment_complete,2026-11-10 09:54:04
ord-2bca6c4208b0,s-a64909a9d989,u-a88f818485c5,1,62.87,0.0,0.0,62.87,Debit Card,payment_complete,2026-11-10 11:02:39
ord-d70f88540e80,s-dbe7a39cd7eb,u-06cb39acb454,2,130.05,0.0,0.0,130.05,Debit Card,payment_complete,2026-11-10 11:46:58
ord-0b36e0bc90b2,s-64f3f88309cb,u-eb9ab73c151e,1,51.9,5.0,0.0,46.9,Credit Card,payment_complete,2026-11-10 11:56:11
ord-55bb4d7c0143,s-dd1fe17c6648,u-695149ab562c,1,45.34,0.0,5.99,51.33,Digital Wallet,payment_complete,2026-11-10 12:11:55
ord-045b8eafacad,s-55ee5963da33,u-4cfc95fb048a,1,62.64,0.0,0.0,62.64,Credit Card,payment_complete,2026-11-10 12:17:09
ord-6d0e8cf0cab3,s-534ff8ebfcf4,u-1b9650b8dfac,1,18.65,0.0,5.99,24.64,Digital Wallet,payment_complete,2026-11-10 12:49:36
ord-97efc44964d7,s-902295801208,u-c49a35331499,1,21.46,0.0,5.99,27.45,Digital Wallet,payment_complete,2026-11-10 13:24:38
ord-00b6bd3b4e15,s-40ef6af5704b,u-f949e72a0c5a,1,89.87,0.0,0.0,89.87,Digital Wallet,payment_complete,2026-11-10 13:28:46
ord-728c00371d30,s-a80a379b9150,u-b1c017e1a792,1,47.59,0.0,5.99,53.58,Debit Card,payment_complete,2026-11-10 15:26:42
ord-e8d9461a060c,s-002caa9b6f7c,u-6f35385c7a42,1,52.3,5.23,0.0,47.07,Credit Card,payment_complete,2026-11-10 15:31:05
ord-58175b4274b3,s-fa10a3f60368,u-3ff89bbf433f,1,78.53,0.0,0.0,78.53,Credit Card,payment_complete,2026-11-10 15:48:35
ord-977fc43d7eb0,s-b28b37679cfe,u-a20a4eb55354,1,59.83,0.0,0.0,59.83,Credit Card,payment_complete,2026-11-10 16:13:05
ord-0b850b01b3a9,s-d3e88659048a,u-ee584fa164fe,1,73.9,0.0,0.0,73.9,Digital Wallet,payment_complete,2026-11-10 16:14:15
ord-e9b909f11c71,s-4171da65a2b8,u-af67c7f46f16,1,62.42,0.0,0.0,62.42,Credit Card,payment_complete,2026-11-10 16:17:10
ord-fdbc3305667c,s-72bd155bdf3b,u-21db7f856577,1,51.53,5.0,0.0,46.53,Buy Now Pay Later,payment_complete,2026-11-10 16:57:38
ord-16666c5b22cf,s-7332eeeeabc4,u-d27e15941fe3,1,34.34,3.43,5.99,36.9,Digital Wallet,payment_complete,2026-11-10 16:57:51
ord-216ee816469b,s-e504106af0aa,u-25905618325e,1,50.19,5.02,0.0,45.17,Buy Now Pay Later,payment_complete,2026-11-10 17:50:56
ord-36fe6d46efeb,s-1c4b9ab5ae2d,u-3f7871466284,1,72.27,0.0,0.0,72.27,Debit Card,payment_complete,2026-11-10 17:53:45
ord-310caa88a9db,s-ee2fac3b8998,u-9e4dd87d6321,1,41.99,0.0,5.99,47.98,Debit Card,payment_complete,2026-11-10 18:22:21
ord-54abcc47ca81,s-36189fa28c13,u-8935d967b1c0,1,18.87,0.0,5.99,24.86,Credit Card,payment_complete,2026-11-10 18:24:52
ord-14f8c0302731,s-bab7b3bc7076,u-4af53b1b66b1,1,63.74,0.0,0.0,63.74,Buy Now Pay Later,payment_complete,2026-11-10 18:29:42
ord-c3e939056b7a,s-8dee6b37dba2,u-49fd41bf3109,3,212.12,0.0,0.0,212.12,Buy Now Pay Later,payment_complete,2026-11-10 18:54:59
ord-de8c5e4b6abc,s-18f8fa1ec2a0,u-5e3574f702a2,1,65.09,0.0,0.0,65.09,Credit Card,payment_complete,2026-11-10 19:28:57
ord-6cdd12a2d3ee,s-737221add991,u-9564f694ea7a,1,45.79,0.0,5.99,51.78,Digital Wallet,payment_complete,2026-11-10 19:41:32
ord-1ae6c3d1c744,s-55b141a8e896,u-60aca79a4ea2,1,101.57,0.0,0.0,101.57,Debit Card,payment_complete,2026-11-10 20:31:34
ord-bb2c7a10d41d,s-c016d1bf9581,u-c570d658f6bb,1,113.81,11.38,0.0,102.43,Credit Card,payment_complete,2026-11-10 20:32:03
ord-532716f792aa,s-15be55b7e394,u-ae0ef689c618,1,47.44,0.0,5.99,53.43,Debit Card,payment_complete,2026-11-10 20:32:57
ord-0f53269049ab,s-310d6bbf22c3,u-25b188b604f8,1,73.58,0.0,0.0,73.58,Digital Wallet,payment_complete,2026-11-10 20:51:16
ord-f061cb4c3e5d,s-44b683ba0d62,u-905c48f5cb1b,1,43.66,0.0,5.99,49.65,Credit Card,payment_complete,2026-11-10 20:52:49
ord-3bad2f014a79,s-177eab52a354,u-372538a89e12,1,38.99,0.0,5.99,44.98,Credit Card,payment_complete,2026-11-10 21:06:49
ord-4db40a84c968,s-6c8ac18a2d0c,u-7ee90cd4a58a,1,90.57,0.0,0.0,90.57,Buy Now Pay Later,payment_complete,2026-11-10 21:51:38
ord-d94296a13e35,s-db4c0488f729,u-88db71cfba79,1,35.68,0.0,5.99,41.67,Debit Card,payment_complete,2026-11-10 22:02:49
ord-da744eda5534,s-68baf5ee4096,u-1ca2b7115ca1,1,92.11,9.21,0.0,82.9,Digital Wallet,payment_complete,2026-11-10 23:01:05
ord-afc1d94692f8,s-d0059968099e,u-a6ddb9a1702d,1,122.69,0.0,0.0,122.69,Credit Card,payment_complete,2026-11-10 23:31:24
ord-e4b5c71713de,s-0d78f90b27d8,u-3c783c032efc,1,72.97,0.0,0.0,72.97,Debit Card,payment_complete,2026-11-10 23:44:37
ord-d483a330049a,s-563ab6401688,u-aaec7e77a4ab,1,74.73,0.0,0.0,74.73,Debit Card,payment_complete,2026-11-10 23:48:31
ord-6852b43f5129,s-70fa2a7cabf1,u-c043712d6f71,1,129.15,0.0,0.0,129.15,Buy Now Pay Later,payment_complete,2026-11-10 23:56:18
ord-854cb21ce07e,s-8b8ed78a2cf1,u-1fdbd3aa5229,2,93.39,0.0,0.0,93.39,Digital Wallet,payment_complete,2026-11-11 00:20:03
ord-a10f5a512b1a,s-d5756a2fb8c0,u-80fcaa737a8e,1,73.43,0.0,0.0,73.43,Buy Now Pay Later,payment_complete,2026-11-11 00:48:44
ord-8977d7fd8223,s-964cbd7638ec,u-1492fb343fe1,1,75.12,0.0,0.0,75.12,Debit Card,payment_complete,2026-11-11 01:25:33
ord-d3bcbf2fabd6,s-998375d7362a,u-3d8ef4b72c67,1,53.72,0.0,0.0,53.72,Digital Wallet,payment_complete,2026-11-11 01:59:49
ord-42ec25de4ee6,s-8d4a6303e754,u-f195d96adac0,1,51.91,0.0,0.0,51.91,Debit Card,payment_complete,2026-11-11 02:39:32
ord-74a2ae9f514f,s-cbbea8aab9c1,u-064203500c76,3,237.61,0.0,0.0,237.61,Buy Now Pay Later,payment_complete,2026-11-11 02:56:59
ord-3cc8c3f59411,s-63f6ef1b8833,u-87482d4c9b49,2,126.29,0.0,0.0,126.29,Buy Now Pay Later,payment_complete,2026-11-11 03:45:28
ord-79aa39dc0120,s-51349d867766,u-bddf8acaab6c,2,121.79,12.18,0.0,109.61,Digital Wallet,payment_complete,2026-11-11 03:55:52
ord-2f64aa4380ea,s-59d46aab7120,u-b0f516925926,1,42.05,0.0,5.99,48.04,Buy Now Pay Later,payment_complete,2026-11-11 03:56:50
ord-38fa83d32daa,s-c24191b499b1,u-ba547bd98c01,1,34.24,0.0,5.99,40.23,Credit Card,payment_complete,2026-11-11 03:57:27
ord-430d235ac4fa,s-f524a774a1a3,u-2ca340b918ff,1,61.27,5.0,0.0,56.27,Credit Card,payment_complete,2026-11-11 04:43:44
ord-8b42fc77f5ba,s-1d0c93a1891c,u-7b6d8bbbc27b,1,85.83,0.0,0.0,85.83,Debit Card,payment_complete,2026-11-11 04:51:31
ord-b7859b34e321,s-b975f2a770df,u-6d2439dce0e7,3,280.33,28.03,0.0,252.3,Credit Card,payment_complete,2026-11-11 06:18:59
ord-329131340bc7,s-a4e923e27f8b,u-5a79352c6dcc,2,105.68,5.0,0.0,100.68,Digital Wallet,payment_complete,2026-11-11 06:56:29
ord-6d40047644bb,s-6d17d0dfaad1,u-ad7c0aadaaca,1,58.13,0.0,0.0,58.13,Digital Wallet,payment_complete,2026-11-11 07:27:40
ord-cf04dfb9ecd5,s-2c78caabdef6,u-2acea3497a56,2,171.4,17.14,0.0,154.26,Digital Wallet,payment_complete,2026-11-11 07:37:53
ord-1218a881e9f7,s-09b4640916a6,u-062a7909b047,1,31.87,5.0,5.99,32.86,Debit Card,payment_complete,2026-11-11 07:39:28
ord-fa0ae709c953,s-00dcca850fb1,u-b8d5acf772a4,1,74.91,0.0,0.0,74.91,Debit Card,payment_complete,2026-11-11 08:08:00
ord-c4fa90d87424,s-f134736e10b8,u-c0acbd1b40e4,2,101.75,10.18,0.0,91.57,Digital Wallet,payment_complete,2026-11-11 08:09:17
ord-9fddba35c9d4,s-224f200e483a,u-0d40dc5fc9d1,1,55.52,0.0,0.0,55.52,Credit Card,payment_complete,2026-11-11 08:37:54
ord-61193dddeae4,s-760f454b2bf3,u-29b10effc99d,2,161.08,0.0,0.0,161.08,Credit Card,payment_complete,2026-11-11 08:56:30
ord-3bb0cd81253f,s-4db51918a95d,u-1414b24d07d6,1,61.72,0.0,0.0,61.72,Credit Card,payment_complete,2026-11-11 09:03:51
ord-952c7a048e3d,s-3b4187991217,u-c28a2ac3483f,1,29.07,5.0,5.99,30.06,Debit Card,payment_complete,2026-11-11 09:55:11
ord-e6db0925f62b,s-bad781e9aa01,u-6aec9c0334a3,1,60.73,0.0,0.0,60.73,Credit Card,payment_complete,2026-11-11 10:14:12
ord-775deb001808,s-53e098e4e1fe,u-cbfe1d24ee57,1,35.87,0.0,5.99,41.86,Debit Card,payment_complete,2026-11-11 10:25:52
ord-86044dd6f0e1,s-e96e404798d9,u-61f67b312b48,1,63.8,0.0,0.0,63.8,Credit Card,payment_complete,2026-11-11 10:38:17
ord-1fa1da96d01b,s-472333ec1a1d,u-528d820fe0db,1,59.83,0.0,0.0,59.83,Buy Now Pay Later,payment_complete,2026-11-11 11:13:15
ord-2a04b48e41f3,s-fc763d31ed7e,u-bfb014614073,1,61.72,5.0,0.0,56.72,Credit Card,payment_complete,2026-11-11 12:23:24
ord-a0e1ee8bc51a,s-0b47977c5693,u-94f62b245f71,2,120.6,5.0,0.0,115.6,Credit Card,payment_complete,2026-11-11 12:24:18
ord-a337be091aef,s-598d5bf7e0ed,u-5b91e90246fb,1,58.93,5.0,0.0,53.93,Digital Wallet,payment_complete,2026-11-11 13:03:09
ord-ae197e7aabf7,s-e5a7c1a9542a,u-1b9051466525,1,106.93,0.0,0.0,106.93,Debit Card,payment_complete,2026-11-11 13:09:23
ord-cfdaf219f44b,s-93ceee9e5643,u-40a4926fc366,1,37.41,0.0,5.99,43.4,Credit Card,payment_complete,2026-11-11 13:46:38
ord-81f804ca8b75,s-c6ace71dd358,u-4b33ba02c3de,1,76.67,5.0,0.0,71.67,Buy Now Pay Later,payment_complete,2026-11-11 14:16:59
ord-a07eaaa05640,s-303dab9d2ea6,u-fa9f14403d62,1,46.6,0.0,5.99,52.59,Debit Card,payment_complete,2026-11-11 14:24:41
ord-87c2b714e9cd,s-63f4a8bf10f9,u-14b774e0e3b5,1,28.21,0.0,5.99,34.2,Credit Card,payment_complete,2026-11-11 14:31:12
ord-4a06b5043f92,s-ecd715a466a0,u-6e87ba493ad7,1,58.9,0.0,0.0,58.9,Buy Now Pay Later,payment_complete,2026-11-11 15:28:15
ord-898e13b93912,s-6e6491c5d9e7,u-ad6abe21c755,1,91.55,0.0,0.0,91.55,Digital Wallet,payment_complete,2026-11-11 15:57:30
ord-250ac4aa031f,s-a51df2da6ce8,u-966591142cbb,1,46.19,0.0,5.99,52.18,Debit Card,payment_complete,2026-11-11 16:12:35
ord-29060a5395df,s-be3431b0f36f,u-0208affccf11,1,107.62,0.0,0.0,107.62,Credit Card,payment_complete,2026-11-11 16:35:01
ord-766020011600,s-0c40d3bd5820,u-1535de762ff9,1,25.98,0.0,5.99,31.97,Debit Card,payment_complete,2026-11-11 17:46:53
ord-cf1ee6bfb51e,s-57a3077d2f9d,u-d0e961b8cd13,1,50.19,0.0,0.0,50.19,Credit Card,payment_complete,2026-11-11 18:03:10
ord-0a0286ead75c,s-5b8dc20caf50,u-f63df481c698,1,34.57,0.0,5.99,40.56,Digital Wallet,payment_complete,2026-11-11 18:06:49
ord-db721536ad99,s-23a50d7efdc3,u-0325d25ae300,1,81.31,5.0,0.0,76.31,Debit Card,payment_complete,2026-11-11 18:34:03
ord-be802377f45d,s-5bbdf8f3fa3a,u-ad776905510b,3,268.89,0.0,0.0,268.89,Buy Now Pay Later,payment_complete,2026-11-11 18:59:16
ord-f05f31757167,s-77b0c18815fb,u-b2f8a900eef9,3,142.49,0.0,0.0,142.49,Digital Wallet,payment_complete,2026-11-11 19:05:45
ord-b4d3f6c07d66,s-fb8203f39814,u-34c39e921f64,1,81.73,0.0,0.0,81.73,Debit Card,payment_complete,2026-11-11 19:29:02
ord-b46de0d2803a,s-fa2f0fcf57e3,u-e00139604982,1,88.95,0.0,0.0,88.95,Credit Card,payment_complete,2026-11-11 19:55:25
ord-e8665b8b0b4f,s-de2e5e6fe94a,u-aa30a6f9861d,2,240.5,0.0,0.0,240.5,Digital Wallet,payment_complete,2026-11-11 20:27:39
ord-bd58f0b93bcf,s-e6c54acf6832,u-cd58b3ab1695,1,51.86,0.0,0.0,51.86,Buy Now Pay Later,payment_complete,2026-11-11 20:32:35
ord-7d59f24b6b8a,s-93df19fbaf0d,u-4976baf3c3df,1,78.84,0.0,0.0,78.84,Digital Wallet,payment_complete,2026-11-11 21:01:35
ord-0ab5cb548273,s-04c5ed98d28c,u-ca55ba6d8752,2,92.19,0.0,0.0,92.19,Credit Card,payment_complete,2026-11-11 22:08:46
ord-5b0885adb28c,s-eceadbedc84e,u-0c9058b27f9c,2,110.39,0.0,0.0,110.39,Credit Card,payment_complete,2026-11-11 22:21:55
ord-54a4b014bb25,s-2f57097d5672,u-e2d15888d9b2,1,34.05,0.0,5.99,40.04,Debit Card,payment_complete,2026-11-11 22:40:31
ord-b8b47e655bb0,s-94f46d600074,u-91465a80738f,2,58.58,0.0,0.0,58.58,Debit Card,payment_complete,2026-11-11 22:51:33
ord-19b753a47fe6,s-7c940d2d3230,u-99b69c1fc5cf,1,59.33,5.93,0.0,53.4,Digital Wallet,payment_complete,2026-11-11 22:58:22
ord-567de6a14f03,s-f7c0bfd98ec5,u-62d0c6ebb020,3,136.67,0.0,0.0,136.67,Digital Wallet,payment_complete,2026-11-11 23:26:25
ord-fc1e1d36eeb0,s-123b091aec18,u-fef12583ffeb,1,36.54,0.0,5.99,42.53,Digital Wallet,payment_complete,2026-11-12 00:24:44
ord-2cf3da6e5cd5,s-876f79476035,u-722a0e2739f6,1,53.92,0.0,0.0,53.92,Digital Wallet,payment_complete,2026-11-12 01:15:41
ord-15abe2704183,s-82cf1c067244,u-4ed1fbfd62b3,1,58.1,5.0,0.0,53.1,Buy Now Pay Later,payment_complete,2026-11-12 01:19:26
ord-b7147c681cd1,s-8c001bb8770d,u-953b3a3baccd,1,103.61,0.0,0.0,103.61,Digital Wallet,payment_complete,2026-11-12 01:51:58
ord-4a5d36d88447,s-198be5d67081,u-6c8cc3089a66,1,19.02,0.0,5.99,25.01,Debit Card,payment_complete,2026-11-12 01:58:55
ord-6cb380660122,s-a0ef498bc561,u-49fd41bf3109,1,30.33,5.0,5.99,31.32,Digital Wallet,payment_complete,2026-11-12 02:05:28
ord-921c70a004e1,s-c668c8251f58,u-9c5314fcef34,1,61.62,0.0,0.0,61.62,Digital Wallet,payment_complete,2026-11-12 02:13:48
ord-74ba825db5b4,s-f3c82523d50c,u-208712f77dba,2,128.94,5.0,0.0,123.94,Buy Now Pay Later,payment_complete,2026-11-12 02:15:54
ord-66e2fdad9e18,s-378b0068f3f6,u-5ec1a7ac163f,1,57.18,0.0,0.0,57.18,Credit Card,payment_complete,2026-11-12 02:51:22
ord-d96d4ae27577,s-226d9fa6061c,u-37a878cec440,1,19.02,0.0,5.99,25.01,Credit Card,payment_complete,2026-11-12 03:29:24
ord-f7a4cdb47d1a,s-7385a44d0efb,u-b9b9cafa5119,1,51.86,0.0,0.0,51.86,Digital Wallet,payment_complete,2026-11-12 04:06:37
ord-2b00f8f5b49b,s-6294f4dd5abb,u-2812b05c4633,2,86.7,8.67,0.0,78.03,Digital Wallet,payment_complete,2026-11-12 04:27:28
ord-6bdbc4cd1dbb,s-9ffe3f82fa8a,u-b88493de86b7,1,71.13,5.0,0.0,66.13,Digital Wallet,payment_complete,2026-11-12 04:29:26
ord-c79f9859b1bc,s-00df5736597c,u-48103bfd3541,2,151.74,0.0,0.0,151.74,Debit Card,payment_complete,2026-11-12 04:32:26
ord-b59961fcb787,s-d3365352af33,u-aafdf4a0e9d1,1,52.16,0.0,0.0,52.16,Digital Wallet,payment_complete,2026-11-12 04:42:49
ord-df6547644ef3,s-40c262bfda85,u-7e8877a4a56f,1,104.08,0.0,0.0,104.08,Credit Card,payment_complete,2026-11-12 05:06:41
ord-8f39f89b1222,s-0e18ddf2f704,u-8131dfa1b138,1,68.58,0.0,0.0,68.58,Buy Now Pay Later,payment_complete,2026-11-12 05:09:21
ord-819c4ceb4c6f,s-9d2b1b149c17,u-478003df3e6b,1,80.16,8.02,0.0,72.14,Buy Now Pay Later,payment_complete,2026-11-12 05:20:05
ord-9a9f46cf4c94,s-0c16c29f9a5c,u-a93ec861d0b1,2,185.38,0.0,0.0,185.38,Digital Wallet,payment_complete,2026-11-12 05:27:27
ord-bf12ff3e5819,s-105583d8fbef,u-e092156a4acc,1,48.75,0.0,5.99,54.74,Digital Wallet,payment_complete,2026-11-12 05:37:11
ord-c4778e35d950,s-d04cb50b8d81,u-03fc5c1809f4,1,39.16,5.0,5.99,40.15,Credit Card,payment_complete,2026-11-12 06:30:58
ord-762d9ae8e976,s-c0e8d878f44c,u-1a7876606179,1,38.46,0.0,5.99,44.45,Credit Card,payment_complete,2026-11-12 07:09:55
ord-f09bb83cda06,s-da0442e55f8b,u-4b05bc621d5b,1,67.64,0.0,0.0,67.64,Credit Card,payment_complete,2026-11-12 08:17:58
ord-5b4544a0de11,s-6c1c141d9954,u-a0fb4ea4eb1f,1,48.79,0.0,5.99,54.78,Debit Card,payment_complete,2026-11-12 08:32:31
ord-83554b9da0d4,s-c070d9783abe,u-7d1c8ecfea3a,1,85.32,0.0,0.0,85.32,Digital Wallet,payment_complete,2026-11-12 09:09:04
ord-f28a3573e60e,s-9c6acb7fc671,u-70903fcd8390,1,48.93,0.0,5.99,54.92,Digital Wallet,payment_complete,2026-11-12 09:10:25
ord-602c83e3075a,s-bbc3d5d80c3d,u-7203fff63048,1,51.39,5.0,0.0,46.39,Digital Wallet,payment_complete,2026-11-12 09:59:47
ord-f9fcfe0d5558,s-c4ab0aecb0ec,u-03a15ad23dc6,1,82.35,0.0,0.0,82.35,Buy Now Pay Later,payment_complete,2026-11-12 10:18:42
ord-5fea00cc29bd,s-82f5bccfaa73,u-30429665f577,1,68.58,0.0,0.0,68.58,Debit Card,payment_complete,2026-11-12 10:30:28
ord-650b01cff621,s-c98cb5d7ac0a,u-ca2acbc474d1,1,51.53,0.0,0.0,51.53,Digital Wallet,payment_complete,2026-11-12 10:37:26
ord-475e21983668,s-cd5c65e5345b,u-12e85b5df005,1,62.67,0.0,0.0,62.67,Digital Wallet,payment_complete,2026-11-12 11:24:13
ord-4de7c8dc6a3c,s-5c0339ab9009,u-78c636cc8906,1,46.29,0.0,5.99,52.28,Digital Wallet,payment_complete,2026-11-12 11:32:53
ord-709302ba8479,s-9ffdd841f483,u-f1e981342b31,1,81.43,0.0,0.0,81.43,Debit Card,payment_complete,2026-11-12 12:06:32
ord-0d8254c1cb94,s-8f326351da17,u-0ef97ea097ca,1,21.2,5.0,5.99,22.19,Debit Card,payment_complete,2026-11-12 12:15:56
ord-a07d88c6c851,s-258697000030,u-325bab11bb8f,1,77.1,0.0,0.0,77.1,Credit Card,payment_complete,2026-11-12 13:05:25
ord-3ab1f8dc5f26,s-696ba98c95a5,u-3676b69fb275,1,105.97,0.0,0.0,105.97,Digital Wallet,payment_complete,2026-11-12 13:25:27
ord-b776496678b0,s-e61f2d7e9cf7,u-51298354b3ae,1,31.42,0.0,5.99,37.41,Credit Card,payment_complete,2026-11-12 13:31:17
ord-3713917763ec,s-98a71750aaa2,u-3310eb17ed9c,1,58.62,5.0,0.0,53.62,Digital Wallet,payment_complete,2026-11-12 13:34:04
ord-bc9f437305bb,s-74077bac115c,u-e79b1d6051a8,1,84.94,0.0,0.0,84.94,Debit Card,payment_complete,2026-11-12 13:36:00
ord-39dfef55f233,s-543df7f4ce40,u-4e5040689b9f,1,68.58,0.0,0.0,68.58,Digital Wallet,payment_complete,2026-11-12 14:41:41
ord-6edfc542f30f,s-5699e819074f,u-775c75b017fd,1,70.52,5.0,0.0,65.52,Digital Wallet,payment_complete,2026-11-12 14:49:08
ord-96dd9d00dce7,s-b427f894ad53,u-ad35fcad5355,1,55.25,0.0,0.0,55.25,Digital Wallet,payment_complete,2026-11-12 14:58:01
ord-c5f95ea78266,s-d58a542e9833,u-23806f0195d6,1,77.41,0.0,0.0,77.41,Digital Wallet,payment_complete,2026-11-12 15:23:14
ord-7e2abc8bf02f,s-b2b84a480489,u-9f24321f3a8b,1,95.57,0.0,0.0,95.57,Digital Wallet,payment_complete,2026-11-12 15:25:04
ord-961e45b4fdd4,s-e356691ccd87,u-23e7325717bb,1,48.23,0.0,5.99,54.22,Buy Now Pay Later,payment_complete,2026-11-12 15:31:44
ord-511891f811cd,s-bfba25173bf2,u-55d626a56abe,1,69.4,0.0,0.0,69.4,Buy Now Pay Later,payment_complete,2026-11-12 15:34:30
ord-953b0950bfb6,s-3e2e3ff44520,u-bb4cb7530dbd,1,83.05,0.0,0.0,83.05,Credit Card,payment_complete,2026-11-12 15:35:13
ord-b5494096eb27,s-7f9b776aefe0,u-ad67a950db6b,1,15.09,5.0,5.99,16.08,Digital Wallet,payment_complete,2026-11-12 16:06:28
ord-62d6aaf6a282,s-0da9d0b1a24f,u-4e2f7d273124,1,59.63,0.0,0.0,59.63,Credit Card,payment_complete,2026-11-12 16:24:44
ord-100fab35c7b0,s-b62334c98d68,u-b6a3b3904d94,1,83.14,8.31,0.0,74.83,Debit Card,payment_complete,2026-11-12 17:43:21
ord-6fb84914223b,s-312264d6443b,u-f6520db70409,3,127.94,0.0,0.0,127.94,Debit Card,payment_complete,2026-11-12 18:28:04
ord-4c86314b8a9f,s-dc443c3536a1,u-217503dce028,1,86.05,0.0,0.0,86.05,Digital Wallet,payment_complete,2026-11-12 18:39:53
ord-fbd332ed54f9,s-fa2c8df60004,u-5986b5240e24,1,42.24,0.0,5.99,48.23,Credit Card,payment_complete,2026-11-12 19:06:27
ord-da12e5494224,s-0b89e52b20e0,u-5bdbe0076ceb,2,96.39,0.0,0.0,96.39,Digital Wallet,payment_complete,2026-11-12 19:40:15
ord-2cde4a9ffdb2,s-6d2c78ef5374,u-8dbf63251c0e,1,54.69,0.0,0.0,54.69,Digital Wallet,payment_complete,2026-11-12 20:06:07
ord-3c2936e6bc1a,s-2a1871cdb629,u-be439d2107aa,1,49.55,0.0,5.99,55.54,Buy Now Pay Later,payment_complete,2026-11-12 20:06:23
ord-473f1e232c9b,s-0f5e6ff33f7c,u-f20814134e15,1,54.41,5.0,0.0,49.41,Digital Wallet,payment_complete,2026-11-12 20:40:52
ord-b61a5c9b49be,s-5e50f55d5971,u-50ac1499e4d9,1,75.12,0.0,0.0,75.12,Digital Wallet,payment_complete,2026-11-12 20:45:05
ord-3d76e6ed8e7d,s-659355d403aa,u-f818cacf7f01,1,58.94,5.0,0.0,53.94,Digital Wallet,payment_complete,2026-11-12 21:25:57
ord-b43f3f134063,s-afd9f7c95e65,u-64d69ee48295,2,120.71,0.0,0.0,120.71,Credit Card,payment_complete,2026-11-12 21:49:14
ord-05b66be77f6e,s-bbbddc5fa8f8,u-0728ee481608,1,31.46,0.0,5.99,37.45,Credit Card,payment_complete,2026-11-12 21:58:04
ord-462e936e7bc9,s-0ffd846c8d7c,u-3dd109dcb155,1,57.18,5.72,0.0,51.46,Credit Card,payment_complete,2026-11-12 22:02:45
ord-463687b4db90,s-177338b848a0,u-e94515f433fe,1,76.89,5.0,0.0,71.89,Debit Card,payment_complete,2026-11-12 22:43:29
ord-8287fbd112d8,s-0633457724ae,u-1f0f1a557f65,1,51.53,0.0,0.0,51.53,Digital Wallet,payment_complete,2026-11-12 22:44:03
ord-a79a20755476,s-cde1eddcd3aa,u-0257670c43df,2,115.03,0.0,0.0,115.03,Debit Card,payment_complete,2026-11-12 23:02:48
ord-aa030b2f2131,s-2bfd7dee8e2f,u-95b3b0b988d1,2,85.81,0.0,0.0,85.81,Credit Card,payment_complete,2026-11-12 23:12:41
ord-ed087a5837bc,s-aac8bcfcb3ff,u-16972e065eb0,1,32.33,0.0,5.99,38.32,Buy Now Pay Later,payment_complete,2026-11-12 23:13:17
ord-bb41ae7b7800,s-149590bb5df1,u-d686042dba2a,1,53.67,0.0,0.0,53.67,Digital Wallet,payment_complete,2026-11-12 23:25:47
ord-2883f41babd4,s-6b1bb34542c0,u-63111535b065,2,108.08,0.0,0.0,108.08,Debit Card,payment_complete,2026-11-12 23:37:16
ord-95ebc5760dda,s-38bf53384d34,u-b8585fb2a690,1,68.75,0.0,0.0,68.75,Digital Wallet,payment_complete,2026-11-12 23:40:21
ord-e16796165521,s-bb5898ae5a9e,u-5e94c906bd90,1,58.33,0.0,0.0,58.33,Digital Wallet,payment_complete,2026-11-12 23:55:43
ord-7233de0fa053,s-e63ceb252d2a,u-65319d020210,1,28.13,0.0,5.99,34.12,Digital Wallet,payment_complete,2026-11-13 00:09:23
ord-1c2eaf07b204,s-a69da822d123,u-d50c4beafdf1,1,67.26,0.0,0.0,67.26,Digital Wallet,payment_complete,2026-11-13 00:44:29
ord-f0ac6565d715,s-26c60ab204a3,u-0bc789eb28b9,1,38.06,0.0,5.99,44.05,Debit Card,payment_complete,2026-11-13 01:19:25
ord-eadca0b56ea2,s-ee8cf084040b,u-775c75b017fd,1,48.41,0.0,5.99,54.4,Debit Card,payment_complete,2026-11-13 01:39:09
ord-aeae20917707,s-c5aa0e63fd9b,u-f77369d52a4f,1,70.15,0.0,0.0,70.15,Credit Card,payment_complete,2026-11-13 01:59:59
ord-7d2ed181fbe3,s-4b30aeb531f4,u-556ef8366669,1,85.81,0.0,0.0,85.81,Credit Card,payment_complete,2026-11-13 02:08:11
ord-037c59128905,s-2dcb90852b03,u-51fb76b6c56c,2,189.11,0.0,0.0,189.11,Digital Wallet,payment_complete,2026-11-13 02:36:58
ord-c198e55b019f,s-95016ef879e4,u-0a5957679969,1,41.56,0.0,5.99,47.55,Digital Wallet,payment_complete,2026-11-13 03:56:47
ord-04e2ff6406ec,s-ede87f921010,u-e07056055ac5,1,58.19,5.82,0.0,52.37,Credit Card,payment_complete,2026-11-13 04:18:40
ord-8ffc533256f6,s-634a75cfc156,u-7b60fb9af54c,1,49.33,0.0,5.99,55.32,Digital Wallet,payment_complete,2026-11-13 05:02:42
ord-2851890af169,s-2a2c3a4c9c2c,u-e888d151a557,1,55.79,5.58,0.0,50.21,Debit Card,payment_complete,2026-11-13 05:03:48
ord-9c00bab196cb,s-85276c3596e2,u-3ad7f5513c51,2,150.17,15.02,0.0,135.15,Credit Card,payment_complete,2026-11-13 05:54:53
ord-c78f40ccb500,s-175e8062b3d0,u-ab137b0042c2,1,33.64,0.0,5.99,39.63,Buy Now Pay Later,payment_complete,2026-11-13 06:51:48
ord-8a7fc1f5b887,s-f9335aa89258,u-01238caaf862,3,144.18,0.0,0.0,144.18,Digital Wallet,payment_complete,2026-11-13 07:05:20
ord-8c312b286671,s-abf159f0ad53,u-8d21a740db70,1,83.82,5.0,0.0,78.82,Digital Wallet,payment_complete,2026-11-13 07:10:13
ord-2c0cfbdd73a4,s-fd33dc2eac16,u-258ed607ab46,1,57.86,0.0,0.0,57.86,Credit Card,payment_complete,2026-11-13 07:50:41
ord-0608972938e2,s-da0716605b69,u-38f306696c2d,3,172.34,0.0,0.0,172.34,Digital Wallet,payment_complete,2026-11-13 08:18:47
ord-6631dafd36a7,s-b10c9fb628cb,u-6b5c8459e280,2,116.92,0.0,0.0,116.92,Digital Wallet,payment_complete,2026-11-13 08:32:59
ord-216b0012346c,s-1b0303c493a2,u-e5b5c6f96438,1,61.32,5.0,0.0,56.32,Credit Card,payment_complete,2026-11-13 09:22:56
ord-fb5d97e05f78,s-5dfd4493ca91,u-232950b4a235,1,35.76,5.0,5.99,36.75,Digital Wallet,payment_complete,2026-11-13 09:39:50
ord-23120ec03f56,s-77a71d576a53,u-0552d395f4a0,1,44.66,0.0,5.99,50.65,Credit Card,payment_complete,2026-11-13 09:40:26
ord-b510f49266a7,s-1903a888ef39,u-39b880c21572,1,52.58,0.0,0.0,52.58,Debit Card,payment_complete,2026-11-13 09:59:33
ord-f091d4faf18b,s-48e618bc11c1,u-d4fdb83f9fae,1,87.53,5.0,0.0,82.53,Digital Wallet,payment_complete,2026-11-13 10:10:28
ord-5a15557087df,s-2cb529c7120d,u-ba3441360821,2,88.42,0.0,0.0,88.42,Credit Card,payment_complete,2026-11-13 10:39:06
ord-c84f4149a9b4,s-e570a7b9cc07,u-7b8105ee53eb,1,66.97,0.0,0.0,66.97,Digital Wallet,payment_complete,2026-11-13 11:24:10
ord-1b037185179c,s-88e51155b1a3,u-0ea535547441,1,57.81,0.0,0.0,57.81,Digital Wallet,payment_complete,2026-11-13 11:57:51
ord-6b6c55513d3b,s-acb8cc86cd4b,u-486fb6186980,1,78.13,0.0,0.0,78.13,Digital Wallet,payment_complete,2026-11-13 12:46:34
ord-e18920c019eb,s-9b5e7de94136,u-3bca2b6ffbd2,2,135.3,0.0,0.0,135.3,Credit Card,payment_complete,2026-11-13 13:12:29
ord-3f2a1ee4aa27,s-ee3f823eca53,u-0ed4c25b2bd2,1,71.94,0.0,0.0,71.94,Debit Card,payment_complete,2026-11-13 13:15:19
ord-62dc23afeefd,s-dbd9ec02a2a0,u-10b55848ff95,1,61.81,0.0,0.0,61.81,Digital Wallet,payment_complete,2026-11-13 13:49:16
ord-9ef8aaac8f14,s-15ea3d30b750,u-2168b28a3091,1,82.35,0.0,0.0,82.35,Digital Wallet,payment_complete,2026-11-13 14:02:13
ord-666c55325d3b,s-c36ca3e8af91,u-b171d8e71965,1,33.42,0.0,5.99,39.41,Credit Card,payment_complete,2026-11-13 14:53:18
ord-182497713c3a,s-4cbe6764a073,u-c7e81650824e,1,36.62,0.0,5.99,42.61,Digital Wallet,payment_complete,2026-11-13 15:03:21
ord-cb2e8162488a,s-cbe7b5110997,u-be90e2b5f6e3,1,70.99,0.0,0.0,70.99,Buy Now Pay Later,payment_complete,2026-11-13 15:49:28
ord-7c5148d6b7cc,s-5efc8e025b69,u-49791c306dd7,1,77.18,0.0,0.0,77.18,Credit Card,payment_complete,2026-11-13 15:50:57
ord-a1484d7857b4,s-386a0a974923,u-f773a26a1d72,2,134.94,5.0,0.0,129.94,Debit Card,payment_complete,2026-11-13 15:54:18
ord-adabe73f2bb4,s-cd84227b5f56,u-0971a3dbb667,1,57.71,0.0,0.0,57.71,Credit Card,payment_complete,2026-11-13 16:21:41
ord-44fbbe0ecbae,s-87520ef8664c,u-71f50dd7ff0b,1,36.06,0.0,5.99,42.05,Digital Wallet,payment_complete,2026-11-13 17:12:50
ord-500ac61e6c9a,s-b112967ac5b4,u-b88dc00d2f90,1,81.56,0.0,0.0,81.56,Debit Card,payment_complete,2026-11-13 18:33:35
ord-2252f26a1b62,s-ffe8ba41c857,u-a247a55a0fa3,2,123.44,0.0,0.0,123.44,Buy Now Pay Later,payment_complete,2026-11-13 18:43:52
ord-46613af588f4,s-1fe628e6718f,u-42c74a115769,4,188.99,18.9,0.0,170.09,Digital Wallet,payment_complete,2026-11-13 18:55:32
ord-e05a17dcec10,s-826957cde2bb,u-6724323904d2,2,138.84,0.0,0.0,138.84,Digital Wallet,payment_complete,2026-11-13 19:32:35
ord-8f3221d9282b,s-567eef4c3378,u-96f6a4642df6,1,55.96,5.6,0.0,50.36,Digital Wallet,payment_complete,2026-11-13 19:53:34
ord-0a356ce6dbe7,s-30c9b793d92b,u-bfe4baf6b66a,2,119.55,0.0,0.0,119.55,Digital Wallet,payment_complete,2026-11-13 19:59:47
ord-397a5e009951,s-54988ec0ddcc,u-b692fec85a95,1,58.85,0.0,0.0,58.85,Buy Now Pay Later,payment_complete,2026-11-13 20:52:23
ord-6986463ef2e9,s-274de5de7398,u-0155d813a5e7,1,95.45,5.0,0.0,90.45,Buy Now Pay Later,payment_complete,2026-11-13 20:54:50
ord-950e4b9eb87c,s-e01867c6324a,u-0e1d5d744e04,1,33.97,0.0,5.99,39.96,Credit Card,payment_complete,2026-11-13 21:05:47
ord-abb61a59d555,s-48c0a73996b2,u-6f2d87f1de5d,1,51.53,0.0,0.0,51.53,Digital Wallet,payment_complete,2026-11-13 22:02:31
ord-ae734bc4ea36,s-3aa4626bf360,u-c5e2e128a201,1,61.01,0.0,0.0,61.01,Credit Card,payment_complete,2026-11-13 22:04:47
ord-bf612dabd59d,s-23253fa13b77,u-36d31d8d6587,1,29.52,0.0,5.99,35.51,Digital Wallet,payment_complete,2026-11-13 22:08:28
ord-c8f791f09838,s-fe71aa31d72d,u-589854eebf67,1,17.08,0.0,5.99,23.07,Digital Wallet,payment_complete,2026-11-13 22:22:17
ord-5dbe0481e860,s-b50d277cec42,u-1a15520f35cf,2,122.24,0.0,0.0,122.24,Digital Wallet,payment_complete,2026-11-14 01:22:46
ord-e489aa15d56d,s-65b71d15059c,u-3258763279f7,1,48.26,0.0,5.99,54.25,Digital Wallet,payment_complete,2026-11-14 01:32:44
ord-ced0be310b32,s-974aed5b907a,u-e3c3f66c867f,1,68.85,0.0,0.0,68.85,Digital Wallet,payment_complete,2026-11-14 01:42:18
ord-882d3cbc6b08,s-5f00a4c6fa26,u-1ac5192b9fc3,1,38.01,0.0,5.99,44.0,Buy Now Pay Later,payment_complete,2026-11-14 01:50:36
ord-9e3a1c69e060,s-098024a356bd,u-ecd37f71220d,1,85.34,0.0,0.0,85.34,Buy Now Pay Later,payment_complete,2026-11-14 01:54:07
ord-2281bd8f7c77,s-3a6bf8743347,u-19ee5f55ab94,1,60.9,0.0,0.0,60.9,Digital Wallet,payment_complete,2026-11-14 02:39:33
ord-ae4c532df3c9,s-98c1eabb6917,u-ed082c9585e6,1,65.3,0.0,0.0,65.3,Digital Wallet,payment_complete,2026-11-14 03:59:26
ord-7f48dbd5b927,s-cbcdcdac8bfb,u-2ef49bf87cdd,1,43.45,0.0,5.99,49.44,Credit Card,payment_complete,2026-11-14 04:37:22
ord-81fd270971b8,s-0e92ede0000b,u-1a2e47db84a8,1,59.12,0.0,0.0,59.12,Digital Wallet,payment_complete,2026-11-14 05:59:45
ord-15d51c052f20,s-1dda2f687488,u-abb4071cc02d,1,52.8,5.0,0.0,47.8,Debit Card,payment_complete,2026-11-14 06:35:56
ord-595f60c2c135,s-b0f42826541d,u-7bbca61e9000,2,117.72,11.77,0.0,105.95,Digital Wallet,payment_complete,2026-11-14 06:36:38
ord-ababef07ee83,s-a8da20d27166,u-16804b501769,1,63.85,0.0,0.0,63.85,Digital Wallet,payment_complete,2026-11-14 06:54:44
ord-44b6c29d18f4,s-2a654a3e131f,u-54704ab07310,2,103.0,0.0,0.0,103.0,Digital Wallet,payment_complete,2026-11-14 07:04:06
ord-b43abfc14e81,s-e5175059ba41,u-62ee7cf2c85f,1,50.27,0.0,0.0,50.27,Buy Now Pay Later,payment_complete,2026-11-14 07:13:16
ord-50e1cf6f8f81,s-1083bb602239,u-0e9efc297316,1,39.22,0.0,5.99,45.21,Buy Now Pay Later,payment_complete,2026-11-14 07:16:51
ord-4351727e9eb2,s-912f06205998,u-5e95ab969f39,1,66.34,5.0,0.0,61.34,Digital Wallet,payment_complete,2026-11-14 08:00:24
ord-882980f32cf4,s-0013a2bf19b3,u-ba884e3ad240,1,61.37,0.0,0.0,61.37,Credit Card,payment_complete,2026-11-14 08:07:11
ord-72e1b5c416c7,s-1d114d574f1c,u-40ff9e934aff,4,180.57,0.0,0.0,180.57,Digital Wallet,payment_complete,2026-11-14 08:53:06
ord-c0fd62494ed5,s-22538236402c,u-a4167879264b,1,77.98,0.0,0.0,77.98,Debit Card,payment_complete,2026-11-14 09:20:05
ord-0debfabb95a9,s-27fa5280bc99,u-32cf1866a005,1,53.68,0.0,0.0,53.68,Credit Card,payment_complete,2026-11-14 10:11:51
ord-832ddc83e69b,s-2383432d6f1c,u-98c246296113,1,80.94,5.0,0.0,75.94,Digital Wallet,payment_complete,2026-11-14 10:24:12
ord-452ff270fcd0,s-efb7a8f2b9dc,u-0e5098cffd69,1,58.54,0.0,0.0,58.54,Buy Now Pay Later,payment_complete,2026-11-14 10:37:27
ord-99ce9a418fc0,s-742c0728ff0e,u-a5b340b3b1c9,3,144.39,5.0,0.0,139.39,Credit Card,payment_complete,2026-11-14 10:45:38
ord-22e68cec8ae0,s-497ecae0f333,u-f216e2cc4788,1,24.92,0.0,5.99,30.91,Debit Card,payment_complete,2026-11-14 10:47:22
ord-284d22f7d08a,s-69f955e73e3c,u-6438b727d066,1,45.64,0.0,5.99,51.63,Credit Card,payment_complete,2026-11-14 10:50:16
ord-20a8acd15717,s-c7aec68f11b7,u-2ebba883da8e,1,103.77,0.0,0.0,103.77,Digital Wallet,payment_complete,2026-11-14 11:11:37
ord-bb8382d5b821,s-a472c44bb877,u-67208a6b6876,2,94.09,0.0,0.0,94.09,Debit Card,payment_complete,2026-11-14 11:21:18
ord-595e165df98f,s-41c35c547d4b,u-294ce7af94ea,1,63.18,0.0,0.0,63.18,Digital Wallet,payment_complete,2026-11-14 11:41:00
ord-dc276bf69eb0,s-c2bea9818ad5,u-eff5c7f582a4,1,71.01,0.0,0.0,71.01,Digital Wallet,payment_complete,2026-11-14 11:45:14
ord-9e060df15eb9,s-6b6ef230857e,u-3b3ffae72216,3,111.52,0.0,0.0,111.52,Digital Wallet,payment_complete,2026-11-14 12:01:14
ord-c717a78ebae2,s-cafc2a09aa20,u-c45e99bdff06,1,67.98,0.0,0.0,67.98,Digital Wallet,payment_complete,2026-11-14 12:24:35
ord-5c6f9d0b7ba2,s-28c0f3d8c902,u-9037ba8b46d1,2,98.84,0.0,0.0,98.84,Digital Wallet,payment_complete,2026-11-14 12:53:47
ord-958b815efda9,s-cd363bf07933,u-6b435c657873,2,70.26,0.0,0.0,70.26,Buy Now Pay Later,payment_complete,2026-11-14 13:05:01
ord-d9b7c9d561ba,s-d322898f55f8,u-3bac9a4b49c6,2,89.28,0.0,0.0,89.28,Credit Card,payment_complete,2026-11-14 13:07:55
ord-4fa84cfaabaf,s-86ce08ac85a2,u-44858c71f155,1,67.74,0.0,0.0,67.74,Debit Card,payment_complete,2026-11-14 13:32:42
ord-f1b42069a757,s-81d84f6d961a,u-4c783a5c159e,1,66.64,0.0,0.0,66.64,Digital Wallet,payment_complete,2026-11-14 13:51:51
ord-de8c6a908648,s-7539bcc38009,u-5d9c05d3f0f8,2,190.88,0.0,0.0,190.88,Digital Wallet,payment_complete,2026-11-14 14:02:51
ord-8245a210d2eb,s-b21a8cc51b66,u-a3aec5465a20,1,42.7,5.0,5.99,43.69,Buy Now Pay Later,payment_complete,2026-11-14 14:49:55
ord-e373db5c72c0,s-a5b14dcf676b,u-3de1cdcceab0,1,18.86,0.0,5.99,24.85,Credit Card,payment_complete,2026-11-14 15:04:47
ord-b2fdbecf5181,s-8b38617f92d5,u-cd617bf41d77,2,52.52,5.0,0.0,47.52,Digital Wallet,payment_complete,2026-11-14 15:16:34
ord-5c7b8bb48d8c,s-b2362b7b3951,u-6e6489e1b81b,1,37.18,0.0,5.99,43.17,Digital Wallet,payment_complete,2026-11-14 16:47:51
ord-ba1ed18a2098,s-473ee1fd1ff5,u-b3f946ad68bc,3,166.35,0.0,0.0,166.35,Digital Wallet,payment_complete,2026-11-14 17:04:09
ord-7f436f034db2,s-0d215016d79d,u-3a4101738ddd,1,113.09,11.31,0.0,101.78,Debit Card,payment_complete,2026-11-14 17:08:25
ord-c7d4d66d2aed,s-097a0198f9e4,u-407e903a3938,1,40.2,0.0,5.99,46.19,Digital Wallet,payment_complete,2026-11-14 17:11:41
ord-1d7e5622c17e,s-72c5c7c21721,u-3e556bcaa560,1,27.33,0.0,5.99,33.32,Digital Wallet,payment_complete,2026-11-14 17:13:11
ord-5246594235fd,s-5343f8006b4d,u-72df1551c053,1,59.76,0.0,0.0,59.76,Buy Now Pay Later,payment_complete,2026-11-14 17:48:24
ord-9fc27dde19c8,s-3f5772f0d3fa,u-5e8ec6adb548,2,93.28,0.0,0.0,93.28,Credit Card,payment_complete,2026-11-14 18:04:19
ord-8ad2006ba242,s-5e8a474cc61c,u-42749a5e2a8c,1,45.66,0.0,5.99,51.65,Debit Card,payment_complete,2026-11-14 18:29:33
ord-ad6ee4e31633,s-0bb277cd3848,u-3a6f7476f9e0,2,130.88,0.0,0.0,130.88,Debit Card,payment_complete,2026-11-14 18:47:19
ord-263237563fba,s-94a643db22fb,u-0ff827a897dc,2,116.38,0.0,0.0,116.38,Debit Card,payment_complete,2026-11-14 19:31:38
ord-9c044810618f,s-84b7147c66a1,u-90493a411125,2,71.36,5.0,0.0,66.36,Debit Card,payment_complete,2026-11-14 20:57:05
ord-6632b40e6e34,s-db8dc4fdd18f,u-da720872c4f5,2,151.04,0.0,0.0,151.04,Digital Wallet,payment_complete,2026-11-14 21:09:34
ord-2d9c1f461773,s-8743e9d58266,u-d56ec03d3f7a,3,177.37,0.0,0.0,177.37,Credit Card,payment_complete,2026-11-14 21:11:38
ord-a28f2b3fa7b4,s-091b536ec953,u-59139f8ed530,1,68.89,0.0,0.0,68.89,Credit Card,payment_complete,2026-11-14 21:45:40
ord-cbd07ea8f788,s-b4f628e0bea3,u-17219ea40da1,1,58.05,0.0,0.0,58.05,Debit Card,payment_complete,2026-11-14 22:13:25
ord-688840a0447e,s-8f056743beaf,u-dcee090693cf,1,95.29,0.0,0.0,95.29,Digital Wallet,payment_complete,2026-11-14 22:36:59
ord-1370dec0b7e2,s-209a0939932d,u-65ad65dd5bb5,1,75.28,0.0,0.0,75.28,Digital Wallet,payment_complete,2026-11-14 23:00:31
ord-d3c4a13e64d3,s-0c47a771ac42,u-ebb3786e4106,1,102.82,0.0,0.0,102.82,Buy Now Pay Later,payment_complete,2026-11-14 23:51:51
ord-5d579a57774e,s-c1804fb1f0bb,u-ce7725cafc1c,1,79.16,0.0,0.0,79.16,Buy Now Pay Later,payment_complete,2026-11-15 00:08:03
ord-9331650912ae,s-1584f26902ef,u-0bae1beb411b,2,68.1,0.0,0.0,68.1,Digital Wallet,payment_complete,2026-11-15 00:20:19
ord-0d6d7cceadb2,s-0955db68e783,u-42749a5e2a8c,3,132.99,0.0,0.0,132.99,Digital Wallet,payment_complete,2026-11-15 00:22:47
ord-bbbd8671e94e,s-dab471b77448,u-2d98f0a82c2e,1,57.67,0.0,0.0,57.67,Credit Card,payment_complete,2026-11-15 01:35:31
ord-6f0129a271ff,s-6248e0b9ef2e,u-3c3ea7f4ec6f,1,30.86,0.0,5.99,36.85,Debit Card,payment_complete,2026-11-15 02:20:07
ord-2be00f6260ed,s-21608098d547,u-f1addefbcff2,1,45.91,5.0,5.99,46.9,Credit Card,payment_complete,2026-11-15 02:29:26
ord-48d803713c6f,s-5d3c1135e57e,u-34e58ffba08f,1,43.08,4.31,5.99,44.76,Digital Wallet,payment_complete,2026-11-15 03:33:46
ord-9630902ce445,s-5816aa0afcc6,u-72fa3563a57a,1,38.22,0.0,5.99,44.21,Digital Wallet,payment_complete,2026-11-15 04:14:59
ord-1bf6f70e116a,s-7243fe67ec92,u-f89774974376,1,50.35,0.0,0.0,50.35,Buy Now Pay Later,payment_complete,2026-11-15 04:17:18
ord-2051ddd0698d,s-8e328f5d4b7a,u-a1e7a73daf89,2,93.4,5.0,0.0,88.4,Digital Wallet,payment_complete,2026-11-15 04:27:16
ord-74b1ae168547,s-12a8c6cb6879,u-c5438ef9aa64,2,163.3,0.0,0.0,163.3,Buy Now Pay Later,payment_complete,2026-11-15 05:03:27
ord-d539d25b56da,s-8809115bbab4,u-e946196af4ac,1,52.93,5.29,0.0,47.64,Digital Wallet,payment_complete,2026-11-15 06:16:49
ord-5628207664fe,s-31c2e525cc80,u-453c63914fae,1,39.92,0.0,5.99,45.91,Digital Wallet,payment_complete,2026-11-15 06:46:54
ord-da753bf80efb,s-c55cf18e1005,u-2431c35ebf16,1,26.45,5.0,5.99,27.44,Buy Now Pay Later,payment_complete,2026-11-15 07:31:16
ord-b8e87ddff035,s-66b4a9bbf8e6,u-b53006f178a5,1,71.91,0.0,0.0,71.91,Credit Card,payment_complete,2026-11-15 07:52:06
ord-5a28fe1337d2,s-536e02d8f8d9,u-25da60583ffc,2,131.16,0.0,0.0,131.16,Debit Card,payment_complete,2026-11-15 08:04:18
ord-08d5e0092b5e,s-d0ad35c89141,u-80a6e345ce71,1,72.07,0.0,0.0,72.07,Digital Wallet,payment_complete,2026-11-15 08:34:16
ord-ade20337edf8,s-e6486e5fd8f0,u-a087b0f66e0b,1,59.26,0.0,0.0,59.26,Credit Card,payment_complete,2026-11-15 08:35:09
ord-6a2d0fae4058,s-244438b7cea6,u-469626638f12,1,106.9,10.69,0.0,96.21,Buy Now Pay Later,payment_complete,2026-11-15 09:13:29
ord-ad3008425010,s-1218e2f238c3,u-de59f59ec682,1,62.01,0.0,0.0,62.01,Digital Wallet,payment_complete,2026-11-15 09:26:51
ord-bc4cd25fd560,s-789d7880ab7d,u-9236f5297738,1,106.53,0.0,0.0,106.53,Credit Card,payment_complete,2026-11-15 10:41:19
ord-b70d58b2e836,s-aa8c32f475af,u-ff61c6abf958,1,61.05,0.0,0.0,61.05,Digital Wallet,payment_complete,2026-11-15 11:04:02
ord-7dade19c93e2,s-fc620c213f98,u-5e9e1a8e89c4,1,76.72,0.0,0.0,76.72,Digital Wallet,payment_complete,2026-11-15 11:09:44
ord-f8f0f39def95,s-abc6809c042b,u-9f6c273dfa93,1,28.13,0.0,5.99,34.12,Credit Card,payment_complete,2026-11-15 11:34:22
ord-5178a4a07169,s-9b38f6ad3bbc,u-365efd8468ac,1,59.36,0.0,0.0,59.36,Debit Card,payment_complete,2026-11-15 11:39:01
ord-525187d8f901,s-94f2597c0f49,u-a50eb1befcb2,1,38.95,0.0,5.99,44.94,Digital Wallet,payment_complete,2026-11-15 12:38:59
ord-fdc9b51ec8b8,s-7f97ea547bc1,u-c4a0b1aaafdf,3,210.6,0.0,0.0,210.6,Credit Card,payment_complete,2026-11-15 12:48:42
ord-0a3b1040cdbb,s-cc724f56978b,u-8bb11dd3b18b,1,78.37,0.0,0.0,78.37,Digital Wallet,payment_complete,2026-11-15 12:56:19
ord-3c0278bc53eb,s-90e2658b0170,u-10ada017f886,2,110.14,0.0,0.0,110.14,Credit Card,payment_complete,2026-11-15 13:09:16
ord-194bc28217f3,s-01dea6d7f217,u-fab135d1650f,1,63.51,6.35,0.0,57.16,Debit Card,payment_complete,2026-11-15 13:13:39
ord-1479cac9b7d1,s-20dee69ee75f,u-5d29476473b1,1,80.21,0.0,0.0,80.21,Digital Wallet,payment_complete,2026-11-15 14:21:05
ord-d86c1ad9d2e4,s-068262a264df,u-ed453c959cf6,2,136.13,0.0,0.0,136.13,Digital Wallet,payment_complete,2026-11-15 14:35:50
ord-623799ed1d73,s-2909770765f8,u-76ae372a75ad,2,89.03,0.0,0.0,89.03,Debit Card,payment_complete,2026-11-15 15:54:39
ord-df053f897310,s-ff7e1e74ee6a,u-74636b977551,1,62.0,5.0,0.0,57.0,Credit Card,payment_complete,2026-11-15 16:03:23
ord-0417b0e71c87,s-8a1fb0e5f5f4,u-aee3255de930,3,140.23,0.0,0.0,140.23,Debit Card,payment_complete,2026-11-15 16:10:39
ord-cf066b6d75ce,s-805ff6f8f568,u-359e3923fba2,2,106.3,0.0,0.0,106.3,Digital Wallet,payment_complete,2026-11-15 16:10:51
ord-e7c0f474a98b,s-0574e670776a,u-353d0d22c3df,1,67.34,0.0,0.0,67.34,Digital Wallet,payment_complete,2026-11-15 16:28:30
ord-25375db46cb0,s-35b8485c8cbf,u-57593f8fcf5d,1,18.87,0.0,5.99,24.86,Credit Card,payment_complete,2026-11-15 16:41:53
ord-b0e09a906fbe,s-e4478f5f9738,u-5358980593b0,1,87.06,0.0,0.0,87.06,Digital Wallet,payment_complete,2026-11-15 17:06:32
ord-91480e3f6f91,s-3be229fc2b92,u-bfe74c1526ad,1,46.44,4.64,5.99,47.79,Digital Wallet,payment_complete,2026-11-15 17:59:25
ord-c942e208d02e,s-6c06520430bc,u-cdd6328a20a3,3,101.45,0.0,0.0,101.45,Digital Wallet,payment_complete,2026-11-15 17:59:37
ord-119a56f9abcd,s-4f8120b4cda9,u-2acea3497a56,2,108.79,10.88,0.0,97.91,Digital Wallet,payment_complete,2026-11-15 19:29:03
ord-53266cf503f8,s-9d1a4aebede1,u-df72fc427347,1,73.23,0.0,0.0,73.23,Credit Card,payment_complete,2026-11-15 19:35:11
ord-9b3ddbe7e6eb,s-f0f3c56ba5ea,u-14265843cbd2,3,196.47,0.0,0.0,196.47,Digital Wallet,payment_complete,2026-11-15 20:40:36
ord-0205be47f533,s-98c05f9f6603,u-484b8ec4fe8b,2,85.88,0.0,0.0,85.88,Credit Card,payment_complete,2026-11-15 22:33:59
ord-3cb2a6bea594,s-37f9d90753d4,u-9cd62d29af5f,1,65.3,0.0,0.0,65.3,Digital Wallet,payment_complete,2026-11-15 23:09:02
ord-fe7365fb8e1d,s-a7f3808f3581,u-e2e14d8964ca,1,96.4,9.64,0.0,86.76,Buy Now Pay Later,payment_complete,2026-11-15 23:19:19
ord-5d5f149e892a,s-04957fe29c3f,u-a3f1a1b99978,1,80.21,0.0,0.0,80.21,Digital Wallet,payment_complete,2026-11-15 23:40:58
ord-55d3305ec0bd,s-6127546bd02b,u-25e90ddf2b61,1,42.7,0.0,5.99,48.69,Buy Now Pay Later,payment_complete,2026-11-15 23:52:48
ord-49129430352e,s-ce40ed5aca0a,u-bd4f533c5a91,1,92.68,0.0,0.0,92.68,Digital Wallet,payment_complete,2026-11-15 23:57:49
ord-9c6b10e9bb20,s-fed4140acca0,u-cee719cd0b9a,1,107.62,5.0,0.0,102.62,Digital Wallet,payment_complete,2026-11-16 00:05:23
ord-87375e7d6203,s-662577974b99,u-a11b2bc64086,1,90.36,0.0,0.0,90.36,Debit Card,payment_complete,2026-11-16 00:24:36
ord-0f5b45babb4b,s-65eac4f2f768,u-11b52a6f58cd,1,126.82,5.0,0.0,121.82,Buy Now Pay Later,payment_complete,2026-11-16 00:27:31
ord-0eda4590d7db,s-457f5cd6dfbd,u-cf983f8ac5e2,1,72.9,5.0,0.0,67.9,Buy Now Pay Later,payment_complete,2026-11-16 00:30:27
ord-80d77b5b27c9,s-19f832bf094a,u-18e21bceea28,1,23.93,0.0,5.99,29.92,Digital Wallet,payment_complete,2026-11-16 01:56:16
ord-f33366f20afd,s-c6151fe03dd4,u-4763f3449b5b,1,34.23,3.42,5.99,36.8,Debit Card,payment_complete,2026-11-16 02:11:31
ord-9c7febd52cfb,s-7a9b83d78d6d,u-c9274bbc60ff,1,48.23,0.0,5.99,54.22,Buy Now Pay Later,payment_complete,2026-11-16 02:17:24
ord-4c5ba2f503a5,s-548738129f08,u-decbc09fce26,2,123.89,5.0,0.0,118.89,Digital Wallet,payment_complete,2026-11-16 02:26:12
ord-9c1358a29e85,s-c672f243ca4c,u-9a49e3fba7eb,2,123.04,5.0,0.0,118.04,Debit Card,payment_complete,2026-11-16 02:26:27
ord-be3bfa51a367,s-789157afc52d,u-0b584023a43e,1,54.32,5.0,0.0,49.32,Credit Card,payment_complete,2026-11-16 03:12:29
ord-a8284c371858,s-b6899e84048e,u-cf4d68cd28d0,2,143.64,0.0,0.0,143.64,Debit Card,payment_complete,2026-11-16 03:53:20
ord-8105b5c3faa0,s-5ec5520c15e4,u-e72eb6aa98e6,1,63.57,0.0,0.0,63.57,Digital Wallet,payment_complete,2026-11-16 04:12:28
ord-367dd0014c54,s-af2c12bc3fa3,u-954ff5414b2a,1,55.13,0.0,0.0,55.13,Buy Now Pay Later,payment_complete,2026-11-16 04:15:42
ord-1b7bad096dc0,s-c2a098b77364,u-44a8596b0532,2,193.08,0.0,0.0,193.08,Digital Wallet,payment_complete,2026-11-16 05:08:39
ord-b710ebc01a72,s-587cb1348d50,u-2c8ae3cbbee0,1,52.06,0.0,0.0,52.06,Debit Card,payment_complete,2026-11-16 05:12:21
ord-d451c674f287,s-095ff46a4ed6,u-9bdde935734e,1,33.76,0.0,5.99,39.75,Debit Card,payment_complete,2026-11-16 05:18:02
ord-72c386e99806,s-792eab31c508,u-dc5ed498101e,1,34.7,0.0,5.99,40.69,Digital Wallet,payment_complete,2026-11-16 05:47:18
ord-05f622e1236b,s-94d593a8d0ca,u-75d8929e1d9f,1,37.87,5.0,5.99,38.86,Digital Wallet,payment_complete,2026-11-16 06:11:56
ord-9dd9dfd28cbb,s-fcff2a760a93,u-56cb82a7b3bb,2,115.09,0.0,0.0,115.09,Digital Wallet,payment_complete,2026-11-16 06:12:28
ord-45d9235bd4a6,s-35f4af27e431,u-39e505980b20,2,119.14,0.0,0.0,119.14,Digital Wallet,payment_complete,2026-11-16 06:15:11
ord-e9a24d0707aa,s-144e1473e946,u-97506a133181,3,183.81,0.0,0.0,183.81,Digital Wallet,payment_complete,2026-11-16 07:16:20
ord-46fa9235b150,s-885cfb175836,u-f347b0923364,2,155.76,0.0,0.0,155.76,Digital Wallet,payment_complete,2026-11-16 07:26:13
ord-70223f2f3c69,s-6e8d41ad43b5,u-88dde7daf998,1,74.91,0.0,0.0,74.91,Credit Card,payment_complete,2026-11-16 07:41:47
ord-3f3c16622545,s-2afeb97a8f22,u-060f7cfbee04,1,58.1,0.0,0.0,58.1,Digital Wallet,payment_complete,2026-11-16 09:52:19
ord-8b1ab4b822b2,s-e7e90155ce7e,u-410bedaa9889,1,20.11,0.0,5.99,26.1,Credit Card,payment_complete,2026-11-16 10:07:21
ord-1416489e337f,s-fea1c5b6f953,u-fd9c040a072b,1,54.55,5.0,0.0,49.55,Digital Wallet,payment_complete,2026-11-16 10:37:16
ord-be94d8739270,s-21a6d74cf9e3,u-26fb8edd4ffc,2,100.43,5.0,0.0,95.43,Credit Card,payment_complete,2026-11-16 10:49:20
ord-dc275dae8530,s-51ac4d0134fe,u-be2fc650f4a8,1,54.16,0.0,0.0,54.16,Buy Now Pay Later,payment_complete,2026-11-16 10:49:57
ord-1106fb50e9dc,s-a5062c9263a4,u-47c205b7936e,1,66.87,6.69,0.0,60.18,Digital Wallet,payment_complete,2026-11-16 11:12:40
ord-6685907a633e,s-977b6ed63c48,u-2c8e9b409f57,1,40.39,0.0,5.99,46.38,Digital Wallet,payment_complete,2026-11-16 11:28:23
ord-d6a5607456f7,s-bb5338d86853,u-0208affccf11,2,150.77,0.0,0.0,150.77,Digital Wallet,payment_complete,2026-11-16 12:58:58
ord-49dd96b61f5a,s-32375df7dc0d,u-669529d3b123,1,73.52,0.0,0.0,73.52,Credit Card,payment_complete,2026-11-16 13:46:45
ord-e9861ecdb68c,s-cfea0f8ed6fb,u-8214d1510f8a,1,66.67,0.0,0.0,66.67,Credit Card,payment_complete,2026-11-16 14:41:55
ord-2651065420ee,s-208dac49c2d0,u-0d374a94105f,1,64.09,0.0,0.0,64.09,Digital Wallet,payment_complete,2026-11-16 14:45:46
ord-a1ca3eb8b98d,s-d2441b56ba96,u-87baccb14a23,1,33.13,0.0,5.99,39.12,Debit Card,payment_complete,2026-11-16 14:56:00
ord-6ffb7c1e9cd5,s-903fbeae354b,u-4d794a9354dd,1,53.18,0.0,0.0,53.18,Credit Card,payment_complete,2026-11-16 15:23:57
ord-d3ec3192198a,s-f4b55b1bf409,u-45ca6ed7dac4,1,70.25,0.0,0.0,70.25,Digital Wallet,payment_complete,2026-11-16 15:37:09
ord-1b221595dc9b,s-5de5a1ac74db,u-4ffae21d4040,1,37.18,0.0,5.99,43.17,Debit Card,payment_complete,2026-11-16 15:40:13
ord-d31159b28417,s-39467dc9d9e6,u-eb7fa7330261,1,34.12,0.0,5.99,40.11,Buy Now Pay Later,payment_complete,2026-11-16 17:22:06
ord-70a8ef9ef854,s-a6db463396eb,u-d8f54fcdae3e,1,48.25,0.0,5.99,54.24,Buy Now Pay Later,payment_complete,2026-11-16 17:23:09
ord-f9eb6d0ce1ce,s-af1dfdb90d7d,u-b1a704d6a98c,1,54.41,0.0,0.0,54.41,Credit Card,payment_complete,2026-11-16 17:55:57
ord-4be0185d2bf2,s-909627080e50,u-27e4333056fd,1,57.22,0.0,0.0,57.22,Buy Now Pay Later,payment_complete,2026-11-16 18:44:07
ord-cc5197504f0a,s-4ac9b8adade2,u-0bb3fdd383e1,1,58.54,0.0,0.0,58.54,Buy Now Pay Later,payment_complete,2026-11-16 19:10:37
ord-eeea054faf75,s-8e57c4d82aad,u-d564378e5dbb,3,181.15,0.0,0.0,181.15,Credit Card,payment_complete,2026-11-16 19:12:05
ord-24a4d0a5b562,s-b34d5327c03b,u-547ce9f4b128,2,75.01,0.0,0.0,75.01,Digital Wallet,payment_complete,2026-11-16 19:19:53
ord-9c6910cc99fd,s-d36211109bc1,u-8ad3db4461fb,1,54.27,0.0,0.0,54.27,Digital Wallet,payment_complete,2026-11-16 19:37:12
ord-249a42391f03,s-dc339c49e1fd,u-6eaac65a9d89,1,18.65,1.86,5.99,22.78,Digital Wallet,payment_complete,2026-11-16 20:36:15
ord-c454b6a0a79e,s-370ea6b67408,u-0900bd7e58f2,2,120.11,5.0,0.0,115.11,Credit Card,payment_complete,2026-11-16 20:46:52
ord-92ee01d81eac,s-d93b6a932d20,u-b2e4c79a4dc0,1,74.29,5.0,0.0,69.29,Debit Card,payment_complete,2026-11-16 20:52:19
ord-c98033908df7,s-542d61169772,u-b29664f0341e,1,141.18,0.0,0.0,141.18,Credit Card,payment_complete,2026-11-16 20:59:01
ord-56a5831d9e3c,s-cb98bb238a8a,u-36bb1e1baf76,1,33.02,0.0,5.99,39.01,Buy Now Pay Later,payment_complete,2026-11-16 21:01:35
ord-6c74c8083a41,s-396f3efbf40f,u-afa7cbac9253,1,58.8,0.0,0.0,58.8,Digital Wallet,payment_complete,2026-11-16 21:06:13
ord-4b617a72777c,s-556896204844,u-39c1bc2578fa,2,90.89,0.0,0.0,90.89,Credit Card,payment_complete,2026-11-16 21:15:40
ord-f90162f98067,s-646965fc46ce,u-a1175e9e65a8,1,66.89,5.0,0.0,61.89,Buy Now Pay Later,payment_complete,2026-11-16 21:39:36
ord-34e960d5d692,s-4105525b626f,u-e49350369732,1,36.22,0.0,5.99,42.21,Credit Card,payment_complete,2026-11-16 21:42:21
ord-ff72e2c400c3,s-181371f387b1,u-f98141a9bea3,1,35.35,0.0,5.99,41.34,Debit Card,payment_complete,2026-11-16 22:35:59
ord-70ebf622734d,s-397d6c21cc11,u-859493c0d62f,1,78.22,0.0,0.0,78.22,Digital Wallet,payment_complete,2026-11-16 22:40:37
ord-43512d5f0cd3,s-5f8b7a3921c0,u-1304db568892,1,59.11,0.0,0.0,59.11,Debit Card,payment_complete,2026-11-16 22:44:05
ord-0bc449204599,s-6df5e9200a8a,u-9a9333f464d8,1,59.07,5.0,0.0,54.07,Digital Wallet,payment_complete,2026-11-16 22:47:24
ord-7a0495e07e9b,s-61a6322713d5,u-be1e0901d3eb,1,36.72,0.0,5.99,42.71,Credit Card,payment_complete,2026-11-16 23:03:03
ord-0527ea089818,s-12ebf2bb3b43,u-fab135d1650f,1,125.58,0.0,0.0,125.58,Digital Wallet,payment_complete,2026-11-16 23:06:58
ord-8959e5f04952,s-38e2eec2d603,u-780883f60d55,1,31.43,0.0,5.99,37.42,Credit Card,payment_complete,2026-11-16 23:09:32
ord-7ad1a2b5489f,s-25838f174577,u-418cf7d7a6f0,2,125.96,5.0,0.0,120.96,Digital Wallet,payment_complete,2026-11-16 23:13:14
ord-bc9c34d71683,s-e652a811912a,u-b93e1a1c10d5,1,60.34,0.0,0.0,60.34,Credit Card,payment_complete,2026-11-16 23:25:21
ord-e896c1a3efdb,s-0c2745123613,u-ce585cbfa91e,1,30.88,3.09,5.99,33.78,Digital Wallet,payment_complete,2026-11-16 23:51:39
ord-20d819efb0fc,s-84ef482e1d7f,u-3bb77d496106,1,63.79,0.0,0.0,63.79,Digital Wallet,payment_complete,2026-11-17 00:29:36
ord-1f6f221ac8be,s-c5537b5cfde3,u-0bcaa5552edc,2,149.46,0.0,0.0,149.46,Credit Card,payment_complete,2026-11-17 01:24:36
ord-49f989a1ba76,s-f305202babc6,u-9a1c8b5ab70a,1,103.61,0.0,0.0,103.61,Digital Wallet,payment_complete,2026-11-17 02:03:19
ord-4b3a6273f8d2,s-8fc09db4fb2b,u-ec9758824eee,1,107.9,5.0,0.0,102.9,Digital Wallet,payment_complete,2026-11-17 02:10:33
ord-fdb85c8c89d6,s-28ce67fc25c3,u-a3ce33c5eab6,1,54.94,0.0,0.0,54.94,Digital Wallet,payment_complete,2026-11-17 02:48:03
ord-c4abb2ebfc97,s-ad039805af42,u-8517c8b82747,2,96.7,0.0,0.0,96.7,Digital Wallet,payment_complete,2026-11-17 02:48:51
ord-f0a1a31d1e5d,s-f190ed3f7b3d,u-056806ffabb0,1,79.36,0.0,0.0,79.36,Digital Wallet,payment_complete,2026-11-17 03:19:11
ord-a7b8c5cbd5da,s-8fafbe7ecf39,u-3542f03f05c7,1,49.47,0.0,5.99,55.46,Digital Wallet,payment_complete,2026-11-17 05:47:56
ord-42b16fc1df70,s-8f76c4120022,u-b41a54bfc04e,1,40.26,4.03,5.99,42.22,Credit Card,payment_complete,2026-11-17 05:53:44
ord-667917a378c3,s-e0b0f84a486a,u-867843cf0e90,1,44.32,0.0,5.99,50.31,Debit Card,payment_complete,2026-11-17 07:15:03
ord-f4e9d207617f,s-ef62190d515a,u-ac1393a33f7a,1,52.61,0.0,0.0,52.61,Buy Now Pay Later,payment_complete,2026-11-17 07:39:16
ord-9cdaa883ed13,s-486d07e7b1c5,u-5fcc12586084,1,86.47,8.65,0.0,77.82,Digital Wallet,payment_complete,2026-11-17 08:10:52
ord-135495639528,s-c6b6df71233b,u-2e8b2582b0fc,1,59.03,0.0,0.0,59.03,Buy Now Pay Later,payment_complete,2026-11-17 09:39:27
ord-68560ec3926e,s-c9a19f21b69f,u-5a5cca7d7a76,2,91.09,0.0,0.0,91.09,Debit Card,payment_complete,2026-11-17 10:28:50
ord-82d2ce616d8f,s-b056146b0b50,u-8154cf91ec13,1,34.57,0.0,5.99,40.56,Debit Card,payment_complete,2026-11-17 10:29:46
ord-609456995714,s-381b2446a7ac,u-b32c0fe5c934,1,54.74,5.0,0.0,49.74,Debit Card,payment_complete,2026-11-17 10:31:41
ord-f0b6e358f77a,s-d369bc4a2976,u-a33da604ee4a,1,103.77,0.0,0.0,103.77,Digital Wallet,payment_complete,2026-11-17 11:35:57
ord-0a336d10de54,s-615117ff70d5,u-e7df4dd0b189,1,71.71,0.0,0.0,71.71,Debit Card,payment_complete,2026-11-17 11:39:51
ord-eb5e6e746e61,s-5a7fd6d1b0e9,u-b4444f6d2f22,1,69.05,0.0,0.0,69.05,Buy Now Pay Later,payment_complete,2026-11-17 12:02:59
ord-9f557e0c370c,s-24571d4077d6,u-abdd256f2443,1,21.73,0.0,5.99,27.72,Digital Wallet,payment_complete,2026-11-17 12:04:34
ord-064ed95b7f5c,s-7e1c21c60fed,u-0e06e11a313d,3,199.68,0.0,0.0,199.68,Buy Now Pay Later,payment_complete,2026-11-17 12:30:29
ord-c086c777f6a7,s-c295cf03b64e,u-ab444543139c,1,89.52,0.0,0.0,89.52,Buy Now Pay Later,payment_complete,2026-11-17 13:31:48
ord-af40645e3847,s-37c807177dd4,u-f46d9848bd61,1,126.99,0.0,0.0,126.99,Digital Wallet,payment_complete,2026-11-17 14:30:43
ord-1bd37f0dfd5a,s-1afad6df96f9,u-779fe36cea64,1,29.33,0.0,5.99,35.32,Digital Wallet,payment_complete,2026-11-17 15:33:34
ord-2e607aee5259,s-5326a058c21d,u-281e6fb4df7f,1,51.24,0.0,0.0,51.24,Digital Wallet,payment_complete,2026-11-17 16:30:10
ord-d58a0043e5f2,s-c96142248d18,u-e9c882a3b2f0,1,87.53,0.0,0.0,87.53,Digital Wallet,payment_complete,2026-11-17 17:17:09
ord-549280449e75,s-131dcab6fefd,u-a8900eef5247,2,137.58,0.0,0.0,137.58,Credit Card,payment_complete,2026-11-17 17:28:59
ord-5e97a91cc547,s-3d48d8ad7689,u-44b2ea65f0fe,1,43.86,0.0,5.99,49.85,Digital Wallet,payment_complete,2026-11-17 17:36:06
ord-290b0dcf7dbd,s-c4032d585143,u-e65018f9ae18,1,61.88,0.0,0.0,61.88,Digital Wallet,payment_complete,2026-11-17 17:51:16
ord-7bfbc10a7ca0,s-78dc6ca1a28f,u-dc8b3b10a92d,1,49.55,0.0,5.99,55.54,Credit Card,payment_complete,2026-11-17 18:20:16
ord-89b94902e49a,s-58aae3d6e067,u-d9a1c3aef06c,1,27.12,0.0,5.99,33.11,Credit Card,payment_complete,2026-11-17 18:43:06
ord-f6da3d610a46,s-83b16891f0ec,u-c6b5f99c5449,1,97.85,0.0,0.0,97.85,Digital Wallet,payment_complete,2026-11-17 18:51:25
ord-3a9340aa9b58,s-8a68f2394756,u-42c74a115769,1,85.98,0.0,0.0,85.98,Credit Card,payment_complete,2026-11-17 19:13:11
ord-cb1fcf6bb3f7,s-d2d70e5be586,u-0eed23182699,1,72.72,0.0,0.0,72.72,Digital Wallet,payment_complete,2026-11-17 19:55:14
ord-6e351170ea05,s-ec0c683f43d2,u-0154ae244e78,2,87.31,0.0,0.0,87.31,Digital Wallet,payment_complete,2026-11-17 21:04:30
ord-34f6815337e8,s-01e6d8af1df6,u-77e7f0d071dd,2,105.93,0.0,0.0,105.93,Credit Card,payment_complete,2026-11-17 21:47:04
ord-a4d18d448b3e,s-dbbdb47e5b7f,u-8c4cf2086398,2,100.46,0.0,0.0,100.46,Debit Card,payment_complete,2026-11-17 21:56:29
ord-d2ec98d77961,s-7e5c04ceb7c1,u-745d876946f8,3,141.83,5.0,0.0,136.83,Digital Wallet,payment_complete,2026-11-17 22:00:42
ord-d7317cd7ecd6,s-39c1122e43d8,u-1289b00c2832,1,73.93,7.39,0.0,66.54,Debit Card,payment_complete,2026-11-17 22:18:23
ord-e7a27aca40af,s-15798627cc0c,u-7548f8d19be1,1,36.36,0.0,5.99,42.35,Digital Wallet,payment_complete,2026-11-17 22:33:12
ord-4a2f8d57b73d,s-b62fd34ae729,u-891c18173297,1,44.58,0.0,5.99,50.57,Credit Card,payment_complete,2026-11-17 22:57:24
ord-559f301df9db,s-164873999809,u-d439a2ed12cd,3,141.19,0.0,0.0,141.19,Digital Wallet,payment_complete,2026-11-17 23:06:48
ord-ab1e8030c3c8,s-eda1638879b2,u-a7289fa3886e,2,104.88,0.0,0.0,104.88,Digital Wallet,payment_complete,2026-11-17 23:16:25
ord-a5622334212c,s-49e8580c2214,u-160d22ce457d,2,63.62,0.0,0.0,63.62,Buy Now Pay Later,payment_complete,2026-11-17 23:52:15
ord-81e719aaf574,s-2e84bc34bc3d,u-1e6d112394cc,1,77.43,0.0,0.0,77.43,Digital Wallet,payment_complete,2026-11-18 01:17:00
ord-4f3ed99d4331,s-976d34078f10,u-41c457f655b7,2,86.8,0.0,0.0,86.8,Digital Wallet,payment_complete,2026-11-18 01:23:04
ord-a8a1fc9a7fa4,s-867793d68832,u-ef1850d444f1,1,22.68,0.0,5.99,28.67,Credit Card,payment_complete,2026-11-18 01:34:41
ord-4b7cd4599d8c,s-d42090ba16aa,u-bcc04f306611,1,37.26,0.0,5.99,43.25,Digital Wallet,payment_complete,2026-11-18 02:16:48
ord-2662f219ea97,s-81eb5ca4731f,u-af9cd0d6f2c9,2,112.28,0.0,0.0,112.28,Digital Wallet,payment_complete,2026-11-18 04:16:55
ord-eb5f4f45686c,s-49b51eed170c,u-a98df35a0b6d,1,60.14,5.0,0.0,55.14,Credit Card,payment_complete,2026-11-18 04:44:42
ord-d5d3e139f888,s-bbca45dd4e04,u-7209ab7bf3d4,2,69.02,0.0,0.0,69.02,Credit Card,payment_complete,2026-11-18 05:01:10
ord-2911f3b3592f,s-61582acb929c,u-9dc0be496437,2,109.45,0.0,0.0,109.45,Digital Wallet,payment_complete,2026-11-18 05:32:39
ord-574d4aab4654,s-eeb631782828,u-5b5b2e10f37a,1,66.84,0.0,0.0,66.84,Buy Now Pay Later,payment_complete,2026-11-18 05:44:25
ord-836e392dc52e,s-2f86ea95ae9a,u-c5626b55d3a4,2,147.51,0.0,0.0,147.51,Debit Card,payment_complete,2026-11-18 05:58:33
ord-c4cb38d22879,s-f5510837c4ea,u-aa23c3614d99,4,213.82,5.0,0.0,208.82,Credit Card,payment_complete,2026-11-18 06:23:15
ord-8bee231a8331,s-0e3fc582e56f,u-ada83caf3219,1,55.1,0.0,0.0,55.1,Debit Card,payment_complete,2026-11-18 07:13:04
ord-cb9e67ba7b13,s-54a172fae88c,u-2cb8cbf4d35c,1,111.42,11.14,0.0,100.28,Digital Wallet,payment_complete,2026-11-18 07:23:09
ord-e3f19bcfbe9b,s-7c7ce252ce57,u-deb00ff3c205,1,68.69,6.87,0.0,61.82,Buy Now Pay Later,payment_complete,2026-11-18 07:48:55
ord-e6b2c97fe8b8,s-8c2eaf7e8db1,u-816fe894632d,1,84.25,0.0,0.0,84.25,Digital Wallet,payment_complete,2026-11-18 07:49:55
ord-bfbc33edc9cd,s-c93ae0fb1d59,u-08e5c5be631e,2,113.62,0.0,0.0,113.62,Credit Card,payment_complete,2026-11-18 07:53:36
ord-c6aa6d5e2242,s-2ffe41580097,u-ac6d723a2984,1,74.36,0.0,0.0,74.36,Credit Card,payment_complete,2026-11-18 08:14:27
ord-198dfc847705,s-3c1fe0bc029c,u-524f87929636,1,46.95,5.0,5.99,47.94,Credit Card,payment_complete,2026-11-18 10:20:46
ord-6739221ee231,s-f0f09c494a08,u-e2f5363609c5,1,58.8,0.0,0.0,58.8,Digital Wallet,payment_complete,2026-11-18 11:39:50
ord-6c55c3ff3524,s-70f2f655fcad,u-8132c9d930ff,1,115.12,5.0,0.0,110.12,Digital Wallet,payment_complete,2026-11-18 12:09:43
ord-dede66fd2419,s-6bf4e9ecc335,u-7f84ea5debe7,1,59.4,5.0,0.0,54.4,Digital Wallet,payment_complete,2026-11-18 12:14:53
ord-9e45eee0f9cf,s-24e888cd516f,u-14b8ea0e61ff,3,244.97,0.0,0.0,244.97,Digital Wallet,payment_complete,2026-11-18 12:51:40
ord-b05d27073938,s-ab7e44593776,u-f45136965f5f,2,128.58,5.0,0.0,123.58,Credit Card,payment_complete,2026-11-18 13:05:46
ord-092a966c929b,s-bad364ce0150,u-ba6704d6aab7,1,38.19,0.0,5.99,44.18,Digital Wallet,payment_complete,2026-11-18 13:16:24
ord-0c543fd0413b,s-73f142178108,u-c7e832bff8be,1,95.72,0.0,0.0,95.72,Credit Card,payment_complete,2026-11-18 13:23:04
ord-3c3637d04f2c,s-f6678b33aa0a,u-de0530ee0a77,1,56.55,5.0,0.0,51.55,Buy Now Pay Later,payment_complete,2026-11-18 13:38:17
ord-974fc3c9ea62,s-233c0f84f2ef,u-aa30a6f9861d,1,63.37,0.0,0.0,63.37,Credit Card,payment_complete,2026-11-18 14:47:34
ord-48c5f714bfec,s-9e84dabf8e73,u-4d6a03716ce9,2,91.76,0.0,0.0,91.76,Digital Wallet,payment_complete,2026-11-18 15:26:07
ord-ca7a9746ae0a,s-2972bfc434a8,u-9556a4f80c52,2,106.09,0.0,0.0,106.09,Digital Wallet,payment_complete,2026-11-18 15:37:41
ord-fb039a6ae55f,s-e7411c89a76f,u-520142f9ddce,3,188.21,18.82,0.0,169.39,Digital Wallet,payment_complete,2026-11-18 15:41:02
ord-9fcadae96ae2,s-a4be5d3f79b5,u-f6bba59e2d2a,1,70.34,0.0,0.0,70.34,Credit Card,payment_complete,2026-11-18 16:43:08
ord-9719d077488b,s-0299320a942e,u-fb19195f1760,1,54.65,5.0,0.0,49.65,Buy Now Pay Later,payment_complete,2026-11-18 16:45:36
ord-8b61504b4ed6,s-3234e0a2881c,u-2d4c43888c99,1,56.12,0.0,0.0,56.12,Buy Now Pay Later,payment_complete,2026-11-18 16:47:23
ord-635bc649a9cd,s-0d928f48d9be,u-7f781044dad2,1,66.87,5.0,0.0,61.87,Credit Card,payment_complete,2026-11-18 17:46:07
ord-3841f478cf95,s-92c5d10c0dc3,u-fae5b4191093,1,59.39,0.0,0.0,59.39,Credit Card,payment_complete,2026-11-18 18:15:24
ord-b97031c13466,s-c0491179a7e6,u-3e946db79af6,1,42.64,0.0,5.99,48.63,Digital Wallet,payment_complete,2026-11-18 18:27:28
ord-686af16ee175,s-edcff1f99682,u-3d1b69baecac,1,62.18,5.0,0.0,57.18,Digital Wallet,payment_complete,2026-11-18 18:32:18
ord-9c805361be09,s-af0b7949cb1b,u-6cd6b60ebc5b,1,41.99,0.0,5.99,47.98,Digital Wallet,payment_complete,2026-11-18 18:56:30
ord-19798c0f1096,s-3dcb6de281c3,u-939a22a88d19,2,52.94,0.0,0.0,52.94,Digital Wallet,payment_complete,2026-11-18 19:07:54
ord-7b0cc6c02722,s-090de340eae9,u-c5fa341db772,1,50.16,0.0,0.0,50.16,Credit Card,payment_complete,2026-11-18 19:16:38
ord-b50f1f871482,s-a082e43ee655,u-26f1fc2217d3,1,132.81,0.0,0.0,132.81,Credit Card,payment_complete,2026-11-18 19:57:04
ord-ba7179320a4e,s-ca6ca26e86ff,u-a7a43eebbb9e,3,169.32,5.0,0.0,164.32,Digital Wallet,payment_complete,2026-11-18 20:01:00
ord-ed65dc644d35,s-5e0f2bcd45a8,u-f6d1ad9ffec3,1,39.38,0.0,5.99,45.37,Credit Card,payment_complete,2026-11-18 20:03:58
ord-d31a15e8bede,s-3088c78fb6a7,u-b830e3f506ca,1,57.67,0.0,0.0,57.67,Digital Wallet,payment_complete,2026-11-18 20:38:26
ord-97bd4d913df9,s-2bfec7e93052,u-e0954788f45c,2,101.26,0.0,0.0,101.26,Debit Card,payment_complete,2026-11-18 20:43:38
ord-cdb1012a1027,s-96f8e3534777,u-221b85c439b5,2,85.38,5.0,0.0,80.38,Buy Now Pay Later,payment_complete,2026-11-18 20:52:17
ord-354f65e46784,s-bdfd692e3623,u-cd8821da97e6,2,100.28,0.0,0.0,100.28,Debit Card,payment_complete,2026-11-18 21:33:43
ord-757e1d18bd33,s-c94d6d9e90d1,u-e8f279811a96,2,111.47,0.0,0.0,111.47,Digital Wallet,payment_complete,2026-11-18 21:58:00
ord-691d1099bc24,s-ee48948cdadc,u-2424ff446c32,1,64.57,0.0,0.0,64.57,Digital Wallet,payment_complete,2026-11-18 22:06:11
ord-e469d84fd38e,s-4554e71e73a9,u-397a61a1b392,1,30.0,5.0,5.99,30.99,Digital Wallet,payment_complete,2026-11-18 23:15:31
ord-622184bec8a0,s-f803b11a8f99,u-ae6a1dbc8634,2,193.32,0.0,0.0,193.32,Digital Wallet,payment_complete,2026-11-18 23:16:17
ord-f524e7862912,s-5557a4c2c50b,u-68d19dc3d320,1,48.26,0.0,5.99,54.25,Digital Wallet,payment_complete,2026-11-18 23:28:27
ord-17955e0505e5,s-ddca7f5ac368,u-c23eb30996a5,1,67.74,0.0,0.0,67.74,Digital Wallet,payment_complete,2026-11-18 23:39:11
ord-703923e104e3,s-3ec777094d80,u-857d22e8d9b7,1,106.93,5.0,0.0,101.93,Debit Card,payment_complete,2026-11-19 00:42:35
ord-bc434f2f0195,s-1551d516d20e,u-5701caa97e53,2,109.88,5.0,0.0,104.88,Digital Wallet,payment_complete,2026-11-19 00:43:15
ord-c47a9f1c1c74,s-61df67569c22,u-03026484ab62,1,63.3,0.0,0.0,63.3,Digital Wallet,payment_complete,2026-11-19 00:54:48
ord-a5703e73d6da,s-22bd49f986c7,u-634e596d9331,1,49.76,5.0,5.99,50.75,Digital Wallet,payment_complete,2026-11-19 01:09:39
ord-02cca9e771e4,s-7aad49312115,u-a60d6a9a106d,1,83.92,0.0,0.0,83.92,Buy Now Pay Later,payment_complete,2026-11-19 01:47:50
ord-a969da0f5f29,s-f9eb45eef09c,u-a7fc719626fb,1,30.99,0.0,5.99,36.98,Digital Wallet,payment_complete,2026-11-19 01:55:29
ord-d57d626b1db7,s-ef98e6b2d6b3,u-bf81c2c79415,1,48.41,0.0,5.99,54.4,Credit Card,payment_complete,2026-11-19 02:21:16
ord-6653e12ccca7,s-b523fc5a99c2,u-be19dec840be,1,106.39,0.0,0.0,106.39,Debit Card,payment_complete,2026-11-19 02:24:23
ord-28888030fd08,s-d3f87cc7f022,u-33b2bb7979ca,1,83.59,5.0,0.0,78.59,Digital Wallet,payment_complete,2026-11-19 03:36:21
ord-42d992249080,s-3294b5cbbee1,u-711c0f16f2b7,1,20.11,0.0,5.99,26.1,Digital Wallet,payment_complete,2026-11-19 04:05:02
ord-4c12d4862d40,s-606ca9694d94,u-0e37e6c73250,1,69.29,5.0,0.0,64.29,Credit Card,payment_complete,2026-11-19 04:54:47
ord-316582df1ede,s-950d53ea0a40,u-9117b3231bd6,1,29.81,0.0,5.99,35.8,Digital Wallet,payment_complete,2026-11-19 05:08:33
ord-049669f3bc74,s-eec1ac4a9722,u-051291353598,1,75.8,5.0,0.0,70.8,Digital Wallet,payment_complete,2026-11-19 05:16:23
ord-0ca23490967b,s-a4e1b61e8451,u-a7a63551576f,1,36.66,5.0,5.99,37.65,Digital Wallet,payment_complete,2026-11-19 05:38:41
ord-b3f31ff84fea,s-c2455665973b,u-3c8107b12e0e,1,20.57,0.0,5.99,26.56,Debit Card,payment_complete,2026-11-19 06:09:18
ord-69746ef1a078,s-c6c08183e550,u-d598b38d9a2c,1,60.23,0.0,0.0,60.23,Credit Card,payment_complete,2026-11-19 06:18:35
ord-d65e835917f5,s-f16d90d0c54a,u-9032158db7ff,2,140.61,0.0,0.0,140.61,Digital Wallet,payment_complete,2026-11-19 06:22:55
ord-7737e2f7ab03,s-0154b8ebf94a,u-6e8573dc9852,1,39.22,0.0,5.99,45.21,Digital Wallet,payment_complete,2026-11-19 06:48:46
ord-b72f248a8734,s-6fd640130f62,u-cca87d61c1d0,1,66.67,0.0,0.0,66.67,Credit Card,payment_complete,2026-11-19 07:08:20
ord-09d2bf75deda,s-dec1e2be76f0,u-14895dceed96,1,128.35,0.0,0.0,128.35,Digital Wallet,payment_complete,2026-11-19 07:16:57
ord-4db875551a78,s-aac05a0cbd24,u-f469696a71b3,2,80.1,0.0,0.0,80.1,Credit Card,payment_complete,2026-11-19 08:23:58
ord-611df66196e8,s-8fbc11064311,u-01fb3d1624b6,3,186.75,0.0,0.0,186.75,Debit Card,payment_complete,2026-11-19 08:37:52
ord-0ee6c59651cd,s-3fd6c3ef144a,u-6a5a7194f661,1,23.36,0.0,5.99,29.35,Credit Card,payment_complete,2026-11-19 09:06:44
ord-c1cd420f29bc,s-5b8d349a8af7,u-9150a7ac672f,1,68.31,0.0,0.0,68.31,Buy Now Pay Later,payment_complete,2026-11-19 09:47:24
ord-f45d1becd53a,s-c3941bfcd4f8,u-f5617f1b3f67,1,47.06,0.0,5.99,53.05,Credit Card,payment_complete,2026-11-19 10:02:43
ord-0019af16b932,s-454957402ef9,u-22d75055855e,1,73.73,7.37,0.0,66.36,Digital Wallet,payment_complete,2026-11-19 11:25:15
ord-3f06e32d016b,s-feb8813ebbbe,u-675e4412b766,1,32.14,0.0,5.99,38.13,Digital Wallet,payment_complete,2026-11-19 11:26:30
ord-b38a6a99d68b,s-d497e17aa171,u-310232e43930,1,30.74,0.0,5.99,36.73,Digital Wallet,payment_complete,2026-11-19 11:42:41
ord-43e57671841d,s-950aecb68922,u-564ab1b6999c,1,59.83,0.0,0.0,59.83,Buy Now Pay Later,payment_complete,2026-11-19 12:45:38
ord-599c9822a717,s-fdf611a2a514,u-5e05b0e6dec9,1,53.74,0.0,0.0,53.74,Credit Card,payment_complete,2026-11-19 13:30:21
ord-6933381a7aec,s-acb3bfbe7222,u-8a6d46dc8bd4,1,51.28,5.0,0.0,46.28,Debit Card,payment_complete,2026-11-19 14:03:16
ord-02bd796e1ef7,s-1e031fad8d9f,u-d636c5f2a27e,2,133.68,0.0,0.0,133.68,Buy Now Pay Later,payment_complete,2026-11-19 15:22:00
ord-b53509e65454,s-2b7941e26994,u-f95448c52efe,1,47.54,0.0,5.99,53.53,Buy Now Pay Later,payment_complete,2026-11-19 16:07:53
ord-9c871898b418,s-08c0c8b4292d,u-2f7346c312c1,2,123.39,5.0,0.0,118.39,Digital Wallet,payment_complete,2026-11-19 16:29:50
ord-af5c463e6441,s-ac29a705c2a9,u-056806ffabb0,3,249.96,0.0,0.0,249.96,Credit Card,payment_complete,2026-11-19 17:06:47
ord-d5446689664d,s-32e36c31671a,u-842299858336,1,24.7,0.0,5.99,30.69,Credit Card,payment_complete,2026-11-19 17:21:23
ord-4ed14f803dd4,s-51309add3cd7,u-8c1399cd90b4,2,159.91,0.0,0.0,159.91,Buy Now Pay Later,payment_complete,2026-11-19 17:22:55
ord-e60f5eef5ff6,s-3e1c75c3ea96,u-2b4e4beb1095,1,94.92,0.0,0.0,94.92,Digital Wallet,payment_complete,2026-11-19 17:25:50
ord-9f40d26da9cd,s-9bf6ec3a12e8,u-275d7d6b55ce,1,66.92,0.0,0.0,66.92,Credit Card,payment_complete,2026-11-19 18:02:28
ord-a5f3e359c282,s-90cc8ab4b5d2,u-a9e3ec36aa4a,2,92.38,0.0,0.0,92.38,Credit Card,payment_complete,2026-11-19 18:12:25
ord-f8d0fbf2b56e,s-0d7f2fec4c98,u-9fd778378e9b,1,45.83,0.0,5.99,51.82,Credit Card,payment_complete,2026-11-19 18:28:42
ord-852f21b70696,s-1a836f4828e1,u-9bcd52a45938,1,111.24,0.0,0.0,111.24,Digital Wallet,payment_complete,2026-11-19 18:35:43
ord-6bce41d6bc15,s-4d71bb8fbea2,u-450d7afed81f,1,38.21,0.0,5.99,44.2,Digital Wallet,payment_complete,2026-11-19 18:49:57
ord-d401a80a6430,s-fff798703aed,u-2c8ccf71caa7,1,37.43,5.0,5.99,38.42,Digital Wallet,payment_complete,2026-11-19 19:08:38
ord-31396dbc3ed3,s-5386b58b0a51,u-e0e455c91007,1,69.31,0.0,0.0,69.31,Digital Wallet,payment_complete,2026-11-19 19:48:02
ord-09514927e177,s-e69fa329db63,u-f395201320cf,1,80.66,0.0,0.0,80.66,Digital Wallet,payment_complete,2026-11-19 19:59:15
ord-e467b4c088f6,s-23b1f92f122d,u-2dd277d37342,4,157.05,5.0,0.0,152.05,Credit Card,payment_complete,2026-11-19 20:04:05
ord-44d187ce5b59,s-0a118f415ec3,u-d468f70a26e3,2,47.93,0.0,5.99,53.92,Credit Card,payment_complete,2026-11-19 20:06:30
ord-7646dc1b8bca,s-2065f556dd5e,u-361c25e40090,3,208.38,0.0,0.0,208.38,Digital Wallet,payment_complete,2026-11-19 20:41:46
ord-4ec1c9116644,s-025ee65b669b,u-a716e8f0b07e,3,150.54,0.0,0.0,150.54,Digital Wallet,payment_complete,2026-11-19 20:46:40
ord-31a2ca334244,s-3747b553af7a,u-83f4b26fafd6,1,60.14,0.0,0.0,60.14,Credit Card,payment_complete,2026-11-19 21:13:50
ord-d164a3756536,s-4d82f317d3f8,u-6d41546d8ea9,2,114.08,0.0,0.0,114.08,Credit Card,payment_complete,2026-11-19 21:15:09
ord-ee63d1838b00,s-3f0582150c77,u-597638c21443,1,66.87,0.0,0.0,66.87,Digital Wallet,payment_complete,2026-11-19 23:13:32
ord-d01301ab0d71,s-727e9f299503,u-c9d33457483a,1,80.68,0.0,0.0,80.68,Debit Card,payment_complete,2026-11-19 23:17:52
ord-d2378ef71b4a,s-2e4d8b0ee11b,u-79177888ded2,1,102.14,5.0,0.0,97.14,Credit Card,payment_complete,2026-11-19 23:39:04
ord-e91fa2562089,s-cdc8bfaa5800,u-95a47aca4d7b,1,37.04,0.0,5.99,43.03,Credit Card,payment_complete,2026-11-19 23:46:38
ord-135e910fd1b7,s-3c32a6ffa790,u-eb871d6105af,2,186.31,0.0,0.0,186.31,Buy Now Pay Later,payment_complete,2026-11-19 23:56:25
ord-37397b6084ee,s-de0337aceb19,u-cf521247e517,1,74.92,0.0,0.0,74.92,Credit Card,payment_complete,2026-11-20 00:27:15
ord-1761ee3131e5,s-975c26e218de,u-3487330e4a9f,1,33.55,0.0,5.99,39.54,Digital Wallet,payment_complete,2026-11-20 00:49:48
ord-c718da4ed1ba,s-e68880d398a8,u-5aecc9dc999b,1,97.59,0.0,0.0,97.59,Debit Card,payment_complete,2026-11-20 00:53:25
ord-b2c535f2ba18,s-2f547c92b4c4,u-219f5bc1696f,3,199.13,0.0,0.0,199.13,Digital Wallet,payment_complete,2026-11-20 01:07:39
ord-4fbf705aa60e,s-947e28cb828d,u-43575d59870a,1,33.02,0.0,5.99,39.01,Debit Card,payment_complete,2026-11-20 01:19:45
ord-0b2f50534738,s-52b6eb62a5d0,u-05fa5847e235,1,45.77,0.0,5.99,51.76,Credit Card,payment_complete,2026-11-20 01:29:16
ord-a977cd659d88,s-85f72d34a3d6,u-38f02646aad9,1,88.55,0.0,0.0,88.55,Buy Now Pay Later,payment_complete,2026-11-20 01:48:18
ord-179b33ef6613,s-1a9776f8aa9b,u-e97d7425252a,1,64.56,0.0,0.0,64.56,Digital Wallet,payment_complete,2026-11-20 01:50:07
ord-67f3f64c4a28,s-6b7e04a91928,u-434b1efd98ee,1,62.75,0.0,0.0,62.75,Buy Now Pay Later,payment_complete,2026-11-20 02:31:18
ord-d24d0d62ccff,s-7e49e0fec3fe,u-86afa058a822,1,51.88,0.0,0.0,51.88,Credit Card,payment_complete,2026-11-20 03:07:35
ord-7e62a2a20a80,s-75df52aecf8b,u-e76f0be7ea2b,1,44.78,4.48,5.99,46.29,Credit Card,payment_complete,2026-11-20 03:08:51
ord-636eff4c283f,s-81e5c18d6017,u-86d1d8e73ca8,1,77.98,5.0,0.0,72.98,Debit Card,payment_complete,2026-11-20 03:33:22
ord-b219ac00fdec,s-fbbc3f80fc4f,u-05923af90755,2,74.48,0.0,0.0,74.48,Buy Now Pay Later,payment_complete,2026-11-20 03:48:57
ord-c3eb626f615f,s-8974131f6907,u-e76412ffb8df,1,23.36,0.0,5.99,29.35,Credit Card,payment_complete,2026-11-20 04:12:47
ord-eb95e85e6dcb,s-467d1a2bc22f,u-440ae528f550,2,98.92,0.0,0.0,98.92,Digital Wallet,payment_complete,2026-11-20 04:23:27
ord-a72d8e1653a9,s-eb8331ee7ca6,u-a2605d328838,1,30.19,0.0,5.99,36.18,Credit Card,payment_complete,2026-11-20 04:50:11
ord-5903997803ac,s-6b940defd77c,u-ea5e24ab14c3,1,61.99,6.2,0.0,55.79,Debit Card,payment_complete,2026-11-20 05:27:36
ord-0949ba2b4371,s-f61abe51e692,u-4865e9b025f7,2,161.32,16.13,0.0,145.19,Digital Wallet,payment_complete,2026-11-20 06:21:35
ord-6913fad3018c,s-531bbe0fedb8,u-f09852854071,2,149.37,5.0,0.0,144.37,Credit Card,payment_complete,2026-11-20 06:55:10
ord-f98e6e745e8e,s-02a2e811175d,u-10209a7e71f2,1,40.84,0.0,5.99,46.83,Digital Wallet,payment_complete,2026-11-20 07:08:34
ord-ad5549ac0e15,s-ce6c60ff735d,u-75cb93d80628,2,98.31,0.0,0.0,98.31,Digital Wallet,payment_complete,2026-11-20 07:25:42
ord-dc16a6eb588e,s-49ed9de0a2dd,u-6f792eadc1a4,1,28.86,0.0,5.99,34.85,Digital Wallet,payment_complete,2026-11-20 08:10:09
ord-45c184e884d6,s-c1e7bfd43d48,u-51a2a60252c5,2,128.22,0.0,0.0,128.22,Digital Wallet,payment_complete,2026-11-20 08:26:04
ord-25f89a0cc5b7,s-b3399351ede4,u-4ba7893df78d,1,36.58,3.66,5.99,38.91,Digital Wallet,payment_complete,2026-11-20 10:26:06
ord-3147d99fe920,s-08b9d0a35811,u-dd9c6507a2b3,1,68.61,0.0,0.0,68.61,Debit Card,payment_complete,2026-11-20 10:38:58
ord-5d303ed2ccb8,s-672e7e61b730,u-ce71f54ba41f,3,144.6,0.0,0.0,144.6,Credit Card,payment_complete,2026-11-20 10:40:23
ord-2cc04b95d3b3,s-3da5adf77542,u-d8cbed2e5a80,1,82.34,0.0,0.0,82.34,Digital Wallet,payment_complete,2026-11-20 10:41:38
ord-f41c944b9370,s-4a2f9f77dac2,u-84b7ff32f80d,1,75.38,5.0,0.0,70.38,Digital Wallet,payment_complete,2026-11-20 11:14:59
ord-697abc2adc77,s-7b31765465fd,u-d00170149631,1,75.95,0.0,0.0,75.95,Credit Card,payment_complete,2026-11-20 11:46:09
ord-11600ea7ace1,s-5eb360310221,u-8422b332b8ee,1,68.58,0.0,0.0,68.58,Debit Card,payment_complete,2026-11-20 11:50:24
ord-13aa1d4c9da4,s-5a21cdac7898,u-66d0b6cc6f70,1,65.29,0.0,0.0,65.29,Credit Card,payment_complete,2026-11-20 11:50:59
ord-508d0a1eba49,s-9cc432e13888,u-7c9d80011091,1,58.9,0.0,0.0,58.9,Digital Wallet,payment_complete,2026-11-20 12:03:14
ord-fd74f54d7a72,s-63988f260b31,u-8ba20adc059f,1,63.85,0.0,0.0,63.85,Digital Wallet,payment_complete,2026-11-20 13:23:55
ord-3e99f9dd9751,s-9558a8900cfb,u-ef1850d444f1,2,52.95,5.3,0.0,47.65,Debit Card,payment_complete,2026-11-20 14:48:45
ord-44772d33aaef,s-e2dc768d701b,u-5490f223ff48,1,68.68,0.0,0.0,68.68,Digital Wallet,payment_complete,2026-11-20 14:55:29
ord-7f771043cdad,s-5579abc3d601,u-3f900b2b1498,2,112.54,5.0,0.0,107.54,Debit Card,payment_complete,2026-11-20 15:15:28
ord-1cab46958bd8,s-c296439bcf28,u-3ff31739bcf4,1,66.97,0.0,0.0,66.97,Credit Card,payment_complete,2026-11-20 15:47:51
ord-e574685699d4,s-66cdb7e8e982,u-057d1c062f17,2,88.01,0.0,0.0,88.01,Buy Now Pay Later,payment_complete,2026-11-20 15:59:39
ord-af75ccd03986,s-692bed67d1e1,u-733d7deb8419,1,59.43,5.94,0.0,53.49,Digital Wallet,payment_complete,2026-11-20 16:26:37
ord-a31b262ad8ad,s-3818caed72a3,u-9f1b7239e65f,1,97.59,0.0,0.0,97.59,Debit Card,payment_complete,2026-11-20 16:56:03
ord-5520ebb2641e,s-ad25a8a0030c,u-30fbbeccdd8d,1,88.87,0.0,0.0,88.87,Buy Now Pay Later,payment_complete,2026-11-20 17:11:02
ord-315042cb4e2f,s-7f86abe0ebea,u-9c8318809197,2,37.74,5.0,5.99,38.73,Debit Card,payment_complete,2026-11-20 17:34:25
ord-af9b0828fc10,s-724813ef6ae9,u-ddf80c042b60,1,97.85,0.0,0.0,97.85,Debit Card,payment_complete,2026-11-20 18:23:32
ord-a6659b923320,s-49ee0f4e5db6,u-cc9bfe0bba44,2,151.16,0.0,0.0,151.16,Debit Card,payment_complete,2026-11-20 18:35:03
ord-d1eda0158442,s-8a6c99a0583f,u-6f2c4bd9d4eb,1,54.91,5.0,0.0,49.91,Digital Wallet,payment_complete,2026-11-20 19:24:07
ord-0a9d9cec871e,s-3c1db5f81078,u-6068c7868c5d,1,26.91,0.0,5.99,32.9,Credit Card,payment_complete,2026-11-20 19:47:07
ord-c8fa93fb2718,s-65c5b7f77ed0,u-0c83ecc26275,1,55.1,0.0,0.0,55.1,Debit Card,payment_complete,2026-11-20 19:52:13
ord-7dcc6cfd3113,s-4d8990febe99,u-fe1857d26b0a,2,140.16,5.0,0.0,135.16,Digital Wallet,payment_complete,2026-11-20 20:00:49
ord-abd2e6ae3843,s-a43d7767ba28,u-5c0b459479fb,1,72.33,0.0,0.0,72.33,Debit Card,payment_complete,2026-11-20 20:03:21
ord-5623cf344e0d,s-09e361af02e1,u-1300c8123feb,1,39.27,0.0,5.99,45.26,Debit Card,payment_complete,2026-11-20 20:05:02
ord-dde4b412312c,s-f88fe3be0aae,u-2394a59623c3,1,77.1,0.0,0.0,77.1,Digital Wallet,payment_complete,2026-11-20 20:15:37
ord-b0b9aa8a84a8,s-7f08f97e0fc8,u-f67276b78d01,1,31.22,0.0,5.99,37.21,Digital Wallet,payment_complete,2026-11-20 21:09:24
ord-45a082d83f4d,s-b083ea571cb9,u-d02afed70b52,2,100.3,0.0,0.0,100.3,Credit Card,payment_complete,2026-11-20 21:23:01
ord-3d1a3e453c46,s-fd308d495ce4,u-1bd477bcceb9,1,59.11,0.0,0.0,59.11,Credit Card,payment_complete,2026-11-20 23:15:56
ord-6784d54bd8de,s-867019bb125a,u-7885da6f6abb,2,86.08,0.0,0.0,86.08,Credit Card,payment_complete,2026-11-20 23:30:21
ord-19eb60ce9677,s-2a548183682f,u-308f0e737f48,2,81.59,0.0,0.0,81.59,Credit Card,payment_complete,2026-11-20 23:49:09
ord-a71192ada416,s-c252495d7538,u-cbd5a5fff265,1,86.47,8.65,0.0,77.82,Digital Wallet,payment_complete,2026-11-20 23:52:06
ord-b250dc3fe520,s-1ab948374c83,u-f9ede077e7b2,1,116.6,0.0,0.0,116.6,Digital Wallet,payment_complete,2026-11-20 23:56:57
ord-c5d9eab811b7,s-afea71ce495b,u-1ead17087d0b,1,73.27,5.0,0.0,68.27,Buy Now Pay Later,payment_complete,2026-11-21 00:06:46
ord-8539b19cd06c,s-e61111ecc849,u-d70952993ad4,1,26.82,0.0,5.99,32.81,Digital Wallet,payment_complete,2026-11-21 00:59:49
ord-bae3a562ddcb,s-a54812773ffb,u-064203500c76,4,175.7,0.0,0.0,175.7,Debit Card,payment_complete,2026-11-21 01:32:49
ord-44231b6e9ac7,s-1ea095019437,u-2a93bba1c364,1,65.59,6.56,0.0,59.03,Digital Wallet,payment_complete,2026-11-21 03:01:03
ord-a51529bf30f1,s-8b60fa973b15,u-4ed3d0c82f72,1,62.42,0.0,0.0,62.42,Debit Card,payment_complete,2026-11-21 03:11:59
ord-f4189d13212b,s-98b2e1f34df4,u-e0e455c91007,1,109.84,0.0,0.0,109.84,Digital Wallet,payment_complete,2026-11-21 03:16:19
ord-26d90f3e3ee9,s-469d00b241f6,u-65459327deef,3,216.12,0.0,0.0,216.12,Debit Card,payment_complete,2026-11-21 04:04:46
ord-bf9f050960ae,s-7073559eb5c7,u-8c60eaacb898,1,60.14,0.0,0.0,60.14,Digital Wallet,payment_complete,2026-11-21 04:08:43
ord-f74c352ea400,s-583ba828344a,u-516e201046ff,1,35.76,0.0,5.99,41.75,Buy Now Pay Later,payment_complete,2026-11-21 04:11:26
ord-6ec5312d74fc,s-ad0f4e3c99a0,u-b2d192c7a444,1,52.8,0.0,0.0,52.8,Digital Wallet,payment_complete,2026-11-21 04:34:25
ord-83f941358521,s-4812f3c2fe9d,u-6bc72f0af6bc,1,67.46,0.0,0.0,67.46,Digital Wallet,payment_complete,2026-11-21 05:16:19
ord-b0a7dc11c39f,s-351af2d78d89,u-cfc06675e305,1,55.05,0.0,0.0,55.05,Debit Card,payment_complete,2026-11-21 05:21:10
ord-e28deaa5da67,s-3852232c0498,u-19172223849f,1,17.8,0.0,5.99,23.79,Digital Wallet,payment_complete,2026-11-21 05:22:50
ord-7b8f4a838359,s-595acb30df8d,u-eedcde368b4f,1,44.09,0.0,5.99,50.08,Digital Wallet,payment_complete,2026-11-21 06:10:52
ord-8c8d01847651,s-38bbd1cec4ee,u-2e3e0a293ce7,1,39.91,0.0,5.99,45.9,Buy Now Pay Later,payment_complete,2026-11-21 07:35:08
ord-fb2620a46fdd,s-b13df53f7179,u-e47e0bd75fc2,2,142.06,0.0,0.0,142.06,Buy Now Pay Later,payment_complete,2026-11-21 07:36:58
ord-a6fa43879a83,s-2a97442da811,u-d8fa3f3e3e29,1,34.88,0.0,5.99,40.87,Credit Card,payment_complete,2026-11-21 07:40:53
ord-4b678414ff96,s-7737a7ad0284,u-66b8f1fb3a71,1,84.25,0.0,0.0,84.25,Digital Wallet,payment_complete,2026-11-21 07:46:54
ord-faa21d931164,s-3d81d6cb40cb,u-79d23952fec2,1,60.81,0.0,0.0,60.81,Buy Now Pay Later,payment_complete,2026-11-21 07:56:37
ord-dba214e7c060,s-2c8bcdfafda7,u-147fb9cd713f,1,64.85,0.0,0.0,64.85,Debit Card,payment_complete,2026-11-21 08:44:41
ord-2647413816a7,s-6e9a6e65dd20,u-8835821b149b,2,106.98,5.0,0.0,101.98,Debit Card,payment_complete,2026-11-21 08:59:14
ord-47a58111fb1a,s-9923af7ef4a5,u-a5d3cd2270bd,1,79.28,7.93,0.0,71.35,Credit Card,payment_complete,2026-11-21 09:10:43
ord-acb0775eecd9,s-d36ad5242ad8,u-0e249e98bfff,1,52.3,0.0,0.0,52.3,Credit Card,payment_complete,2026-11-21 09:18:54
ord-ff3397f03895,s-37bef4ae1c96,u-948e41bf1879,1,25.98,0.0,5.99,31.97,Credit Card,payment_complete,2026-11-21 09:28:57
ord-c7c8f3fe68e7,s-76818592b62a,u-482d8efe8fe1,1,34.34,0.0,5.99,40.33,Digital Wallet,payment_complete,2026-11-21 09:30:31
ord-bd8db17da129,s-e3172563fe80,u-705ab5f708ec,1,83.34,5.0,0.0,78.34,Digital Wallet,payment_complete,2026-11-21 09:34:36
ord-d717694d5d58,s-64dc7c618108,u-67de49b226ad,1,41.99,0.0,5.99,47.98,Digital Wallet,payment_complete,2026-11-21 09:37:41
ord-24596d4e6247,s-5f01be4c84ca,u-8c64a692c4b3,1,28.49,0.0,5.99,34.48,Credit Card,payment_complete,2026-11-21 09:55:30
ord-fbc50ab82f5f,s-fbb5089fe99d,u-c92ad6d09141,1,77.43,0.0,0.0,77.43,Digital Wallet,payment_complete,2026-11-21 10:09:30
ord-636641512e22,s-2049ed25c6f2,u-9ec24de2cd05,2,121.04,0.0,0.0,121.04,Debit Card,payment_complete,2026-11-21 10:12:47
ord-f90f71163958,s-3a560b8ad3bb,u-5cbfef75c409,1,78.22,0.0,0.0,78.22,Credit Card,payment_complete,2026-11-21 10:16:50
ord-75d16ee9204b,s-8782dd8b0a49,u-589630edb447,1,97.69,0.0,0.0,97.69,Digital Wallet,payment_complete,2026-11-21 11:31:54
ord-fddf812aa554,s-529dbbe7876f,u-33c5857c259d,2,104.66,10.47,0.0,94.19,Buy Now Pay Later,payment_complete,2026-11-21 11:48:19
ord-0e68d1823896,s-f58eaa71128d,u-7aaa4a1d6223,2,59.91,0.0,0.0,59.91,Credit Card,payment_complete,2026-11-21 12:40:19
ord-b199b9bc96bc,s-5245ea05c2c9,u-b18d2d24aa43,1,53.28,0.0,0.0,53.28,Buy Now Pay Later,payment_complete,2026-11-21 13:04:15
ord-ad30688702c8,s-eb0b81d62fee,u-505d59b93f7e,3,281.76,5.0,0.0,276.76,Digital Wallet,payment_complete,2026-11-21 13:15:09
ord-ea3af0560152,s-31adc380aaa9,u-305840b5854a,2,172.81,5.0,0.0,167.81,Credit Card,payment_complete,2026-11-21 13:27:22
ord-12c473d1d65b,s-307aa1c15997,u-762851d6951f,1,61.62,0.0,0.0,61.62,Digital Wallet,payment_complete,2026-11-21 13:29:23
ord-e0e19b55973b,s-753498cc8cef,u-ca59431fa003,1,50.7,0.0,0.0,50.7,Buy Now Pay Later,payment_complete,2026-11-21 14:21:16
ord-79595f426ba6,s-9ba12a6a014a,u-da369c9ccfef,1,63.3,0.0,0.0,63.3,Digital Wallet,payment_complete,2026-11-21 14:55:10
ord-ca8483cd5004,s-351324181c12,u-020214658cbc,1,77.08,0.0,0.0,77.08,Digital Wallet,payment_complete,2026-11-21 15:35:43
ord-bbd76fa7d05a,s-525d2494b273,u-036b9c518450,1,66.84,0.0,0.0,66.84,Digital Wallet,payment_complete,2026-11-21 16:04:16
ord-d20708ce5cc5,s-e6e3d4976641,u-9b05ee8ea0a3,2,65.5,0.0,0.0,65.5,Digital Wallet,payment_complete,2026-11-21 16:04:20
ord-7cbb32417cd7,s-981f01ba17d0,u-6957fed73435,1,61.06,0.0,0.0,61.06,Credit Card,payment_complete,2026-11-21 16:04:32
ord-270aca6935d4,s-fd8a6391b0ca,u-3de854e582b4,1,66.87,0.0,0.0,66.87,Debit Card,payment_complete,2026-11-21 16:36:08
ord-a7628b93076e,s-9b6b47279d57,u-ba3c0ed141ac,1,27.34,0.0,5.99,33.33,Credit Card,payment_complete,2026-11-21 16:40:08
ord-f89e6bc1b3d6,s-12505597efa2,u-d0e961b8cd13,2,116.21,0.0,0.0,116.21,Buy Now Pay Later,payment_complete,2026-11-21 17:15:52
ord-ebcced95c076,s-84e422bdc7a2,u-4466910a20bf,1,64.27,0.0,0.0,64.27,Digital Wallet,payment_complete,2026-11-21 17:29:06
ord-2c931733cc61,s-205180c2efed,u-33d541858f7b,1,67.64,5.0,0.0,62.64,Buy Now Pay Later,payment_complete,2026-11-21 17:42:31
ord-ce1d1664bb5c,s-59ed1af4a3ec,u-fe4df86fc065,2,126.1,0.0,0.0,126.1,Debit Card,payment_complete,2026-11-21 18:14:46
ord-661343059348,s-26f1f69e222e,u-332f0efbcedb,1,62.17,0.0,0.0,62.17,Credit Card,payment_complete,2026-11-21 18:15:31
ord-0552d0ccb6a8,s-a93c0032e0d8,u-b27566897acc,1,45.49,0.0,5.99,51.48,Digital Wallet,payment_complete,2026-11-21 18:27:27
ord-b772133d0a2d,s-e735b6429a11,u-76af75036d6a,1,28.21,0.0,5.99,34.2,Debit Card,payment_complete,2026-11-21 18:41:36
ord-5e18806b4856,s-b893d400e67d,u-653b2a1b0aca,1,66.67,0.0,0.0,66.67,Debit Card,payment_complete,2026-11-21 18:51:35
ord-e796852cc0c3,s-bfa4da5f653c,u-81e243f5d781,1,60.12,0.0,0.0,60.12,Digital Wallet,payment_complete,2026-11-21 19:04:55
ord-4f180dcf52d6,s-fea908810db5,u-b1cb1ff5e358,1,35.81,0.0,5.99,41.8,Digital Wallet,payment_complete,2026-11-21 20:28:23
ord-02f428ca0071,s-02dbb5f2bc9a,u-b85197bbf28d,1,55.26,0.0,0.0,55.26,Digital Wallet,payment_complete,2026-11-21 20:39:40
ord-5f632102df6c,s-c31298c61c34,u-06bc71d68496,1,34.34,5.0,5.99,35.33,Buy Now Pay Later,payment_complete,2026-11-21 20:58:36
ord-f518caeafa4b,s-b887fe64822f,u-5da126336a78,1,45.87,4.59,5.99,47.27,Credit Card,payment_complete,2026-11-21 21:14:38
ord-f5a10ac6dd51,s-3a141206fb49,u-b81d003c3024,1,42.64,0.0,5.99,48.63,Digital Wallet,payment_complete,2026-11-21 21:55:03
ord-60d6ef5d4a68,s-956f36dbba29,u-a02a753fb93f,2,99.92,0.0,0.0,99.92,Digital Wallet,payment_complete,2026-11-21 23:04:08
ord-432a4b121842,s-4a000041d811,u-61659145dd3e,1,50.06,0.0,0.0,50.06,Credit Card,payment_complete,2026-11-21 23:25:58
ord-58b923e77b8d,s-1285de3c7a0b,u-e2bbabe279b7,1,64.18,5.0,0.0,59.18,Debit Card,payment_complete,2026-11-21 23:33:12
ord-629ea0e7ec68,s-13c6cb025291,u-f9b390ea8720,1,56.35,0.0,0.0,56.35,Buy Now Pay Later,payment_complete,2026-11-21 23:36:02
ord-8fa3dcdfe747,s-9116d8154a9b,u-ebfe17d7e3b5,1,115.12,0.0,0.0,115.12,Credit Card,payment_complete,2026-11-21 23:52:23
ord-c66c1bf45310,s-cf8ae6bc27b0,u-4e96b0f31f84,1,23.04,2.3,5.99,26.73,Digital Wallet,payment_complete,2026-11-22 00:21:42
ord-368ff8836f25,s-2fcc62ad5ff8,u-7c23dfe7190f,1,66.87,0.0,0.0,66.87,Digital Wallet,payment_complete,2026-11-22 00:24:36
ord-f093823ad3c0,s-757a5b2d6fbd,u-9e3715779c20,2,101.2,0.0,0.0,101.2,Credit Card,payment_complete,2026-11-22 01:37:18
ord-9b63722d6e6b,s-9efaf43e3162,u-820fba5f3d8c,1,104.31,0.0,0.0,104.31,Credit Card,payment_complete,2026-11-22 01:44:55
ord-1b98c3a2f3a4,s-7c4a41c6c7f6,u-d04437aeacbb,1,72.27,7.23,0.0,65.04,Debit Card,payment_complete,2026-11-22 02:40:36
ord-8f7c3c12e99e,s-947193c3797a,u-aa4016ba29fb,1,92.87,5.0,0.0,87.87,Credit Card,payment_complete,2026-11-22 03:04:48
ord-f423048d5dc6,s-d223eb959fa7,u-ebc486e6c389,1,41.28,0.0,5.99,47.27,Digital Wallet,payment_complete,2026-11-22 03:56:33
ord-b19f84ebdfdb,s-3c67afb0b850,u-491f58684263,4,159.23,0.0,0.0,159.23,Digital Wallet,payment_complete,2026-11-22 04:21:38
ord-5a80381bfc2b,s-834fd72440c7,u-4eb0c9c36f8a,1,17.8,0.0,5.99,23.79,Digital Wallet,payment_complete,2026-11-22 04:42:26
ord-87c9a8de6a76,s-36b726689ca0,u-1f8ab3fdfcc9,3,180.84,0.0,0.0,180.84,Credit Card,payment_complete,2026-11-22 05:04:58
ord-09255ac475f9,s-8c2b97a5614e,u-25e18e0cce89,1,52.3,0.0,0.0,52.3,Credit Card,payment_complete,2026-11-22 05:17:42
ord-4fffb6c6c9a2,s-c28832e4d2f1,u-62b96cd589c1,1,32.96,0.0,5.99,38.95,Buy Now Pay Later,payment_complete,2026-11-22 05:18:19
ord-3a912c1431b6,s-b9521b942c8b,u-364a95862a85,1,89.52,0.0,0.0,89.52,Debit Card,payment_complete,2026-11-22 05:19:51
ord-736937705cda,s-ac7f85403da7,u-bfd87fd9ea67,2,170.64,0.0,0.0,170.64,Credit Card,payment_complete,2026-11-22 05:25:49
ord-0192bd821984,s-cff3d05dbd94,u-d0dba6730d60,1,50.21,0.0,0.0,50.21,Credit Card,payment_complete,2026-11-22 05:35:25
ord-079394345f6e,s-dc351217ee57,u-e197171b40e6,1,54.1,0.0,0.0,54.1,Digital Wallet,payment_complete,2026-11-22 05:58:46
ord-b71730df4e97,s-684cf91ff684,u-aed49680a06b,1,62.21,0.0,0.0,62.21,Debit Card,payment_complete,2026-11-22 06:34:15
ord-e0ab7651a0b2,s-56d128f42b05,u-6283b58050c4,1,79.19,0.0,0.0,79.19,Digital Wallet,payment_complete,2026-11-22 07:03:31
ord-22ce20d24609,s-940eeec46294,u-48c0bd10eda7,1,55.29,5.53,0.0,49.76,Credit Card,payment_complete,2026-11-22 07:07:25
ord-5c058dc3a9ba,s-36f6eedcc350,u-6a81d262a0f1,1,43.55,0.0,5.99,49.54,Digital Wallet,payment_complete,2026-11-22 08:04:02
ord-78395e1ef158,s-e4ac31b3f079,u-77be93e17c41,1,61.72,5.0,0.0,56.72,Digital Wallet,payment_complete,2026-11-22 08:22:53
ord-60d975e4fc38,s-96e38edb240c,u-215c48259543,1,50.81,5.0,0.0,45.81,Digital Wallet,payment_complete,2026-11-22 08:33:44
ord-e096c2104d7d,s-4e6f8db6699c,u-ba8c8aa4170e,2,105.48,0.0,0.0,105.48,Debit Card,payment_complete,2026-11-22 08:35:57
ord-71129b74508b,s-a19c2fb6cfd2,u-a19632d5640d,2,68.14,0.0,0.0,68.14,Digital Wallet,payment_complete,2026-11-22 08:49:54
ord-db5ba1486ded,s-44464408cc63,u-6b9df249a565,1,77.78,0.0,0.0,77.78,Credit Card,payment_complete,2026-11-22 09:25:20
ord-ed5882d7736e,s-4867b693fc84,u-e18790fdefac,1,87.06,8.71,0.0,78.35,Credit Card,payment_complete,2026-11-22 09:36:22
ord-165c3b2b0194,s-4a95a7a74547,u-3a61ddeb5f3d,1,57.86,0.0,0.0,57.86,Debit Card,payment_complete,2026-11-22 10:03:23
ord-6990de1526ce,s-18e3772ff040,u-1a1021883d2e,1,45.83,0.0,5.99,51.82,Buy Now Pay Later,payment_complete,2026-11-22 10:06:29
ord-f9c9f1e96a0c,s-8c9bd25f141b,u-724e21e91b92,1,25.71,0.0,5.99,31.7,Credit Card,payment_complete,2026-11-22 10:07:41
ord-1a2921775b8f,s-0601db93316f,u-da5f50d09364,1,28.28,0.0,5.99,34.27,Digital Wallet,payment_complete,2026-11-22 10:20:28
ord-bfcc91e8ce41,s-1e3c20a2444f,u-11150082caa7,1,58.93,5.89,0.0,53.04,Buy Now Pay Later,payment_complete,2026-11-22 10:36:33
ord-aaa9ee8103e8,s-d2c93483fd4b,u-e43055c2ce6a,1,40.26,5.0,5.99,41.25,Digital Wallet,payment_complete,2026-11-22 11:32:47
ord-7b1397c38d4d,s-0640a710ed8f,u-4ce815bb1b8e,1,116.6,0.0,0.0,116.6,Digital Wallet,payment_complete,2026-11-22 11:36:42
ord-bf1df0d8b6c2,s-1e88e95d5aa7,u-1a7b0ae0a097,1,62.38,0.0,0.0,62.38,Debit Card,payment_complete,2026-11-22 11:47:35
ord-71902cb3f0f8,s-9580157ce5bd,u-785776303267,1,53.36,0.0,0.0,53.36,Digital Wallet,payment_complete,2026-11-22 12:16:50
ord-0e0ba1944cd6,s-1f8d1da04b8f,u-c4558338cd50,1,59.39,5.94,0.0,53.45,Digital Wallet,payment_complete,2026-11-22 12:21:15
ord-112db1582246,s-8ac26a11c13a,u-f17fd0d01335,1,105.42,10.54,0.0,94.88,Credit Card,payment_complete,2026-11-22 12:25:01
ord-730503dbb63c,s-d761230e82b0,u-7199a63929bb,2,103.96,0.0,0.0,103.96,Digital Wallet,payment_complete,2026-11-22 12:31:42
ord-5b1591103f53,s-fb453ec6f7e4,u-235c03ca5023,1,53.74,0.0,0.0,53.74,Digital Wallet,payment_complete,2026-11-22 13:11:52
ord-878ff0d78db1,s-3b5b5a675c1b,u-811b6cad83f2,1,83.67,0.0,0.0,83.67,Digital Wallet,payment_complete,2026-11-22 13:39:38
ord-efb1b02df99c,s-65e0f26b919c,u-eeff4f509f40,1,111.69,0.0,0.0,111.69,Digital Wallet,payment_complete,2026-11-22 14:20:20
ord-bfcdd1f36226,s-13a300a22a50,u-0ac0837a09ae,1,26.83,0.0,5.99,32.82,Credit Card,payment_complete,2026-11-22 14:54:04
ord-138fa66c345c,s-0adb111dedac,u-f5d3ca8b1896,3,107.04,5.0,0.0,102.04,Digital Wallet,payment_complete,2026-11-22 14:58:49
ord-d4e59b38a66d,s-67a8d7bf40d1,u-be22bfcea788,1,95.29,0.0,0.0,95.29,Debit Card,payment_complete,2026-11-22 15:21:52
ord-864214f51a19,s-3fe6244eb222,u-a8e10cc521c7,2,93.28,0.0,0.0,93.28,Credit Card,payment_complete,2026-11-22 15:32:14
ord-67f632f4eba5,s-1eef041207b3,u-1628a2113465,1,48.28,4.83,5.99,49.44,Digital Wallet,payment_complete,2026-11-22 15:39:48
ord-ff3d17338825,s-85a49e619620,u-7b22b69b3e7c,1,74.36,7.44,0.0,66.92,Credit Card,payment_complete,2026-11-22 15:46:40
ord-c6b92398963c,s-3af1a06aed54,u-95025c8f7d5b,1,33.62,5.0,5.99,34.61,Credit Card,payment_complete,2026-11-22 17:23:47
ord-8c904e4b76f9,s-a36b9674852c,u-9322a50f829e,1,22.75,0.0,5.99,28.74,Digital Wallet,payment_complete,2026-11-22 17:31:23
ord-c6a87eee3a5f,s-1f5de9ccf216,u-dddbafdeb10c,1,31.73,0.0,5.99,37.72,Buy Now Pay Later,payment_complete,2026-11-22 17:38:22
ord-d884bd56cf85,s-4d6011cdc67f,u-ef126b068ae6,1,88.87,0.0,0.0,88.87,Buy Now Pay Later,payment_complete,2026-11-22 18:16:30
ord-f570b7c398ec,s-b3cb4ca31849,u-00c673364c17,1,47.54,5.0,5.99,48.53,Credit Card,payment_complete,2026-11-22 18:22:18
ord-25714b479fff,s-2bb2ab654ad0,u-b6285fd366aa,1,33.03,5.0,5.99,34.02,Digital Wallet,payment_complete,2026-11-22 19:09:29
ord-2c25c6bbef12,s-4d698a940ce1,u-498b05399ba4,1,55.29,0.0,0.0,55.29,Debit Card,payment_complete,2026-11-22 19:19:05
ord-056d7726c871,s-6589a2dba38b,u-6f191c80ba97,1,129.15,0.0,0.0,129.15,Debit Card,payment_complete,2026-11-22 19:27:12
ord-a5500de3e4dd,s-cba89ea0fcc2,u-7454dca0f7ef,1,61.88,0.0,0.0,61.88,Credit Card,payment_complete,2026-11-22 19:50:47
ord-3bdd378e4e33,s-bae96f9dcf20,u-2a52058d8c8a,1,57.86,0.0,0.0,57.86,Credit Card,payment_complete,2026-11-22 20:08:34
ord-8a3f1eb23484,s-d1f535c05fd6,u-91e6daa58149,1,55.05,0.0,0.0,55.05,Digital Wallet,payment_complete,2026-11-22 21:05:02
ord-550203ca6dae,s-3ded0f2dd75e,u-8b4a86e33d9c,1,20.5,0.0,5.99,26.49,Digital Wallet,payment_complete,2026-11-22 21:07:36
ord-db0b77b07b37,s-c13f49c6670f,u-92033bc3526a,1,71.4,5.0,0.0,66.4,Digital Wallet,payment_complete,2026-11-22 21:10:54
ord-50bda394d543,s-772e83d92e32,u-ee94e970939f,1,89.04,8.9,0.0,80.14,Debit Card,payment_complete,2026-11-22 21:56:26
ord-6b0d542b0001,s-5e3d8d677472,u-475782a483a1,1,112.46,0.0,0.0,112.46,Credit Card,payment_complete,2026-11-22 22:13:51
ord-2c239cc58c42,s-fcd01d562d81,u-91a189ea5504,1,45.44,0.0,5.99,51.43,Debit Card,payment_complete,2026-11-22 22:27:29
ord-59036045dee7,s-fecb77804573,u-c5aaa5368e2d,1,76.43,0.0,0.0,76.43,Digital Wallet,payment_complete,2026-11-22 22:49:29
ord-236f0d374471,s-30e8a38b91ef,u-4adf56795b36,1,59.37,0.0,0.0,59.37,Debit Card,payment_complete,2026-11-22 23:14:01
ord-2151f6145dda,s-6ab8a56a5634,u-261b8c3869d6,4,239.09,0.0,0.0,239.09,Credit Card,payment_complete,2026-11-22 23:33:37
ord-9210758f63de,s-d69f0fdf7399,u-7c171f3fc5b9,1,64.32,0.0,0.0,64.32,Debit Card,payment_complete,2026-11-23 00:14:31
ord-1d79703cf685,s-98a6cb4dee0a,u-02247f91e133,1,31.88,0.0,5.99,37.87,Credit Card,payment_complete,2026-11-23 01:13:09
ord-d17e5a82e804,s-76d71b844baf,u-2f653c3836d3,1,54.32,0.0,0.0,54.32,Debit Card,payment_complete,2026-11-23 01:17:41
ord-543ff53c56b9,s-2e882dd2a8e2,u-f408ae391d81,1,88.55,0.0,0.0,88.55,Credit Card,payment_complete,2026-11-23 01:31:42
ord-ece3213952c0,s-239dcb0c1973,u-f47e2d3f93e3,1,52.16,5.0,0.0,47.16,Buy Now Pay Later,payment_complete,2026-11-23 01:38:52
ord-964ee589a4b4,s-ab8bb79d0557,u-e7f036574a34,1,80.21,0.0,0.0,80.21,Buy Now Pay Later,payment_complete,2026-11-23 01:50:43
ord-7c0f8385ee08,s-77e5b77e2204,u-9c99c3314b47,2,99.41,0.0,0.0,99.41,Credit Card,payment_complete,2026-11-23 02:00:30
ord-126a2cbb5a7f,s-19919af8a646,u-2e40d5450e26,1,27.12,0.0,5.99,33.11,Debit Card,payment_complete,2026-11-23 02:47:32
ord-580f6c96eaf5,s-fde785cb6b63,u-513a60eb0882,1,64.34,0.0,0.0,64.34,Digital Wallet,payment_complete,2026-11-23 03:13:56
ord-043022caa5ca,s-da7ed23bb97c,u-843a67410429,1,129.69,0.0,0.0,129.69,Digital Wallet,payment_complete,2026-11-23 03:52:39
ord-068a88357ab0,s-ab11d2c03b7c,u-4b30b8dd5a86,1,56.34,0.0,0.0,56.34,Buy Now Pay Later,payment_complete,2026-11-23 04:33:25
ord-db0ccfad3716,s-aac96a6ed8b2,u-a367e163abc8,1,56.84,0.0,0.0,56.84,Buy Now Pay Later,payment_complete,2026-11-23 04:49:20
ord-8184ac2b9d34,s-861fe1351f35,u-c600204c1b8b,1,104.31,10.43,0.0,93.88,Digital Wallet,payment_complete,2026-11-23 05:27:35
ord-95fbe76abc85,s-f5453cd040ea,u-82b3d9c86202,1,56.92,0.0,0.0,56.92,Buy Now Pay Later,payment_complete,2026-11-23 05:42:58
ord-251b4bbc9a3a,s-ad48e8b4745e,u-3c396ca4ffb2,1,41.02,0.0,5.99,47.01,Credit Card,payment_complete,2026-11-23 06:00:29
ord-fc6f19d0f3e0,s-b861b99827d8,u-d8adbc32bd40,2,110.15,11.02,0.0,99.13,Debit Card,payment_complete,2026-11-23 06:43:48
ord-bd2aa9ad0033,s-58c1ec91d04c,u-0434f3930340,3,212.7,0.0,0.0,212.7,Debit Card,payment_complete,2026-11-23 07:14:52
ord-278ee96c9485,s-fa4cd44f2ed9,u-2141a9568d33,1,102.59,0.0,0.0,102.59,Debit Card,payment_complete,2026-11-23 07:18:37
ord-a39d08ca4d5c,s-5a6901779470,u-af9a37126bf9,2,148.26,5.0,0.0,143.26,Credit Card,payment_complete,2026-11-23 07:35:23
ord-3591a410cccc,s-391de1093ca1,u-1a9f537c904c,2,82.5,0.0,0.0,82.5,Digital Wallet,payment_complete,2026-11-23 07:41:20
ord-2e024bf141b1,s-bd89a9ffca5c,u-c3047ede648d,1,86.05,0.0,0.0,86.05,Digital Wallet,payment_complete,2026-11-23 07:55:48
ord-4bcd79490afb,s-3a2982647b26,u-ac6bf45ff74b,1,34.12,0.0,5.99,40.11,Digital Wallet,payment_complete,2026-11-23 08:17:06
ord-859519c24d1b,s-59beeaad4ad5,u-70908b76016f,1,71.84,0.0,0.0,71.84,Digital Wallet,payment_complete,2026-11-23 08:40:52
ord-d994e8a238d3,s-c9590124891e,u-f5a13c8bbdd0,2,96.67,0.0,0.0,96.67,Credit Card,payment_complete,2026-11-23 08:54:41
ord-4f6d5450ea67,s-3c0107acde73,u-71d1cd4764ea,2,38.78,0.0,5.99,44.77,Digital Wallet,payment_complete,2026-11-23 08:58:15
ord-31ab5f0c5803,s-f9474ed5c6d1,u-d0a91288e36f,1,67.34,5.0,0.0,62.34,Debit Card,payment_complete,2026-11-23 10:23:22
ord-a9914276c74a,s-8d95ff730e53,u-e25a75209db2,3,153.13,0.0,0.0,153.13,Credit Card,payment_complete,2026-11-23 10:59:35
ord-a8d82490cb1a,s-81b2de7d7fe7,u-56e1997cf754,2,150.08,0.0,0.0,150.08,Digital Wallet,payment_complete,2026-11-23 11:17:16
ord-d5a4fa093e27,s-208acc0e2225,u-c14d2f4855e4,2,81.72,0.0,0.0,81.72,Digital Wallet,payment_complete,2026-11-23 11:56:21
ord-f926fd5e399a,s-94786a3c545d,u-87e0e06cb370,1,61.32,0.0,0.0,61.32,Digital Wallet,payment_complete,2026-11-23 12:29:23
ord-55853135c67c,s-6336f4074c05,u-07b5d972c0db,1,131.98,13.2,0.0,118.78,Credit Card,payment_complete,2026-11-23 12:55:16
ord-591190091c59,s-533c458069ca,u-903f5e91f108,2,91.98,0.0,0.0,91.98,Credit Card,payment_complete,2026-11-23 12:59:36
ord-ded1d4ccf629,s-2f609c822157,u-620667301947,1,80.21,0.0,0.0,80.21,Credit Card,payment_complete,2026-11-23 13:16:15
ord-e109e515145e,s-24e60e63b482,u-97c728bac831,2,102.17,0.0,0.0,102.17,Credit Card,payment_complete,2026-11-23 13:19:14
ord-675e652e1f38,s-c5739f193aca,u-26d9553d59ce,1,33.76,0.0,5.99,39.75,Credit Card,payment_complete,2026-11-23 13:33:58
ord-e640365a9ab6,s-6b1d2d402677,u-066bef9e1314,1,77.68,7.77,0.0,69.91,Buy Now Pay Later,payment_complete,2026-11-23 14:42:14
ord-a8940d26319a,s-341dca390013,u-db3584362d4d,1,32.52,0.0,5.99,38.51,Credit Card,payment_complete,2026-11-23 14:44:32
ord-280773d05a11,s-7a15967ab468,u-c6e21bed5bb7,2,92.81,0.0,0.0,92.81,Digital Wallet,payment_complete,2026-11-23 15:44:58
ord-deb3cf690bd8,s-304ad875eb10,u-6d31c038b35a,1,85.32,0.0,0.0,85.32,Digital Wallet,payment_complete,2026-11-23 16:09:51
ord-3715c2f42da9,s-3fdb1acb7405,u-fa7c5ef4590b,1,86.67,0.0,0.0,86.67,Digital Wallet,payment_complete,2026-11-23 16:23:27
ord-b0ae1de3cfb3,s-104e0c938052,u-815112f9c82b,1,68.4,0.0,0.0,68.4,Digital Wallet,payment_complete,2026-11-23 17:38:48
ord-b106f6e97541,s-aaa05db19fd1,u-1c2c53cb94a3,1,83.09,5.0,0.0,78.09,Buy Now Pay Later,payment_complete,2026-11-23 18:00:00
ord-78d1b0722a60,s-49954c455665,u-eb92cbdfe678,1,31.02,0.0,5.99,37.01,Credit Card,payment_complete,2026-11-23 18:14:14
ord-5e51e2e1b1a6,s-967a053d6fd2,u-9a607e90d121,1,38.5,0.0,5.99,44.49,Digital Wallet,payment_complete,2026-11-23 18:24:50
ord-c92a1beee58b,s-cce7fc56ba2b,u-c994ca246c63,2,95.27,0.0,0.0,95.27,Digital Wallet,payment_complete,2026-11-23 19:34:52
ord-69750bc3b773,s-7a93598588c8,u-880a0123abe5,1,28.21,0.0,5.99,34.2,Buy Now Pay Later,payment_complete,2026-11-23 20:24:22
ord-65aefcfc15e4,s-5512fd25d7a6,u-e69f8af7222a,2,45.5,5.0,5.99,46.49,Digital Wallet,payment_complete,2026-11-23 20:34:46
ord-4e388c6c8ffa,s-e76702565614,u-ef7324f716e4,2,162.28,16.23,0.0,146.05,Digital Wallet,payment_complete,2026-11-23 20:40:37
ord-235d624ee6b9,s-e558ba761a5a,u-cf1a3651c2ee,1,35.77,0.0,5.99,41.76,Digital Wallet,payment_complete,2026-11-23 20:42:54
ord-f600d14fb7ab,s-9334a550fc73,u-712fdd5dfa08,1,72.21,0.0,0.0,72.21,Credit Card,payment_complete,2026-11-23 21:04:34
ord-cb2c0c75e457,s-3b79b5f0e6e4,u-825bfe63cbbd,1,54.22,0.0,0.0,54.22,Credit Card,payment_complete,2026-11-23 21:40:35
ord-e5cc355aa813,s-37a0aab34504,u-98340f734ca1,1,27.07,0.0,5.99,33.06,Digital Wallet,payment_complete,2026-11-23 22:32:33
ord-d78d6968055a,s-cc1883d19e3d,u-e2c25957441c,1,70.08,5.0,0.0,65.08,Debit Card,payment_complete,2026-11-23 22:34:09
ord-180a8c51f7dd,s-7bf581329bfb,u-04b2ff8339f6,1,45.22,5.0,5.99,46.21,Digital Wallet,payment_complete,2026-11-23 22:44:12
ord-64e84ce25838,s-d371e0cdf4c5,u-9179fde7b774,1,72.33,7.23,0.0,65.1,Buy Now Pay Later,payment_complete,2026-11-23 23:26:26
ord-8770e7d7ccae,s-b74bb07184e1,u-4994360b5536,1,77.55,7.75,0.0,69.8,Credit Card,payment_complete,2026-11-24 00:01:00
ord-7c5f37659ffe,s-f77b807d008b,u-95771fbdc1dd,2,133.74,0.0,0.0,133.74,Digital Wallet,payment_complete,2026-11-24 00:28:33
ord-a4ce4217e327,s-110d76300133,u-127d7c2a30c9,3,120.75,0.0,0.0,120.75,Credit Card,payment_complete,2026-11-24 00:29:00
ord-c1e3b8682851,s-4e0c178c0661,u-312061a7a300,2,188.4,0.0,0.0,188.4,Digital Wallet,payment_complete,2026-11-24 00:29:04
ord-ac8a657ff504,s-6a7718501d95,u-1c34dfea2a1f,2,108.62,0.0,0.0,108.62,Credit Card,payment_complete,2026-11-24 01:06:18
ord-39328fd896f7,s-92c30ae8dfe3,u-4998289a250c,1,65.09,0.0,0.0,65.09,Digital Wallet,payment_complete,2026-11-24 01:09:04
ord-8d14e65c4234,s-776eec1a6f85,u-d1814da007d6,1,67.88,0.0,0.0,67.88,Buy Now Pay Later,payment_complete,2026-11-24 01:12:09
ord-74a5894da1ab,s-9551359c8a38,u-43ac676abb44,1,50.39,0.0,0.0,50.39,Debit Card,payment_complete,2026-11-24 01:49:40
ord-46b2cd60ee1c,s-407f59e6aa4c,u-439ccabf2669,1,24.4,0.0,5.99,30.39,Debit Card,payment_complete,2026-11-24 02:07:53
ord-2e813b0e5163,s-800b7fe8d538,u-64245ea995b7,1,64.57,0.0,0.0,64.57,Credit Card,payment_complete,2026-11-24 02:10:14
ord-96f89d209414,s-c161c38c8b57,u-6b5c8459e280,1,21.37,0.0,5.99,27.36,Credit Card,payment_complete,2026-11-24 02:38:04
ord-9854228174c4,s-5bb1a6570b51,u-30411e044a76,1,35.66,0.0,5.99,41.65,Digital Wallet,payment_complete,2026-11-24 02:46:55
ord-b17b06961249,s-4d1fe216e12e,u-cd51be1663b5,3,108.9,0.0,0.0,108.9,Debit Card,payment_complete,2026-11-24 03:12:19
ord-9a23dad2f19c,s-1247a6bfffd7,u-d2701e6d9338,2,77.51,0.0,0.0,77.51,Credit Card,payment_complete,2026-11-24 03:26:18
ord-61b1ad71da50,s-e00638add23f,u-2fb9c6dbee34,1,52.56,0.0,0.0,52.56,Credit Card,payment_complete,2026-11-24 03:46:16
ord-33a7719b9d8c,s-bd14081ed41d,u-f329df9eaf0b,3,214.16,0.0,0.0,214.16,Credit Card,payment_complete,2026-11-24 04:00:53
ord-1dac738fb1b2,s-ed0557e8bd7e,u-d3636b409a10,1,41.44,5.0,5.99,42.43,Credit Card,payment_complete,2026-11-24 04:27:23
ord-12583136730b,s-375f069ba207,u-ea2c9f6bcc67,1,73.37,0.0,0.0,73.37,Digital Wallet,payment_complete,2026-11-24 04:31:55
ord-54e4dc349414,s-d39a3d71a9de,u-bbf47f7efd8e,1,65.47,0.0,0.0,65.47,Digital Wallet,payment_complete,2026-11-24 04:32:05
ord-9062b476e2be,s-4938209f5fea,u-cfb7dbcb618a,1,106.06,0.0,0.0,106.06,Credit Card,payment_complete,2026-11-24 04:34:38
ord-65e9d830bf8a,s-bb0761dd6886,u-3951a6ee4e21,1,102.14,5.0,0.0,97.14,Digital Wallet,payment_complete,2026-11-24 04:36:12
ord-c1f9b6433553,s-f0d47fe269c4,u-f79b093e626b,1,50.42,0.0,0.0,50.42,Digital Wallet,payment_complete,2026-11-24 05:14:30
ord-4b440547d6a4,s-552655fede3c,u-df00d59d4385,1,57.56,0.0,0.0,57.56,Digital Wallet,payment_complete,2026-11-24 05:15:53
ord-441041dd1b0e,s-0a7c443f2b1e,u-c5dd4de27d89,2,123.39,0.0,0.0,123.39,Credit Card,payment_complete,2026-11-24 05:28:07
ord-61264dddaa5e,s-29f28d1002bc,u-9683160192e5,1,85.28,0.0,0.0,85.28,Credit Card,payment_complete,2026-11-24 05:42:51
ord-3a65ade3dab6,s-5989b25d58ac,u-ac577b528dd4,1,59.74,0.0,0.0,59.74,Digital Wallet,payment_complete,2026-11-24 06:00:23
ord-85d3b44d0255,s-a5d3807f2d0b,u-2a7c7d4f3260,1,67.89,0.0,0.0,67.89,Digital Wallet,payment_complete,2026-11-24 06:17:25
ord-a6e21a6c4dc0,s-d0a3b328ffff,u-a22e6dcb98ce,1,56.27,0.0,0.0,56.27,Credit Card,payment_complete,2026-11-24 06:25:22
ord-effe948d6945,s-c0194b931ee5,u-a520cdb77337,1,69.29,5.0,0.0,64.29,Debit Card,payment_complete,2026-11-24 07:02:07
ord-088ecbf741bb,s-9a5583885386,u-6731f4fa8618,1,21.74,0.0,5.99,27.73,Credit Card,payment_complete,2026-11-24 08:03:20
ord-ec855fdd5a08,s-12786bd932e6,u-ffbcd63abef4,2,180.7,0.0,0.0,180.7,Credit Card,payment_complete,2026-11-24 09:07:58
ord-bb1675ae5451,s-13f558387a82,u-5f6c33e669f1,1,82.26,0.0,0.0,82.26,Credit Card,payment_complete,2026-11-24 09:08:16
ord-b9f5e2e91809,s-c71d70358a3d,u-18bfcd2cedc4,2,121.41,0.0,0.0,121.41,Credit Card,payment_complete,2026-11-24 09:25:06
ord-7d6dc6747d01,s-39fcc0d4c98b,u-1a8ed3d9471b,1,57.18,0.0,0.0,57.18,Credit Card,payment_complete,2026-11-24 09:52:05
ord-301379754827,s-c61ed05c6520,u-4196196fed39,1,60.1,6.01,0.0,54.09,Digital Wallet,payment_complete,2026-11-24 10:38:30
ord-7a7ace2f126b,s-56bddf10e81b,u-2154e796a46e,1,57.67,0.0,0.0,57.67,Credit Card,payment_complete,2026-11-24 10:48:30
ord-cab44a7dcaa7,s-6ddc69dd2993,u-f8e8ac68b5a0,1,49.51,0.0,5.99,55.5,Digital Wallet,payment_complete,2026-11-24 10:58:50
ord-670befd3e533,s-0bfeb60da09b,u-a31497736ab3,2,95.85,0.0,0.0,95.85,Digital Wallet,payment_complete,2026-11-24 11:59:11
ord-79b0b7f3861e,s-e16a1d108a13,u-8d89ca194246,1,56.92,0.0,0.0,56.92,Buy Now Pay Later,payment_complete,2026-11-24 12:08:13
ord-6278cf11e02c,s-ca410bb795f6,u-40b003b3934b,3,204.72,0.0,0.0,204.72,Digital Wallet,payment_complete,2026-11-24 13:12:22
ord-91f3ed228cab,s-7467a4fa6407,u-bb69586d02a4,3,141.75,0.0,0.0,141.75,Credit Card,payment_complete,2026-11-24 13:43:35
ord-3af191f9541a,s-a67de788e5a5,u-e55b08983422,1,29.44,5.0,5.99,30.43,Digital Wallet,payment_complete,2026-11-24 14:11:58
ord-a3381ee3bfad,s-39428796bdcb,u-3282f0fe1371,1,71.95,5.0,0.0,66.95,Debit Card,payment_complete,2026-11-24 14:31:50
ord-e0524c70f841,s-b342cd7b11df,u-b6a091441582,1,41.78,0.0,5.99,47.77,Debit Card,payment_complete,2026-11-24 14:51:18
ord-c543b2bccfe9,s-92ab23c3c018,u-97c728bac831,2,56.42,5.64,0.0,50.78,Digital Wallet,payment_complete,2026-11-24 15:00:25
ord-82fc8718a907,s-f1b8f73c9005,u-8c4854244abe,1,77.98,0.0,0.0,77.98,Debit Card,payment_complete,2026-11-24 15:00:48
ord-4cfba35cee7f,s-c1fcbde74e96,u-b21a62350357,1,79.19,0.0,0.0,79.19,Debit Card,payment_complete,2026-11-24 15:19:41
ord-9df65d34a27a,s-fc59d8834468,u-a35edb14ff05,1,102.13,0.0,0.0,102.13,Digital Wallet,payment_complete,2026-11-24 15:25:43
ord-61e2358bacd6,s-19d6f507df39,u-d5b9ef271b26,1,23.55,0.0,5.99,29.54,Credit Card,payment_complete,2026-11-24 16:06:36
ord-2c6e6ff03a47,s-a0de8ccfed5d,u-f5239efa4bb8,1,41.74,4.17,5.99,43.56,Debit Card,payment_complete,2026-11-24 16:44:35
ord-8ebdf092f5d6,s-35070f406015,u-41bad60675a7,1,54.19,0.0,0.0,54.19,Buy Now Pay Later,payment_complete,2026-11-24 17:15:06
ord-971faa54ab03,s-2b93f0e7288f,u-de360b8c24f7,1,55.47,0.0,0.0,55.47,Debit Card,payment_complete,2026-11-24 17:22:32
ord-2ce67c64f2fd,s-adb9602d7865,u-1626a6e2ae91,2,59.04,5.0,0.0,54.04,Digital Wallet,payment_complete,2026-11-24 18:06:19
ord-941a3086f45a,s-9a058c4073aa,u-ae629ae64457,1,54.27,0.0,0.0,54.27,Buy Now Pay Later,payment_complete,2026-11-24 18:26:20
ord-49bf9bb02125,s-ef605fcf0af1,u-f9dbaf30e6a8,1,47.37,0.0,5.99,53.36,Digital Wallet,payment_complete,2026-11-24 18:45:08
ord-a3ba198431da,s-5f8e3bb9e0ad,u-5f22cf85008c,1,67.45,0.0,0.0,67.45,Digital Wallet,payment_complete,2026-11-24 18:47:32
ord-0243806e6aa7,s-a46c463680a2,u-f47dc0415263,1,85.58,0.0,0.0,85.58,Digital Wallet,payment_complete,2026-11-24 18:47:39
ord-c3542e8fe068,s-f3bd17a3bb2f,u-46054a0b3d0d,1,45.34,5.0,5.99,46.33,Digital Wallet,payment_complete,2026-11-24 18:59:31
ord-27bc41b10374,s-9cfbccdd47d5,u-b28829461aa6,2,118.98,0.0,0.0,118.98,Buy Now Pay Later,payment_complete,2026-11-24 19:01:23
ord-eb4bca48c034,s-be4bb37b03c4,u-862e718e24b2,1,64.35,0.0,0.0,64.35,Buy Now Pay Later,payment_complete,2026-11-24 19:23:06
ord-9a77986ed3dc,s-75a354454879,u-3cbe2c3a86fa,1,32.52,0.0,5.99,38.51,Debit Card,payment_complete,2026-11-24 21:10:21
ord-c094ae7799ad,s-4ce897f2d275,u-5145453752bc,2,75.46,0.0,0.0,75.46,Credit Card,payment_complete,2026-11-24 21:32:18
ord-9b1de95a0f9b,s-70965a15ee0f,u-08913f7d0341,1,66.67,0.0,0.0,66.67,Debit Card,payment_complete,2026-11-24 22:24:26
ord-b54e52955a58,s-503b8977f0a3,u-080f15532dd6,1,67.57,0.0,0.0,67.57,Buy Now Pay Later,payment_complete,2026-11-24 22:26:33
ord-68cd775f49db,s-f699f9246d2c,u-c2f8cbe22abc,1,64.09,5.0,0.0,59.09,Debit Card,payment_complete,2026-11-24 23:01:55
ord-288aead6057d,s-4924471dcdc6,u-f7dabdc0f489,1,34.7,0.0,5.99,40.69,Credit Card,payment_complete,2026-11-24 23:09:17
ord-2943d27d0388,s-94f590d4f0b7,u-23bc4452d70e,2,101.86,0.0,0.0,101.86,Digital Wallet,payment_complete,2026-11-24 23:35:52
ord-f1e2f364ea34,s-a370f7082d2e,u-484aeb1ee033,2,89.2,0.0,0.0,89.2,Digital Wallet,payment_complete,2026-11-24 23:41:20
ord-ea219365a190,s-07f55291005f,u-36352e8e059c,1,25.09,0.0,5.99,31.08,Debit Card,payment_complete,2026-11-24 23:42:48
ord-66eae7445b84,s-efad71bef09c,u-a5d3cd2270bd,1,66.97,0.0,0.0,66.97,Debit Card,payment_complete,2026-11-24 23:46:23
ord-607924ab2cd5,s-44eef5967087,u-326f7d3e1ccb,2,111.34,11.13,0.0,100.21,Digital Wallet,payment_complete,2026-11-25 00:16:10
ord-56636d8ea140,s-11ec714c845d,u-a98c339f40c4,1,53.12,0.0,0.0,53.12,Digital Wallet,payment_complete,2026-11-25 00:32:10
ord-c71f2f2868b7,s-3ff228536713,u-14b4c65782b5,1,60.24,0.0,0.0,60.24,Credit Card,payment_complete,2026-11-25 01:08:32
ord-26f97ddc924f,s-3d630c531049,u-1bae6a8353b4,1,38.06,0.0,5.99,44.05,Digital Wallet,payment_complete,2026-11-25 01:25:00
ord-23fd9674830e,s-67a86749c81c,u-ea1f1d2e39e9,2,146.87,0.0,0.0,146.87,Digital Wallet,payment_complete,2026-11-25 01:42:36
ord-137fb9c8f35d,s-6bf7ad30cdad,u-3cc1a256c33c,1,32.4,5.0,5.99,33.39,Digital Wallet,payment_complete,2026-11-25 02:20:35
ord-21bdb18b0ae5,s-55f0d1308dc0,u-41bad60675a7,2,129.42,12.94,0.0,116.48,Credit Card,payment_complete,2026-11-25 02:28:58
ord-7fd4bb7e942c,s-225ac983509e,u-c93a51bb86db,1,53.51,0.0,0.0,53.51,Debit Card,payment_complete,2026-11-25 02:48:35
ord-39f2ac6f0130,s-015121ec51ea,u-e05241401e9c,2,115.68,5.0,0.0,110.68,Debit Card,payment_complete,2026-11-25 03:15:15
ord-cff5844b8e80,s-3bb9e197cd3f,u-a5f625b476de,1,46.11,0.0,5.99,52.1,Digital Wallet,payment_complete,2026-11-25 04:31:47
ord-ca5f3b587aea,s-1987820c59e2,u-d0e2856bda8b,2,104.81,0.0,0.0,104.81,Buy Now Pay Later,payment_complete,2026-11-25 05:00:46
ord-b03623d98ea6,s-4f06575dd94e,u-c8d86e4bd2b4,1,71.29,0.0,0.0,71.29,Debit Card,payment_complete,2026-11-25 05:14:48
ord-6fe2294a9c23,s-ad29735b776f,u-a4da7ed76776,2,81.24,0.0,0.0,81.24,Debit Card,payment_complete,2026-11-25 05:30:45
ord-59c4096801a0,s-7a08f69d8563,u-1d35976d71c9,2,122.7,0.0,0.0,122.7,Buy Now Pay Later,payment_complete,2026-11-25 05:31:12
ord-a8fa886fcd36,s-94f935df7bd5,u-e12a9706433d,1,27.27,0.0,5.99,33.26,Buy Now Pay Later,payment_complete,2026-11-25 05:47:00
ord-5791722ea4ff,s-2035263efcee,u-d83beda00b64,2,76.32,5.0,0.0,71.32,Buy Now Pay Later,payment_complete,2026-11-25 06:24:19
ord-0fe98f10ba74,s-e15d20857324,u-4d8764be6f4c,2,86.78,5.0,0.0,81.78,Digital Wallet,payment_complete,2026-11-25 06:57:33
ord-2c8e9276a005,s-3a3ea0f3da27,u-4116cf41f5d2,1,66.32,0.0,0.0,66.32,Debit Card,payment_complete,2026-11-25 08:22:23
ord-69488cd23d23,s-715a2f04811b,u-13ad60b9e165,1,56.59,0.0,0.0,56.59,Buy Now Pay Later,payment_complete,2026-11-25 08:25:53
ord-05fc2a9a213b,s-a974cfdb18f9,u-7dc996b28023,1,61.46,0.0,0.0,61.46,Credit Card,payment_complete,2026-11-25 08:25:55
ord-1f8fd2b3ca45,s-fe4b6191511c,u-42eacf26b46c,1,60.48,0.0,0.0,60.48,Digital Wallet,payment_complete,2026-11-25 08:38:23
ord-213bfd09ea19,s-d74629ffe18c,u-c16e55b1d306,1,85.52,0.0,0.0,85.52,Digital Wallet,payment_complete,2026-11-25 09:12:46
ord-ecf34c5faaca,s-e592b2a34f7f,u-870af5c0de74,1,28.28,0.0,5.99,34.27,Credit Card,payment_complete,2026-11-25 09:21:21
ord-3eb5ed8528d0,s-7de24932b7c8,u-26c63825d842,1,19.39,0.0,5.99,25.38,Digital Wallet,payment_complete,2026-11-25 09:26:00
ord-6c76991a50de,s-b1655723eed8,u-388f71bb2970,2,88.25,5.0,0.0,83.25,Debit Card,payment_complete,2026-11-25 09:55:07
ord-3e52f8bdeaf7,s-396d77de0f71,u-6cb5bc441cea,1,79.52,5.0,0.0,74.52,Credit Card,payment_complete,2026-11-25 09:58:00
ord-f4f1ffdc7158,s-352c28e0a87a,u-ec5b12e94cbe,1,28.25,0.0,5.99,34.24,Credit Card,payment_complete,2026-11-25 10:11:07
ord-831490a1588f,s-3991e83bfc97,u-2a22863b4081,1,60.52,5.0,0.0,55.52,Credit Card,payment_complete,2026-11-25 10:21:19
ord-7e94c6d9976d,s-a1fca74ce286,u-26f1c107f82e,1,33.18,0.0,5.99,39.17,Credit Card,payment_complete,2026-11-25 10:29:42
ord-6562667ad389,s-b9337e743c58,u-c4bde729a960,1,45.22,0.0,5.99,51.21,Debit Card,payment_complete,2026-11-25 10:42:46
ord-e16cb942e7ec,s-db3e0ff6fa53,u-d85229093e4a,1,55.41,0.0,0.0,55.41,Digital Wallet,payment_complete,2026-11-25 10:51:49
ord-ce2c433b6a98,s-d6fc52851288,u-27c10040ac45,1,64.14,6.41,0.0,57.73,Credit Card,payment_complete,2026-11-25 11:20:04
ord-31ca8d84b637,s-8513fd2c409a,u-ae83727fec9c,3,128.75,0.0,0.0,128.75,Digital Wallet,payment_complete,2026-11-25 11:58:46
ord-84d2d10a7f3a,s-ea383eac7cd5,u-a1899d6d70d6,1,48.69,0.0,5.99,54.68,Debit Card,payment_complete,2026-11-25 12:07:06
ord-88c27ebca6ff,s-fb535f2cb3db,u-26a1d5c54961,2,148.72,5.0,0.0,143.72,Debit Card,payment_complete,2026-11-25 12:28:39
ord-5aaaf314f58d,s-faa24f5283f1,u-7da86b9f14d9,2,120.58,0.0,0.0,120.58,Debit Card,payment_complete,2026-11-25 13:03:06
ord-c97bfc1e4915,s-e474a9d8b17f,u-1ad632ea4c59,2,104.86,0.0,0.0,104.86,Digital Wallet,payment_complete,2026-11-25 13:17:45
ord-eafda52a276f,s-5ef5048ca2fa,u-eaf29daf334a,1,54.74,0.0,0.0,54.74,Credit Card,payment_complete,2026-11-25 15:18:55
ord-1ad99a3b45dd,s-a114739ceb4b,u-207a08e00359,1,18.87,1.89,5.99,22.97,Debit Card,payment_complete,2026-11-25 15:24:55
ord-47af645bef1a,s-1330997cb798,u-a22ec607e220,2,91.82,0.0,0.0,91.82,Digital Wallet,payment_complete,2026-11-25 17:19:37
ord-abab1df355db,s-64aa1b5526f2,u-3c92041f660b,1,71.29,0.0,0.0,71.29,Digital Wallet,payment_complete,2026-11-25 17:19:53
ord-539f406e7844,s-acb02bf0231a,u-5c334744defe,1,77.1,0.0,0.0,77.1,Digital Wallet,payment_complete,2026-11-25 17:21:06
ord-47141378e6e9,s-76886bbdb27b,u-9b9f8d7e5252,1,80.68,0.0,0.0,80.68,Credit Card,payment_complete,2026-11-25 17:41:32
ord-a285fe6c44be,s-c1726fb0cbd0,u-d41e8f0af6c3,1,39.54,0.0,5.99,45.53,Digital Wallet,payment_complete,2026-11-25 17:57:18
ord-57c3d36af843,s-897a6075023c,u-d10acbb04e35,2,132.3,0.0,0.0,132.3,Digital Wallet,payment_complete,2026-11-25 18:00:03
ord-8ff45cd4eacd,s-4944edc859d8,u-989f22805cdf,1,75.14,0.0,0.0,75.14,Digital Wallet,payment_complete,2026-11-25 19:02:23
ord-3e341dadfd46,s-6d4c1491d3d1,u-c636086c5d07,1,55.96,5.0,0.0,50.96,Buy Now Pay Later,payment_complete,2026-11-25 19:18:21
ord-f54e2d8795e6,s-28c1c61f2e0e,u-d7b2549ffb26,1,47.37,0.0,5.99,53.36,Digital Wallet,payment_complete,2026-11-25 19:52:59
ord-1d5f052f8210,s-408407165acc,u-108752752263,2,119.89,0.0,0.0,119.89,Digital Wallet,payment_complete,2026-11-25 20:02:47
ord-1a20757b3c1c,s-6159624501e9,u-caa087cbe9b0,1,73.52,0.0,0.0,73.52,Credit Card,payment_complete,2026-11-25 20:24:40
ord-27b26e8af63c,s-f9f9dd8be485,u-1f2de7f308b0,1,72.58,0.0,0.0,72.58,Credit Card,payment_complete,2026-11-25 20:57:14
ord-2e69424abe12,s-f8769d7ac0c1,u-91d7f2da10d8,1,52.3,0.0,0.0,52.3,Digital Wallet,payment_complete,2026-11-25 20:57:48
ord-858d291af248,s-caa2d85e41a5,u-80696b0be6f9,1,97.88,0.0,0.0,97.88,Credit Card,payment_complete,2026-11-25 21:03:47
ord-23fa0f491818,s-57a66402a7d7,u-9bd6742efa9f,1,54.04,0.0,0.0,54.04,Debit Card,payment_complete,2026-11-25 21:24:32
ord-452f705590d3,s-6a9c50c11158,u-25da9c4915e9,1,79.69,0.0,0.0,79.69,Debit Card,payment_complete,2026-11-25 21:25:37
ord-32f133a3da28,s-19c035ef9b78,u-16af5c5fed9e,1,81.73,0.0,0.0,81.73,Digital Wallet,payment_complete,2026-11-25 22:44:22
ord-6fe22a7bd7d8,s-7179b4f891ce,u-36e1dde7a02f,1,59.32,0.0,0.0,59.32,Credit Card,payment_complete,2026-11-25 22:51:08
ord-b90b0682dbe1,s-4264b43d1a89,u-8bb551271848,2,123.07,0.0,0.0,123.07,Digital Wallet,payment_complete,2026-11-25 23:09:22
ord-fe50ac4c891d,s-3082cc4e4aa6,u-7e21f49045cf,1,52.61,0.0,0.0,52.61,Credit Card,payment_complete,2026-11-25 23:25:52
ord-b369c6713ed7,s-30ea90b02548,u-8d20ff50aab5,1,119.0,0.0,0.0,119.0,Digital Wallet,payment_complete,2026-11-25 23:47:30
